[
  {
    "__type__": "cc.Prefab",
    "_name": "selectBar",
    "data": {
      "__id__": 1
    },
    "optimizationPolicy": 0,
    "asyncLoadAssets": false
  },
  {
    "__type__": "cc.Node",
    "_name": "selectBar",
    "_children": [
      {
        "__id__": 2
      },
      {
        "__id__": 4
      },
      {
        "__id__": 6
      },
      {
        "__id__": 8
      }
    ],
    "_level": 1,
    "_components": [
      {
        "__type__": "cc.Sprite",
        "node": {
          "__id__": 1
        },
        "_spriteFrame": {
          "__uuid__": "3805f0b4-6855-4128-b72b-a1326c1b9fb0"
        },
        "_sizeMode": 0
      },
      {
        "__type__": "f6174hSxfhDRZK2cD3DHLPr",
        "node": {
          "__id__": 1
        },
        "level_label": {
          "__id__": 3
        },
        "best_label": {
          "__id__": 5
        },
        "times_label": {
          "__id__": 7
        },
        "starArray": [
          {
            "__id__": 10
          },
          {
            "__id__": 12
          },
          {
            "__id__": 14
          },
          {
            "__id__": 16
          },
          {
            "__id__": 18
          },
          {
            "__id__": 20
          }
        ],
        "yellowStar": {
          "__uuid__": "eda0b2be-1ea6-4609-8147-ef3ad522b489"
        }
      }
    ],
    "_prefab": {
      "__type__": "cc.PrefabInfo",
      "root": {
        "__id__": 1
      },
      "asset": {
        "__uuid__": "cc92fa15-fe1f-4388-a774-c6932939fb0b"
      },
      "fileId": "3a7hhYpTtAzJIk0FVboy7x"
    },
    "_contentSize": {
      "__type__": "cc.Size",
      "width": 565,
      "height": 163
    },
    "_anchorPoint": {
      "__type__": "cc.Vec2",
      "x": 0.5018450184501845,
      "y": 0.4954954954954955
    },
    "_position": {
      "__type__": "cc.Vec3",
      "x": 5,
      "y": 175
    },
    "_scale": {
      "__type__": "cc.Vec3",
      "x": 1,
      "y": 1,
      "z": 1
    }
  },
  {
    "__type__": "cc.Node",
    "_name": "level",
    "_parent": {
      "__id__": 1
    },
    "_level": 2,
    "_components": [
      {
        "__id__": 3
      }
    ],
    "_prefab": {
      "__type__": "cc.PrefabInfo",
      "root": {
        "__id__": 1
      },
      "asset": {
        "__uuid__": "cc92fa15-fe1f-4388-a774-c6932939fb0b"
      },
      "fileId": "7aJOLbnvlJdpdhFSj+2lcU"
    },
    "_contentSize": {
      "__type__": "cc.Size",
      "width": 67.85,
      "height": 40
    },
    "_position": {
      "__type__": "cc.Vec3",
      "x": -205,
      "y": 8
    },
    "_scale": {
      "__type__": "cc.Vec3",
      "x": 1,
      "y": 1,
      "z": 1
    }
  },
  {
    "__type__": "cc.Label",
    "node": {
      "__id__": 2
    },
    "_srcBlendFactor": 1,
    "_useOriginalSize": false,
    "_string": "3×3",
    "_N$string": "3×3",
    "_N$horizontalAlign": 1,
    "_N$verticalAlign": 1
  },
  {
    "__type__": "cc.Node",
    "_name": "best",
    "_parent": {
      "__id__": 1
    },
    "_level": 2,
    "_components": [
      {
        "__id__": 5
      }
    ],
    "_prefab": {
      "__type__": "cc.PrefabInfo",
      "root": {
        "__id__": 1
      },
      "asset": {
        "__uuid__": "cc92fa15-fe1f-4388-a774-c6932939fb0b"
      },
      "fileId": "7cI0PY2GdBmpJazeuC5GCw"
    },
    "_contentSize": {
      "__type__": "cc.Size",
      "width": 150,
      "height": 40
    },
    "_anchorPoint": {
      "__type__": "cc.Vec2"
    },
    "_position": {
      "__type__": "cc.Vec3",
      "x": -130,
      "y": 14.2
    },
    "_scale": {
      "__type__": "cc.Vec3",
      "x": 1,
      "y": 1,
      "z": 1
    }
  },
  {
    "__type__": "cc.Label",
    "node": {
      "__id__": 4
    },
    "_srcBlendFactor": 1,
    "_useOriginalSize": false,
    "_string": "最佳：- -",
    "_N$string": "最佳：- -",
    "_fontSize": 25,
    "_N$verticalAlign": 1,
    "_N$overflow": 2
  },
  {
    "__type__": "cc.Node",
    "_name": "times",
    "_parent": {
      "__id__": 1
    },
    "_level": 2,
    "_components": [
      {
        "__id__": 7
      }
    ],
    "_prefab": {
      "__type__": "cc.PrefabInfo",
      "root": {
        "__id__": 1
      },
      "asset": {
        "__uuid__": "cc92fa15-fe1f-4388-a774-c6932939fb0b"
      },
      "fileId": "00bmoRKe1KgLMjX4NgF7WF"
    },
    "_contentSize": {
      "__type__": "cc.Size",
      "width": 150,
      "height": 40
    },
    "_anchorPoint": {
      "__type__": "cc.Vec2"
    },
    "_position": {
      "__type__": "cc.Vec3",
      "x": 32.8,
      "y": 14.2
    },
    "_scale": {
      "__type__": "cc.Vec3",
      "x": 1,
      "y": 1,
      "z": 1
    }
  },
  {
    "__type__": "cc.Label",
    "node": {
      "__id__": 6
    },
    "_srcBlendFactor": 1,
    "_useOriginalSize": false,
    "_string": "完成次数：0",
    "_N$string": "完成次数：0",
    "_fontSize": 25,
    "_N$verticalAlign": 1,
    "_N$overflow": 2
  },
  {
    "__type__": "cc.Node",
    "_name": "stra_layer",
    "_parent": {
      "__id__": 1
    },
    "_children": [
      {
        "__id__": 9
      },
      {
        "__id__": 11
      },
      {
        "__id__": 13
      },
      {
        "__id__": 15
      },
      {
        "__id__": 17
      },
      {
        "__id__": 19
      }
    ],
    "_level": 2,
    "_prefab": {
      "__type__": "cc.PrefabInfo",
      "root": {
        "__id__": 1
      },
      "asset": {
        "__uuid__": "cc92fa15-fe1f-4388-a774-c6932939fb0b"
      },
      "fileId": "fb9Tf2rahIDr5wFl3AgqQC"
    },
    "_scale": {
      "__type__": "cc.Vec3",
      "x": 1,
      "y": 1,
      "z": 1
    }
  },
  {
    "__type__": "cc.Node",
    "_name": "star_1",
    "_parent": {
      "__id__": 8
    },
    "_level": 3,
    "_components": [
      {
        "__id__": 10
      }
    ],
    "_prefab": {
      "__type__": "cc.PrefabInfo",
      "root": {
        "__id__": 1
      },
      "asset": {
        "__uuid__": "cc92fa15-fe1f-4388-a774-c6932939fb0b"
      },
      "fileId": "cbWx5goFpLW7ZVYCgtIAgb"
    },
    "_contentSize": {
      "__type__": "cc.Size",
      "width": 45,
      "height": 45
    },
    "_position": {
      "__type__": "cc.Vec3",
      "x": -104,
      "y": -21
    },
    "_scale": {
      "__type__": "cc.Vec3",
      "x": 1,
      "y": 1,
      "z": 1
    }
  },
  {
    "__type__": "cc.Sprite",
    "node": {
      "__id__": 9
    },
    "_spriteFrame": {
      "__uuid__": "6747864b-5e0a-4aaf-93ba-6217bc9fbf48"
    }
  },
  {
    "__type__": "cc.Node",
    "_name": "star_2",
    "_parent": {
      "__id__": 8
    },
    "_level": 3,
    "_components": [
      {
        "__id__": 12
      }
    ],
    "_prefab": {
      "__type__": "cc.PrefabInfo",
      "root": {
        "__id__": 1
      },
      "asset": {
        "__uuid__": "cc92fa15-fe1f-4388-a774-c6932939fb0b"
      },
      "fileId": "fcYoUn5DBH1rNf7lRD8nKt"
    },
    "_contentSize": {
      "__type__": "cc.Size",
      "width": 45,
      "height": 45
    },
    "_position": {
      "__type__": "cc.Vec3",
      "x": -52,
      "y": -21
    },
    "_scale": {
      "__type__": "cc.Vec3",
      "x": 1,
      "y": 1,
      "z": 1
    }
  },
  {
    "__type__": "cc.Sprite",
    "node": {
      "__id__": 11
    },
    "_spriteFrame": {
      "__uuid__": "6747864b-5e0a-4aaf-93ba-6217bc9fbf48"
    }
  },
  {
    "__type__": "cc.Node",
    "_name": "star_3",
    "_parent": {
      "__id__": 8
    },
    "_level": 3,
    "_components": [
      {
        "__id__": 14
      }
    ],
    "_prefab": {
      "__type__": "cc.PrefabInfo",
      "root": {
        "__id__": 1
      },
      "asset": {
        "__uuid__": "cc92fa15-fe1f-4388-a774-c6932939fb0b"
      },
      "fileId": "1cQyHhPN9EHJv2bOIVXwrT"
    },
    "_contentSize": {
      "__type__": "cc.Size",
      "width": 45,
      "height": 45
    },
    "_position": {
      "__type__": "cc.Vec3",
      "y": -21
    },
    "_scale": {
      "__type__": "cc.Vec3",
      "x": 1,
      "y": 1,
      "z": 1
    }
  },
  {
    "__type__": "cc.Sprite",
    "node": {
      "__id__": 13
    },
    "_spriteFrame": {
      "__uuid__": "6747864b-5e0a-4aaf-93ba-6217bc9fbf48"
    }
  },
  {
    "__type__": "cc.Node",
    "_name": "star_4",
    "_parent": {
      "__id__": 8
    },
    "_level": 3,
    "_components": [
      {
        "__id__": 16
      }
    ],
    "_prefab": {
      "__type__": "cc.PrefabInfo",
      "root": {
        "__id__": 1
      },
      "asset": {
        "__uuid__": "cc92fa15-fe1f-4388-a774-c6932939fb0b"
      },
      "fileId": "8amIIPHxJHzbNXt5rib3Tt"
    },
    "_contentSize": {
      "__type__": "cc.Size",
      "width": 45,
      "height": 45
    },
    "_position": {
      "__type__": "cc.Vec3",
      "x": 51,
      "y": -21
    },
    "_scale": {
      "__type__": "cc.Vec3",
      "x": 1,
      "y": 1,
      "z": 1
    }
  },
  {
    "__type__": "cc.Sprite",
    "node": {
      "__id__": 15
    },
    "_spriteFrame": {
      "__uuid__": "6747864b-5e0a-4aaf-93ba-6217bc9fbf48"
    }
  },
  {
    "__type__": "cc.Node",
    "_name": "star_5",
    "_parent": {
      "__id__": 8
    },
    "_level": 3,
    "_components": [
      {
        "__id__": 18
      }
    ],
    "_prefab": {
      "__type__": "cc.PrefabInfo",
      "root": {
        "__id__": 1
      },
      "asset": {
        "__uuid__": "cc92fa15-fe1f-4388-a774-c6932939fb0b"
      },
      "fileId": "e1rQq/c69P3J3MnNDeKvro"
    },
    "_contentSize": {
      "__type__": "cc.Size",
      "width": 45,
      "height": 45
    },
    "_position": {
      "__type__": "cc.Vec3",
      "x": 103,
      "y": -21
    },
    "_scale": {
      "__type__": "cc.Vec3",
      "x": 1,
      "y": 1,
      "z": 1
    }
  },
  {
    "__type__": "cc.Sprite",
    "node": {
      "__id__": 17
    },
    "_spriteFrame": {
      "__uuid__": "6747864b-5e0a-4aaf-93ba-6217bc9fbf48"
    }
  },
  {
    "__type__": "cc.Node",
    "_name": "star_6",
    "_parent": {
      "__id__": 8
    },
    "_level": 3,
    "_components": [
      {
        "__id__": 20
      }
    ],
    "_prefab": {
      "__type__": "cc.PrefabInfo",
      "root": {
        "__id__": 1
      },
      "asset": {
        "__uuid__": "cc92fa15-fe1f-4388-a774-c6932939fb0b"
      },
      "fileId": "d0M65/KTBK0aWwXRhtLwZr"
    },
    "_contentSize": {
      "__type__": "cc.Size",
      "width": 45,
      "height": 45
    },
    "_position": {
      "__type__": "cc.Vec3",
      "x": 155,
      "y": -21
    },
    "_scale": {
      "__type__": "cc.Vec3",
      "x": 1,
      "y": 1,
      "z": 1
    }
  },
  {
    "__type__": "cc.Sprite",
    "node": {
      "__id__": 19
    },
    "_spriteFrame": {
      "__uuid__": "6747864b-5e0a-4aaf-93ba-6217bc9fbf48"
    }
  }
]