{
  "version": "1.1.1",
  "windows": {
    "main": {
      "main": true,
      "url": "app://editor/index.html",
      "windowType": "dockable",
      "x": -8,
      "y": -8,
      "width": 1936,
      "height": 1056,
      "layout": {
        "children": [
          {
            "children": [
              {
                "active": 0,
                "children": [
                  "hierarchy"
                ],
                "height": 468,
                "type": "panel",
                "width": 310
              },
              {
                "active": 0,
                "children": [
                  "assets"
                ],
                "height": 467,
                "type": "panel",
                "width": 310
              }
            ],
            "height": 937,
            "type": "dock-v",
            "width": 310
          },
          {
            "children": [
              {
                "children": [
                  {
                    "active": 0,
                    "children": [
                      "scene"
                    ],
                    "height": 669,
                    "type": "panel",
                    "width": 717.984375
                  },
                  {
                    "active": 0,
                    "children": [
                      "node-library"
                    ],
                    "height": 669,
                    "type": "panel",
                    "width": 391
                  }
                ],
                "height": 669,
                "type": "dock-h",
                "width": 1110.984375
              },
              {
                "active": 0,
                "children": [
                  "console",
                  "timeline"
                ],
                "height": 266,
                "type": "panel",
                "width": 1110.984375
              }
            ],
            "height": 937,
            "type": "dock-v",
            "width": 1110.984375
          },
          {
            "active": 0,
            "children": [
              "inspector",
              "cocos-services"
            ],
            "height": 937,
            "type": "panel",
            "width": 495
          }
        ],
        "type": "dock-h"
      },
      "panels": [
        "hierarchy",
        "assets",
        "node-library",
        "console",
        "timeline",
        "inspector",
        "cocos-services",
        "scene"
      ]
    }
  },
  "panels": {
    "builder": {
      "x": 627,
      "y": 140,
      "width": 670,
      "height": 739
    }
  }
}