{
  "item-states": [
    {
      "folded": false,
      "id": "mount-assets"
    },
    {
      "folded": false,
      "id": "8de0600f-0d16-4c3d-9ab9-6f7fd267d4d0"
    },
    {
      "folded": false,
      "id": "141f2354-b514-4758-9b9c-6a6af53bc2fe"
    },
    {
      "folded": false,
      "id": "a3579c1b-1833-46ef-9566-966966bccbe4"
    },
    {
      "folded": false,
      "id": "2d069219-49d6-44b3-b3a9-1632377498d4"
    },
    {
      "folded": false,
      "id": "9690a742-e511-454c-8e08-eab5f8dfb2ba"
    },
    {
      "folded": true,
      "id": "2b028058-0df0-4132-a155-31951221880a"
    },
    {
      "folded": true,
      "id": "3a899cae-c84d-410d-8245-ea31d103d079"
    },
    {
      "folded": true,
      "id": "f10b0be7-1c07-497c-9009-ef5b46e5ce8c"
    },
    {
      "folded": true,
      "id": "40252d8d-106e-4a5d-a6ee-fca7da906ef0"
    },
    {
      "folded": false,
      "id": "e1c647cb-189f-47c5-9739-acad763c6127"
    },
    {
      "folded": false,
      "id": "aeefc3c3-ee13-4a3c-93e3-7d4ce9d6524e"
    },
    {
      "folded": true,
      "id": "e0f2e515-d279-44d2-a223-df548cc35b0c"
    },
    {
      "folded": true,
      "id": "5e795a77-11e1-4822-992c-c5859968c297"
    },
    {
      "folded": true,
      "id": "6f3d6047-646d-49c7-9648-c9fad5016edd"
    },
    {
      "folded": true,
      "id": "5aea3691-099f-4e32-adbb-a12a1b2c1125"
    },
    {
      "folded": true,
      "id": "ea177dae-a11d-497b-9f5a-632d4998afec"
    },
    {
      "folded": true,
      "id": "50c749af-3ef2-4659-a8a6-778e86191fa7"
    },
    {
      "folded": true,
      "id": "75d69832-02b3-4776-b490-b41c7ae6132a"
    },
    {
      "folded": true,
      "id": "008bfbd0-421a-47e4-a094-2579858812bc"
    },
    {
      "folded": true,
      "id": "27ed4361-db5d-4392-994d-31420d9d01b7"
    },
    {
      "folded": true,
      "id": "dec0166c-47ab-40b2-af7c-d937013a11f4"
    },
    {
      "folded": true,
      "id": "11d8b228-3815-4dfb-bfe6-ccee6f0da808"
    },
    {
      "folded": true,
      "id": "0323371d-a984-4d33-a002-6a39320aa310"
    },
    {
      "folded": true,
      "id": "c4fcf6cf-9774-436d-a055-2c060ed5fdf2"
    },
    {
      "folded": true,
      "id": "4c9c69f0-9ca3-47af-bf37-e190f23cf73a"
    },
    {
      "folded": true,
      "id": "2b588361-2698-461c-92f2-ebba0a326cf4"
    },
    {
      "folded": true,
      "id": "36ef9327-8d0b-40d6-ae8c-b906a1b72ee8"
    },
    {
      "folded": true,
      "id": "b38b3d25-a679-420d-9b63-0a79a0167d22"
    },
    {
      "folded": true,
      "id": "fe9afbab-a257-44b5-a3b7-378d75f937fc"
    },
    {
      "folded": true,
      "id": "ebf9cb92-a225-468c-b155-f10ae0d4086c"
    },
    {
      "folded": true,
      "id": "7f6376dd-b2b0-4a7e-9361-c3429eadfef8"
    },
    {
      "folded": true,
      "id": "e34df918-c23c-40cc-9dca-aebf2ea18e41"
    },
    {
      "folded": true,
      "id": "95536378-ad8c-4719-9565-9babf5e03979"
    },
    {
      "folded": true,
      "id": "e01d2ca7-e4e0-42df-9c3d-4613cf3cb011"
    },
    {
      "folded": true,
      "id": "dc853293-1c8f-40a4-a762-7514afe9599c"
    },
    {
      "folded": true,
      "id": "1ad25078-d3e1-4df6-a13e-ac8ba05634b5"
    },
    {
      "folded": true,
      "id": "1400d920-f9c0-40f7-9577-d36598c3383d"
    },
    {
      "folded": true,
      "id": "72c5e5cb-2bf7-4667-8eb7-bee232fda536"
    },
    {
      "folded": true,
      "id": "4066e58d-7e89-4e39-a66c-f9d22412216b"
    },
    {
      "folded": true,
      "id": "420eb39e-5181-40d1-bf34-3af6b0ab15b9"
    },
    {
      "folded": true,
      "id": "e7fa202e-650c-4c02-8229-258d7d9fae38"
    },
    {
      "folded": true,
      "id": "a2676141-2f8a-4819-9592-3d4c1e3367c0"
    },
    {
      "folded": true,
      "id": "6efc7e64-fa8a-4838-b167-587d3dba5df5"
    },
    {
      "folded": true,
      "id": "f869e344-41d3-4ab0-8c54-40dc68c77560"
    },
    {
      "folded": true,
      "id": "07aa32f3-9453-4951-a204-32b98ab0561f"
    },
    {
      "folded": true,
      "id": "6c87d7ba-023e-4105-b4d1-46a1ca8a744d"
    },
    {
      "folded": true,
      "id": "6847f626-477a-43fc-b0a0-8bcd46c4a53e"
    },
    {
      "folded": true,
      "id": "29bd99c3-75a0-4797-8052-f9c01df704ed"
    },
    {
      "folded": true,
      "id": "526effaf-22e5-4e3b-86c6-22ab93b3a24f"
    },
    {
      "folded": true,
      "id": "7658d000-4a23-4d4a-b1cf-4b0ad8428947"
    },
    {
      "folded": true,
      "id": "f3d81c70-9a78-44da-bafa-4856a80fecf2"
    },
    {
      "folded": true,
      "id": "eba17ef8-1706-4693-a9ee-cb1775b3732d"
    },
    {
      "folded": true,
      "id": "a75bf299-47ab-4a85-a6af-d8c4f90b71d8"
    },
    {
      "folded": true,
      "id": "ef4cfa98-2eea-416f-ad3e-8e0f74d5e81e"
    },
    {
      "folded": true,
      "id": "4dde7690-599f-42a5-830b-28e6fdb3f97f"
    },
    {
      "folded": true,
      "id": "b4911a43-427a-4b00-ba17-b192e651dbf9"
    },
    {
      "folded": true,
      "id": "4c081b3a-ec69-4ca5-824a-575d619f098c"
    },
    {
      "folded": true,
      "id": "c20c331b-5aee-41bc-99d2-abd93b31c246"
    },
    {
      "folded": true,
      "id": "8e865863-e0b5-4900-a062-53dc4a28d571"
    },
    {
      "folded": true,
      "id": "664eee68-b000-4439-adfa-9845c010a524"
    },
    {
      "folded": true,
      "id": "20c7f123-9371-4bdc-93da-19041342ea91"
    },
    {
      "folded": true,
      "id": "17dd4828-2654-43f3-b8db-8163860d46c5"
    },
    {
      "folded": true,
      "id": "3861149f-780f-486a-a567-87d057393575"
    },
    {
      "folded": true,
      "id": "9ce82d63-23ce-4e37-8ac4-42ce563b009c"
    },
    {
      "folded": true,
      "id": "4a60dd03-47b5-4287-ac0d-f72d35a1a819"
    },
    {
      "folded": true,
      "id": "2b236e46-8ac9-4fcc-9d96-70680f343df8"
    },
    {
      "folded": true,
      "id": "8d294c7f-68ad-47db-afbb-eb6257772e3d"
    },
    {
      "folded": true,
      "id": "9952cb0b-ad29-4725-ae8d-ad65fcf81361"
    },
    {
      "folded": true,
      "id": "b2f451a1-d0a9-4335-ac52-ba3c53aaf56e"
    },
    {
      "folded": true,
      "id": "add1d6ea-b827-4c44-9e54-330bb966fe49"
    },
    {
      "folded": true,
      "id": "0494842d-55b1-4388-9819-b7ddedd23d37"
    },
    {
      "folded": true,
      "id": "649e8503-1243-4ce2-9553-1a5c305ae253"
    },
    {
      "folded": true,
      "id": "f05e713c-ab19-4321-bf95-e0aa091abd74"
    },
    {
      "folded": true,
      "id": "2cae2d99-c99e-4240-8aa3-386de2f864c0"
    },
    {
      "folded": true,
      "id": "b55a182e-87aa-4a42-9a86-581a8db6a0e3"
    },
    {
      "folded": true,
      "id": "e0040932-f732-4892-8751-52bb675013a0"
    },
    {
      "folded": true,
      "id": "05b0b22b-6610-47cc-b97e-688b14d8c4b9"
    },
    {
      "folded": true,
      "id": "2b74b5b8-59f9-4b55-b332-152123c80ff3"
    },
    {
      "folded": true,
      "id": "26765523-d26d-45e4-a422-c5fb4226bd99"
    },
    {
      "folded": true,
      "id": "4f1aa1e7-e6c3-4e65-b6bc-7992d156f85d"
    },
    {
      "folded": true,
      "id": "088aed38-8677-4636-9373-5d1ff2e21099"
    }
  ]
}