{
  "item-states": [
    {
      "folded": false,
      "id": "d6OhuvwYNAhZpPX8fDY+Tv"
    },
    {
      "folded": false,
      "id": "canIA+keNN9pm4VrbuhFDH"
    },
    {
      "folded": false,
      "id": "53dvjWs7hEQY82rA6j9VKb"
    },
    {
      "folded": false,
      "id": "73NMYhTEBHeLm599p9Nh5N"
    },
    {
      "folded": false,
      "id": "b78Lf8crhN36c6GN+cqHLI"
    },
    {
      "folded": false,
      "id": "cbhgKi6VxPa6sib/stiN2a"
    },
    {
      "folded": false,
      "id": "c6OGUd3SVPKaRxoRnkMFQx"
    }
  ]
}