{
  "version": "1.1.1",
  "windows": {
    "main": {
      "main": true,
      "url": "app://editor/index.html",
      "windowType": "dockable",
      "x": -8,
      "y": -8,
      "width": 1552,
      "height": 840,
      "layout": {
        "children": [
          {
            "children": [
              {
                "active": 0,
                "children": [
                  "hierarchy"
                ],
                "height": 361.5874938964844,
                "type": "panel",
                "width": 278.07501220703125
              },
              {
                "active": 0,
                "children": [
                  "assets"
                ],
                "height": 349.6125183105469,
                "type": "panel",
                "width": 278.07501220703125
              }
            ],
            "height": 714.2000122070312,
            "type": "dock-v",
            "width": 278.07501220703125
          },
          {
            "children": [
              {
                "children": [
                  {
                    "active": 0,
                    "children": [
                      "scene"
                    ],
                    "height": 437.125,
                    "type": "panel",
                    "width": 485.125
                  },
                  {
                    "active": 0,
                    "children": [
                      "node-library"
                    ],
                    "height": 437.125,
                    "type": "panel",
                    "width": 318.07501220703125
                  }
                ],
                "height": 437.125,
                "type": "dock-h",
                "width": 806.2000122070312
              },
              {
                "active": 0,
                "children": [
                  "console",
                  "timeline"
                ],
                "height": 274.07501220703125,
                "type": "panel",
                "width": 806.2000122070312
              }
            ],
            "height": 714.2000122070312,
            "type": "dock-v",
            "width": 806.2000122070312
          },
          {
            "active": 0,
            "children": [
              "inspector"
            ],
            "height": 714.2000122070312,
            "type": "panel",
            "width": 442.1125183105469
          }
        ],
        "type": "dock-h"
      },
      "panels": [
        "node-library",
        "console",
        "timeline",
        "inspector",
        "hierarchy",
        "assets",
        "scene"
      ]
    }
  },
  "panels": {
    "project-settings": {
      "x": 468,
      "y": 128,
      "width": 601,
      "height": 566
    },
    "builder": {
      "x": 525,
      "y": 72,
      "width": 519,
      "height": 740
    }
  }
}