{
    "1": {
        "word": ["学", "富", "五", "车", "水", "马", "画", "龙", "点", "睛"],
        "barrier": [],
        "idiom": ["学富五车", "车水马龙", "画龙点睛"],
        "posx": [1, 2, 3, 4, 4, 4, 3, 4, 5, 6],
        "posy": [5, 5, 5, 5, 4, 3, 2, 2, 2, 2],
        "answer": [3, 7, 9],
        "id": 1
    },
    "2": {
        "word": ["似", "心", "如", "止", "水", "流", "延", "年", "益", "寿", "比", "东", "西", "南", "北", "山"],
        "barrier": [],
        "idiom": ["东西南北", "寿比南山", "延年益寿", "似水流年", "心如止水"],
        "posx": [4, 1, 2, 3, 4, 4, 3, 4, 5, 6, 6, 4, 5, 6, 7, 6],
        "posy": [7, 6, 6, 6, 6, 5, 4, 4, 4, 4, 3, 2, 2, 2, 2, 1],
        "answer": [4, 7, 8, 12, 13, 15],
        "id": 2
    },
    "3": {
        "word": ["始", "终", "如", "一", "诺", "千", "金", "科", "无", "金", "玉", "良", "缘", "律", "无", "故"],
        "barrier": [],
        "idiom": ["无缘无故", "金玉良缘", "金科玉律", "一诺千金", "始终如一"],
        "posx": [1, 1, 1, 1, 2, 3, 4, 4, 6, 3, 4, 5, 6, 4, 6, 6],
        "posy": [8, 7, 6, 5, 5, 5, 5, 4, 4, 3, 3, 3, 3, 2, 2, 1],
        "answer": [3, 6, 10, 12],
        "id": 3
    },
    "4": {
        "word": ["事", "不", "关", "感", "舍", "己", "为", "人", "肺", "五", "脏", "六", "腑", "彩", "缤", "纷"],
        "barrier": [],
        "idiom": ["事不关己", "舍己为人", "感人肺腑", "五脏六腑", "五彩缤纷"],
        "posx": [3, 3, 3, 5, 2, 3, 4, 5, 5, 2, 3, 4, 5, 2, 2, 2],
        "posy": [8, 7, 6, 6, 5, 5, 5, 5, 4, 3, 3, 3, 3, 2, 1, 0],
        "answer": [5, 7, 9, 12, 15],
        "id": 4
    },
    "5": {
        "word": ["洋", "洋", "得", "意", "陇", "望", "子", "成", "龙", "蜀", "千", "上", "感", "慨", "万", "千", "真", "万", "确"],
        "barrier": [],
        "idiom": ["千真万确", "感慨万千", "成千上万", "望子成龙", "得陇望蜀", "洋洋得意"],
        "posx": [1, 2, 3, 4, 3, 3, 4, 5, 6, 3, 5, 5, 3, 4, 5, 6, 6, 6, 6],
        "posy": [8, 8, 8, 8, 7, 6, 6, 6, 6, 5, 5, 4, 3, 3, 3, 3, 2, 1, 0],
        "answer": [2, 3, 5, 7, 14, 15, 18],
        "id": 5
    },
    "6": {
        "word": ["风", "靡", "一", "鼓", "绝", "及", "时", "行", "乐", "代", "代", "相", "传", "齐", "佳", "一", "鸣", "惊", "人"],
        "barrier": [],
        "idiom": ["风靡一时", "及时行乐", "鼓乐齐鸣", "一鸣惊人", "绝代佳人", "代代相传"],
        "posx": [1, 1, 1, 3, 5, 0, 1, 2, 3, 5, 6, 7, 8, 3, 5, 2, 3, 4, 5],
        "posy": [7, 6, 5, 5, 5, 4, 4, 4, 4, 4, 4, 4, 4, 3, 3, 2, 2, 2, 2],
        "answer": [2, 6, 8, 9, 10, 16, 18],
        "id": 6
    },
    "7": {
        "word": ["夕", "阳", "西", "下", "不", "春", "投", "明", "明", "白", "白", "机", "不", "雪", "颠", "倒", "黑", "白", "把"],
        "barrier": [],
        "idiom": ["夕阳西下", "阳春白雪", "明明白白", "不明不白", "颠倒黑白", "投机倒把"],
        "posx": [5, 6, 7, 8, 4, 6, 2, 4, 5, 6, 7, 2, 4, 6, 1, 2, 3, 4, 2],
        "posy": [7, 7, 7, 7, 6, 6, 5, 5, 5, 5, 5, 4, 4, 4, 3, 3, 3, 3, 2],
        "answer": [1, 7, 9, 13, 15, 17],
        "id": 7
    },
    "8": {
        "word": ["画", "叶", "公", "好", "龙", "点", "奋", "点", "睛", "之", "笔", "疾", "博", "览", "群", "书", "采", "众", "长"],
        "barrier": [],
        "idiom": ["叶公好龙", "画龙点睛", "点睛之笔", "奋笔疾书", "博览群书", "博采众长"],
        "posx": [4, 1, 2, 3, 4, 4, 6, 3, 4, 5, 6, 6, 3, 4, 5, 6, 3, 3, 3],
        "posy": [8, 7, 7, 7, 7, 6, 6, 5, 5, 5, 5, 4, 3, 3, 3, 3, 2, 1, 0],
        "answer": [3, 4, 8, 10, 12, 15, 18],
        "id": 8
    },
    "9": {
        "word": ["称", "王", "称", "霸", "心", "王", "如", "别", "有", "洞", "天", "意", "姬", "下", "欺", "人", "太", "甚", "心", "慈", "手", "软", "平", "怕", "软", "硬", "兼", "施"],
        "barrier": [],
        "idiom": ["软硬兼施", "欺软怕硬", "欺人太甚", "天下太平", "别有洞天", "霸王别姬", "称王称霸", "称心如意", "心慈手软"],
        "posx": [0, 1, 2, 3, 0, 3, 0, 3, 4, 5, 6, 0, 3, 6, 4, 5, 6, 7, 1, 2, 3, 4, 6, 4, 3, 4, 5, 6],
        "posy": [7, 7, 7, 7, 6, 6, 5, 5, 5, 5, 5, 4, 4, 4, 3, 3, 3, 3, 2, 2, 2, 2, 2, 1, 0, 0, 0, 0],
        "answer": [2, 3, 5, 6, 9, 10, 11, 16, 17, 20, 21, 24, 25],
        "id": 9
    },
    "10": {
        "word": ["身", "玉", "树", "临", "风", "能", "其", "文", "渐", "入", "佳", "境", "缓", "能", "木", "穷", "兵", "黩", "武", "三", "教", "九", "流", "之", "分", "言", "听", "计", "从", "蜚", "语"],
        "barrier": [],
        "idiom": ["能文能武", "穷兵黩武", "缓兵之计", "言听计从", "流言蜚语", "三教九流", "入木三分", "渐入佳境", "身临其境", "玉树临风"],
        "posx": [3, 1, 2, 3, 4, 8, 3, 8, 0, 1, 2, 3, 6, 8, 1, 5, 6, 7, 8, 1, 2, 3, 4, 6, 1, 4, 5, 6, 7, 4, 4],
        "posy": [8, 7, 7, 7, 7, 7, 6, 6, 5, 5, 5, 5, 5, 5, 4, 4, 4, 4, 4, 3, 3, 3, 3, 3, 2, 2, 2, 2, 2, 1, 0],
        "answer": [3, 4, 7, 10, 11, 16, 18, 19, 21, 24, 27, 28, 29, 30],
        "id": 10
    },
    "11": {
        "word": ["单", "枪", "匹", "马", "两", "刀", "夫", "全", "力", "以", "赴", "有", "其", "会", "责", "无", "旁", "贷", "美", "可", "大", "寸", "土", "必", "争", "慈", "步", "辩", "大", "不", "悲", "欢", "离", "合"],
        "barrier": [],
        "idiom": ["寸土必争", "无可争辩", "责无旁贷", "匹夫有责", "单枪匹马", "单刀赴会", "全力以赴", "两全其美", "寸步不离", "悲欢离合", "大慈大悲"],
        "posx": [3, 4, 5, 6, 0, 3, 5, 0, 1, 2, 3, 5, 0, 3, 5, 6, 7, 8, 0, 6, 1, 3, 4, 5, 6, 1, 3, 6, 1, 3, 1, 2, 3, 4],
        "posy": [8, 8, 8, 8, 7, 7, 7, 6, 6, 6, 6, 6, 5, 5, 5, 5, 5, 5, 4, 4, 3, 3, 3, 3, 3, 2, 2, 2, 1, 1, 0, 0, 0, 0],
        "answer": [2, 3, 6, 9, 10, 12, 13, 16, 17, 18, 22, 24, 27, 28, 29, 30, 32],
        "id": 11
    },
    "12": {
        "word": ["闭", "关", "怀", "备", "至", "锁", "祸", "国", "殃", "民", "暗", "不", "无", "鸡", "百", "无", "聊", "赖", "天", "犬", "般", "生", "旭", "日", "东", "升", "刁", "天", "理", "难", "容"],
        "barrier": [],
        "idiom": ["关怀备至", "闭关锁国", "祸国殃民", "民不聊生", "百无聊赖", "百般刁难", "天理难容", "鸡犬升天", "旭日东升", "暗无天日"],
        "posx": [5, 5, 6, 7, 8, 5, 4, 5, 6, 7, 1, 7, 1, 3, 5, 6, 7, 8, 1, 3, 5, 7, 0, 1, 2, 3, 5, 3, 4, 5, 6],
        "posy": [8, 7, 7, 7, 7, 6, 5, 5, 5, 5, 4, 4, 3, 3, 3, 3, 3, 3, 2, 2, 2, 2, 1, 1, 1, 1, 1, 0, 0, 0, 0],
        "answer": [1, 4, 7, 9, 16, 17, 18, 23, 25, 26, 27, 29],
        "id": 12
    },
    "13": {
        "word": ["声", "东", "击", "西", "山", "装", "再", "革", "拍", "案", "而", "起", "履", "案", "数", "惊", "喜", "若", "狂", "少", "不", "更", "事", "奇", "轰", "胜", "滥", "竽", "充", "数", "炸"],
        "barrier": [],
        "idiom": ["数不胜数", "滥竽充数", "狂轰滥炸", "惊喜若狂", "拍案惊奇", "拍案而起", "东山再起", "声东击西", "西装革履", "少不更事"],
        "posx": [2, 3, 4, 5, 3, 5, 3, 5, 0, 1, 2, 3, 5, 0, 6, 0, 1, 2, 3, 5, 6, 7, 8, 0, 3, 6, 3, 4, 5, 6, 3],
        "posy": [8, 8, 8, 8, 7, 7, 6, 6, 5, 5, 5, 5, 5, 4, 4, 3, 3, 3, 3, 3, 3, 3, 3, 2, 2, 2, 1, 1, 1, 1, 0],
        "answer": [1, 3, 8, 11, 12, 15, 17, 18, 20, 22, 25, 26, 28, 29],
        "id": 13
    },
    "14": {
        "word": ["厚", "积", "薄", "发", "先", "土", "财", "礼", "成", "致", "后", "重", "于", "泰", "山", "富", "国", "强", "兵", "然", "词", "处", "夺", "之", "蛮", "横", "无", "理"],
        "barrier": [],
        "idiom": ["泰然处之", "重于泰山", "积土成山", "厚积薄发", "发财致富", "富国强兵", "先礼后兵", "强词夺理", "蛮横无理"],
        "posx": [2, 3, 4, 5, 8, 3, 5, 8, 3, 5, 8, 0, 1, 2, 3, 5, 6, 7, 8, 2, 7, 2, 7, 2, 4, 5, 6, 7],
        "posy": [7, 7, 7, 7, 7, 6, 6, 6, 5, 5, 5, 4, 4, 4, 4, 4, 4, 4, 4, 3, 3, 2, 2, 1, 1, 1, 1, 1],
        "answer": [0, 2, 7, 8, 9, 13, 14, 15, 18, 19, 22, 25, 27],
        "id": 14
    },
    "15": {
        "word": ["例", "行", "公", "事", "虎", "倍", "头", "捷", "戴", "罪", "立", "功", "画", "蛇", "添", "足", "大", "半", "尾", "先", "恶", "登", "峰", "造", "极", "谣", "妖", "言", "惑", "众", "众"],
        "barrier": [],
        "idiom": ["虎头蛇尾", "画蛇添足", "捷足先登", "登峰造极", "造谣惑众", "妖言惑众", "罪大恶极", "戴罪立功", "事倍功半", "例行公事"],
        "posx": [5, 6, 7, 8, 1, 8, 1, 3, 5, 6, 7, 8, 0, 1, 2, 3, 6, 8, 1, 3, 6, 3, 4, 5, 6, 5, 3, 4, 5, 6, 5],
        "posy": [8, 8, 8, 8, 7, 7, 6, 6, 6, 6, 6, 6, 5, 5, 5, 5, 5, 5, 4, 4, 4, 3, 3, 3, 3, 2, 1, 1, 1, 1, 0],
        "answer": [2, 3, 10, 11, 13, 14, 15, 18, 20, 21, 22, 24, 26, 28, 30],
        "id": 15
    },
    "16": {
        "word": ["忘", "爱", "恩", "高", "屋", "建", "瓴", "不", "负", "众", "望", "及", "义", "子", "虚", "乌", "有", "理", "成", "识", "直", "捣", "黄", "龙", "之", "气", "壮", "士", "断", "腕", "壮", "志", "凌", "云"],
        "barrier": [],
        "idiom": ["壮士断腕", "有识之士", "子虚乌有", "爱屋及乌", "高屋建瓴", "望子成龙", "不负众望", "忘恩负义", "直捣黄龙", "理直气壮", "壮志凌云"],
        "posx": [1, 5, 1, 4, 5, 6, 7, 0, 1, 2, 3, 5, 1, 3, 4, 5, 6, 0, 3, 6, 0, 1, 2, 3, 6, 0, 5, 6, 7, 8, 0, 1, 2, 3],
        "posy": [8, 8, 7, 7, 7, 7, 7, 6, 6, 6, 6, 6, 5, 5, 5, 5, 5, 4, 4, 4, 3, 3, 3, 3, 3, 2, 2, 2, 2, 2, 1, 1, 1, 1],
        "answer": [2, 5, 6, 7, 9, 11, 12, 13, 15, 19, 22, 23, 25, 28, 29, 30, 32, 33],
        "id": 16
    },
    "17": {
        "word": ["迫", "相", "战", "无", "不", "胜", "蜻", "辅", "得", "蜓", "相", "不", "能", "自", "已", "点", "石", "成", "金", "工", "水", "鸡", "巧", "独", "具", "匠", "心", "立"],
        "barrier": [],
        "idiom": ["战无不胜", "迫不得已", "不能自已", "能工巧匠", "独具匠心", "金鸡独立", "点石成金", "蜻蜓点水", "相辅相成"],
        "posx": [7, 2, 5, 6, 7, 8, 0, 2, 7, 0, 2, 4, 5, 6, 7, 0, 1, 2, 3, 5, 0, 3, 5, 3, 4, 5, 6, 3],
        "posy": [7, 6, 6, 6, 6, 6, 5, 5, 5, 4, 4, 4, 4, 4, 4, 3, 3, 3, 3, 3, 2, 2, 2, 1, 1, 1, 1, 0],
        "answer": [0, 1, 2, 4, 7, 9, 13, 14, 15, 18, 19, 20, 21, 25, 26],
        "id": 17
    },
    "18": {
        "word": ["解", "中", "饱", "私", "囊", "经", "相", "风", "助", "人", "为", "乐", "和", "风", "细", "雨", "行", "表", "花", "一", "日", "千", "里", "枝", "时", "不", "招", "一", "筹", "莫", "展"],
        "barrier": [],
        "idiom": ["花枝招展", "一筹莫展", "表里不一", "一日千里", "风行一时", "和风细雨", "饱经风雨", "中饱私囊", "解囊相助", "助人为乐"],
        "posx": [5, 2, 3, 4, 5, 3, 5, 3, 5, 6, 7, 8, 0, 1, 2, 3, 1, 4, 7, 1, 2, 3, 4, 7, 1, 4, 7, 4, 5, 6, 7],
        "posy": [8, 7, 7, 7, 7, 6, 6, 5, 5, 5, 5, 5, 4, 4, 4, 4, 3, 3, 3, 2, 2, 2, 2, 2, 1, 1, 1, 0, 0, 0, 0],
        "answer": [1, 4, 6, 7, 9, 10, 11, 13, 15, 16, 21, 22, 26, 29, 30],
        "id": 18
    },
    "19": {
        "word": ["不", "慌", "不", "悠", "天", "忙", "里", "偷", "闲", "各", "自", "一", "意", "孤", "行", "高", "志", "在", "四", "方", "军", "出", "同", "奋", "一", "语", "道", "破", "战", "筹", "合"],
        "barrier": [],
        "idiom": ["孤军奋战", "一意孤行", "天各一方", "志在四方", "悠闲自在", "忙里偷闲", "不慌不忙", "志同道合", "一语道破", "高出一筹"],
        "posx": [0, 0, 0, 3, 5, 0, 1, 2, 3, 5, 3, 5, 6, 7, 8, 0, 2, 3, 4, 5, 7, 0, 2, 7, 0, 1, 2, 3, 7, 0, 2],
        "posy": [8, 7, 6, 6, 6, 5, 5, 5, 5, 5, 4, 4, 4, 4, 4, 3, 3, 3, 3, 3, 3, 2, 2, 2, 1, 1, 1, 1, 1, 0, 0],
        "answer": [2, 4, 5, 8, 11, 13, 15, 16, 17, 19, 24, 26, 27, 28],
        "id": 19
    },
    "20": {
        "word": ["鸡", "灰", "飞", "烟", "灭", "蛋", "画", "打", "草", "惊", "蛇", "草", "添", "聚", "了", "足", "不", "出", "户", "少", "不", "更", "事", "遗", "成", "不", "留", "余", "地", "多", "力"],
        "barrier": [],
        "idiom": ["不留余地", "不遗余力", "足不出户", "画蛇添足", "打草惊蛇", "鸡飞蛋打", "灰飞烟灭", "草草了事", "少不更事", "聚少成多"],
        "posx": [2, 1, 2, 3, 4, 2, 5, 2, 3, 4, 5, 3, 5, 0, 3, 5, 6, 7, 8, 0, 1, 2, 3, 6, 0, 4, 5, 6, 7, 0, 6],
        "posy": [8, 7, 7, 7, 7, 6, 6, 5, 5, 5, 5, 4, 4, 3, 3, 3, 3, 3, 3, 2, 2, 2, 2, 2, 1, 1, 1, 1, 1, 0, 0],
        "answer": [2, 4, 6, 7, 8, 9, 12, 15, 18, 19, 21, 22, 27, 28, 29, 30],
        "id": 20
    },
    "21": {
        "word": ["舍", "己", "为", "人", "人", "海", "师", "出", "无", "名", "底", "表", "噪", "捞", "碧", "一", "一", "针", "见", "血", "生", "不", "逢", "时", "哄", "丹", "机", "场", "而", "野", "心", "勃", "勃", "作", "散", "勃", "戏"],
        "barrier": [],
        "idiom": ["一哄而散", "一针见血", "碧血丹心", "野心勃勃", "生机勃勃", "生不逢时", "名噪一时", "师出无名", "为人师表", "舍己为人", "逢场作戏", "海底捞针"],
        "posx": [3, 4, 5, 6, 5, 1, 5, 6, 7, 8, 1, 5, 8, 1, 3, 8, 0, 1, 2, 3, 5, 6, 7, 8, 0, 3, 5, 7, 0, 2, 3, 4, 5, 7, 0, 5, 7],
        "posy": [8, 8, 8, 8, 7, 6, 6, 6, 6, 6, 5, 5, 5, 4, 4, 4, 3, 3, 3, 3, 3, 3, 3, 3, 2, 2, 2, 2, 1, 1, 1, 1, 1, 1, 0, 0, 0],
        "answer": [0, 2, 5, 6, 9, 16, 17, 19, 20, 22, 23, 28, 30, 32, 33, 34],
        "id": 21
    },
    "22": {
        "word": ["物", "兵", "不", "血", "刃", "极", "由", "必", "自", "相", "残", "杀", "反", "客", "为", "主", "兵", "死", "败", "甜", "他", "兵", "多", "将", "广", "言", "乡", "开", "蜜", "豪", "言", "壮", "语", "路"],
        "barrier": [],
        "idiom": ["甜言蜜语", "豪言壮语", "广开言路", "兵多将广", "残兵败将", "自相残杀", "不由自主", "兵不血刃", "反客为主", "物极必反", "客死他乡"],
        "posx": [0, 2, 3, 4, 5, 0, 3, 0, 3, 4, 5, 6, 0, 1, 2, 3, 5, 1, 5, 8, 1, 3, 4, 5, 6, 8, 1, 6, 8, 5, 6, 7, 8, 6],
        "posy": [8, 8, 8, 8, 8, 7, 7, 6, 6, 6, 6, 6, 5, 5, 5, 5, 5, 4, 4, 4, 3, 3, 3, 3, 3, 3, 2, 2, 2, 1, 1, 1, 1, 0],
        "answer": [3, 4, 7, 8, 10, 11, 12, 13, 15, 17, 18, 21, 22, 24, 25, 27, 28, 29, 30],
        "id": 22
    },
    "23": {
        "word": ["残", "招", "花", "好", "月", "圆", "骄", "兵", "必", "败", "茅", "买", "柳", "暗", "花", "明", "塞", "翁", "失", "马", "箭", "顿", "难", "开", "诚", "布", "公", "防"],
        "barrier": [],
        "idiom": ["暗箭难防", "柳暗花明", "残花败柳", "骄兵必败", "招兵买马", "塞翁失马", "茅塞顿开", "开诚布公", "花好月圆"],
        "posx": [5, 3, 5, 6, 7, 8, 2, 3, 4, 5, 0, 3, 5, 6, 7, 8, 0, 1, 2, 3, 6, 0, 6, 0, 1, 2, 3, 6],
        "posy": [7, 6, 6, 6, 6, 6, 5, 5, 5, 5, 4, 4, 4, 4, 4, 4, 3, 3, 3, 3, 3, 2, 2, 1, 1, 1, 1, 1],
        "answer": [3, 4, 5, 7, 8, 9, 11, 12, 14, 18, 19, 20, 21, 23, 25, 26, 27],
        "id": 23
    },
    "24": {
        "word": ["别", "别", "具", "一", "格", "匠", "尽", "心", "竭", "力", "不", "釜", "投", "笔", "从", "戎", "底", "鞭", "心", "抽", "刀", "断", "水", "杯", "水", "车", "薪", "流"],
        "barrier": [],
        "idiom": ["别具一格", "别具匠心", "尽心竭力", "力不从心", "投笔从戎", "投鞭断流", "抽刀断水", "釜底抽薪", "杯水车薪"],
        "posx": [5, 4, 5, 6, 7, 5, 4, 5, 6, 7, 7, 3, 5, 6, 7, 8, 3, 5, 7, 3, 4, 5, 6, 0, 1, 2, 3, 5],
        "posy": [8, 7, 7, 7, 7, 6, 5, 5, 5, 5, 4, 3, 3, 3, 3, 3, 2, 2, 2, 1, 1, 1, 1, 0, 0, 0, 0, 0],
        "answer": [2, 5, 6, 8, 13, 14, 16, 17, 19, 21, 24, 25],
        "id": 24
    },
    "25": {
        "word": ["斗", "杳", "无", "音", "信", "志", "容", "昂", "首", "挺", "胸", "宛", "转", "悠", "扬", "身", "在", "而", "入", "不", "敷", "出", "近", "成", "人", "之", "美", "情"],
        "barrier": [],
        "idiom": ["成人之美", "不近人情", "入不敷出", "挺身而出", "昂首挺胸", "斗志昂扬", "宛转悠扬", "音容宛在", "杳无音信"],
        "posx": [5, 0, 1, 2, 3, 5, 2, 5, 6, 7, 8, 2, 3, 4, 5, 7, 2, 7, 4, 5, 6, 7, 5, 4, 5, 6, 7, 5],
        "posy": [8, 7, 7, 7, 7, 7, 6, 6, 6, 6, 6, 5, 5, 5, 5, 5, 4, 4, 3, 3, 3, 3, 2, 1, 1, 1, 1, 0],
        "answer": [1, 3, 7, 9, 11, 14, 17, 19, 20, 22, 25, 26],
        "id": 25
    },
    "26": {
        "word": ["多", "事", "之", "一", "叶", "知", "秋", "自", "任", "公", "食", "投", "其", "所", "好", "龙", "其", "自", "龙", "飞", "凤", "舞", "果", "不", "其", "然", "呈", "和", "气", "致", "祥"],
        "barrier": [],
        "idiom": ["多事之秋", "一叶知秋", "叶公好龙", "投其所好", "任其自然", "果不其然", "自食其果", "龙飞凤舞", "龙凤呈祥", "和气致祥"],
        "posx": [7, 7, 7, 4, 5, 6, 7, 0, 3, 5, 0, 2, 3, 4, 5, 7, 0, 3, 5, 6, 7, 8, 0, 1, 2, 3, 7, 4, 5, 6, 7],
        "posy": [8, 7, 6, 5, 5, 5, 5, 4, 4, 4, 3, 3, 3, 3, 3, 3, 2, 2, 2, 2, 2, 2, 1, 1, 1, 1, 1, 0, 0, 0, 0],
        "answer": [0, 1, 3, 4, 8, 12, 14, 15, 16, 20, 21, 22, 24, 27, 30],
        "id": 26
    },
    "27": {
        "word": ["监", "守", "从", "一", "自", "成", "一", "格", "鸡", "鸣", "狗", "盗", "而", "旧", "惊", "终", "身", "大", "事", "人", "才", "辈", "出", "重", "尔", "提", "举", "一", "反", "三", "尔"],
        "barrier": [],
        "idiom": ["从一而终", "自成一格", "监守自盗", "鸡鸣狗盗", "一鸣惊人", "人才辈出", "出尔反尔", "举一反三", "终身大事", "旧事重提"],
        "posx": [3, 3, 5, 1, 3, 4, 5, 6, 0, 1, 2, 3, 5, 8, 1, 5, 6, 7, 8, 1, 2, 3, 4, 8, 4, 8, 2, 3, 4, 5, 4],
        "posy": [8, 7, 7, 6, 6, 6, 6, 6, 5, 5, 5, 5, 5, 5, 4, 4, 4, 4, 4, 3, 3, 3, 3, 3, 2, 2, 1, 1, 1, 1, 0],
        "answer": [0, 1, 6, 7, 8, 10, 14, 15, 16, 18, 19, 20, 21, 23, 24, 27, 29, 30],
        "id": 27
    },
    "28": {
        "word": ["认", "应", "祖", "有", "案", "可", "查", "同", "归", "于", "尽", "有", "宗", "有", "可", "目", "无", "法", "纪", "不", "见", "多", "识", "广", "丁"],
        "barrier": [],
        "idiom": ["目无法纪", "可有可无", "有案可查", "应有尽有", "同归于尽", "认祖归宗", "目不识丁", "见多识广"],
        "posx": [2, 4, 2, 4, 5, 6, 7, 1, 2, 3, 4, 6, 2, 4, 6, 5, 6, 7, 8, 5, 3, 4, 5, 6, 5],
        "posy": [7, 7, 6, 6, 6, 6, 6, 5, 5, 5, 5, 5, 4, 4, 4, 3, 3, 3, 3, 2, 1, 1, 1, 1, 0],
        "answer": [1, 4, 8, 10, 11, 12, 16, 17, 18, 21, 22, 24],
        "id": 28
    },
    "29": {
        "word": ["一", "严", "丝", "合", "缝", "不", "苟", "且", "偷", "生", "搬", "游", "错", "硬", "鹿", "死", "谁", "手", "不", "落", "俗", "套", "好", "有", "闲", "情", "逸", "致"],
        "barrier": [],
        "idiom": ["鹿死谁手", "游手好闲", "闲情逸致", "错落有致", "不落俗套", "生搬硬套", "苟且偷生", "一丝不苟", "严丝合缝"],
        "posx": [5, 4, 5, 6, 7, 5, 5, 6, 7, 8, 8, 3, 6, 8, 0, 1, 2, 3, 5, 6, 7, 8, 3, 6, 3, 4, 5, 6],
        "posy": [8, 7, 7, 7, 7, 6, 5, 5, 5, 5, 4, 3, 3, 3, 2, 2, 2, 2, 2, 2, 2, 2, 1, 1, 0, 0, 0, 0],
        "answer": [1, 2, 6, 7, 13, 15, 17, 18, 19, 21, 24, 25],
        "id": 29
    },
    "30": {
        "word": ["劳", "一", "愁", "眉", "苦", "脸", "呼", "健", "功", "百", "步", "步", "登", "高", "应", "付", "自", "如", "之", "飞", "黄", "腾", "达", "旭", "日", "东", "升", "雀", "官", "流", "在", "贵", "后", "人"],
        "barrier": [],
        "idiom": ["黄雀在后", "飞黄腾达", "健步如飞", "应付自如", "付之东流", "旭日东升", "一呼百应", "步步登高", "劳苦功高", "愁眉苦脸", "达官贵人"],
        "posx": [7, 1, 5, 6, 7, 8, 1, 4, 7, 1, 4, 5, 6, 7, 1, 2, 3, 4, 2, 4, 5, 6, 7, 0, 1, 2, 3, 5, 7, 2, 5, 7, 5, 7],
        "posy": [8, 7, 7, 7, 7, 7, 6, 6, 6, 5, 5, 5, 5, 5, 4, 4, 4, 4, 3, 3, 3, 3, 3, 2, 2, 2, 2, 2, 2, 1, 1, 1, 0, 0],
        "answer": [2, 4, 5, 6, 7, 8, 11, 12, 13, 14, 16, 17, 21, 22, 25, 26, 28, 29, 30, 32, 33],
        "id": 30
    }
}