{"frameRate":24,"name":"hero_20","version":"5.5","compatibleVersion":"5.5","armature":[{"type":"Armature","frameRate":24,"name":"root","aabb":{"x":-70.71,"y":-265.61,"width":136,"height":280.78},"bone":[{"name":"root"},{"length":15,"name":"shadow","parent":"root","transform":{"x":3.1726,"y":1.4667,"skX":-90,"skY":-90}},{"length":144,"name":"head","parent":"root","transform":{"x":-5.1753,"y":-103.2801,"skX":-92.4058,"skY":-92.4058}}],"slot":[{"name":"shadow","parent":"shadow"},{"name":"body","parent":"root"},{"name":"head","parent":"head"},{"name":"face","parent":"head"},{"name":"cloth","parent":"head"},{"name":"beard","parent":"head"}],"skin":[{"slot":[{"name":"head","display":[{"name":"head","transform":{"x":73.66,"y":5.57,"skX":92.41,"skY":92.41}}]},{"name":"body","display":[{"name":"body","transform":{"x":-1.48,"y":-52.63}}]},{"name":"face","display":[{"name":"face_normal","transform":{"x":30.04,"y":-2.75,"skX":92.41,"skY":92.41}},{"name":"face_sad","transform":{"x":33.31,"y":-6.46,"skX":92.41,"skY":92.41}},{"name":"face_happy","transform":{"x":30.29,"y":-3.57,"skX":92.41,"skY":92.41}},{"name":"face_expect","transform":{"x":31.54,"y":-0.42,"skX":92.41,"skY":92.41}}]},{"name":"beard","display":[{"name":"beard","transform":{"x":-15.43,"y":0.47,"skX":92.41,"skY":92.41}}]},{"name":"shadow","display":[{"name":"shadow","transform":{"x":0.8,"y":-0.05,"skX":90,"skY":90,"scX":1.1919,"scY":1.1919}}]},{"name":"cloth","display":[{"name":"cloth","transform":{"x":0.3,"y":1.21,"skX":92.41,"skY":92.41}}]}]}],"animation":[{"duration":36,"playTimes":0,"name":"expect","bone":[{"name":"head","translateFrame":[{"duration":18,"tweenEasing":0,"x":1.43},{"duration":18,"tweenEasing":0},{"duration":0,"x":1.43}],"rotateFrame":[{"duration":18,"tweenEasing":0,"rotate":6.44},{"duration":18,"tweenEasing":0,"rotate":-9.04},{"duration":0,"rotate":6.44}]},{"name":"shadow","translateFrame":[{"duration":18,"tweenEasing":0},{"duration":18,"tweenEasing":0,"x":-1.38},{"duration":0}]}],"slot":[{"name":"face","displayFrame":[{"duration":36,"value":3}]}]},{"duration":36,"playTimes":0,"name":"happy","bone":[{"name":"head","translateFrame":[{"duration":18,"tweenEasing":0,"x":1.43},{"duration":18,"tweenEasing":0},{"duration":0,"x":1.43}],"rotateFrame":[{"duration":18,"tweenEasing":0,"rotate":6.44},{"duration":18,"tweenEasing":0,"rotate":-9.04},{"duration":0,"rotate":6.44}]},{"name":"shadow","translateFrame":[{"duration":18,"tweenEasing":0},{"duration":18,"tweenEasing":0,"x":-1.38},{"duration":0}]}],"slot":[{"name":"face","displayFrame":[{"duration":36,"value":2}]}]},{"duration":36,"playTimes":0,"name":"idle","bone":[{"name":"head","translateFrame":[{"duration":18,"tweenEasing":0,"x":1.43},{"duration":18,"tweenEasing":0},{"duration":0,"x":1.43}],"rotateFrame":[{"duration":18,"tweenEasing":0,"rotate":6.44},{"duration":18,"tweenEasing":0,"rotate":-9.04},{"duration":0,"rotate":6.44}]},{"name":"shadow","translateFrame":[{"duration":18,"tweenEasing":0},{"duration":18,"tweenEasing":0,"x":-1.38},{"duration":0}]}]},{"duration":36,"playTimes":0,"name":"sad","bone":[{"name":"head","translateFrame":[{"duration":18,"tweenEasing":0,"x":1.43},{"duration":18,"tweenEasing":0},{"duration":0,"x":1.43}],"rotateFrame":[{"duration":18,"tweenEasing":0,"rotate":6.44},{"duration":18,"tweenEasing":0,"rotate":-9.04},{"duration":0,"rotate":6.44}]},{"name":"shadow","translateFrame":[{"duration":18,"tweenEasing":0},{"duration":18,"tweenEasing":0,"x":-1.38},{"duration":0}]}],"slot":[{"name":"face","displayFrame":[{"duration":36,"value":1}]}]}],"defaultActions":[{"gotoAndPlay":"expect"}]}]}