{"frameRate":24,"name":"hero_25","version":"5.5","compatibleVersion":"5.5","armature":[{"type":"Armature","frameRate":24,"name":"root","aabb":{"x":-60.97,"y":-270.17,"width":129.1,"height":284.59},"bone":[{"name":"root"},{"length":133,"name":"head","parent":"root","transform":{"x":-0.8775,"y":-105.4866,"skX":-90.009,"skY":-90.009}},{"length":12,"name":"shadow","parent":"root","transform":{"x":0.3,"y":-0.5844,"skX":-92.7814,"skY":-92.7814,"scX":1.0286,"scY":1.0286}}],"slot":[{"name":"shadow","parent":"shadow"},{"name":"hair11","parent":"head"},{"name":"hair1","parent":"head"},{"name":"body","parent":"root"},{"name":"head","parent":"head"},{"name":"face","parent":"head"},{"name":"hair","parent":"head"},{"name":"arm","parent":"root"}],"skin":[{"slot":[{"name":"arm","display":[{"name":"arm","transform":{"x":-34.97,"y":-73.8}}]},{"name":"head","display":[{"name":"head","transform":{"x":76.18,"y":4.53,"skX":93.01,"skY":93.01}}]},{"name":"body","display":[{"name":"body","transform":{"x":-1.97,"y":-53.3}}]},{"name":"hair","display":[{"name":"hair","transform":{"x":72.48,"y":27.37,"skX":93.01,"skY":93.01}}]},{"name":"hair11","display":[{"name":"hair1","transform":{"x":7.22,"y":-26.16,"skX":88.19,"skY":88.19,"scX":-1}}]},{"name":"face","display":[{"name":"face_normal","transform":{"x":37.05,"y":-3.54,"skX":93.01,"skY":93.01}},{"name":"face_happy","transform":{"x":29.51,"y":-1.45,"skX":93.01,"skY":93.01}},{"name":"face_expect","transform":{"x":33.4,"y":-1.09,"skX":90.01,"skY":90.01}},{"name":"face_sad","transform":{"x":33.08,"y":-4.24,"skX":93.01,"skY":93.01}}]},{"name":"shadow","display":[{"name":"shadow","transform":{"x":-0.55,"y":1.2,"skX":92.78,"skY":92.78}}]},{"name":"hair1","display":[{"name":"hair1","transform":{"x":-5.1,"y":36.31,"skX":93.01,"skY":93.01}}]}]}],"animation":[{"duration":36,"playTimes":0,"name":"expect","bone":[{"name":"head","translateFrame":[{"duration":18,"tweenEasing":0,"x":1.43},{"duration":18,"tweenEasing":0},{"duration":0,"x":1.43}],"rotateFrame":[{"duration":18,"tweenEasing":0,"rotate":6.44},{"duration":18,"tweenEasing":0,"rotate":-9.04},{"duration":0,"rotate":6.44}]},{"name":"shadow","translateFrame":[{"duration":18,"tweenEasing":0},{"duration":18,"tweenEasing":0,"x":-1.38},{"duration":0}]}],"slot":[{"name":"face","displayFrame":[{"duration":36,"value":2}]}]},{"duration":36,"playTimes":0,"name":"happy","bone":[{"name":"head","translateFrame":[{"duration":18,"tweenEasing":0,"x":1.43},{"duration":18,"tweenEasing":0},{"duration":0,"x":1.43}],"rotateFrame":[{"duration":18,"tweenEasing":0,"rotate":6.44},{"duration":18,"tweenEasing":0,"rotate":-9.04},{"duration":0,"rotate":6.44}]},{"name":"shadow","translateFrame":[{"duration":18,"tweenEasing":0},{"duration":18,"tweenEasing":0,"x":-1.38},{"duration":0}]}],"slot":[{"name":"face","displayFrame":[{"duration":36,"value":1}]}]},{"duration":36,"playTimes":0,"name":"idle","bone":[{"name":"head","translateFrame":[{"duration":18,"tweenEasing":0,"x":1.43},{"duration":18,"tweenEasing":0},{"duration":0,"x":1.43}],"rotateFrame":[{"duration":18,"tweenEasing":0,"rotate":6.44},{"duration":18,"tweenEasing":0,"rotate":-9.04},{"duration":0,"rotate":6.44}]},{"name":"shadow","translateFrame":[{"duration":18,"tweenEasing":0},{"duration":18,"tweenEasing":0,"x":-1.38},{"duration":0}]}]},{"duration":36,"playTimes":0,"name":"sad","bone":[{"name":"head","translateFrame":[{"duration":18,"tweenEasing":0,"x":1.43},{"duration":18,"tweenEasing":0},{"duration":0,"x":1.43}],"rotateFrame":[{"duration":18,"tweenEasing":0,"rotate":6.44},{"duration":18,"tweenEasing":0,"rotate":-9.04},{"duration":0,"rotate":6.44}]},{"name":"shadow","translateFrame":[{"duration":18,"tweenEasing":0},{"duration":18,"tweenEasing":0,"x":-1.38},{"duration":0}]}],"slot":[{"name":"face","displayFrame":[{"duration":36,"value":3}]}]}],"defaultActions":[{"gotoAndPlay":"expect"}]}]}