{"frameRate":24,"name":"hero_9","version":"5.5","compatibleVersion":"5.5","armature":[{"type":"Armature","frameRate":24,"name":"root","aabb":{"x":-113.13,"y":-254.55,"width":224,"height":269.05},"bone":[{"name":"root"},{"length":15,"name":"shadow","parent":"root","transform":{"skX":-93.0771,"skY":-93.0771}},{"length":145,"name":"head","parent":"root","transform":{"x":0.55,"y":-100.35,"skX":-93.4587,"skY":-93.4587}}],"slot":[{"name":"shadow","parent":"shadow"},{"name":"body","parent":"root"},{"name":"head","parent":"head"},{"displayIndex":3,"name":"face","parent":"head"}],"skin":[{"slot":[{"name":"body","display":[{"name":"body","transform":{"x":3.33,"y":-53.66}}]},{"name":"shadow","display":[{"name":"shadow","transform":{"skX":93.08,"skY":93.08}}]},{"name":"face","display":[{"name":"face_sad","transform":{"x":35.67,"y":-7.93,"skX":93.46,"skY":93.46}},{"name":"face_happy","transform":{"x":31.81,"y":-5.95,"skX":93.46,"skY":93.46}},{"name":"face_expect","transform":{"x":33.91,"y":-3.91,"skX":93.46,"skY":93.46}},{"name":"face_normal","transform":{"x":32.56,"y":-2,"skX":93.46,"skY":93.46}}]},{"name":"head","display":[{"name":"head","transform":{"x":71.67,"y":2.65,"skX":93.46,"skY":93.46}}]}]}],"animation":[{"duration":36,"playTimes":0,"name":"idle","bone":[{"name":"head","translateFrame":[{"duration":18,"tweenEasing":0,"x":1.43},{"duration":18,"tweenEasing":0},{"duration":0,"x":1.43}],"rotateFrame":[{"duration":18,"tweenEasing":0,"rotate":6.44},{"duration":18,"tweenEasing":0,"rotate":-9.04},{"duration":0,"rotate":6.44}]},{"name":"shadow","translateFrame":[{"duration":18,"tweenEasing":0},{"duration":18,"tweenEasing":0,"x":-1.38},{"duration":0}]}]},{"duration":36,"playTimes":0,"name":"sad","bone":[{"name":"head","translateFrame":[{"duration":18,"tweenEasing":0,"x":1.43},{"duration":18,"tweenEasing":0},{"duration":0,"x":1.43}],"rotateFrame":[{"duration":18,"tweenEasing":0,"rotate":6.44},{"duration":18,"tweenEasing":0,"rotate":-9.04},{"duration":0,"rotate":6.44}]},{"name":"shadow","translateFrame":[{"duration":18,"tweenEasing":0},{"duration":18,"tweenEasing":0,"x":-1.38},{"duration":0}]}],"slot":[{"name":"face","displayFrame":[{"duration":36}]}]},{"duration":36,"playTimes":0,"name":"happy","bone":[{"name":"head","translateFrame":[{"duration":18,"tweenEasing":0,"x":1.43},{"duration":18,"tweenEasing":0},{"duration":0,"x":1.43}],"rotateFrame":[{"duration":18,"tweenEasing":0,"rotate":6.44},{"duration":18,"tweenEasing":0,"rotate":-9.04},{"duration":0,"rotate":6.44}]},{"name":"shadow","translateFrame":[{"duration":18,"tweenEasing":0},{"duration":18,"tweenEasing":0,"x":-1.38},{"duration":0}]}],"slot":[{"name":"face","displayFrame":[{"duration":36,"value":1}]}]},{"duration":36,"playTimes":0,"name":"expect","bone":[{"name":"head","translateFrame":[{"duration":18,"tweenEasing":0,"x":1.43},{"duration":18,"tweenEasing":0},{"duration":0,"x":1.43}],"rotateFrame":[{"duration":18,"tweenEasing":0,"rotate":6.44},{"duration":18,"tweenEasing":0,"rotate":-9.04},{"duration":0,"rotate":6.44}]},{"name":"shadow","translateFrame":[{"duration":18,"tweenEasing":0},{"duration":18,"tweenEasing":0,"x":-1.38},{"duration":0}]}],"slot":[{"name":"face","displayFrame":[{"duration":36,"value":2}]}]}],"defaultActions":[{"gotoAndPlay":"idle"}]}]}