{"frameRate":24,"name":"hero_6","version":"5.5","compatibleVersion":"5.5","armature":[{"type":"Armature","frameRate":24,"name":"root","aabb":{"x":-101.46,"y":-256.6,"width":202,"height":271.1},"bone":[{"name":"root"},{"length":14,"name":"shadow","parent":"root","transform":{"skX":-98.4341,"skY":-98.4341}},{"length":128,"name":"head","parent":"root","transform":{"x":-1.1,"y":-98.75,"skX":-94.4789,"skY":-94.4789}}],"slot":[{"name":"shadow","parent":"shadow"},{"name":"body","parent":"root"},{"name":"head","parent":"head"},{"displayIndex":3,"name":"face","parent":"head"}],"skin":[{"slot":[{"name":"shadow","display":[{"name":"shadow","transform":{"skX":98.43,"skY":98.43}}]},{"name":"body","display":[{"name":"body_","transform":{"x":2.06,"y":-54.4},"path":"body"}]},{"name":"head","display":[{"name":"head","transform":{"x":73.07,"y":6.36,"skX":94.48,"skY":94.48}}]},{"name":"face","display":[{"name":"face_sad","transform":{"x":36.8,"y":-5.49,"skX":94.48,"skY":94.48}},{"name":"face_happy","transform":{"x":34.38,"y":-3.96,"skX":94.48,"skY":94.48}},{"name":"face_expect","transform":{"x":35.78,"y":-2.11,"skX":94.48,"skY":94.48}},{"name":"face_normal","transform":{"x":33.29,"y":1.28,"skX":94.48,"skY":94.48}}]}]}],"animation":[{"duration":36,"playTimes":0,"name":"idle","bone":[{"name":"head","translateFrame":[{"duration":18,"tweenEasing":0,"x":1.43},{"duration":18,"tweenEasing":0},{"duration":0,"x":1.43}],"rotateFrame":[{"duration":18,"tweenEasing":0,"rotate":6.44},{"duration":18,"tweenEasing":0,"rotate":-9.04},{"duration":0,"rotate":6.44}]},{"name":"shadow","translateFrame":[{"duration":18,"tweenEasing":0},{"duration":18,"tweenEasing":0,"x":-1.38},{"duration":0}]}]},{"duration":36,"playTimes":0,"name":"happy","bone":[{"name":"head","translateFrame":[{"duration":18,"tweenEasing":0,"x":1.43},{"duration":18,"tweenEasing":0},{"duration":0,"x":1.43}],"rotateFrame":[{"duration":18,"tweenEasing":0,"rotate":6.44},{"duration":18,"tweenEasing":0,"rotate":-9.04},{"duration":0,"rotate":6.44}]},{"name":"shadow","translateFrame":[{"duration":18,"tweenEasing":0},{"duration":18,"tweenEasing":0,"x":-1.38},{"duration":0}]}],"slot":[{"name":"face","displayFrame":[{"duration":36,"value":1}]}]},{"duration":36,"playTimes":0,"name":"sad","bone":[{"name":"head","translateFrame":[{"duration":18,"tweenEasing":0,"x":1.43},{"duration":18,"tweenEasing":0},{"duration":0,"x":1.43}],"rotateFrame":[{"duration":18,"tweenEasing":0,"rotate":6.44},{"duration":18,"tweenEasing":0,"rotate":-9.04},{"duration":0,"rotate":6.44}]},{"name":"shadow","translateFrame":[{"duration":18,"tweenEasing":0},{"duration":18,"tweenEasing":0,"x":-1.38},{"duration":0}]}],"slot":[{"name":"face","displayFrame":[{"duration":36}]}]},{"duration":36,"playTimes":0,"name":"expect","bone":[{"name":"head","translateFrame":[{"duration":18,"tweenEasing":0,"x":1.43},{"duration":18,"tweenEasing":0},{"duration":0,"x":1.43}],"rotateFrame":[{"duration":18,"tweenEasing":0,"rotate":6.44},{"duration":18,"tweenEasing":0,"rotate":-9.04},{"duration":0,"rotate":6.44}]},{"name":"shadow","translateFrame":[{"duration":18,"tweenEasing":0},{"duration":18,"tweenEasing":0,"x":-1.38},{"duration":0}]}],"slot":[{"name":"face","displayFrame":[{"duration":36,"value":2}]}]}],"defaultActions":[{"gotoAndPlay":"idle"}]}]}