{"SubTexture":[{"width":86,"y":206,"height":29,"name":"shadow","x":229},{"width":168,"y":1,"height":135,"name":"body","x":132},{"width":129,"y":1,"height":193,"name":"head","x":1},{"width":11,"y":209,"height":13,"name":"star","x":317},{"width":95,"y":138,"height":66,"name":"face_expect","x":229},{"width":75,"y":138,"height":70,"name":"face_happy","x":414},{"width":86,"y":138,"height":69,"name":"face_sad","x":326},{"width":95,"y":138,"height":88,"name":"face_normal","x":132}],"width":491,"height":237,"name":"hero_30","imagePath":"hero_30_tex.png"}