{"width":490,"imagePath":"hero_18_tex.png","height":248,"name":"hero_18","SubTexture":[{"width":86,"y":193,"height":29,"name":"shadow","x":233},{"width":130,"y":1,"height":120,"name":"body","x":139},{"width":136,"y":1,"height":176,"name":"head","x":1},{"width":86,"y":123,"height":68,"name":"face_sad","x":233},{"width":74,"y":123,"height":69,"name":"face_happy","x":321},{"width":94,"y":179,"height":67,"name":"face_expect","x":1},{"width":92,"y":123,"height":82,"name":"face_normal","x":139},{"width":91,"y":123,"height":28,"name":"cloth","x":397},{"width":18,"y":179,"height":20,"name":"beard","x":97}]}