{"width":498,"imagePath":"hero_26_tex.png","height":255,"name":"hero_26","SubTexture":[{"width":86,"y":210,"height":29,"name":"shadow","x":235},{"width":42,"y":1,"height":81,"name":"hair","x":301},{"width":166,"y":1,"height":138,"name":"body","x":133},{"width":130,"y":1,"height":199,"name":"head","x":1},{"width":17,"y":212,"height":17,"name":"satr","x":340},{"width":75,"y":141,"height":71,"name":"face_happy","x":421},{"width":87,"y":141,"height":69,"name":"face_sad","x":332},{"width":95,"y":141,"height":67,"name":"face_expect","x":235},{"width":100,"y":141,"height":85,"name":"face_normal","x":133},{"width":15,"y":212,"height":34,"name":"beard2","x":323},{"width":49,"y":202,"height":51,"name":"beard1","x":1}]}