{"width":397,"imagePath":"hero_21_tex.png","height":249,"name":"hero_21","SubTexture":[{"width":86,"y":216,"height":29,"name":"shadow","x":233},{"width":132,"y":1,"height":143,"name":"body","x":139},{"width":136,"y":1,"height":177,"name":"head","x":1},{"width":92,"y":146,"height":82,"name":"face_normal","x":139},{"width":74,"y":146,"height":69,"name":"face_happy","x":321},{"width":86,"y":146,"height":68,"name":"face_sad","x":233},{"width":94,"y":180,"height":67,"name":"face_expect","x":1},{"width":18,"y":180,"height":20,"name":"beard","x":97}]}