{"frameRate":24,"name":"hero_27","version":"5.5","compatibleVersion":"5.5","armature":[{"type":"Armature","frameRate":24,"name":"root","aabb":{"x":-106.17,"y":-273.56,"width":179,"height":289.42},"bone":[{"name":"root"},{"length":122,"name":"head","parent":"root","transform":{"x":-1.9,"y":-100.8,"skX":-92.0604,"skY":-92.0604}},{"length":18,"name":"shadow","parent":"root","transform":{"x":3.1884,"y":3.1604,"skX":-91.0025,"skY":-91.0025}},{"length":7,"name":"beard","parent":"head","transform":{"x":8.0457,"y":-1.6072,"skX":1.2336,"skY":1.2336}}],"slot":[{"name":"shadow","parent":"shadow"},{"name":"body","parent":"root"},{"name":"head","parent":"head"},{"name":"face","parent":"head"},{"name":"beard2","parent":"head"},{"name":"beard1","parent":"beard"}],"skin":[{"slot":[{"name":"beard2","display":[{"name":"beard2","transform":{"x":-18.7,"y":-1.44,"skX":92.06,"skY":92.06}}]},{"name":"shadow","display":[{"name":"shadow","transform":{"x":1.8,"y":-0.3,"skX":91,"skY":91,"scX":1.3277,"scY":1.3277}}]},{"name":"face","display":[{"name":"face_normal","transform":{"x":33.41,"y":-3.57,"skX":92.06,"skY":92.06}},{"name":"face_happy","transform":{"x":29.86,"y":-2.2,"skX":92.06,"skY":92.06}},{"name":"face_sad","transform":{"x":33.39,"y":-3.07,"skX":92.06,"skY":92.06}},{"name":"face_expect","transform":{"x":34.25,"y":0.96,"skX":92.06,"skY":92.06}}]},{"name":"head","display":[{"name":"head","transform":{"x":80.67,"y":4.13,"skX":92.06,"skY":92.06}}]},{"name":"body","display":[{"name":"body","transform":{"x":-16.67,"y":-59.06}}]},{"name":"beard1","display":[{"name":"beard1","transform":{"x":-12.24,"y":1.45,"skX":90.83,"skY":90.83}}]}]}],"animation":[{"duration":36,"playTimes":0,"name":"expect","bone":[{"name":"head","translateFrame":[{"duration":18,"tweenEasing":0,"x":1.43},{"duration":18,"tweenEasing":0},{"duration":0,"x":1.43}],"rotateFrame":[{"duration":18,"tweenEasing":0,"rotate":6.44},{"duration":18,"tweenEasing":0,"rotate":-9.04},{"duration":0,"rotate":6.44}]},{"name":"shadow","translateFrame":[{"duration":18,"tweenEasing":0},{"duration":18,"tweenEasing":0,"x":-1.38},{"duration":0}]},{"name":"beard","translateFrame":[{"duration":36,"x":1.14,"y":-0.09}],"rotateFrame":[{"duration":36,"rotate":1.17}]}],"slot":[{"name":"face","displayFrame":[{"duration":36,"value":3}]}]},{"duration":36,"playTimes":0,"name":"happy","bone":[{"name":"head","translateFrame":[{"duration":18,"tweenEasing":0,"x":1.43},{"duration":18,"tweenEasing":0},{"duration":0,"x":1.43}],"rotateFrame":[{"duration":18,"tweenEasing":0,"rotate":6.44},{"duration":18,"tweenEasing":0,"rotate":-9.04},{"duration":0,"rotate":6.44}]},{"name":"shadow","translateFrame":[{"duration":18,"tweenEasing":0},{"duration":18,"tweenEasing":0,"x":-1.38},{"duration":0}]},{"name":"beard","translateFrame":[{"duration":36,"x":7.17,"y":-1.77}],"rotateFrame":[{"duration":36,"rotate":0.96}]}],"slot":[{"name":"face","displayFrame":[{"duration":36,"value":1}]}]},{"duration":36,"playTimes":0,"name":"idle","bone":[{"name":"head","translateFrame":[{"duration":18,"tweenEasing":0,"x":1.43},{"duration":18,"tweenEasing":0},{"duration":0,"x":1.43}],"rotateFrame":[{"duration":18,"tweenEasing":0,"rotate":6.44},{"duration":18,"tweenEasing":0,"rotate":-9.04},{"duration":0,"rotate":6.44}]},{"name":"shadow","translateFrame":[{"duration":18,"tweenEasing":0},{"duration":18,"tweenEasing":0,"x":-1.38},{"duration":0}]}]},{"duration":36,"playTimes":0,"name":"sad","bone":[{"name":"head","translateFrame":[{"duration":18,"tweenEasing":0,"x":1.43},{"duration":18,"tweenEasing":0},{"duration":0,"x":1.43}],"rotateFrame":[{"duration":18,"tweenEasing":0,"rotate":6.44},{"duration":18,"tweenEasing":0,"rotate":-9.04},{"duration":0,"rotate":6.44}]},{"name":"shadow","translateFrame":[{"duration":18,"tweenEasing":0},{"duration":18,"tweenEasing":0,"x":-1.38},{"duration":0}]},{"name":"beard","translateFrame":[{"duration":36,"x":4.81,"y":-0.37}],"rotateFrame":[{"duration":36,"rotate":1.47}]}],"slot":[{"name":"face","displayFrame":[{"duration":36,"value":2}]}]}],"defaultActions":[{"gotoAndPlay":"expect"}]}]}