{"width":459,"imagePath":"hero_25_tex.png","height":252,"name":"hero_25","SubTexture":[{"width":86,"y":121,"height":29,"name":"shadow","x":132},{"width":57,"y":121,"height":96,"name":"hair1","x":271},{"width":118,"y":1,"height":118,"name":"body","x":132},{"width":129,"y":1,"height":177,"name":"head","x":1},{"width":95,"y":180,"height":67,"name":"face_expect","x":1},{"width":86,"y":180,"height":68,"name":"face_sad","x":98},{"width":73,"y":180,"height":69,"name":"face_happy","x":330},{"width":83,"y":180,"height":70,"name":"face_normal","x":186},{"width":33,"y":121,"height":52,"name":"hair","x":220},{"width":52,"y":180,"height":63,"name":"arm","x":405}]}