{"width":503,"SubTexture":[{"width":86,"y":201,"height":29,"name":"shadow","x":239},{"width":165,"y":1,"height":130,"name":"body","x":134},{"width":131,"y":1,"height":208,"name":"head","x":1},{"width":86,"y":133,"height":69,"name":"face_sad","x":337},{"width":103,"y":133,"height":79,"name":"face_normal","x":134},{"width":76,"y":133,"height":69,"name":"face_happy","x":425},{"width":96,"y":133,"height":66,"name":"face_expect","x":239},{"width":7,"y":201,"height":12,"name":"star","x":327},{"width":19,"y":1,"height":54,"name":"hair","x":301}],"height":232,"name":"hero_28","imagePath":"hero_28_tex.png"}