{"width":510,"imagePath":"hero_17_tex.png","height":225,"name":"hero_17","SubTexture":[{"width":86,"y":194,"height":29,"name":"shadow","x":250},{"width":125,"y":1,"height":122,"name":"body","x":156},{"width":153,"y":1,"height":198,"name":"head","x":1},{"width":94,"y":125,"height":67,"name":"face_expect","x":250},{"width":92,"y":125,"height":82,"name":"face_normal","x":156},{"width":74,"y":125,"height":69,"name":"face_happy","x":434},{"width":86,"y":125,"height":68,"name":"face_sad","x":346},{"width":18,"y":195,"height":20,"name":"beard","x":338}]}