{"frameRate":24,"name":"hero_14","version":"5.5","compatibleVersion":"5.5","armature":[{"type":"Armature","frameRate":24,"name":"root","aabb":{"x":-77.36,"y":-285.33,"width":153,"height":299.83},"bone":[{"name":"root"},{"length":15,"name":"shadow","parent":"root","transform":{"skX":-90,"skY":-90}},{"length":138,"name":"head","parent":"root","transform":{"x":2.07,"y":-96.72,"skX":-94.6555,"skY":-94.6555}}],"slot":[{"name":"shadow","parent":"shadow"},{"name":"body","parent":"root"},{"name":"head","parent":"head"},{"displayIndex":3,"name":"face","parent":"head"},{"name":"beard","parent":"head"}],"skin":[{"slot":[{"name":"face","display":[{"name":"face_sad","transform":{"x":38.33,"y":-7.54,"skX":94.66,"skY":94.66}},{"name":"face_happy","transform":{"x":35.26,"y":-5.39,"skX":94.66,"skY":94.66}},{"name":"face_expect","transform":{"x":34.88,"y":-2.82,"skX":94.66,"skY":94.66}},{"name":"face_normal","transform":{"x":33.74,"y":-3.51,"skX":94.66,"skY":94.66}}]},{"name":"shadow","display":[{"name":"shadow","transform":{"skX":90,"skY":90}}]},{"name":"head","display":[{"name":"head","transform":{"x":88.56,"y":4.27,"skX":94.66,"skY":94.66}}]},{"name":"body","display":[{"name":"body","transform":{"x":2.34,"y":-53.48}}]},{"name":"beard","display":[{"name":"beard","transform":{"x":-10.51,"y":-1.55,"skX":94.66,"skY":94.66}}]}]}],"animation":[{"duration":36,"playTimes":0,"name":"idle","bone":[{"name":"head","translateFrame":[{"duration":18,"tweenEasing":0,"x":1.43},{"duration":18,"tweenEasing":0},{"duration":0,"x":1.43}],"rotateFrame":[{"duration":18,"tweenEasing":0,"rotate":6.44},{"duration":18,"tweenEasing":0,"rotate":-9.04},{"duration":0,"rotate":6.44}]},{"name":"shadow","translateFrame":[{"duration":18,"tweenEasing":0},{"duration":18,"tweenEasing":0,"x":-1.38},{"duration":0}]}]},{"duration":36,"playTimes":0,"name":"expect","bone":[{"name":"head","translateFrame":[{"duration":18,"tweenEasing":0,"x":1.43},{"duration":18,"tweenEasing":0},{"duration":0,"x":1.43}],"rotateFrame":[{"duration":18,"tweenEasing":0,"rotate":6.44},{"duration":18,"tweenEasing":0,"rotate":-9.04},{"duration":0,"rotate":6.44}]},{"name":"shadow","translateFrame":[{"duration":18,"tweenEasing":0},{"duration":18,"tweenEasing":0,"x":-1.38},{"duration":0}]}],"slot":[{"name":"face","displayFrame":[{"duration":36,"value":2}]}]},{"duration":36,"playTimes":0,"name":"happy","bone":[{"name":"head","translateFrame":[{"duration":18,"tweenEasing":0,"x":1.43},{"duration":18,"tweenEasing":0},{"duration":0,"x":1.43}],"rotateFrame":[{"duration":18,"tweenEasing":0,"rotate":6.44},{"duration":18,"tweenEasing":0,"rotate":-9.04},{"duration":0,"rotate":6.44}]},{"name":"shadow","translateFrame":[{"duration":18,"tweenEasing":0},{"duration":18,"tweenEasing":0,"x":-1.38},{"duration":0}]}],"slot":[{"name":"face","displayFrame":[{"duration":36,"value":1}]}]},{"duration":36,"playTimes":0,"name":"sad","bone":[{"name":"head","translateFrame":[{"duration":18,"tweenEasing":0,"x":1.43},{"duration":18,"tweenEasing":0},{"duration":0,"x":1.43}],"rotateFrame":[{"duration":18,"tweenEasing":0,"rotate":6.44},{"duration":18,"tweenEasing":0,"rotate":-9.04},{"duration":0,"rotate":6.44}]},{"name":"shadow","translateFrame":[{"duration":18,"tweenEasing":0},{"duration":18,"tweenEasing":0,"x":-1.38},{"duration":0}]}],"slot":[{"name":"face","displayFrame":[{"duration":36}]}]}],"defaultActions":[{"gotoAndPlay":"idle"}]}]}