{"frameRate":24,"name":"hero_13","version":"5.5","compatibleVersion":"5.5","armature":[{"type":"Armature","frameRate":24,"name":"root","aabb":{"x":-123.97,"y":-265.07,"width":254,"height":279.57},"bone":[{"name":"root"},{"length":15,"name":"shadow","parent":"root","transform":{"skX":-90,"skY":-90}},{"length":138,"name":"head","parent":"root","transform":{"x":1.7,"y":-100.42,"skX":-94.6555,"skY":-94.6555}}],"slot":[{"name":"shadow","parent":"shadow"},{"name":"body","parent":"root"},{"name":"head","parent":"head"},{"displayIndex":3,"name":"face","parent":"head"},{"name":"beard","parent":"head"}],"skin":[{"slot":[{"name":"beard","display":[{"name":"beard","transform":{"x":-10.01,"y":-2.17,"skX":94.66,"skY":94.66}}]},{"name":"shadow","display":[{"name":"shadow","transform":{"skX":90,"skY":90}}]},{"name":"body","display":[{"name":"body","transform":{"x":3.78,"y":-54.12}}]},{"name":"head","display":[{"name":"head","transform":{"x":76.29,"y":7.55,"skX":94.66,"skY":94.66}}]},{"name":"face","display":[{"name":"face_sad","transform":{"x":36.05,"y":-7.32,"skX":94.66,"skY":94.66}},{"name":"face_happy","transform":{"x":35.26,"y":-5.39,"skX":94.66,"skY":94.66}},{"name":"face_expect","transform":{"x":34.88,"y":-2.82,"skX":94.66,"skY":94.66}},{"name":"face_normal","transform":{"x":33.92,"y":-4.16,"skX":94.66,"skY":94.66}}]}]}],"animation":[{"duration":36,"playTimes":0,"name":"idle","bone":[{"name":"head","translateFrame":[{"duration":18,"tweenEasing":0,"x":1.43},{"duration":18,"tweenEasing":0},{"duration":0,"x":1.43}],"rotateFrame":[{"duration":18,"tweenEasing":0,"rotate":6.44},{"duration":18,"tweenEasing":0,"rotate":-9.04},{"duration":0,"rotate":6.44}]},{"name":"shadow","translateFrame":[{"duration":18,"tweenEasing":0},{"duration":18,"tweenEasing":0,"x":-1.38},{"duration":0}]}]},{"duration":36,"playTimes":0,"name":"expect","bone":[{"name":"head","translateFrame":[{"duration":18,"tweenEasing":0,"x":1.43},{"duration":18,"tweenEasing":0},{"duration":0,"x":1.43}],"rotateFrame":[{"duration":18,"tweenEasing":0,"rotate":6.44},{"duration":18,"tweenEasing":0,"rotate":-9.04},{"duration":0,"rotate":6.44}]},{"name":"shadow","translateFrame":[{"duration":18,"tweenEasing":0},{"duration":18,"tweenEasing":0,"x":-1.38},{"duration":0}]}],"slot":[{"name":"face","displayFrame":[{"duration":36,"value":2}]}]},{"duration":36,"playTimes":0,"name":"happy","bone":[{"name":"head","translateFrame":[{"duration":18,"tweenEasing":0,"x":1.43},{"duration":18,"tweenEasing":0},{"duration":0,"x":1.43}],"rotateFrame":[{"duration":18,"tweenEasing":0,"rotate":6.44},{"duration":18,"tweenEasing":0,"rotate":-9.04},{"duration":0,"rotate":6.44}]},{"name":"shadow","translateFrame":[{"duration":18,"tweenEasing":0},{"duration":18,"tweenEasing":0,"x":-1.38},{"duration":0}]}],"slot":[{"name":"face","displayFrame":[{"duration":36,"value":1}]}]},{"duration":36,"playTimes":0,"name":"sad","bone":[{"name":"head","translateFrame":[{"duration":18,"tweenEasing":0,"x":1.43},{"duration":18,"tweenEasing":0},{"duration":0,"x":1.43}],"rotateFrame":[{"duration":18,"tweenEasing":0,"rotate":6.44},{"duration":18,"tweenEasing":0,"rotate":-9.04},{"duration":0,"rotate":6.44}]},{"name":"shadow","translateFrame":[{"duration":18,"tweenEasing":0},{"duration":18,"tweenEasing":0,"x":-1.38},{"duration":0}]}],"slot":[{"name":"face","displayFrame":[{"duration":36}]}]}],"defaultActions":[{"gotoAndPlay":"idle"}]}]}