{"frameRate":24,"name":"hero_28","version":"5.5","compatibleVersion":"5.5","armature":[{"type":"Armature","frameRate":24,"name":"root","aabb":{"x":-79.5,"y":-272.45,"width":165,"height":287},"bone":[{"name":"root"},{"length":12,"name":"shadow","parent":"root","transform":{"x":-0.4696,"y":-0.7701,"skX":-92.4994,"skY":-92.4994}},{"length":140,"name":"head","parent":"root","transform":{"x":-3.8,"y":-96.25,"skX":-92.241,"skY":-92.241}}],"slot":[{"name":"shadow","parent":"shadow"},{"name":"body","parent":"root"},{"name":"head","parent":"head"},{"name":"face","parent":"head"},{"name":"star","parent":"head"},{"name":"hair","parent":"head"},{"name":"hair1","parent":"head"}],"skin":[{"slot":[{"name":"face","display":[{"name":"face_normal","transform":{"x":42.79,"y":-1.53,"skX":92.24,"skY":92.24}},{"name":"face_happy","transform":{"x":30.82,"y":-2.5,"skX":92.24,"skY":92.24}},{"name":"face_sad","transform":{"x":34.48,"y":-4.52,"skX":92.24,"skY":92.24}},{"name":"face_expect","transform":{"x":35.25,"y":-0.48,"skX":92.24,"skY":92.24}}]},{"name":"star","display":[{"name":"star","transform":{"x":68.39,"y":-3.53,"skX":92.24,"skY":92.24}}]},{"name":"hair","display":[{"name":"hair","transform":{"x":72.02,"y":31.64,"skX":92.24,"skY":92.24}}]},{"name":"shadow","display":[{"name":"shadow","transform":{"x":0.85,"y":3.39,"skX":92.5,"skY":92.5,"scX":1.9208,"scY":1.8524}}]},{"name":"body","display":[{"name":"body","transform":{"x":3,"y":-50.45}}]},{"name":"head","display":[{"name":"head","transform":{"x":72.07,"y":4.62,"skX":92.24,"skY":92.24}}]},{"name":"hair1","display":[{"name":"hair","transform":{"x":74.64,"y":-35.41,"skX":92.24,"skY":92.24,"scX":-1}}]}]}],"animation":[{"duration":36,"playTimes":0,"name":"expect","bone":[{"name":"head","translateFrame":[{"duration":18,"tweenEasing":0,"x":1.43},{"duration":18,"tweenEasing":0},{"duration":0,"x":1.43}],"rotateFrame":[{"duration":18,"tweenEasing":0,"rotate":6.44},{"duration":18,"tweenEasing":0,"rotate":-9.04},{"duration":0,"rotate":6.44}]},{"name":"shadow","translateFrame":[{"duration":18,"tweenEasing":0},{"duration":18,"tweenEasing":0,"x":-1.38},{"duration":0}]}],"slot":[{"name":"face","displayFrame":[{"duration":36,"value":3}]}]},{"duration":36,"playTimes":0,"name":"happy","bone":[{"name":"head","translateFrame":[{"duration":18,"tweenEasing":0,"x":1.43},{"duration":18,"tweenEasing":0},{"duration":0,"x":1.43}],"rotateFrame":[{"duration":18,"tweenEasing":0,"rotate":6.44},{"duration":18,"tweenEasing":0,"rotate":-9.04},{"duration":0,"rotate":6.44}]},{"name":"shadow","translateFrame":[{"duration":18,"tweenEasing":0},{"duration":18,"tweenEasing":0,"x":-1.38},{"duration":0}]}],"slot":[{"name":"face","displayFrame":[{"duration":36,"value":1}]}]},{"duration":36,"playTimes":0,"name":"idle","bone":[{"name":"head","translateFrame":[{"duration":18,"tweenEasing":0,"x":1.43},{"duration":18,"tweenEasing":0},{"duration":0,"x":1.43}],"rotateFrame":[{"duration":18,"tweenEasing":0,"rotate":6.44},{"duration":18,"tweenEasing":0,"rotate":-9.04},{"duration":0,"rotate":6.44}]},{"name":"shadow","translateFrame":[{"duration":18,"tweenEasing":0},{"duration":18,"tweenEasing":0,"x":-1.38},{"duration":0}]}]},{"duration":36,"playTimes":0,"name":"sad","bone":[{"name":"head","translateFrame":[{"duration":18,"tweenEasing":0,"x":1.43},{"duration":18,"tweenEasing":0},{"duration":0,"x":1.43}],"rotateFrame":[{"duration":18,"tweenEasing":0,"rotate":6.44},{"duration":18,"tweenEasing":0,"rotate":-9.04},{"duration":0,"rotate":6.44}]},{"name":"shadow","translateFrame":[{"duration":18,"tweenEasing":0},{"duration":18,"tweenEasing":0,"x":-1.38},{"duration":0}]}],"slot":[{"name":"face","displayFrame":[{"duration":36,"value":2}]}]}],"defaultActions":[{"gotoAndPlay":"expect"}]}]}