{"frameRate":24,"name":"hero_30","version":"5.5","compatibleVersion":"5.5","armature":[{"type":"Armature","frameRate":24,"name":"root","aabb":{"x":-75.5,"y":-279.45,"width":168,"height":297},"bone":[{"name":"root"},{"length":14,"name":"shadow","parent":"root","transform":{"x":9.3353,"y":-0.4175,"skX":-91.1894,"skY":-91.1894}},{"length":137,"name":"head","parent":"root","transform":{"x":0.85,"y":-97.85,"skX":-93.015,"skY":-93.015}}],"slot":[{"name":"shadow","parent":"shadow"},{"name":"body","parent":"root"},{"name":"head","parent":"head"},{"name":"star","parent":"head"},{"name":"face","parent":"head"}],"skin":[{"slot":[{"name":"star","display":[{"name":"star","transform":{"x":69.31,"y":-2.21,"skX":93.01,"skY":93.01}}]},{"name":"head","display":[{"name":"head","transform":{"x":84.92,"y":5.62,"skX":93.01,"skY":93.01}}]},{"name":"body","display":[{"name":"body","transform":{"x":8.5,"y":-49.95}}]},{"name":"shadow","display":[{"name":"shadow","transform":{"x":1.46,"y":-0.57,"skX":91.19,"skY":91.19,"scX":1.8717,"scY":1.5487}}]},{"name":"face","display":[{"name":"face_normal","transform":{"x":45.95,"y":-5.44,"skX":93.01,"skY":93.01}},{"name":"face_happy","transform":{"x":32.24,"y":-2.52,"skX":93.01,"skY":93.01}},{"name":"face_sad","transform":{"x":32.39,"y":-4.65,"skX":93.01,"skY":93.01}},{"name":"face_expect","transform":{"x":33.7,"y":-1.08,"skX":93.01,"skY":93.01}}]}]}],"animation":[{"duration":36,"playTimes":0,"name":"expect","bone":[{"name":"head","translateFrame":[{"duration":18,"tweenEasing":0,"x":1.43},{"duration":18,"tweenEasing":0},{"duration":0,"x":1.43}],"rotateFrame":[{"duration":18,"tweenEasing":0,"rotate":6.44},{"duration":18,"tweenEasing":0,"rotate":-9.04},{"duration":0,"rotate":6.44}]},{"name":"shadow","translateFrame":[{"duration":18,"tweenEasing":0},{"duration":18,"tweenEasing":0,"x":-1.38},{"duration":0}]}],"slot":[{"name":"face","displayFrame":[{"duration":36,"value":3}]}]},{"duration":36,"playTimes":0,"name":"happy","bone":[{"name":"head","translateFrame":[{"duration":18,"tweenEasing":0,"x":1.43},{"duration":18,"tweenEasing":0},{"duration":0,"x":1.43}],"rotateFrame":[{"duration":18,"tweenEasing":0,"rotate":6.44},{"duration":18,"tweenEasing":0,"rotate":-9.04},{"duration":0,"rotate":6.44}]},{"name":"shadow","translateFrame":[{"duration":18,"tweenEasing":0},{"duration":18,"tweenEasing":0,"x":-1.38},{"duration":0}]}],"slot":[{"name":"face","displayFrame":[{"duration":36,"value":1}]}]},{"duration":36,"playTimes":0,"name":"idle","bone":[{"name":"head","translateFrame":[{"duration":18,"tweenEasing":0,"x":1.43},{"duration":18,"tweenEasing":0},{"duration":0,"x":1.43}],"rotateFrame":[{"duration":18,"tweenEasing":0,"rotate":6.44},{"duration":18,"tweenEasing":0,"rotate":-9.04},{"duration":0,"rotate":6.44}]},{"name":"shadow","translateFrame":[{"duration":18,"tweenEasing":0},{"duration":18,"tweenEasing":0,"x":-1.38},{"duration":0}]}]},{"duration":36,"playTimes":0,"name":"sad","bone":[{"name":"head","translateFrame":[{"duration":18,"tweenEasing":0,"x":1.43},{"duration":18,"tweenEasing":0},{"duration":0,"x":1.43}],"rotateFrame":[{"duration":18,"tweenEasing":0,"rotate":6.44},{"duration":18,"tweenEasing":0,"rotate":-9.04},{"duration":0,"rotate":6.44}]},{"name":"shadow","translateFrame":[{"duration":18,"tweenEasing":0},{"duration":18,"tweenEasing":0,"x":-1.38},{"duration":0}]}],"slot":[{"name":"face","displayFrame":[{"duration":36,"value":2}]}]}],"defaultActions":[{"gotoAndPlay":"expect"}]}]}