{"width":257,"imagePath":"hero_13_tex.png","height":404,"name":"hero_13","SubTexture":[{"width":86,"y":373,"height":29,"name":"shadow","x":1},{"width":103,"y":179,"height":122,"name":"body","x":1},{"width":254,"y":1,"height":176,"name":"head","x":1},{"width":94,"y":263,"height":67,"name":"face_expect","x":106},{"width":86,"y":303,"height":68,"name":"face_sad","x":1},{"width":92,"y":179,"height":82,"name":"face_normal","x":106},{"width":74,"y":332,"height":69,"name":"face_happy","x":89},{"width":18,"y":179,"height":20,"name":"beard","x":200}]}