{"frameRate":24,"name":"hero_24","version":"5.5","compatibleVersion":"5.5","armature":[{"type":"Armature","frameRate":24,"name":"root","aabb":{"x":-107.52,"y":-258.76,"width":213,"height":276.84},"bone":[{"name":"root"},{"length":14,"name":"shadow","parent":"root","transform":{"x":1.1716,"y":3.9328,"skX":-93.034,"skY":-93.034}},{"length":149,"name":"head","parent":"root","transform":{"x":-3.3228,"y":-103.6832,"skX":-90.1876,"skY":-90.1876}}],"slot":[{"name":"shadow","parent":"shadow"},{"name":"body","parent":"root"},{"name":"head","parent":"head"},{"displayIndex":3,"name":"face","parent":"head"},{"displayIndex":-1,"name":"beard","parent":"head"}],"skin":[{"slot":[{"name":"shadow","display":[{"name":"shadow","transform":{"x":0.27,"y":1.4,"skX":93.03,"skY":93.03}}]},{"name":"head","display":[{"name":"head1","transform":{"x":67.57,"y":2.52,"skX":90.19,"skY":90.19},"path":"head"}]},{"name":"beard","display":[{"name":"beard1","transform":{"x":-21.28,"y":1.48,"skX":90.19,"skY":90.19},"path":"beard"}]},{"name":"body","display":[{"name":"body1","transform":{"x":3.42,"y":-54.51},"path":"body"}]},{"name":"face","display":[{"name":"face_expect","transform":{"x":26.49,"y":-2.35,"skX":90.19,"skY":90.19}},{"name":"face_happy","transform":{"x":25.58,"y":-4.59,"skX":90.19,"skY":90.19}},{"name":"face_sad","transform":{"x":27.36,"y":-8.65,"skX":90.19,"skY":90.19}},{"name":"face_normal","transform":{"x":13.01,"y":-2.98,"skX":90.19,"skY":90.19}}]}]}],"animation":[{"duration":36,"playTimes":0,"name":"expect","bone":[{"name":"head","translateFrame":[{"duration":18,"tweenEasing":0,"x":1.43},{"duration":18,"tweenEasing":0},{"duration":0,"x":1.43}],"rotateFrame":[{"duration":18,"tweenEasing":0,"rotate":6.44},{"duration":18,"tweenEasing":0,"rotate":-9.04},{"duration":0,"rotate":6.44}]},{"name":"shadow","translateFrame":[{"duration":18,"tweenEasing":0},{"duration":18,"tweenEasing":0,"x":-1.38},{"duration":0}]}],"slot":[{"name":"face","displayFrame":[{"duration":36}]},{"name":"beard","displayFrame":[{"duration":36}]}]},{"duration":36,"playTimes":0,"name":"happy","bone":[{"name":"head","translateFrame":[{"duration":18,"tweenEasing":0,"x":1.43},{"duration":18,"tweenEasing":0},{"duration":0,"x":1.43}],"rotateFrame":[{"duration":18,"tweenEasing":0,"rotate":6.44},{"duration":18,"tweenEasing":0,"rotate":-9.04},{"duration":0,"rotate":6.44}]},{"name":"shadow","translateFrame":[{"duration":18,"tweenEasing":0},{"duration":18,"tweenEasing":0,"x":-1.38},{"duration":0}]}],"slot":[{"name":"face","displayFrame":[{"duration":36,"value":1}]},{"name":"beard","displayFrame":[{"duration":36}]}]},{"duration":36,"playTimes":0,"name":"idle","bone":[{"name":"head","translateFrame":[{"duration":18,"tweenEasing":0,"x":1.43},{"duration":18,"tweenEasing":0},{"duration":0,"x":1.43}],"rotateFrame":[{"duration":18,"tweenEasing":0,"rotate":6.44},{"duration":18,"tweenEasing":0,"rotate":-9.04},{"duration":0,"rotate":6.44}]},{"name":"shadow","translateFrame":[{"duration":18,"tweenEasing":0},{"duration":18,"tweenEasing":0,"x":-1.38},{"duration":0}]}]},{"duration":36,"playTimes":0,"name":"sad","bone":[{"name":"head","translateFrame":[{"duration":18,"tweenEasing":0,"x":1.43},{"duration":18,"tweenEasing":0},{"duration":0,"x":1.43}],"rotateFrame":[{"duration":18,"tweenEasing":0,"rotate":6.44},{"duration":18,"tweenEasing":0,"rotate":-9.04},{"duration":0,"rotate":6.44}]},{"name":"shadow","translateFrame":[{"duration":18,"tweenEasing":0},{"duration":18,"tweenEasing":0,"x":-1.38},{"duration":0}]}],"slot":[{"name":"face","displayFrame":[{"duration":36,"value":2}]},{"name":"beard","displayFrame":[{"duration":36}]}]}],"defaultActions":[{"gotoAndPlay":"expect"}]}]}