{"frameRate":24,"name":"hero_29","version":"5.5","compatibleVersion":"5.5","armature":[{"type":"Armature","frameRate":24,"name":"root","aabb":{"x":-113.4,"y":-276.29,"width":217,"height":291.94},"bone":[{"name":"root"},{"length":14,"name":"shadow","parent":"root","transform":{"x":11.8472,"y":4.0363,"skX":-92.5667,"skY":-92.5667}},{"length":132,"name":"head","parent":"root","transform":{"x":-1.75,"y":-97.8,"skX":-94.904,"skY":-94.904}},{"name":"beard","parent":"head","transform":{"x":15.333,"y":0.6805}}],"slot":[{"name":"shadow","parent":"shadow"},{"name":"body","parent":"root"},{"name":"head","parent":"head"},{"name":"face","parent":"head"},{"name":"beard","parent":"beard"},{"name":"star","parent":"head"},{"name":"beard1","parent":"head"}],"skin":[{"slot":[{"name":"shadow","display":[{"name":"shadow","transform":{"x":2.92,"y":-0.74,"skX":92.57,"skY":92.57,"scX":1.6338,"scY":1.3748}}]},{"name":"face","display":[{"name":"face_normal","transform":{"x":48.34,"y":-2.03,"skX":94.9,"skY":94.9}},{"name":"face_happy","transform":{"x":32.47,"y":-0.09,"skX":94.9,"skY":94.9}},{"name":"face_expect","transform":{"x":37.79,"y":1.5,"skX":94.9,"skY":94.9}},{"name":"face_sad","transform":{"x":35.26,"y":-1.64,"skX":94.9,"skY":94.9}}]},{"name":"body","display":[{"name":"body","transform":{"x":6.6,"y":-55.29}}]},{"name":"star","display":[{"name":"star","transform":{"x":69.26,"y":-0.23,"skX":94.9,"skY":94.9}}]},{"name":"beard1","display":[{"name":"beard1","transform":{"x":-12.53,"y":0.31,"skX":94.9,"skY":94.9}}]},{"name":"beard","display":[{"name":"beard","transform":{"x":-6.57,"y":0.73,"skX":94.9,"skY":94.9}}]},{"name":"head","display":[{"name":"head","transform":{"x":84.45,"y":4.08,"skX":94.9,"skY":94.9}}]}]}],"animation":[{"duration":36,"playTimes":0,"name":"expect","bone":[{"name":"head","translateFrame":[{"duration":18,"tweenEasing":0,"x":1.43},{"duration":18,"tweenEasing":0},{"duration":0,"x":1.43}],"rotateFrame":[{"duration":18,"tweenEasing":0,"rotate":6.44},{"duration":18,"tweenEasing":0,"rotate":-9.04},{"duration":0,"rotate":6.44}]},{"name":"shadow","translateFrame":[{"duration":18,"tweenEasing":0},{"duration":18,"tweenEasing":0,"x":-1.38},{"duration":0}]},{"name":"beard","translateFrame":[{"duration":36,"x":1.71,"y":-2.53}]}],"slot":[{"name":"face","displayFrame":[{"duration":36,"value":2}]}]},{"duration":36,"playTimes":0,"name":"happy","bone":[{"name":"head","translateFrame":[{"duration":18,"tweenEasing":0,"x":1.43},{"duration":18,"tweenEasing":0},{"duration":0,"x":1.43}],"rotateFrame":[{"duration":18,"tweenEasing":0,"rotate":6.44},{"duration":18,"tweenEasing":0,"rotate":-9.04},{"duration":0,"rotate":6.44}]},{"name":"shadow","translateFrame":[{"duration":18,"tweenEasing":0},{"duration":18,"tweenEasing":0,"x":-1.38},{"duration":0}]},{"name":"beard","translateFrame":[{"duration":36,"x":7.41,"y":-2.65}],"rotateFrame":[{"duration":36,"rotate":5.71}],"scaleFrame":[{"duration":36,"x":1.14,"y":1.32}]}],"slot":[{"name":"face","displayFrame":[{"duration":36,"value":1}]}]},{"duration":36,"playTimes":0,"name":"idle","bone":[{"name":"head","translateFrame":[{"duration":18,"tweenEasing":0,"x":1.43},{"duration":18,"tweenEasing":0},{"duration":0,"x":1.43}],"rotateFrame":[{"duration":18,"tweenEasing":0,"rotate":6.44},{"duration":18,"tweenEasing":0,"rotate":-9.04},{"duration":0,"rotate":6.44}]},{"name":"shadow","translateFrame":[{"duration":18,"tweenEasing":0},{"duration":18,"tweenEasing":0,"x":-1.38},{"duration":0}]}]},{"duration":36,"playTimes":0,"name":"sad","bone":[{"name":"head","translateFrame":[{"duration":18,"tweenEasing":0,"x":1.43},{"duration":18,"tweenEasing":0},{"duration":0,"x":1.43}],"rotateFrame":[{"duration":18,"tweenEasing":0,"rotate":6.44},{"duration":18,"tweenEasing":0,"rotate":-9.04},{"duration":0,"rotate":6.44}]},{"name":"shadow","translateFrame":[{"duration":18,"tweenEasing":0},{"duration":18,"tweenEasing":0,"x":-1.38},{"duration":0}]},{"name":"beard","translateFrame":[{"duration":36,"x":3.26,"y":0.17}],"rotateFrame":[{"duration":36,"rotate":2.01}],"scaleFrame":[{"duration":36,"x":1.17,"y":1.17}]}],"slot":[{"name":"face","displayFrame":[{"duration":36,"value":3}]}]}],"defaultActions":[{"gotoAndPlay":"expect"}]}]}