{"frameRate":24,"name":"hero_26","version":"5.5","compatibleVersion":"5.5","armature":[{"type":"Armature","frameRate":24,"name":"root","aabb":{"x":-97.01,"y":-268.29,"width":166,"height":283.96},"bone":[{"name":"root"},{"length":16,"name":"shadow","parent":"root","transform":{"x":8.1708,"y":2.4674,"skX":-89.4147,"skY":-89.4147}},{"length":117,"name":"head","parent":"root","transform":{"x":1.1,"y":-100.8158,"skX":-91.0197,"skY":-91.0197}},{"length":12,"name":"beard1","parent":"head","transform":{"x":13.4087,"y":-4.062,"skX":84.7535,"skY":84.7535}},{"name":"satr","parent":"head","transform":{"x":59.6325,"y":-4.9895}}],"slot":[{"name":"shadow","parent":"shadow"},{"name":"hair","parent":"head"},{"name":"hair1","parent":"head"},{"name":"body","parent":"root"},{"name":"head","parent":"head"},{"name":"satr","parent":"satr"},{"name":"face","parent":"head"},{"name":"beard2","parent":"head"},{"name":"beard1","parent":"beard1"}],"skin":[{"slot":[{"name":"hair1","display":[{"name":"hair","transform":{"x":3.46,"y":-27.17,"skX":93.32,"skY":93.32,"scX":-1}}]},{"name":"head","display":[{"name":"head","transform":{"x":67.93,"y":3.1,"skX":91.02,"skY":91.02}}]},{"name":"shadow","display":[{"name":"shadow","transform":{"x":1.29,"y":-1.1,"skX":89.41,"skY":89.41,"scX":1.3681,"scY":1.3681}}]},{"name":"body","display":[{"name":"body","transform":{"x":-14.01,"y":-56.29}}]},{"name":"hair","display":[{"name":"hair","transform":{"x":2.37,"y":33.94,"skX":91.02,"skY":91.02}}]},{"name":"face","display":[{"name":"face_normal","transform":{"x":42.04,"y":-3.36,"skX":91.02,"skY":91.02}},{"name":"face_sad","transform":{"x":31.06,"y":-4.06,"skX":91.02,"skY":91.02}},{"name":"face_expect","transform":{"x":32.98,"y":-0.02,"skX":91.02,"skY":91.02}},{"name":"face_happy","transform":{"x":28.04,"y":-3.11,"skX":91.02,"skY":91.02}}]},{"name":"beard1","display":[{"name":"beard1","transform":{"x":1.56,"y":19.64,"skX":6.27,"skY":6.27}}]},{"name":"satr","display":[{"name":"satr","transform":{"x":-0.56,"y":0.43,"skX":91.02,"skY":91.02}}]},{"name":"beard2","display":[{"name":"beard2","transform":{"x":-20.51,"y":-0.97,"skX":91.02,"skY":91.02}}]}]}],"animation":[{"duration":36,"playTimes":0,"name":"expect","bone":[{"name":"head","translateFrame":[{"duration":18,"tweenEasing":0,"x":1.43},{"duration":18,"tweenEasing":0},{"duration":0,"x":1.43}],"rotateFrame":[{"duration":18,"tweenEasing":0,"rotate":6.44},{"duration":18,"tweenEasing":0,"rotate":-9.04},{"duration":0,"rotate":6.44}]},{"name":"shadow","translateFrame":[{"duration":18,"tweenEasing":0},{"duration":18,"tweenEasing":0,"x":-1.38},{"duration":0}]},{"name":"satr","translateFrame":[{"duration":36,"x":1.71,"y":4.52}],"rotateFrame":[{"duration":36,"rotate":5.88}]},{"name":"beard1","translateFrame":[{"duration":36,"x":1.12,"y":0.57}],"rotateFrame":[{"duration":36,"rotate":1.6}]}],"slot":[{"name":"face","displayFrame":[{"duration":36,"value":2}]}]},{"duration":36,"playTimes":0,"name":"happy","bone":[{"name":"head","translateFrame":[{"duration":18,"tweenEasing":0,"x":1.43},{"duration":18,"tweenEasing":0},{"duration":0,"x":1.43}],"rotateFrame":[{"duration":18,"tweenEasing":0,"rotate":6.44},{"duration":18,"tweenEasing":0,"rotate":-9.04},{"duration":0,"rotate":6.44}]},{"name":"shadow","translateFrame":[{"duration":18,"tweenEasing":0},{"duration":18,"tweenEasing":0,"x":-1.38},{"duration":0}]},{"name":"satr","translateFrame":[{"duration":36,"x":1,"y":-2.55}],"rotateFrame":[{"duration":36,"rotate":2.68}]},{"name":"beard1","translateFrame":[{"duration":36,"x":5.85,"y":-1.97}],"rotateFrame":[{"duration":36,"rotate":2.95}]}],"slot":[{"name":"face","displayFrame":[{"duration":36,"value":3}]}]},{"duration":36,"playTimes":0,"name":"idle","bone":[{"name":"head","translateFrame":[{"duration":18,"tweenEasing":0,"x":1.43},{"duration":18,"tweenEasing":0},{"duration":0,"x":1.43}],"rotateFrame":[{"duration":18,"tweenEasing":0,"rotate":6.44},{"duration":18,"tweenEasing":0,"rotate":-9.04},{"duration":0,"rotate":6.44}]},{"name":"shadow","translateFrame":[{"duration":18,"tweenEasing":0},{"duration":18,"tweenEasing":0,"x":-1.38},{"duration":0}]}]},{"duration":36,"playTimes":0,"name":"sad","bone":[{"name":"head","translateFrame":[{"duration":18,"tweenEasing":0,"x":1.43},{"duration":18,"tweenEasing":0},{"duration":0,"x":1.43}],"rotateFrame":[{"duration":18,"tweenEasing":0,"rotate":6.44},{"duration":18,"tweenEasing":0,"rotate":-9.04},{"duration":0,"rotate":6.44}]},{"name":"shadow","translateFrame":[{"duration":18,"tweenEasing":0},{"duration":18,"tweenEasing":0,"x":-1.38},{"duration":0}]},{"name":"satr","translateFrame":[{"duration":36,"x":0.41,"y":-0.5}]},{"name":"beard1","translateFrame":[{"duration":36,"x":3.55}],"rotateFrame":[{"duration":36,"rotate":0.64}]}],"slot":[{"name":"face","displayFrame":[{"duration":36,"value":1}]}]}],"defaultActions":[{"gotoAndPlay":"expect"}]}]}