{"frameRate":24,"name":"hero_11","version":"5.5","compatibleVersion":"5.5","armature":[{"type":"Armature","frameRate":24,"name":"root","aabb":{"x":-124.29,"y":-262.84,"width":254,"height":277.34},"bone":[{"name":"root"},{"length":15,"name":"shadow","parent":"root","transform":{"skX":-90,"skY":-90}},{"length":138,"name":"head","parent":"root","transform":{"x":1.7,"y":-98.1,"skX":-94.6555,"skY":-94.6555}}],"slot":[{"name":"shadow","parent":"shadow"},{"name":"body","parent":"root"},{"name":"head","parent":"head"},{"displayIndex":3,"name":"face","parent":"head"},{"name":"beard","parent":"head"}],"skin":[{"slot":[{"name":"head","display":[{"name":"head","transform":{"x":76.4,"y":7.23,"skX":94.66,"skY":94.66}}]},{"name":"face","display":[{"name":"face_sad","transform":{"x":38.35,"y":-7.85,"skX":94.66,"skY":94.66}},{"name":"face_happy","transform":{"x":35.26,"y":-5.39,"skX":94.66,"skY":94.66}},{"name":"face_expect","transform":{"x":34.58,"y":-4.04,"skX":94.66,"skY":94.66}},{"name":"face_normal","transform":{"x":33.3,"y":-4.99,"skX":94.66,"skY":94.66}}]},{"name":"beard","display":[{"name":"beard","transform":{"x":-10.94,"y":-4.63,"skX":94.66,"skY":94.66}}]},{"name":"body","display":[{"name":"body","transform":{"x":3.65,"y":-52.85}}]},{"name":"shadow","display":[{"name":"shadow","transform":{"skX":90,"skY":90}}]}]}],"animation":[{"duration":36,"playTimes":0,"name":"idle","bone":[{"name":"head","translateFrame":[{"duration":18,"tweenEasing":0,"x":1.43},{"duration":18,"tweenEasing":0},{"duration":0,"x":1.43}],"rotateFrame":[{"duration":18,"tweenEasing":0,"rotate":6.44},{"duration":18,"tweenEasing":0,"rotate":-9.04},{"duration":0,"rotate":6.44}]},{"name":"shadow","translateFrame":[{"duration":18,"tweenEasing":0},{"duration":18,"tweenEasing":0,"x":-1.38},{"duration":0}]}]},{"duration":36,"playTimes":0,"name":"expect","bone":[{"name":"head","translateFrame":[{"duration":18,"tweenEasing":0,"x":1.43},{"duration":18,"tweenEasing":0},{"duration":0,"x":1.43}],"rotateFrame":[{"duration":18,"tweenEasing":0,"rotate":6.44},{"duration":18,"tweenEasing":0,"rotate":-9.04},{"duration":0,"rotate":6.44}]},{"name":"shadow","translateFrame":[{"duration":18,"tweenEasing":0},{"duration":18,"tweenEasing":0,"x":-1.38},{"duration":0}]}],"slot":[{"name":"face","displayFrame":[{"duration":36,"value":2}]}]},{"duration":36,"playTimes":0,"name":"happy","bone":[{"name":"head","translateFrame":[{"duration":18,"tweenEasing":0,"x":1.43},{"duration":18,"tweenEasing":0},{"duration":0,"x":1.43}],"rotateFrame":[{"duration":18,"tweenEasing":0,"rotate":6.44},{"duration":18,"tweenEasing":0,"rotate":-9.04},{"duration":0,"rotate":6.44}]},{"name":"shadow","translateFrame":[{"duration":18,"tweenEasing":0},{"duration":18,"tweenEasing":0,"x":-1.38},{"duration":0}]}],"slot":[{"name":"face","displayFrame":[{"duration":36,"value":1}]}]},{"duration":36,"playTimes":0,"name":"sad","bone":[{"name":"head","translateFrame":[{"duration":18,"tweenEasing":0,"x":1.43},{"duration":18,"tweenEasing":0},{"duration":0,"x":1.43}],"rotateFrame":[{"duration":18,"tweenEasing":0,"rotate":6.44},{"duration":18,"tweenEasing":0,"rotate":-9.04},{"duration":0,"rotate":6.44}]},{"name":"shadow","translateFrame":[{"duration":18,"tweenEasing":0},{"duration":18,"tweenEasing":0,"x":-1.38},{"duration":0}]}],"slot":[{"name":"face","displayFrame":[{"duration":36}]}]}],"defaultActions":[{"gotoAndPlay":"idle"}]}]}