{"frameRate":24,"name":"hero_21","version":"5.5","compatibleVersion":"5.5","armature":[{"type":"Armature","frameRate":24,"name":"root","aabb":{"x":-68.9,"y":-263.61,"width":136,"height":281.7},"bone":[{"name":"root"},{"length":14,"name":"shadow","parent":"root","transform":{"x":1.1716,"y":3.9328,"skX":-93.034,"skY":-93.034}},{"length":149,"name":"head","parent":"root","transform":{"x":-3.3228,"y":-103.6832,"skX":-90.1876,"skY":-90.1876}}],"slot":[{"name":"shadow","parent":"shadow"},{"name":"body","parent":"root"},{"name":"head","parent":"head"},{"name":"face","parent":"head"},{"name":"beard","parent":"head"}],"skin":[{"slot":[{"name":"face","display":[{"name":"face_normal","transform":{"x":27.41,"y":-4.39,"skX":90.19,"skY":90.19}},{"name":"face_expect","transform":{"x":26.11,"y":-1.21,"skX":90.19,"skY":90.19}},{"name":"face_happy","transform":{"x":24.44,"y":-3.84,"skX":90.19,"skY":90.19}},{"name":"face_sad","transform":{"x":28.41,"y":-8.36,"skX":90.19,"skY":90.19}}]},{"name":"body","display":[{"name":"body","transform":{"x":0.1,"y":-62.11}}]},{"name":"beard","display":[{"name":"beard","transform":{"x":-18.07,"y":-0.14,"skX":90.19,"skY":90.19}}]},{"name":"shadow","display":[{"name":"shadow","transform":{"x":0.27,"y":1.4,"skX":93.03,"skY":93.03}}]},{"name":"head","display":[{"name":"head","transform":{"x":71.42,"y":2.65,"skX":90.19,"skY":90.19}}]}]}],"animation":[{"duration":36,"playTimes":0,"name":"expect","bone":[{"name":"head","translateFrame":[{"duration":18,"tweenEasing":0,"x":1.43},{"duration":18,"tweenEasing":0},{"duration":0,"x":1.43}],"rotateFrame":[{"duration":18,"tweenEasing":0,"rotate":6.44},{"duration":18,"tweenEasing":0,"rotate":-9.04},{"duration":0,"rotate":6.44}]},{"name":"shadow","translateFrame":[{"duration":18,"tweenEasing":0},{"duration":18,"tweenEasing":0,"x":-1.38},{"duration":0}]}],"slot":[{"name":"face","displayFrame":[{"duration":36,"value":1}]}]},{"duration":36,"playTimes":0,"name":"happy","bone":[{"name":"head","translateFrame":[{"duration":18,"tweenEasing":0,"x":1.43},{"duration":18,"tweenEasing":0},{"duration":0,"x":1.43}],"rotateFrame":[{"duration":18,"tweenEasing":0,"rotate":6.44},{"duration":18,"tweenEasing":0,"rotate":-9.04},{"duration":0,"rotate":6.44}]},{"name":"shadow","translateFrame":[{"duration":18,"tweenEasing":0},{"duration":18,"tweenEasing":0,"x":-1.38},{"duration":0}]}],"slot":[{"name":"face","displayFrame":[{"duration":36,"value":2}]}]},{"duration":36,"playTimes":0,"name":"idle","bone":[{"name":"head","translateFrame":[{"duration":18,"tweenEasing":0,"x":1.43},{"duration":18,"tweenEasing":0},{"duration":0,"x":1.43}],"rotateFrame":[{"duration":18,"tweenEasing":0,"rotate":6.44},{"duration":18,"tweenEasing":0,"rotate":-9.04},{"duration":0,"rotate":6.44}]},{"name":"shadow","translateFrame":[{"duration":18,"tweenEasing":0},{"duration":18,"tweenEasing":0,"x":-1.38},{"duration":0}]}]},{"duration":36,"playTimes":0,"name":"sad","bone":[{"name":"head","translateFrame":[{"duration":18,"tweenEasing":0,"x":1.43},{"duration":18,"tweenEasing":0},{"duration":0,"x":1.43}],"rotateFrame":[{"duration":18,"tweenEasing":0,"rotate":6.44},{"duration":18,"tweenEasing":0,"rotate":-9.04},{"duration":0,"rotate":6.44}]},{"name":"shadow","translateFrame":[{"duration":18,"tweenEasing":0},{"duration":18,"tweenEasing":0,"x":-1.38},{"duration":0}]}],"slot":[{"name":"face","displayFrame":[{"duration":36,"value":3}]}]}],"defaultActions":[{"gotoAndPlay":"expect"}]}]}