{"frameRate":24,"name":"hero_5","version":"5.5","compatibleVersion":"5.5","armature":[{"type":"Armature","frameRate":24,"name":"root","aabb":{"x":-72.36,"y":-253.72,"width":154,"height":268.22},"bone":[{"name":"root"},{"length":12,"name":"shadow","parent":"root","transform":{"skX":-99.4623,"skY":-99.4623}},{"length":131,"name":"head","parent":"root","transform":{"x":-1.15,"y":-95.2,"skX":-93.5859,"skY":-93.5859}}],"slot":[{"name":"shadow","parent":"shadow"},{"name":"body","parent":"root"},{"name":"head","parent":"head"},{"name":"face","parent":"head"}],"skin":[{"slot":[{"name":"face","display":[{"name":"face_normal","transform":{"x":34.85,"y":0.69,"skX":93.59,"skY":93.59}},{"name":"face_expect","transform":{"x":37.39,"y":-3.33,"skX":93.59,"skY":93.59}},{"name":"face_happy","transform":{"x":36.1,"y":-5.06,"skX":93.59,"skY":93.59}},{"name":"face_sad","transform":{"x":38.92,"y":-5.83,"skX":93.59,"skY":93.59}}]},{"name":"head","display":[{"name":"head","transform":{"x":71.51,"y":10.28,"skX":93.59,"skY":93.59}}]},{"name":"body","display":[{"name":"body","transform":{"x":1.34,"y":-52.15}}]},{"name":"shadow","display":[{"name":"shadow","transform":{"skX":99.46,"skY":99.46}}]}]}],"animation":[{"duration":36,"playTimes":0,"name":"idle","bone":[{"name":"head","translateFrame":[{"duration":18,"tweenEasing":0,"x":1.43},{"duration":18,"tweenEasing":0},{"duration":0,"x":1.43}],"rotateFrame":[{"duration":18,"tweenEasing":0,"rotate":6.44},{"duration":18,"tweenEasing":0,"rotate":-9.04},{"duration":0,"rotate":6.44}]},{"name":"shadow","translateFrame":[{"duration":18,"tweenEasing":0},{"duration":18,"tweenEasing":0,"x":-1.38},{"duration":0}]}]},{"duration":36,"playTimes":0,"name":"expect","bone":[{"name":"head","translateFrame":[{"duration":18,"tweenEasing":0,"x":1.43},{"duration":18,"tweenEasing":0},{"duration":0,"x":1.43}],"rotateFrame":[{"duration":18,"tweenEasing":0,"rotate":6.44},{"duration":18,"tweenEasing":0,"rotate":-9.04},{"duration":0,"rotate":6.44}]},{"name":"shadow","translateFrame":[{"duration":18,"tweenEasing":0},{"duration":18,"tweenEasing":0,"x":-1.38},{"duration":0}]}],"slot":[{"name":"face","displayFrame":[{"duration":36,"value":1}]}]},{"duration":36,"playTimes":0,"name":"happy","bone":[{"name":"head","translateFrame":[{"duration":18,"tweenEasing":0,"x":1.43},{"duration":18,"tweenEasing":0},{"duration":0,"x":1.43}],"rotateFrame":[{"duration":18,"tweenEasing":0,"rotate":6.44},{"duration":18,"tweenEasing":0,"rotate":-9.04},{"duration":0,"rotate":6.44}]},{"name":"shadow","translateFrame":[{"duration":18,"tweenEasing":0},{"duration":18,"tweenEasing":0,"x":-1.38},{"duration":0}]}],"slot":[{"name":"face","displayFrame":[{"duration":36,"value":2}]}]},{"duration":36,"playTimes":0,"name":"sad","bone":[{"name":"head","translateFrame":[{"duration":18,"tweenEasing":0,"x":1.43},{"duration":18,"tweenEasing":0},{"duration":0,"x":1.43}],"rotateFrame":[{"duration":18,"tweenEasing":0,"rotate":6.44},{"duration":18,"tweenEasing":0,"rotate":-9.04},{"duration":0,"rotate":6.44}]},{"name":"shadow","translateFrame":[{"duration":18,"tweenEasing":0},{"duration":18,"tweenEasing":0,"x":-1.38},{"duration":0}]}],"slot":[{"name":"face","displayFrame":[{"duration":36,"value":3}]}]}],"defaultActions":[{"gotoAndPlay":"idle"}]}]}