{
  "__type__": "cc.SpriteAtlas",
  "_name": "pics.plist",
  "_objFlags": 0,
  "_native": "",
  "_spriteFrames": {
    "anniu": {
      "__uuid__": "b8d957f9-37b7-4101-a6b6-4c6b94115dfa"
    },
    "anniuwenli": {
      "__uuid__": "406af525-60e1-4494-980a-099aa2ec82b0"
    },
    "backAr": {
      "__uuid__": "1e1a1f89-1ba3-4d5b-a99f-69172239b8e2"
    },
    "beijingxian": {
      "__uuid__": "d5c4b64f-eaf7-4e86-87c2-73e9e2f2bbbe"
    },
    "biankuang": {
      "__uuid__": "cfa2ac09-645c-47f2-8d59-967c729e69c7"
    },
    "blackBG": {
      "__uuid__": "d52ad9fa-b89c-4bf8-a6df-44472ad741e9"
    },
    "defenFont": {
      "__uuid__": "d900984a-7160-4831-9a56-ab1a22c4ed3f"
    },
    "highScoreLabel": {
      "__uuid__": "3d8b512d-f080-4294-b5e8-3e2ab006b980"
    },
    "kuang": {
      "__uuid__": "46d7a23b-9b74-48a1-9891-0356515e54a7"
    },
    "kuangLiang": {
      "__uuid__": "be8726cd-4146-41a8-9320-cf5d4dfe0140"
    },
    "loseFont1": {
      "__uuid__": "0564cc2f-e4b3-4e38-825f-b8bf10428e3d"
    },
    "loseFont2": {
      "__uuid__": "6a1b18c9-6f69-421a-a0fb-e632501b998d"
    },
    "qipanKuang": {
      "__uuid__": "072b3db6-80f0-4cb5-a9d3-77edc26addc1"
    },
    "scoreFrame": {
      "__uuid__": "6dd9d1f7-a1ee-445c-87a0-4835f1bcd7d2"
    },
    "startLabel": {
      "__uuid__": "022c1158-dd90-4a80-90ff-6be8edbcc702"
    },
    "wenli": {
      "__uuid__": "5f22aa18-49ae-499a-8b3d-e5b9dda46438"
    },
    "yanse1": {
      "__uuid__": "a05e7b9d-de71-4b0e-b10a-9dcab8e753a3"
    },
    "yanse2": {
      "__uuid__": "a6affece-5e13-4d19-b3dc-ee7f8467c12b"
    },
    "yanse3": {
      "__uuid__": "1b82c19c-d8c4-4e35-a9ed-d84ae09d46f0"
    },
    "yanse4": {
      "__uuid__": "a91361b4-7294-4a99-8c66-113c3dc9d65e"
    }
  }
}