[
  {
    "q_id": 1,
    "q_name": "内夜、狠赞",
    "q_sex": 2,
    "q_head": 1
  },
  {
    "q_id": 2,
    "q_name": "囍♡",
    "q_sex": 2,
    "q_head": 2
  },
  {
    "q_id": 3,
    "q_name": "Coisrni",
    "q_sex": 2,
    "q_head": 3
  },
  {
    "q_id": 4,
    "q_name": "恐惧死亡",
    "q_sex": 2,
    "q_head": 4
  },
  {
    "q_id": 5,
    "q_name": "半生",
    "q_sex": 2,
    "q_head": 5
  },
  {
    "q_id": 6,
    "q_name": "败给心动",
    "q_sex": 2,
    "q_head": 6
  },
  {
    "q_id": 7,
    "q_name": "我想见你了",
    "q_sex": 2,
    "q_head": 7
  },
  {
    "q_id": 8,
    "q_name": "你的匹诺曹",
    "q_sex": 2,
    "q_head": 8
  },
  {
    "q_id": 9,
    "q_name": "下周日好吗",
    "q_sex": 2,
    "q_head": 9
  },
  {
    "q_id": 10,
    "q_name": "神仙下凡",
    "q_sex": 2,
    "q_head": 10
  },
  {
    "q_id": 11,
    "q_name": "烛凉❀疏烟",
    "q_sex": 2,
    "q_head": 11
  },
  {
    "q_id": 12,
    "q_name": "过眼云烟",
    "q_sex": 2,
    "q_head": 12
  },
  {
    "q_id": 13,
    "q_name": "做你最佳男友",
    "q_sex": 2,
    "q_head": 13
  },
  {
    "q_id": 14,
    "q_name": "别、格式化",
    "q_sex": 2,
    "q_head": 14
  },
  {
    "q_id": 15,
    "q_name": "永恒的↘双爆",
    "q_sex": 2,
    "q_head": 15
  },
  {
    "q_id": 16,
    "q_name": "看戏人°",
    "q_sex": 2,
    "q_head": 16
  },
  {
    "q_id": 17,
    "q_name": "矫情小男人",
    "q_sex": 2,
    "q_head": 17
  },
  {
    "q_id": 18,
    "q_name": "权世界志爱龙",
    "q_sex": 2,
    "q_head": 18
  },
  {
    "q_id": 19,
    "q_name": "想吻着你的唇",
    "q_sex": 2,
    "q_head": 19
  },
  {
    "q_id": 20,
    "q_name": "梦想de城堡",
    "q_sex": 2,
    "q_head": 20
  },
  {
    "q_id": 21,
    "q_name": "痛快笑与哭",
    "q_sex": 2,
    "q_head": 21
  },
  {
    "q_id": 22,
    "q_name": "我不要等待ゝ",
    "q_sex": 2,
    "q_head": 22
  },
  {
    "q_id": 23,
    "q_name": "我单身我骄傲",
    "q_sex": 2,
    "q_head": 23
  },
  {
    "q_id": 24,
    "q_name": "旺仔·牜奶",
    "q_sex": 2,
    "q_head": 24
  },
  {
    "q_id": 25,
    "q_name": "败金女╮",
    "q_sex": 2,
    "q_head": 25
  },
  {
    "q_id": 26,
    "q_name": "极致 、诱惑",
    "q_sex": 2,
    "q_head": 26
  },
  {
    "q_id": 27,
    "q_name": "◇ǐ◆紾悕",
    "q_sex": 2,
    "q_head": 27
  },
  {
    "q_id": 28,
    "q_name": "hu-a、开场。",
    "q_sex": 2,
    "q_head": 28
  },
  {
    "q_id": 29,
    "q_name": "7S毁人心",
    "q_sex": 2,
    "q_head": 29
  },
  {
    "q_id": 30,
    "q_name": "不抛弃不放弃",
    "q_sex": 2,
    "q_head": 30
  },
  {
    "q_id": 31,
    "q_name": "微笑让我勇敢",
    "q_sex": 1,
    "q_head": 31
  },
  {
    "q_id": 32,
    "q_name": "优越感i",
    "q_sex": 1,
    "q_head": 32
  },
  {
    "q_id": 33,
    "q_name": "自在仙",
    "q_sex": 1,
    "q_head": 33
  },
  {
    "q_id": 34,
    "q_name": "我酷你随意",
    "q_sex": 1,
    "q_head": 34
  },
  {
    "q_id": 35,
    "q_name": "怪性酷Girl",
    "q_sex": 1,
    "q_head": 35
  },
  {
    "q_id": 36,
    "q_name": "罙んαι兂厎◆",
    "q_sex": 1,
    "q_head": 36
  },
  {
    "q_id": 37,
    "q_name": "无敌元气妹",
    "q_sex": 1,
    "q_head": 37
  },
  {
    "q_id": 38,
    "q_name": "你猜我爱谁",
    "q_sex": 1,
    "q_head": 38
  },
  {
    "q_id": 39,
    "q_name": "帅女",
    "q_sex": 1,
    "q_head": 39
  },
  {
    "q_id": 40,
    "q_name": "搞怪之王",
    "q_sex": 1,
    "q_head": 40
  },
  {
    "q_id": 41,
    "q_name": "美到没朋友",
    "q_sex": 1,
    "q_head": 41
  },
  {
    "q_id": 42,
    "q_name": "梓梓",
    "q_sex": 1,
    "q_head": 42
  },
  {
    "q_id": 43,
    "q_name": "爆笑气质姐",
    "q_sex": 1,
    "q_head": 43
  },
  {
    "q_id": 44,
    "q_name": "女王范儿",
    "q_sex": 1,
    "q_head": 44
  },
  {
    "q_id": 45,
    "q_name": "有钳、任性",
    "q_sex": 1,
    "q_head": 45
  },
  {
    "q_id": 46,
    "q_name": "喜旧之人~`",
    "q_sex": 1,
    "q_head": 46
  },
  {
    "q_id": 47,
    "q_name": "忢夲潇灑",
    "q_sex": 1,
    "q_head": 47
  },
  {
    "q_id": 48,
    "q_name": "硬妹女王心",
    "q_sex": 1,
    "q_head": 48
  },
  {
    "q_id": 49,
    "q_name": "少女范︶ε︶",
    "q_sex": 1,
    "q_head": 49
  },
  {
    "q_id": 50,
    "q_name": "花样少女",
    "q_sex": 1,
    "q_head": 50
  }
]