{
  "__type__": "cc.AnimationClip",
  "_name": "CoinEffect",
  "_objFlags": 0,
  "_native": "",
  "_duration": 0.6444444444444445,
  "sample": 180,
  "speed": 1,
  "wrapMode": "0",
  "curveData": {
    "paths": {
      "coin1": {
        "comps": {
          "cc.Sprite": {
            "spriteFrame": [
              {
                "frame": 0,
                "value": {
                  "__uuid__": "355afb9a-e3b6-471d-838f-1461bce57534"
                }
              },
              {
                "frame": 0.05555555555555555,
                "value": {
                  "__uuid__": "f523cfc7-e51d-46d3-86d3-85bb6dfbaa5c"
                }
              },
              {
                "frame": 0.1111111111111111,
                "value": {
                  "__uuid__": "9520645c-3450-40b0-9248-8d55ccc9b70e"
                }
              },
              {
                "frame": 0.16666666666666666,
                "value": {
                  "__uuid__": "1c304653-3370-4c99-b175-58776d51de23"
                }
              },
              {
                "frame": 0.2222222222222222,
                "value": {
                  "__uuid__": "32f22d9f-73b5-4738-a2d4-32197654877a"
                }
              },
              {
                "frame": 0.2777777777777778,
                "value": {
                  "__uuid__": "9820fd4f-48c7-4ec2-acb3-933fbdd3c3ef"
                }
              },
              {
                "frame": 0.3333333333333333,
                "value": {
                  "__uuid__": "8e3b1668-dd7d-4dc9-8884-a52024d4a6a0"
                }
              },
              {
                "frame": 0.3888888888888889,
                "value": {
                  "__uuid__": "eb62dee0-b600-4bd5-868a-9f9fef7d523e"
                }
              },
              {
                "frame": 0.4444444444444444,
                "value": {
                  "__uuid__": "9d13f0dc-b783-4912-ad1e-0451baf638ed"
                }
              },
              {
                "frame": 0.5,
                "value": {
                  "__uuid__": "a737c777-e2cc-405c-b3ef-33ffbc759e41"
                }
              },
              {
                "frame": 0.5555555555555556,
                "value": {
                  "__uuid__": "d9c7fdc0-2a52-4628-8062-c6bf0f3b6f67"
                }
              },
              {
                "frame": 0.6111111111111112,
                "value": {
                  "__uuid__": "a45b7434-a887-4d08-9cbf-ed241e46298a"
                }
              }
            ]
          }
        }
      },
      "coin2": {
        "comps": {
          "cc.Sprite": {
            "spriteFrame": [
              {
                "frame": 0,
                "value": {
                  "__uuid__": "355afb9a-e3b6-471d-838f-1461bce57534"
                }
              },
              {
                "frame": 0.1111111111111111,
                "value": {
                  "__uuid__": "9520645c-3450-40b0-9248-8d55ccc9b70e"
                }
              },
              {
                "frame": 0.2222222222222222,
                "value": {
                  "__uuid__": "32f22d9f-73b5-4738-a2d4-32197654877a"
                }
              },
              {
                "frame": 0.3333333333333333,
                "value": {
                  "__uuid__": "8e3b1668-dd7d-4dc9-8884-a52024d4a6a0"
                }
              },
              {
                "frame": 0.4444444444444444,
                "value": {
                  "__uuid__": "9d13f0dc-b783-4912-ad1e-0451baf638ed"
                }
              },
              {
                "frame": 0.5555555555555556,
                "value": {
                  "__uuid__": "a737c777-e2cc-405c-b3ef-33ffbc759e41"
                }
              },
              {
                "frame": 0.6388888888888888,
                "value": {
                  "__uuid__": "a45b7434-a887-4d08-9cbf-ed241e46298a"
                }
              }
            ]
          }
        }
      },
      "coin3": {
        "comps": {
          "cc.Sprite": {
            "spriteFrame": [
              {
                "frame": 0,
                "value": {
                  "__uuid__": "355afb9a-e3b6-471d-838f-1461bce57534"
                }
              },
              {
                "frame": 0.05555555555555555,
                "value": {
                  "__uuid__": "f523cfc7-e51d-46d3-86d3-85bb6dfbaa5c"
                }
              },
              {
                "frame": 0.1111111111111111,
                "value": {
                  "__uuid__": "1c304653-3370-4c99-b175-58776d51de23"
                }
              },
              {
                "frame": 0.16666666666666666,
                "value": {
                  "__uuid__": "32f22d9f-73b5-4738-a2d4-32197654877a"
                }
              },
              {
                "frame": 0.2222222222222222,
                "value": {
                  "__uuid__": "8e3b1668-dd7d-4dc9-8884-a52024d4a6a0"
                }
              },
              {
                "frame": 0.2777777777777778,
                "value": {
                  "__uuid__": "eb62dee0-b600-4bd5-868a-9f9fef7d523e"
                }
              },
              {
                "frame": 0.3333333333333333,
                "value": {
                  "__uuid__": "9d13f0dc-b783-4912-ad1e-0451baf638ed"
                }
              },
              {
                "frame": 0.3888888888888889,
                "value": {
                  "__uuid__": "c75feb2d-1361-4809-ac64-1f8a855594b6"
                }
              },
              {
                "frame": 0.4444444444444444,
                "value": {
                  "__uuid__": "a737c777-e2cc-405c-b3ef-33ffbc759e41"
                }
              },
              {
                "frame": 0.5,
                "value": {
                  "__uuid__": "d9c7fdc0-2a52-4628-8062-c6bf0f3b6f67"
                }
              },
              {
                "frame": 0.5555555555555556,
                "value": {
                  "__uuid__": "a45b7434-a887-4d08-9cbf-ed241e46298a"
                }
              }
            ]
          }
        }
      },
      "coin4": {
        "comps": {
          "cc.Sprite": {
            "spriteFrame": [
              {
                "frame": 0,
                "value": {
                  "__uuid__": "f523cfc7-e51d-46d3-86d3-85bb6dfbaa5c"
                }
              },
              {
                "frame": 0.05555555555555555,
                "value": {
                  "__uuid__": "1c304653-3370-4c99-b175-58776d51de23"
                }
              },
              {
                "frame": 0.1111111111111111,
                "value": {
                  "__uuid__": "32f22d9f-73b5-4738-a2d4-32197654877a"
                }
              },
              {
                "frame": 0.16666666666666666,
                "value": {
                  "__uuid__": "9820fd4f-48c7-4ec2-acb3-933fbdd3c3ef"
                }
              },
              {
                "frame": 0.2222222222222222,
                "value": {
                  "__uuid__": "8e3b1668-dd7d-4dc9-8884-a52024d4a6a0"
                }
              },
              {
                "frame": 0.2777777777777778,
                "value": {
                  "__uuid__": "eb62dee0-b600-4bd5-868a-9f9fef7d523e"
                }
              },
              {
                "frame": 0.3333333333333333,
                "value": {
                  "__uuid__": "9d13f0dc-b783-4912-ad1e-0451baf638ed"
                }
              },
              {
                "frame": 0.3888888888888889,
                "value": {
                  "__uuid__": "c75feb2d-1361-4809-ac64-1f8a855594b6"
                }
              },
              {
                "frame": 0.4444444444444444,
                "value": {
                  "__uuid__": "a737c777-e2cc-405c-b3ef-33ffbc759e41"
                }
              },
              {
                "frame": 0.5,
                "value": {
                  "__uuid__": "d9c7fdc0-2a52-4628-8062-c6bf0f3b6f67"
                }
              },
              {
                "frame": 0.5555555555555556,
                "value": {
                  "__uuid__": "a45b7434-a887-4d08-9cbf-ed241e46298a"
                }
              }
            ]
          }
        }
      }
    }
  },
  "events": []
}