{
  "__type__": "cc.EffectAsset",
  "_name": "editor/grid",
  "_objFlags": 0,
  "_native": "",
  "techniques": [
    {
      "passes": [
        {
          "blendState": {
            "targets": [
              {
                "blend": true,
                "blendSrc": 2,
                "blendDst": 4,
                "blendDstAlpha": 4
              }
            ]
          },
          "program": "editor/grid|grid-vs:vert|grid-fs:frag",
          "priority": 11,
          "depthStencilState": {
            "depthTest": true,
            "depthWrite": false
          }
        }
      ]
    }
  ],
  "shaders": [
    {
      "hash": 2090996274,
      "glsl3": {
        "vert": "\nprecision mediump float;\nuniform CCLocal {\n  highp mat4 cc_matWorld;\n  highp mat4 cc_matWorldIT;\n};\nuniform CCGlobal {\n  highp   vec4 cc_time;\n  mediump vec4 cc_screenSize;\n  mediump vec4 cc_screenScale;\n  mediump vec4 cc_nativeSize;\n  highp   mat4 cc_matView;\n  mediump mat4 cc_matViewInv;\n  mediump mat4 cc_matProj;\n  mediump mat4 cc_matProjInv;\n  mediump mat4 cc_matViewProj;\n  mediump mat4 cc_matViewProjInv;\n  mediump vec4 cc_cameraPos;\n  mediump vec4 cc_exposure;\n  mediump vec4 cc_mainLitDir;\n  mediump vec4 cc_mainLitColor;\n  mediump vec4 cc_ambientSky;\n  mediump vec4 cc_ambientGround;\n};\nin vec2 a_position;\nin vec4 a_color;\nout vec4 color;\nout vec3 pos_w;\nvec4 vert () {\n  vec4 position = vec4(a_position, 0, 1);\n  vec4 pos = cc_matWorld * position;\n  pos_w = pos.xyz;\n  color = a_color;\n  pos = cc_matProj * (cc_matView * cc_matWorld) * position;\n  pos.z += 0.001;\n  return pos;\n}\nvoid main() { gl_Position = vert(); }",
        "frag": "\nprecision mediump float;\nuniform CCGlobal {\n  highp   vec4 cc_time;\n  mediump vec4 cc_screenSize;\n  mediump vec4 cc_screenScale;\n  mediump vec4 cc_nativeSize;\n  highp   mat4 cc_matView;\n  mediump mat4 cc_matViewInv;\n  mediump mat4 cc_matProj;\n  mediump mat4 cc_matProjInv;\n  mediump mat4 cc_matViewProj;\n  mediump mat4 cc_matViewProjInv;\n  mediump vec4 cc_cameraPos;\n  mediump vec4 cc_exposure;\n  mediump vec4 cc_mainLitDir;\n  mediump vec4 cc_mainLitColor;\n  mediump vec4 cc_ambientSky;\n  mediump vec4 cc_ambientGround;\n};\nvec3 SRGBToLinear (vec3 gamma) {\n  return gamma * gamma;\n}\nvec4 CCFragOutput (vec4 color) {\n  #if CC_USE_HDR\n    color.rgb = mix(color.rgb, SRGBToLinear(color.rgb) * cc_exposure.w, vec3(cc_exposure.z));\n\t#endif\n\treturn color;\n}\nin vec4 color;\nin vec3 pos_w;\nvec4 frag () {\n  vec4 o = color;\n  float scale = abs(normalize(cc_cameraPos.xyz - pos_w).y);\n  if (scale < 0.5) o.a *= max(0.3, scale * 2.0);\n  return CCFragOutput(o);\n}\nout vec4 cc_FragColor;\nvoid main() { cc_FragColor = frag(); }"
      },
      "glsl1": {
        "vert": "\nprecision mediump float;\nuniform highp mat4 cc_matWorld;\nuniform highp mat4 cc_matView;\nuniform mediump mat4 cc_matProj;\nattribute vec2 a_position;\nattribute vec4 a_color;\nvarying vec4 color;\nvarying vec3 pos_w;\nvec4 vert () {\n  vec4 position = vec4(a_position, 0, 1);\n  vec4 pos = cc_matWorld * position;\n  pos_w = pos.xyz;\n  color = a_color;\n  pos = cc_matProj * (cc_matView * cc_matWorld) * position;\n  pos.z += 0.001;\n  return pos;\n}\nvoid main() { gl_Position = vert(); }",
        "frag": "\nprecision mediump float;\nuniform mediump vec4 cc_cameraPos;\nuniform mediump vec4 cc_exposure;\nvec3 SRGBToLinear (vec3 gamma) {\n  return gamma * gamma;\n}\nvec4 CCFragOutput (vec4 color) {\n  #if CC_USE_HDR\n    color.rgb = mix(color.rgb, SRGBToLinear(color.rgb) * cc_exposure.w, vec3(cc_exposure.z));\n\t#endif\n\treturn color;\n}\nvarying vec4 color;\nvarying vec3 pos_w;\nvec4 frag () {\n  vec4 o = color;\n  float scale = abs(normalize(cc_cameraPos.xyz - pos_w).y);\n  if (scale < 0.5) o.a *= max(0.3, scale * 2.0);\n  return CCFragOutput(o);\n}\nvoid main() { gl_FragColor = frag(); }"
      },
      "builtins": {
        "globals": {
          "blocks": [
            {
              "name": "CCGlobal",
              "defines": []
            }
          ],
          "samplers": []
        },
        "locals": {
          "blocks": [
            {
              "name": "CCLocal",
              "defines": []
            }
          ],
          "samplers": []
        }
      },
      "defines": [
        {
          "name": "CC_USE_HDR",
          "type": "boolean",
          "defines": []
        }
      ],
      "blocks": [],
      "samplers": [],
      "record": null,
      "name": "editor/grid|grid-vs:vert|grid-fs:frag"
    }
  ],
  "combinations": []
}