{
  "__type__": "cc.Mesh",
  "_name": "",
  "_objFlags": 0,
  "_native": ".bin",
  "_struct": {
    "primitives": [
      {
        "primitiveMode": 7,
        "vertexBundelIndices": [
          0
        ],
        "geometricInfo": {
          "view": {
            "offset": 13680,
            "length": 4104,
            "count": 1026,
            "stride": 4
          }
        },
        "indexView": {
          "offset": 17784,
          "length": 1380,
          "count": 345,
          "stride": 4
        }
      }
    ],
    "vertexBundles": [
      {
        "view": {
          "offset": 0,
          "length": 13680,
          "count": 342,
          "stride": 40
        },
        "attributes": [
          {
            "name": "a_position",
            "format": 32,
            "isNormalized": false
          },
          {
            "name": "a_normal",
            "format": 32,
            "isNormalized": false
          },
          {
            "name": "a_color",
            "format": 43,
            "isNormalized": false
          }
        ]
      }
    ],
    "minPosition": {
      "__type__": "cc.Vec3",
      "x": -132.0983123779297,
      "y": -99.62796020507812,
      "z": -16.234771728515625
    },
    "maxPosition": {
      "__type__": "cc.Vec3",
      "x": 72.93086242675781,
      "y": 99.62690734863281,
      "z": 0.9306182861328125
    }
  },
  "_dataLength": 19164
}