{
  "__type__": "cc.Mesh",
  "_name": "",
  "_objFlags": 0,
  "_native": ".bin",
  "_struct": {
    "primitives": [
      {
        "primitiveMode": 7,
        "vertexBundelIndices": [
          0
        ],
        "geometricInfo": {
          "view": {
            "offset": 18720,
            "length": 5616,
            "count": 1404,
            "stride": 4
          }
        },
        "indexView": {
          "offset": 24336,
          "length": 2304,
          "count": 576,
          "stride": 4
        }
      }
    ],
    "vertexBundles": [
      {
        "view": {
          "offset": 0,
          "length": 18720,
          "count": 468,
          "stride": 40
        },
        "attributes": [
          {
            "name": "a_position",
            "format": 32,
            "isNormalized": false
          },
          {
            "name": "a_normal",
            "format": 32,
            "isNormalized": false
          },
          {
            "name": "a_color",
            "format": 43,
            "isNormalized": false
          }
        ]
      }
    ],
    "minPosition": {
      "__type__": "cc.Vec3",
      "x": -29.22750473022461,
      "y": 27.726139068603516,
      "z": -1.4492181539535522
    },
    "maxPosition": {
      "__type__": "cc.Vec3",
      "x": -17.686290740966797,
      "y": 47.71916198730469,
      "z": 8.956119537353516
    }
  },
  "_dataLength": 26640
}