{
  "__type__": "cc.Mesh",
  "_name": "",
  "_objFlags": 0,
  "_native": ".bin",
  "_struct": {
    "primitives": [
      {
        "primitiveMode": 7,
        "vertexBundelIndices": [
          0
        ],
        "geometricInfo": {
          "view": {
            "offset": 323840,
            "length": 97152,
            "count": 24288,
            "stride": 4
          }
        },
        "indexView": {
          "offset": 420992,
          "length": 44544,
          "count": 11136,
          "stride": 4
        }
      }
    ],
    "vertexBundles": [
      {
        "view": {
          "offset": 0,
          "length": 323840,
          "count": 8096,
          "stride": 40
        },
        "attributes": [
          {
            "name": "a_position",
            "format": 32,
            "isNormalized": false
          },
          {
            "name": "a_normal",
            "format": 32,
            "isNormalized": false
          },
          {
            "name": "a_color",
            "format": 43,
            "isNormalized": false
          }
        ]
      }
    ],
    "minPosition": {
      "__type__": "cc.Vec3",
      "x": 8.785304069519043,
      "y": -64.66706085205078,
      "z": -2.8091416358947754
    },
    "maxPosition": {
      "__type__": "cc.Vec3",
      "x": 40.37006378173828,
      "y": -50.75882339477539,
      "z": 9.857297897338867
    }
  },
  "_dataLength": 465536
}