{
  "__type__": "cc.Mesh",
  "_name": "",
  "_objFlags": 0,
  "_native": ".bin",
  "_struct": {
    "primitives": [
      {
        "primitiveMode": 7,
        "vertexBundelIndices": [
          0
        ],
        "geometricInfo": {
          "view": {
            "offset": 3200,
            "length": 960,
            "count": 240,
            "stride": 4
          }
        },
        "indexView": {
          "offset": 4160,
          "length": 504,
          "count": 126,
          "stride": 4
        }
      }
    ],
    "vertexBundles": [
      {
        "view": {
          "offset": 0,
          "length": 3200,
          "count": 80,
          "stride": 40
        },
        "attributes": [
          {
            "name": "a_position",
            "format": 32,
            "isNormalized": false
          },
          {
            "name": "a_normal",
            "format": 32,
            "isNormalized": false
          },
          {
            "name": "a_color",
            "format": 43,
            "isNormalized": false
          }
        ]
      }
    ],
    "minPosition": {
      "__type__": "cc.Vec3",
      "x": 6.764199733734131,
      "y": -48.98780059814453,
      "z": 2.7021875381469727
    },
    "maxPosition": {
      "__type__": "cc.Vec3",
      "x": 9.378862380981445,
      "y": -46.372459411621094,
      "z": 8.76449966430664
    }
  },
  "_dataLength": 4664
}