{
  "__type__": "cc.Mesh",
  "_name": "",
  "_objFlags": 0,
  "_native": ".bin",
  "_struct": {
    "primitives": [
      {
        "primitiveMode": 7,
        "vertexBundelIndices": [
          0
        ],
        "geometricInfo": {
          "view": {
            "offset": 102720,
            "length": 30816,
            "count": 7704,
            "stride": 4
          }
        },
        "indexView": {
          "offset": 133536,
          "length": 17184,
          "count": 4296,
          "stride": 4
        }
      }
    ],
    "vertexBundles": [
      {
        "view": {
          "offset": 0,
          "length": 102720,
          "count": 2568,
          "stride": 40
        },
        "attributes": [
          {
            "name": "a_position",
            "format": 32,
            "isNormalized": false
          },
          {
            "name": "a_normal",
            "format": 32,
            "isNormalized": false
          },
          {
            "name": "a_color",
            "format": 43,
            "isNormalized": false
          }
        ]
      }
    ],
    "minPosition": {
      "__type__": "cc.Vec3",
      "x": 3.7300891876220703,
      "y": 52.17988586425781,
      "z": -1.7904043197631836
    },
    "maxPosition": {
      "__type__": "cc.Vec3",
      "x": 27.120351791381836,
      "y": 75.55919647216797,
      "z": 10.445137023925781
    }
  },
  "_dataLength": 150720
}