{
  "__type__": "cc.Mesh",
  "_name": "",
  "_objFlags": 0,
  "_native": ".bin",
  "_struct": {
    "primitives": [
      {
        "primitiveMode": 7,
        "vertexBundelIndices": [
          0
        ],
        "geometricInfo": {
          "view": {
            "offset": 28600,
            "length": 8580,
            "count": 2145,
            "stride": 4
          }
        },
        "indexView": {
          "offset": 37180,
          "length": 4380,
          "count": 1095,
          "stride": 4
        }
      }
    ],
    "vertexBundles": [
      {
        "view": {
          "offset": 0,
          "length": 28600,
          "count": 715,
          "stride": 40
        },
        "attributes": [
          {
            "name": "a_position",
            "format": 32,
            "isNormalized": false
          },
          {
            "name": "a_normal",
            "format": 32,
            "isNormalized": false
          },
          {
            "name": "a_color",
            "format": 43,
            "isNormalized": false
          }
        ]
      }
    ],
    "minPosition": {
      "__type__": "cc.Vec3",
      "x": -61.14152526855469,
      "y": -83.98831176757812,
      "z": -3.052530288696289
    },
    "maxPosition": {
      "__type__": "cc.Vec3",
      "x": -30.6281681060791,
      "y": -44.96116256713867,
      "z": 93.69013977050781
    }
  },
  "_dataLength": 41560
}