{
  "__type__": "cc.Mesh",
  "_name": "",
  "_objFlags": 0,
  "_native": ".bin",
  "_struct": {
    "primitives": [
      {
        "primitiveMode": 7,
        "vertexBundelIndices": [
          0
        ],
        "geometricInfo": {
          "view": {
            "offset": 32160,
            "length": 9648,
            "count": 2412,
            "stride": 4
          }
        },
        "indexView": {
          "offset": 41808,
          "length": 6648,
          "count": 1662,
          "stride": 4
        }
      }
    ],
    "vertexBundles": [
      {
        "view": {
          "offset": 0,
          "length": 32160,
          "count": 804,
          "stride": 40
        },
        "attributes": [
          {
            "name": "a_position",
            "format": 32,
            "isNormalized": false
          },
          {
            "name": "a_normal",
            "format": 32,
            "isNormalized": false
          },
          {
            "name": "a_color",
            "format": 43,
            "isNormalized": false
          }
        ]
      }
    ],
    "minPosition": {
      "__type__": "cc.Vec3",
      "x": 2.6463136672973633,
      "y": 50.27682876586914,
      "z": 0.20801258087158203
    },
    "maxPosition": {
      "__type__": "cc.Vec3",
      "x": 29.03729248046875,
      "y": 76.6468505859375,
      "z": 17.592750549316406
    }
  },
  "_dataLength": 48456
}