{
  "__type__": "cc.Mesh",
  "_name": "",
  "_objFlags": 0,
  "_native": ".bin",
  "_struct": {
    "primitives": [
      {
        "primitiveMode": 7,
        "vertexBundelIndices": [
          0
        ],
        "geometricInfo": {
          "view": {
            "offset": 6720,
            "length": 2016,
            "count": 504,
            "stride": 4
          }
        },
        "indexView": {
          "offset": 8736,
          "length": 1032,
          "count": 258,
          "stride": 4
        }
      }
    ],
    "vertexBundles": [
      {
        "view": {
          "offset": 0,
          "length": 6720,
          "count": 168,
          "stride": 40
        },
        "attributes": [
          {
            "name": "a_position",
            "format": 32,
            "isNormalized": false
          },
          {
            "name": "a_normal",
            "format": 32,
            "isNormalized": false
          },
          {
            "name": "a_color",
            "format": 43,
            "isNormalized": false
          }
        ]
      }
    ],
    "minPosition": {
      "__type__": "cc.Vec3",
      "x": 5.60692024230957,
      "y": -50.13412094116211,
      "z": 9.639904022216797
    },
    "maxPosition": {
      "__type__": "cc.Vec3",
      "x": 10.570943832397461,
      "y": -45.17009735107422,
      "z": 10.928199768066406
    }
  },
  "_dataLength": 9768
}