{
  "__type__": "cc.Mesh",
  "_name": "",
  "_objFlags": 0,
  "_native": ".bin",
  "_struct": {
    "primitives": [
      {
        "primitiveMode": 7,
        "vertexBundelIndices": [
          0
        ],
        "geometricInfo": {
          "view": {
            "offset": 38400,
            "length": 11520,
            "count": 2880,
            "stride": 4
          }
        },
        "indexView": {
          "offset": 49920,
          "length": 6624,
          "count": 1656,
          "stride": 4
        }
      }
    ],
    "vertexBundles": [
      {
        "view": {
          "offset": 0,
          "length": 38400,
          "count": 960,
          "stride": 40
        },
        "attributes": [
          {
            "name": "a_position",
            "format": 32,
            "isNormalized": false
          },
          {
            "name": "a_normal",
            "format": 32,
            "isNormalized": false
          },
          {
            "name": "a_color",
            "format": 43,
            "isNormalized": false
          }
        ]
      }
    ],
    "minPosition": {
      "__type__": "cc.Vec3",
      "x": -28.809919357299805,
      "y": 27.42069435119629,
      "z": -1.621167778968811
    },
    "maxPosition": {
      "__type__": "cc.Vec3",
      "x": -17.929452896118164,
      "y": 47.981807708740234,
      "z": 8.602794647216797
    }
  },
  "_dataLength": 56544
}