{
  "__type__": "cc.Mesh",
  "_name": "",
  "_objFlags": 0,
  "_native": ".bin",
  "_struct": {
    "primitives": [
      {
        "primitiveMode": 7,
        "vertexBundelIndices": [
          0
        ],
        "geometricInfo": {
          "view": {
            "offset": 249600,
            "length": 74880,
            "count": 18720,
            "stride": 4
          }
        },
        "indexView": {
          "offset": 324480,
          "length": 31872,
          "count": 7968,
          "stride": 4
        }
      }
    ],
    "vertexBundles": [
      {
        "view": {
          "offset": 0,
          "length": 249600,
          "count": 6240,
          "stride": 40
        },
        "attributes": [
          {
            "name": "a_position",
            "format": 32,
            "isNormalized": false
          },
          {
            "name": "a_normal",
            "format": 32,
            "isNormalized": false
          },
          {
            "name": "a_color",
            "format": 43,
            "isNormalized": false
          }
        ]
      }
    ],
    "minPosition": {
      "__type__": "cc.Vec3",
      "x": 8.712078094482422,
      "y": -63.408023834228516,
      "z": 0.7847172021865845
    },
    "maxPosition": {
      "__type__": "cc.Vec3",
      "x": 40.59259796142578,
      "y": -52.00223922729492,
      "z": 11.660619735717773
    }
  },
  "_dataLength": 356352
}