{
  "__type__": "cc.Mesh",
  "_name": "",
  "_objFlags": 0,
  "_native": ".bin",
  "_struct": {
    "primitives": [
      {
        "primitiveMode": 7,
        "vertexBundelIndices": [
          0
        ],
        "geometricInfo": {
          "view": {
            "offset": 400,
            "length": 120,
            "count": 30,
            "stride": 4
          }
        },
        "indexView": {
          "offset": 520,
          "length": 72,
          "count": 18,
          "stride": 4
        }
      }
    ],
    "vertexBundles": [
      {
        "view": {
          "offset": 0,
          "length": 400,
          "count": 10,
          "stride": 40
        },
        "attributes": [
          {
            "name": "a_position",
            "format": 32,
            "isNormalized": false
          },
          {
            "name": "a_normal",
            "format": 32,
            "isNormalized": false
          },
          {
            "name": "a_color",
            "format": 43,
            "isNormalized": false
          }
        ]
      }
    ],
    "minPosition": {
      "__type__": "cc.Vec3",
      "x": 8.315173149108887,
      "y": -48.59695816040039,
      "z": 9.329832077026367
    },
    "maxPosition": {
      "__type__": "cc.Vec3",
      "x": 9.03377914428711,
      "y": -47.42586898803711,
      "z": 9.673907279968262
    }
  },
  "_dataLength": 592
}