{
  "__type__": "cc.Mesh",
  "_name": "",
  "_objFlags": 0,
  "_native": ".bin",
  "_struct": {
    "primitives": [
      {
        "primitiveMode": 7,
        "vertexBundelIndices": [
          0
        ],
        "geometricInfo": {
          "view": {
            "offset": 24640,
            "length": 7392,
            "count": 1848,
            "stride": 4
          }
        },
        "indexView": {
          "offset": 32032,
          "length": 3504,
          "count": 876,
          "stride": 4
        }
      }
    ],
    "vertexBundles": [
      {
        "view": {
          "offset": 0,
          "length": 24640,
          "count": 616,
          "stride": 40
        },
        "attributes": [
          {
            "name": "a_position",
            "format": 32,
            "isNormalized": false
          },
          {
            "name": "a_normal",
            "format": 32,
            "isNormalized": false
          },
          {
            "name": "a_color",
            "format": 43,
            "isNormalized": false
          }
        ]
      }
    ],
    "minPosition": {
      "__type__": "cc.Vec3",
      "x": -47.033504486083984,
      "y": 65.0693588256836,
      "z": -2.0086212158203125
    },
    "maxPosition": {
      "__type__": "cc.Vec3",
      "x": -34.03002166748047,
      "y": 81.14820098876953,
      "z": 37.40347671508789
    }
  },
  "_dataLength": 35536
}