{
  "__type__": "cc.Mesh",
  "_name": "",
  "_objFlags": 0,
  "_native": ".bin",
  "_struct": {
    "primitives": [
      {
        "primitiveMode": 7,
        "vertexBundelIndices": [
          0
        ],
        "geometricInfo": {
          "view": {
            "offset": 238080,
            "length": 71424,
            "count": 17856,
            "stride": 4
          }
        },
        "indexView": {
          "offset": 309504,
          "length": 29568,
          "count": 7392,
          "stride": 4
        }
      }
    ],
    "vertexBundles": [
      {
        "view": {
          "offset": 0,
          "length": 238080,
          "count": 5952,
          "stride": 40
        },
        "attributes": [
          {
            "name": "a_position",
            "format": 32,
            "isNormalized": false
          },
          {
            "name": "a_normal",
            "format": 32,
            "isNormalized": false
          },
          {
            "name": "a_color",
            "format": 43,
            "isNormalized": false
          }
        ]
      }
    ],
    "minPosition": {
      "__type__": "cc.Vec3",
      "x": 8.712078094482422,
      "y": -63.38848114013672,
      "z": 0.8160651922225952
    },
    "maxPosition": {
      "__type__": "cc.Vec3",
      "x": 40.59259796142578,
      "y": -51.98295974731445,
      "z": 11.660873413085938
    }
  },
  "_dataLength": 339072
}