{
  "__type__": "cc.Mesh",
  "_name": "",
  "_objFlags": 0,
  "_native": ".bin",
  "_struct": {
    "primitives": [
      {
        "primitiveMode": 7,
        "vertexBundelIndices": [
          0
        ],
        "geometricInfo": {
          "view": {
            "offset": 25360,
            "length": 7608,
            "count": 1902,
            "stride": 4
          }
        },
        "indexView": {
          "offset": 32968,
          "length": 3936,
          "count": 984,
          "stride": 4
        }
      }
    ],
    "vertexBundles": [
      {
        "view": {
          "offset": 0,
          "length": 25360,
          "count": 634,
          "stride": 40
        },
        "attributes": [
          {
            "name": "a_position",
            "format": 32,
            "isNormalized": false
          },
          {
            "name": "a_normal",
            "format": 32,
            "isNormalized": false
          },
          {
            "name": "a_color",
            "format": 43,
            "isNormalized": false
          }
        ]
      }
    ],
    "minPosition": {
      "__type__": "cc.Vec3",
      "x": -45.234710693359375,
      "y": 65.4629898071289,
      "z": 28.369625091552734
    },
    "maxPosition": {
      "__type__": "cc.Vec3",
      "x": -30.716381072998047,
      "y": 81.4619369506836,
      "z": 44.36857986450195
    }
  },
  "_dataLength": 36904
}