{
  "__type__": "cc.Mesh",
  "_name": "",
  "_objFlags": 0,
  "_native": ".bin",
  "_struct": {
    "primitives": [
      {
        "primitiveMode": 7,
        "vertexBundelIndices": [
          0
        ],
        "geometricInfo": {
          "view": {
            "offset": 73120,
            "length": 21936,
            "count": 5484,
            "stride": 4
          }
        },
        "indexView": {
          "offset": 95056,
          "length": 8448,
          "count": 2112,
          "stride": 4
        }
      }
    ],
    "vertexBundles": [
      {
        "view": {
          "offset": 0,
          "length": 73120,
          "count": 1828,
          "stride": 40
        },
        "attributes": [
          {
            "name": "a_position",
            "format": 32,
            "isNormalized": false
          },
          {
            "name": "a_normal",
            "format": 32,
            "isNormalized": false
          },
          {
            "name": "a_color",
            "format": 43,
            "isNormalized": false
          }
        ]
      }
    ],
    "minPosition": {
      "__type__": "cc.Vec3",
      "x": -11.37601089477539,
      "y": 14.62913703918457,
      "z": -1.0476677417755127
    },
    "maxPosition": {
      "__type__": "cc.Vec3",
      "x": -4.16776180267334,
      "y": 26.252288818359375,
      "z": 1.690854787826538
    }
  },
  "_dataLength": 103504
}