{
  "__type__": "cc.Mesh",
  "_name": "",
  "_objFlags": 0,
  "_native": ".bin",
  "_struct": {
    "primitives": [
      {
        "primitiveMode": 7,
        "vertexBundelIndices": [
          0
        ],
        "geometricInfo": {
          "view": {
            "offset": 2640,
            "length": 792,
            "count": 198,
            "stride": 4
          }
        },
        "indexView": {
          "offset": 3432,
          "length": 408,
          "count": 102,
          "stride": 4
        }
      }
    ],
    "vertexBundles": [
      {
        "view": {
          "offset": 0,
          "length": 2640,
          "count": 66,
          "stride": 40
        },
        "attributes": [
          {
            "name": "a_position",
            "format": 32,
            "isNormalized": false
          },
          {
            "name": "a_normal",
            "format": 32,
            "isNormalized": false
          },
          {
            "name": "a_color",
            "format": 43,
            "isNormalized": false
          }
        ]
      }
    ],
    "minPosition": {
      "__type__": "cc.Vec3",
      "x": 6.853269577026367,
      "y": 51.30986022949219,
      "z": 8.77604866027832
    },
    "maxPosition": {
      "__type__": "cc.Vec3",
      "x": 28.005380630493164,
      "y": 72.4492416381836,
      "z": 16.410696029663086
    }
  },
  "_dataLength": 3840
}