{
  "__type__": "cc.Mesh",
  "_name": "",
  "_objFlags": 0,
  "_native": ".bin",
  "_struct": {
    "primitives": [
      {
        "primitiveMode": 7,
        "vertexBundelIndices": [
          0
        ],
        "geometricInfo": {
          "view": {
            "offset": 5920,
            "length": 1776,
            "count": 444,
            "stride": 4
          }
        },
        "indexView": {
          "offset": 7696,
          "length": 792,
          "count": 198,
          "stride": 4
        }
      }
    ],
    "vertexBundles": [
      {
        "view": {
          "offset": 0,
          "length": 5920,
          "count": 148,
          "stride": 40
        },
        "attributes": [
          {
            "name": "a_position",
            "format": 32,
            "isNormalized": false
          },
          {
            "name": "a_normal",
            "format": 32,
            "isNormalized": false
          },
          {
            "name": "a_color",
            "format": 43,
            "isNormalized": false
          }
        ]
      }
    ],
    "minPosition": {
      "__type__": "cc.Vec3",
      "x": -35.39972686767578,
      "y": -79.81927490234375,
      "z": -2.9736061096191406
    },
    "maxPosition": {
      "__type__": "cc.Vec3",
      "x": -34.35932159423828,
      "y": -70.6889877319336,
      "z": 13.914888381958008
    }
  },
  "_dataLength": 8488
}