{
  "__type__": "cc.Mesh",
  "_name": "",
  "_objFlags": 0,
  "_native": ".bin",
  "_struct": {
    "primitives": [
      {
        "primitiveMode": 7,
        "vertexBundelIndices": [
          0
        ],
        "geometricInfo": {
          "view": {
            "offset": 196160,
            "length": 58848,
            "count": 14712,
            "stride": 4
          }
        },
        "indexView": {
          "offset": 255008,
          "length": 21264,
          "count": 5316,
          "stride": 4
        }
      }
    ],
    "vertexBundles": [
      {
        "view": {
          "offset": 0,
          "length": 196160,
          "count": 4904,
          "stride": 40
        },
        "attributes": [
          {
            "name": "a_position",
            "format": 32,
            "isNormalized": false
          },
          {
            "name": "a_normal",
            "format": 32,
            "isNormalized": false
          },
          {
            "name": "a_color",
            "format": 43,
            "isNormalized": false
          }
        ]
      }
    ],
    "minPosition": {
      "__type__": "cc.Vec3",
      "x": -33.417842864990234,
      "y": -56.84565734863281,
      "z": 1.567324161529541
    },
    "maxPosition": {
      "__type__": "cc.Vec3",
      "x": 1.7896857261657715,
      "y": -21.912464141845703,
      "z": 8.070490837097168
    }
  },
  "_dataLength": 276272
}