{
  "__type__": "cc.Mesh",
  "_name": "",
  "_objFlags": 0,
  "_native": ".bin",
  "_struct": {
    "primitives": [
      {
        "primitiveMode": 7,
        "vertexBundelIndices": [
          0
        ],
        "geometricInfo": {
          "view": {
            "offset": 47040,
            "length": 14112,
            "count": 3528,
            "stride": 4
          }
        },
        "indexView": {
          "offset": 61152,
          "length": 4704,
          "count": 1176,
          "stride": 4
        }
      }
    ],
    "vertexBundles": [
      {
        "view": {
          "offset": 0,
          "length": 47040,
          "count": 1176,
          "stride": 40
        },
        "attributes": [
          {
            "name": "a_position",
            "format": 32,
            "isNormalized": false
          },
          {
            "name": "a_normal",
            "format": 32,
            "isNormalized": false
          },
          {
            "name": "a_color",
            "format": 43,
            "isNormalized": false
          }
        ]
      }
    ],
    "minPosition": {
      "__type__": "cc.Vec3",
      "x": -10.326926231384277,
      "y": 15.486151695251465,
      "z": 0.8677975535392761
    },
    "maxPosition": {
      "__type__": "cc.Vec3",
      "x": -4.023825645446777,
      "y": 25.98588752746582,
      "z": 1.9145777225494385
    }
  },
  "_dataLength": 65856
}