{
  "__type__": "cc.Mesh",
  "_name": "",
  "_objFlags": 0,
  "_native": ".bin",
  "_struct": {
    "primitives": [
      {
        "primitiveMode": 7,
        "vertexBundelIndices": [
          0
        ],
        "geometricInfo": {
          "view": {
            "offset": 2080,
            "length": 624,
            "count": 156,
            "stride": 4
          }
        },
        "indexView": {
          "offset": 2704,
          "length": 336,
          "count": 84,
          "stride": 4
        }
      }
    ],
    "vertexBundles": [
      {
        "view": {
          "offset": 0,
          "length": 2080,
          "count": 52,
          "stride": 40
        },
        "attributes": [
          {
            "name": "a_position",
            "format": 32,
            "isNormalized": false
          },
          {
            "name": "a_normal",
            "format": 32,
            "isNormalized": false
          },
          {
            "name": "a_color",
            "format": 43,
            "isNormalized": false
          }
        ]
      }
    ],
    "minPosition": {
      "__type__": "cc.Vec3",
      "x": -121.27147674560547,
      "y": -19.198627471923828,
      "z": -3.5166702270507812
    },
    "maxPosition": {
      "__type__": "cc.Vec3",
      "x": -29.31098175048828,
      "y": 56.281517028808594,
      "z": 59.98398208618164
    }
  },
  "_dataLength": 3040
}