{
  "__type__": "cc.Mesh",
  "_name": "",
  "_objFlags": 0,
  "_native": ".bin",
  "_struct": {
    "primitives": [
      {
        "primitiveMode": 7,
        "vertexBundelIndices": [
          0
        ],
        "geometricInfo": {
          "view": {
            "offset": 23680,
            "length": 7104,
            "count": 1776,
            "stride": 4
          }
        },
        "indexView": {
          "offset": 30784,
          "length": 2400,
          "count": 600,
          "stride": 4
        }
      }
    ],
    "vertexBundles": [
      {
        "view": {
          "offset": 0,
          "length": 23680,
          "count": 592,
          "stride": 40
        },
        "attributes": [
          {
            "name": "a_position",
            "format": 32,
            "isNormalized": false
          },
          {
            "name": "a_normal",
            "format": 32,
            "isNormalized": false
          },
          {
            "name": "a_color",
            "format": 43,
            "isNormalized": false
          }
        ]
      }
    ],
    "minPosition": {
      "__type__": "cc.Vec3",
      "x": -128.6143341064453,
      "y": -94.70378875732422,
      "z": -85.52716064453125
    },
    "maxPosition": {
      "__type__": "cc.Vec3",
      "x": 67.86399841308594,
      "y": 94.70274353027344,
      "z": 0.7073211669921875
    }
  },
  "_dataLength": 33184
}