{
  "__type__": "cc.Mesh",
  "_name": "",
  "_objFlags": 0,
  "_native": ".bin",
  "_struct": {
    "primitives": [
      {
        "primitiveMode": 7,
        "vertexBundelIndices": [
          0
        ],
        "geometricInfo": {
          "view": {
            "offset": 212640,
            "length": 63792,
            "count": 15948,
            "stride": 4
          }
        },
        "indexView": {
          "offset": 276432,
          "length": 23328,
          "count": 5832,
          "stride": 4
        }
      }
    ],
    "vertexBundles": [
      {
        "view": {
          "offset": 0,
          "length": 212640,
          "count": 5316,
          "stride": 40
        },
        "attributes": [
          {
            "name": "a_position",
            "format": 32,
            "isNormalized": false
          },
          {
            "name": "a_normal",
            "format": 32,
            "isNormalized": false
          },
          {
            "name": "a_color",
            "format": 43,
            "isNormalized": false
          }
        ]
      }
    ],
    "minPosition": {
      "__type__": "cc.Vec3",
      "x": -12.607261657714844,
      "y": 13.659247398376465,
      "z": -1.0079591274261475
    },
    "maxPosition": {
      "__type__": "cc.Vec3",
      "x": -6.654686450958252,
      "y": 19.868844985961914,
      "z": 1.8641343116760254
    }
  },
  "_dataLength": 299760
}