{
  "__type__": "cc.Mesh",
  "_name": "",
  "_objFlags": 0,
  "_native": ".bin",
  "_struct": {
    "primitives": [
      {
        "primitiveMode": 7,
        "vertexBundelIndices": [
          0
        ],
        "geometricInfo": {
          "view": {
            "offset": 11280,
            "length": 3384,
            "count": 846,
            "stride": 4
          }
        },
        "indexView": {
          "offset": 14664,
          "length": 1152,
          "count": 288,
          "stride": 4
        }
      }
    ],
    "vertexBundles": [
      {
        "view": {
          "offset": 0,
          "length": 11280,
          "count": 282,
          "stride": 40
        },
        "attributes": [
          {
            "name": "a_position",
            "format": 32,
            "isNormalized": false
          },
          {
            "name": "a_normal",
            "format": 32,
            "isNormalized": false
          },
          {
            "name": "a_color",
            "format": 43,
            "isNormalized": false
          }
        ]
      }
    ],
    "minPosition": {
      "__type__": "cc.Vec3",
      "x": -27.82814598083496,
      "y": -54.49306106567383,
      "z": 2.160076141357422
    },
    "maxPosition": {
      "__type__": "cc.Vec3",
      "x": -4.581483840942383,
      "y": -24.043163299560547,
      "z": 3.9601516723632812
    }
  },
  "_dataLength": 15816
}