{
  "__type__": "cc.Mesh",
  "_name": "",
  "_objFlags": 0,
  "_native": ".bin",
  "_struct": {
    "primitives": [
      {
        "primitiveMode": 7,
        "vertexBundelIndices": [
          0
        ],
        "geometricInfo": {
          "view": {
            "offset": 44160,
            "length": 13248,
            "count": 3312,
            "stride": 4
          }
        },
        "indexView": {
          "offset": 57408,
          "length": 7728,
          "count": 1932,
          "stride": 4
        }
      }
    ],
    "vertexBundles": [
      {
        "view": {
          "offset": 0,
          "length": 44160,
          "count": 1104,
          "stride": 40
        },
        "attributes": [
          {
            "name": "a_position",
            "format": 32,
            "isNormalized": false
          },
          {
            "name": "a_normal",
            "format": 32,
            "isNormalized": false
          },
          {
            "name": "a_color",
            "format": 43,
            "isNormalized": false
          }
        ]
      }
    ],
    "minPosition": {
      "__type__": "cc.Vec3",
      "x": -116.2054672241211,
      "y": -86.08441925048828,
      "z": -5.988980770111084
    },
    "maxPosition": {
      "__type__": "cc.Vec3",
      "x": 24.318130493164062,
      "y": 87.24547576904297,
      "z": 5.406667709350586
    }
  },
  "_dataLength": 65136
}