{
  "__type__": "cc.Mesh",
  "_name": "",
  "_objFlags": 0,
  "_native": ".bin",
  "_struct": {
    "primitives": [
      {
        "primitiveMode": 7,
        "vertexBundelIndices": [
          0
        ],
        "geometricInfo": {
          "view": {
            "offset": 44000,
            "length": 13200,
            "count": 3300,
            "stride": 4
          }
        },
        "indexView": {
          "offset": 57200,
          "length": 7728,
          "count": 1932,
          "stride": 4
        }
      }
    ],
    "vertexBundles": [
      {
        "view": {
          "offset": 0,
          "length": 44000,
          "count": 1100,
          "stride": 40
        },
        "attributes": [
          {
            "name": "a_position",
            "format": 32,
            "isNormalized": false
          },
          {
            "name": "a_normal",
            "format": 32,
            "isNormalized": false
          },
          {
            "name": "a_color",
            "format": 43,
            "isNormalized": false
          }
        ]
      }
    ],
    "minPosition": {
      "__type__": "cc.Vec3",
      "x": -124.23512268066406,
      "y": -45.040077209472656,
      "z": -2.8914031982421875
    },
    "maxPosition": {
      "__type__": "cc.Vec3",
      "x": -26.628997802734375,
      "y": 60.44154357910156,
      "z": 84.66888427734375
    }
  },
  "_dataLength": 64928
}