{
  "__type__": "cc.Mesh",
  "_name": "",
  "_objFlags": 0,
  "_native": ".bin",
  "_struct": {
    "primitives": [
      {
        "primitiveMode": 7,
        "vertexBundelIndices": [
          0
        ],
        "geometricInfo": {
          "view": {
            "offset": 8640,
            "length": 2592,
            "count": 648,
            "stride": 4
          }
        },
        "indexView": {
          "offset": 11232,
          "length": 1152,
          "count": 288,
          "stride": 4
        }
      }
    ],
    "vertexBundles": [
      {
        "view": {
          "offset": 0,
          "length": 8640,
          "count": 216,
          "stride": 40
        },
        "attributes": [
          {
            "name": "a_position",
            "format": 32,
            "isNormalized": false
          },
          {
            "name": "a_normal",
            "format": 32,
            "isNormalized": false
          },
          {
            "name": "a_color",
            "format": 43,
            "isNormalized": false
          }
        ]
      }
    ],
    "minPosition": {
      "__type__": "cc.Vec3",
      "x": -32.77775955200195,
      "y": -48.114933013916016,
      "z": 6.355198383331299
    },
    "maxPosition": {
      "__type__": "cc.Vec3",
      "x": 1.4670038223266602,
      "y": -29.10484504699707,
      "z": 7.614038467407227
    }
  },
  "_dataLength": 12384
}