{
  "__type__": "cc.Mesh",
  "_name": "",
  "_objFlags": 0,
  "_native": ".bin",
  "_struct": {
    "primitives": [
      {
        "primitiveMode": 7,
        "vertexBundelIndices": [
          0
        ],
        "geometricInfo": {
          "view": {
            "offset": 1960,
            "length": 588,
            "count": 147,
            "stride": 4
          }
        },
        "indexView": {
          "offset": 2548,
          "length": 204,
          "count": 51,
          "stride": 4
        }
      }
    ],
    "vertexBundles": [
      {
        "view": {
          "offset": 0,
          "length": 1960,
          "count": 49,
          "stride": 40
        },
        "attributes": [
          {
            "name": "a_position",
            "format": 32,
            "isNormalized": false
          },
          {
            "name": "a_normal",
            "format": 32,
            "isNormalized": false
          },
          {
            "name": "a_color",
            "format": 43,
            "isNormalized": false
          }
        ]
      }
    ],
    "minPosition": {
      "__type__": "cc.Vec3",
      "x": -128.9912109375,
      "y": -96.60835266113281,
      "z": -5.89276123046875
    },
    "maxPosition": {
      "__type__": "cc.Vec3",
      "x": 69.82376098632812,
      "y": 96.60731506347656,
      "z": 0.9306182861328125
    }
  },
  "_dataLength": 2752
}