{
  "__type__": "cc.Mesh",
  "_name": "",
  "_objFlags": 0,
  "_native": ".bin",
  "_struct": {
    "primitives": [
      {
        "primitiveMode": 7,
        "vertexBundelIndices": [
          0
        ],
        "geometricInfo": {
          "view": {
            "offset": 79200,
            "length": 23760,
            "count": 5940,
            "stride": 4
          }
        },
        "indexView": {
          "offset": 102960,
          "length": 9216,
          "count": 2304,
          "stride": 4
        }
      }
    ],
    "vertexBundles": [
      {
        "view": {
          "offset": 0,
          "length": 79200,
          "count": 1980,
          "stride": 40
        },
        "attributes": [
          {
            "name": "a_position",
            "format": 32,
            "isNormalized": false
          },
          {
            "name": "a_normal",
            "format": 32,
            "isNormalized": false
          },
          {
            "name": "a_color",
            "format": 43,
            "isNormalized": false
          }
        ]
      }
    ],
    "minPosition": {
      "__type__": "cc.Vec3",
      "x": -65.88549041748047,
      "y": -35.857940673828125,
      "z": 87.39678955078125
    },
    "maxPosition": {
      "__type__": "cc.Vec3",
      "x": -20.440902709960938,
      "y": 65.69039154052734,
      "z": 120.35633850097656
    }
  },
  "_dataLength": 112176
}