{
  "__type__": "cc.Mesh",
  "_name": "",
  "_objFlags": 0,
  "_native": ".bin",
  "_struct": {
    "primitives": [
      {
        "primitiveMode": 7,
        "vertexBundelIndices": [
          0
        ],
        "geometricInfo": {
          "view": {
            "offset": 16800,
            "length": 5040,
            "count": 1260,
            "stride": 4
          }
        },
        "indexView": {
          "offset": 21840,
          "length": 1680,
          "count": 420,
          "stride": 4
        }
      }
    ],
    "vertexBundles": [
      {
        "view": {
          "offset": 0,
          "length": 16800,
          "count": 420,
          "stride": 40
        },
        "attributes": [
          {
            "name": "a_position",
            "format": 32,
            "isNormalized": false
          },
          {
            "name": "a_normal",
            "format": 32,
            "isNormalized": false
          },
          {
            "name": "a_color",
            "format": 43,
            "isNormalized": false
          }
        ]
      }
    ],
    "minPosition": {
      "__type__": "cc.Vec3",
      "x": -125.99710083007812,
      "y": -66.12300872802734,
      "z": -13.279891967773438
    },
    "maxPosition": {
      "__type__": "cc.Vec3",
      "x": 26.08782386779785,
      "y": 66.03904724121094,
      "z": 10.636937141418457
    }
  },
  "_dataLength": 23520
}