{
  "__type__": "cc.Mesh",
  "_name": "",
  "_objFlags": 0,
  "_native": ".bin",
  "_struct": {
    "primitives": [
      {
        "primitiveMode": 7,
        "vertexBundelIndices": [
          0
        ],
        "geometricInfo": {
          "view": {
            "offset": 244960,
            "length": 73488,
            "count": 18372,
            "stride": 4
          }
        },
        "indexView": {
          "offset": 318448,
          "length": 26208,
          "count": 6552,
          "stride": 4
        }
      }
    ],
    "vertexBundles": [
      {
        "view": {
          "offset": 0,
          "length": 244960,
          "count": 6124,
          "stride": 40
        },
        "attributes": [
          {
            "name": "a_position",
            "format": 32,
            "isNormalized": false
          },
          {
            "name": "a_normal",
            "format": 32,
            "isNormalized": false
          },
          {
            "name": "a_color",
            "format": 43,
            "isNormalized": false
          }
        ]
      }
    ],
    "minPosition": {
      "__type__": "cc.Vec3",
      "x": -8.223438262939453,
      "y": 18.07505989074707,
      "z": -1.4174649715423584
    },
    "maxPosition": {
      "__type__": "cc.Vec3",
      "x": -1.4004732370376587,
      "y": 26.131977081298828,
      "z": 1.624917984008789
    }
  },
  "_dataLength": 344656
}