{
  "__type__": "cc.Mesh",
  "_name": "",
  "_objFlags": 0,
  "_native": ".bin",
  "_struct": {
    "primitives": [
      {
        "primitiveMode": 7,
        "vertexBundelIndices": [
          0
        ],
        "geometricInfo": {
          "view": {
            "offset": 245920,
            "length": 73776,
            "count": 18444,
            "stride": 4
          }
        },
        "indexView": {
          "offset": 319696,
          "length": 33576,
          "count": 8394,
          "stride": 4
        }
      }
    ],
    "vertexBundles": [
      {
        "view": {
          "offset": 0,
          "length": 245920,
          "count": 6148,
          "stride": 40
        },
        "attributes": [
          {
            "name": "a_position",
            "format": 32,
            "isNormalized": false
          },
          {
            "name": "a_normal",
            "format": 32,
            "isNormalized": false
          },
          {
            "name": "a_color",
            "format": 43,
            "isNormalized": false
          }
        ]
      }
    ],
    "minPosition": {
      "__type__": "cc.Vec3",
      "x": -33.10024642944336,
      "y": -56.56206512451172,
      "z": 0.1918182373046875
    },
    "maxPosition": {
      "__type__": "cc.Vec3",
      "x": -24.990619659423828,
      "y": -46.0985221862793,
      "z": 8.385965347290039
    }
  },
  "_dataLength": 353272
}