{
  "__type__": "cc.Mesh",
  "_name": "",
  "_objFlags": 0,
  "_native": ".bin",
  "_struct": {
    "primitives": [
      {
        "primitiveMode": 7,
        "vertexBundelIndices": [
          0
        ],
        "geometricInfo": {
          "view": {
            "offset": 309120,
            "length": 92736,
            "count": 23184,
            "stride": 4
          }
        },
        "indexView": {
          "offset": 401856,
          "length": 49680,
          "count": 12420,
          "stride": 4
        }
      }
    ],
    "vertexBundles": [
      {
        "view": {
          "offset": 0,
          "length": 309120,
          "count": 7728,
          "stride": 40
        },
        "attributes": [
          {
            "name": "a_position",
            "format": 32,
            "isNormalized": false
          },
          {
            "name": "a_normal",
            "format": 32,
            "isNormalized": false
          },
          {
            "name": "a_color",
            "format": 43,
            "isNormalized": false
          }
        ]
      }
    ],
    "minPosition": {
      "__type__": "cc.Vec3",
      "x": -119.63449096679688,
      "y": -89.20262908935547,
      "z": -1.41949462890625
    },
    "maxPosition": {
      "__type__": "cc.Vec3",
      "x": 26.669313430786133,
      "y": 90.67133331298828,
      "z": 42.3628044128418
    }
  },
  "_dataLength": 451536
}