{
  "__type__": "cc.Mesh",
  "_name": "",
  "_objFlags": 0,
  "_native": ".bin",
  "_struct": {
    "primitives": [
      {
        "primitiveMode": 7,
        "vertexBundelIndices": [
          0
        ],
        "geometricInfo": {
          "view": {
            "offset": 22200,
            "length": 6660,
            "count": 1665,
            "stride": 4
          }
        },
        "indexView": {
          "offset": 28860,
          "length": 4764,
          "count": 1191,
          "stride": 4
        }
      }
    ],
    "vertexBundles": [
      {
        "view": {
          "offset": 0,
          "length": 22200,
          "count": 555,
          "stride": 40
        },
        "attributes": [
          {
            "name": "a_position",
            "format": 32,
            "isNormalized": false
          },
          {
            "name": "a_normal",
            "format": 32,
            "isNormalized": false
          },
          {
            "name": "a_color",
            "format": 43,
            "isNormalized": false
          }
        ]
      }
    ],
    "minPosition": {
      "__type__": "cc.Vec3",
      "x": -121.27147674560547,
      "y": -82.30770874023438,
      "z": -3.5166778564453125
    },
    "maxPosition": {
      "__type__": "cc.Vec3",
      "x": -29.310989379882812,
      "y": 56.281517028808594,
      "z": 84.66885375976562
    }
  },
  "_dataLength": 33624
}