{
  "__type__": "cc.Mesh",
  "_name": "",
  "_objFlags": 0,
  "_native": ".bin",
  "_struct": {
    "primitives": [
      {
        "primitiveMode": 7,
        "vertexBundelIndices": [
          0
        ],
        "geometricInfo": {
          "view": {
            "offset": 18920,
            "length": 5676,
            "count": 1419,
            "stride": 4
          }
        },
        "indexView": {
          "offset": 24596,
          "length": 2976,
          "count": 744,
          "stride": 4
        }
      }
    ],
    "vertexBundles": [
      {
        "view": {
          "offset": 0,
          "length": 18920,
          "count": 473,
          "stride": 40
        },
        "attributes": [
          {
            "name": "a_position",
            "format": 32,
            "isNormalized": false
          },
          {
            "name": "a_normal",
            "format": 32,
            "isNormalized": false
          },
          {
            "name": "a_color",
            "format": 43,
            "isNormalized": false
          }
        ]
      }
    ],
    "minPosition": {
      "__type__": "cc.Vec3",
      "x": -21.957895278930664,
      "y": 43.29267501831055,
      "z": -0.49394798278808594
    },
    "maxPosition": {
      "__type__": "cc.Vec3",
      "x": -19.453882217407227,
      "y": 47.585777282714844,
      "z": 9.718990325927734
    }
  },
  "_dataLength": 27572
}