{
  "__type__": "cc.Mesh",
  "_name": "",
  "_objFlags": 0,
  "_native": ".bin",
  "_struct": {
    "primitives": [
      {
        "primitiveMode": 7,
        "vertexBundelIndices": [
          0
        ],
        "geometricInfo": {
          "view": {
            "offset": 190080,
            "length": 57024,
            "count": 14256,
            "stride": 4
          }
        },
        "indexView": {
          "offset": 247104,
          "length": 25920,
          "count": 6480,
          "stride": 4
        }
      }
    ],
    "vertexBundles": [
      {
        "view": {
          "offset": 0,
          "length": 190080,
          "count": 4752,
          "stride": 40
        },
        "attributes": [
          {
            "name": "a_position",
            "format": 32,
            "isNormalized": false
          },
          {
            "name": "a_normal",
            "format": 32,
            "isNormalized": false
          },
          {
            "name": "a_color",
            "format": 43,
            "isNormalized": false
          }
        ]
      }
    ],
    "minPosition": {
      "__type__": "cc.Vec3",
      "x": -127.01033782958984,
      "y": -83.03496551513672,
      "z": -5.438399314880371
    },
    "maxPosition": {
      "__type__": "cc.Vec3",
      "x": 42.14311981201172,
      "y": 78.96939849853516,
      "z": 10.51894474029541
    }
  },
  "_dataLength": 273024
}