{
  "__type__": "cc.Mesh",
  "_name": "",
  "_objFlags": 0,
  "_native": ".bin",
  "_struct": {
    "primitives": [
      {
        "primitiveMode": 7,
        "vertexBundelIndices": [
          0
        ],
        "geometricInfo": {
          "view": {
            "offset": 4000,
            "length": 1200,
            "count": 300,
            "stride": 4
          }
        },
        "indexView": {
          "offset": 5200,
          "length": 480,
          "count": 120,
          "stride": 4
        }
      }
    ],
    "vertexBundles": [
      {
        "view": {
          "offset": 0,
          "length": 4000,
          "count": 100,
          "stride": 40
        },
        "attributes": [
          {
            "name": "a_position",
            "format": 32,
            "isNormalized": false
          },
          {
            "name": "a_normal",
            "format": 32,
            "isNormalized": false
          },
          {
            "name": "a_color",
            "format": 43,
            "isNormalized": false
          }
        ]
      }
    ],
    "minPosition": {
      "__type__": "cc.Vec3",
      "x": -10.139070510864258,
      "y": 15.61558723449707,
      "z": 1.087789535522461
    },
    "maxPosition": {
      "__type__": "cc.Vec3",
      "x": -4.210897445678711,
      "y": 25.81903076171875,
      "z": 1.7406071424484253
    }
  },
  "_dataLength": 5680
}