{
  "__type__": "cc.Mesh",
  "_name": "",
  "_objFlags": 0,
  "_native": ".bin",
  "_struct": {
    "primitives": [
      {
        "primitiveMode": 7,
        "vertexBundelIndices": [
          0
        ],
        "geometricInfo": {
          "view": {
            "offset": 63560,
            "length": 19068,
            "count": 4767,
            "stride": 4
          }
        },
        "indexView": {
          "offset": 82628,
          "length": 13608,
          "count": 3402,
          "stride": 4
        }
      }
    ],
    "vertexBundles": [
      {
        "view": {
          "offset": 0,
          "length": 63560,
          "count": 1589,
          "stride": 40
        },
        "attributes": [
          {
            "name": "a_position",
            "format": 32,
            "isNormalized": false
          },
          {
            "name": "a_normal",
            "format": 32,
            "isNormalized": false
          },
          {
            "name": "a_color",
            "format": 43,
            "isNormalized": false
          }
        ]
      }
    ],
    "minPosition": {
      "__type__": "cc.Vec3",
      "x": 2.8228588104248047,
      "y": 49.59574890136719,
      "z": 1.7119598388671875
    },
    "maxPosition": {
      "__type__": "cc.Vec3",
      "x": 29.712661743164062,
      "y": 76.47044372558594,
      "z": 17.592750549316406
    }
  },
  "_dataLength": 96236
}