{
  "__type__": "cc.Mesh",
  "_name": "",
  "_objFlags": 0,
  "_native": ".bin",
  "_struct": {
    "primitives": [
      {
        "primitiveMode": 7,
        "vertexBundelIndices": [
          0
        ],
        "geometricInfo": {
          "view": {
            "offset": 125640,
            "length": 37692,
            "count": 9423,
            "stride": 4
          }
        },
        "indexView": {
          "offset": 163332,
          "length": 16944,
          "count": 4236,
          "stride": 4
        }
      }
    ],
    "vertexBundles": [
      {
        "view": {
          "offset": 0,
          "length": 125640,
          "count": 3141,
          "stride": 40
        },
        "attributes": [
          {
            "name": "a_position",
            "format": 32,
            "isNormalized": false
          },
          {
            "name": "a_normal",
            "format": 32,
            "isNormalized": false
          },
          {
            "name": "a_color",
            "format": 43,
            "isNormalized": false
          }
        ]
      }
    ],
    "minPosition": {
      "__type__": "cc.Vec3",
      "x": 4.46000862121582,
      "y": -69.587158203125,
      "z": -3.723623514175415
    },
    "maxPosition": {
      "__type__": "cc.Vec3",
      "x": 44.493614196777344,
      "y": -43.12885665893555,
      "z": 6.168566703796387
    }
  },
  "_dataLength": 180276
}