{
  "__type__": "cc.Mesh",
  "_name": "",
  "_objFlags": 0,
  "_native": ".bin",
  "_struct": {
    "primitives": [
      {
        "primitiveMode": 7,
        "vertexBundelIndices": [
          0
        ],
        "geometricInfo": {
          "view": {
            "offset": 5440,
            "length": 1632,
            "count": 408,
            "stride": 4
          }
        },
        "indexView": {
          "offset": 7072,
          "length": 840,
          "count": 210,
          "stride": 4
        }
      }
    ],
    "vertexBundles": [
      {
        "view": {
          "offset": 0,
          "length": 5440,
          "count": 136,
          "stride": 40
        },
        "attributes": [
          {
            "name": "a_position",
            "format": 32,
            "isNormalized": false
          },
          {
            "name": "a_normal",
            "format": 32,
            "isNormalized": false
          },
          {
            "name": "a_color",
            "format": 43,
            "isNormalized": false
          }
        ]
      }
    ],
    "minPosition": {
      "__type__": "cc.Vec3",
      "x": 6.48432731628418,
      "y": -49.26382064819336,
      "z": 5.4351701736450195
    },
    "maxPosition": {
      "__type__": "cc.Vec3",
      "x": 9.67097282409668,
      "y": -46.07717514038086,
      "z": 9.119613647460938
    }
  },
  "_dataLength": 7912
}