{
  "__type__": "cc.Mesh",
  "_name": "",
  "_objFlags": 0,
  "_native": ".bin",
  "_struct": {
    "primitives": [
      {
        "primitiveMode": 7,
        "vertexBundelIndices": [
          0
        ],
        "geometricInfo": {
          "view": {
            "offset": 22960,
            "length": 6888,
            "count": 1722,
            "stride": 4
          }
        },
        "indexView": {
          "offset": 29848,
          "length": 3072,
          "count": 768,
          "stride": 4
        }
      }
    ],
    "vertexBundles": [
      {
        "view": {
          "offset": 0,
          "length": 22960,
          "count": 574,
          "stride": 40
        },
        "attributes": [
          {
            "name": "a_position",
            "format": 32,
            "isNormalized": false
          },
          {
            "name": "a_normal",
            "format": 32,
            "isNormalized": false
          },
          {
            "name": "a_color",
            "format": 43,
            "isNormalized": false
          }
        ]
      }
    ],
    "minPosition": {
      "__type__": "cc.Vec3",
      "x": 4.602049827575684,
      "y": -53.13024139404297,
      "z": -1.4421930313110352
    },
    "maxPosition": {
      "__type__": "cc.Vec3",
      "x": 11.183004379272461,
      "y": -42.71882629394531,
      "z": 10.128087043762207
    }
  },
  "_dataLength": 32920
}