{
  "__type__": "cc.Mesh",
  "_name": "",
  "_objFlags": 0,
  "_native": ".bin",
  "_struct": {
    "primitives": [
      {
        "primitiveMode": 7,
        "vertexBundelIndices": [
          0
        ],
        "geometricInfo": {
          "view": {
            "offset": 245840,
            "length": 73752,
            "count": 18438,
            "stride": 4
          }
        },
        "indexView": {
          "offset": 319592,
          "length": 33576,
          "count": 8394,
          "stride": 4
        }
      }
    ],
    "vertexBundles": [
      {
        "view": {
          "offset": 0,
          "length": 245840,
          "count": 6146,
          "stride": 40
        },
        "attributes": [
          {
            "name": "a_position",
            "format": 32,
            "isNormalized": false
          },
          {
            "name": "a_normal",
            "format": 32,
            "isNormalized": false
          },
          {
            "name": "a_color",
            "format": 43,
            "isNormalized": false
          }
        ]
      }
    ],
    "minPosition": {
      "__type__": "cc.Vec3",
      "x": -7.805944919586182,
      "y": -31.162927627563477,
      "z": -0.8155641555786133
    },
    "maxPosition": {
      "__type__": "cc.Vec3",
      "x": 1.9676566123962402,
      "y": -22.272586822509766,
      "z": 7.378582954406738
    }
  },
  "_dataLength": 353168
}