{"frameRate":24,"name":"finish","version":"5.5","compatibleVersion":"5.5","armature":[{"type":"Armature","frameRate":24,"name":"root","aabb":{"x":-177.61,"y":-118.87,"width":384.96,"height":204.36},"bone":[{"name":"root"},{"name":"star","parent":"root","transform":{"x":9.4246,"y":-26.4376}},{"name":"star2","parent":"root","transform":{"x":-34.9208,"y":-25.8327,"skX":-60.329,"skY":-60.329}},{"name":"bone","parent":"root","transform":{"y":15.4928,"skX":0.0467,"skY":0.0467,"scX":1.2056,"scY":1.2056}},{"name":"star111","parent":"root","transform":{"x":-0.1425,"y":18.9175,"skX":-124.5498,"skY":-124.5498}},{"name":"star2111","parent":"root","transform":{"x":-22.7758,"y":-12.8036,"skX":-60.329,"skY":-60.329}},{"name":"star211","parent":"root","transform":{"x":10.9602,"y":3.948,"skX":-60.329,"skY":-60.329}},{"name":"star21","parent":"root","transform":{"x":-23.8926,"y":15.0228,"skX":-60.329,"skY":-60.329}},{"name":"star11","parent":"root","transform":{"x":-27.1227,"y":-0.7622,"skX":-106.3968,"skY":-106.3968}},{"name":"star1","parent":"root","transform":{"x":20.7433,"y":-12.3478}},{"name":"sp2","parent":"bone","transform":{"x":-7.2318,"y":-6.9832,"skX":-105.3663,"skY":-105.3663}},{"name":"sp11212111","parent":"bone","transform":{"x":-66.0796,"y":-25.864,"skX":-7.0545,"skY":-7.0545,"scX":1.2496,"scY":1.2534}},{"name":"sp1121","parent":"bone","transform":{"x":88.8439,"y":-19.2599,"skX":-24.3229,"skY":-24.3229,"scX":0.8392,"scY":0.8418}},{"name":"sp11121","parent":"bone","transform":{"x":-3.8011,"y":-27.5237,"skX":125.3497,"skY":125.3497,"scX":1.2548,"scY":0.9226}},{"name":"sp112","parent":"bone","transform":{"x":-36.0821,"y":-35.1639,"skX":62.9103,"skY":62.9103,"scX":1.03,"scY":1.0332}},{"name":"sp1111","parent":"bone","transform":{"x":33.2172,"y":-22.0348,"skX":-150.33,"skY":-150.33}},{"name":"sp11212","parent":"bone","transform":{"x":-101.5877,"y":-35.6343,"skX":-86.9011,"skY":-86.9011,"scX":1.2496,"scY":1.2534}},{"name":"sp11","parent":"bone","transform":{"x":21.404,"y":-26.3637,"skX":138.2801,"skY":138.2801,"scX":1.5095,"scY":1.2941}},{"name":"sp1","parent":"bone","transform":{"x":42.3739,"y":-54.5803,"skX":64.594,"skY":64.594,"scX":1.3865,"scY":1.3865}},{"name":"sp1112","parent":"bone","transform":{"x":57.9091,"y":-9.5385,"skX":160.3743,"skY":160.3743,"scX":0.9226,"scY":0.9226}},{"name":"sp112121","parent":"bone","transform":{"x":78.7569,"y":-55.5369,"skX":-19.8788,"skY":-19.8788,"scX":1.2496,"scY":1.2534}},{"name":"sp112111","parent":"bone","transform":{"x":43.9946,"y":25.2713,"skX":-38.5556,"skY":-38.5556,"scX":1.2142,"scY":1.1}},{"name":"sp1121211","parent":"bone","transform":{"x":-1.4867,"y":-69.1069,"skX":26.7682,"skY":26.7682,"scX":1.2496,"scY":1.2534}},{"name":"sp11211","parent":"bone","transform":{"x":-18.0575,"y":45.4163,"skX":-24.3229,"skY":-24.3229,"scX":1.0728,"scY":0.8418}},{"name":"sp12","parent":"bone","transform":{"x":5.9537,"y":31.0893,"skX":-121.7687,"skY":-121.7687,"scX":0.9741,"scY":0.9741}},{"name":"sp","parent":"bone","transform":{"x":-17.3472,"y":-50.6538}},{"name":"sp112121111","parent":"bone","transform":{"x":-78.4078,"y":-85.3209,"skX":59.9877,"skY":59.9877,"scX":1.1414,"scY":1.1449}},{"name":"sp1121211111","parent":"bone","transform":{"x":-142.3865,"y":-61.2748,"skX":-33.9531,"skY":-33.9531,"scX":0.9251,"scY":0.9279}},{"name":"sp11212111111","parent":"bone","transform":{"x":130.2121,"y":-72.717,"skX":-85.4752,"skY":-85.4752,"scX":0.9251,"scY":0.9279}},{"name":"sp11212111112","parent":"bone","transform":{"x":108.5047,"y":-98.463,"skX":128.2676,"skY":128.2676,"scX":0.9251,"scY":0.9279}},{"name":"sp11212111113","parent":"bone","transform":{"x":167.0165,"y":-14.1725,"skX":-33.9531,"skY":-33.9531,"scX":0.9251,"scY":0.9279}},{"name":"sp112121111131","parent":"bone","transform":{"x":22.0134,"y":-95.8936,"skX":-47.8991,"skY":-47.8991,"scX":0.9251,"scY":0.9279}},{"name":"sp11122","parent":"bone","transform":{"x":-69.2505,"y":-61.9371,"skX":128.2469,"skY":128.2469,"scX":1.0773,"scY":1.0773}},{"name":"sp111221","parent":"bone","transform":{"x":-36.193,"y":-83.3261,"skX":-156.7951,"skY":-156.7951,"scX":0.7484,"scY":0.7484}},{"name":"sp111","parent":"bone","transform":{"x":-57.9193,"y":2.6412,"skX":93.6329,"skY":93.6329,"scX":1.0925,"scY":1.0925}}],"slot":[{"blendMode":"add","displayIndex":-1,"name":"star","parent":"star"},{"blendMode":"add","displayIndex":-1,"name":"star1","parent":"star1"},{"name":"sp","parent":"sp","color":{"rM":0,"gM":43,"bM":96}},{"blendMode":"add","displayIndex":-1,"name":"star11","parent":"star11"},{"blendMode":"add","displayIndex":-1,"name":"star111","parent":"star111"},{"blendMode":"add","displayIndex":-1,"name":"star2","parent":"star2"},{"blendMode":"add","displayIndex":-1,"name":"star21","parent":"star21"},{"blendMode":"add","displayIndex":-1,"name":"star211","parent":"star211"},{"blendMode":"add","displayIndex":-1,"name":"star2111","parent":"star2111"},{"name":"sp1","parent":"sp1","color":{"rM":0,"gM":43,"bM":96}},{"name":"sp11","parent":"sp11","color":{"rM":0,"gM":43,"bM":96}},{"name":"sp111","parent":"sp111","color":{"rM":42,"gM":98,"bM":10}},{"name":"sp1111","parent":"sp1111","color":{"rM":98,"gM":93,"bM":10}},{"name":"sp112","parent":"sp112","color":{"rM":98,"gM":93,"bM":10}},{"name":"sp2","parent":"sp2","color":{"rM":0,"gM":43,"bM":96}},{"name":"sp1121","parent":"sp1121","color":{"rM":98,"gM":93,"bM":10}},{"name":"sp11211","parent":"sp11211","color":{"rM":98,"gM":93,"bM":10}},{"name":"sp112111","parent":"sp112111","color":{"rM":98,"gM":93,"bM":10}},{"name":"sp12","parent":"sp12","color":{"rM":0,"gM":43,"bM":96}},{"name":"sp1112","parent":"sp1112","color":{"rM":42,"gM":98,"bM":10}},{"name":"sp11121","parent":"sp11121","color":{"rM":42,"gM":98,"bM":10}},{"name":"sp11212","parent":"sp11212","color":{"rM":98,"gM":93,"bM":10}},{"name":"sp112121","parent":"sp112121","color":{"rM":98,"gM":93,"bM":10}},{"name":"sp1121211","parent":"sp1121211","color":{"rM":98,"gM":93,"bM":10}},{"name":"sp11212111","parent":"sp11212111","color":{"rM":98,"gM":93,"bM":10}},{"name":"sp112121111","parent":"sp112121111","color":{"rM":98,"gM":93,"bM":10}},{"name":"sp1121211111","parent":"sp1121211111","color":{"rM":98,"gM":93,"bM":10}},{"name":"sp11212111111","parent":"sp11212111111","color":{"rM":98,"gM":93,"bM":10}},{"name":"sp11212111112","parent":"sp11212111112","color":{"rM":98,"gM":93,"bM":10}},{"name":"sp11212111113","parent":"sp11212111113","color":{"rM":98,"gM":93,"bM":10}},{"name":"sp112121111131","parent":"sp112121111131","color":{"rM":98,"gM":93,"bM":10}},{"name":"sp11122","parent":"sp11122","color":{"rM":42,"gM":98,"bM":10}},{"name":"sp111221","parent":"sp111221","color":{"rM":42,"gM":98,"bM":10}}],"skin":[{"slot":[{"name":"sp12","display":[{"name":"sp","transform":{"x":-1.36,"y":-1.73}}]},{"name":"star2","display":[{"name":"star","transform":{"x":-0.68,"y":1.87,"skX":-15.39,"skY":-15.39}}]},{"name":"sp","display":[{"name":"sp","transform":{"x":-1.36,"y":-1.73}}]},{"name":"sp11212111112","display":[{"name":"sp","transform":{"x":0.12,"y":-0.19,"skX":0.14,"skY":0.14}}]},{"name":"sp11211","display":[{"name":"sp","transform":{"x":0.12,"y":-0.19,"skX":0.14,"skY":0.14},"path":"caidai1"}]},{"name":"sp1","display":[{"name":"sp","transform":{"x":-1.36,"y":-1.73}}]},{"name":"sp11212","display":[{"name":"sp","transform":{"x":0.12,"y":-0.19,"skX":0.14,"skY":0.14}}]},{"name":"sp112121111","display":[{"name":"sp","transform":{"x":0.12,"y":-0.19,"skX":0.14,"skY":0.14}}]},{"name":"star1","display":[{"name":"star1","transform":{"x":1.88,"y":-0.32}}]},{"name":"sp1111","display":[{"name":"sp","transform":{"x":-1.15,"y":-0.62,"skX":-31.31,"skY":-31.31}}]},{"name":"sp112","display":[{"name":"sp","transform":{"x":0.12,"y":-0.19,"skX":0.14,"skY":0.14}}]},{"name":"star21","display":[{"name":"star","transform":{"x":-0.68,"y":1.87,"skX":-15.39,"skY":-15.39}}]},{"name":"sp11121","display":[{"name":"sp","transform":{"x":0.12,"y":-0.19,"skX":0.14,"skY":0.14},"path":"caidai1"}]},{"name":"sp11212111111","display":[{"name":"sp","transform":{"x":0.12,"y":-0.19,"skX":0.14,"skY":0.14}}]},{"name":"sp11122","display":[{"name":"sp","transform":{"x":0.12,"y":-0.19,"skX":0.14,"skY":0.14},"path":"caidai1"}]},{"name":"sp11","display":[{"name":"sp","transform":{"x":0.12,"y":-0.19,"skX":0.14,"skY":0.14}}]},{"name":"sp11212111","display":[{"name":"sp","transform":{"x":0.12,"y":-0.19,"skX":0.14,"skY":0.14}}]},{"name":"star","display":[{"name":"star","transform":{"x":-0.68,"y":1.87,"skX":-15.39,"skY":-15.39}}]},{"name":"star111","display":[{"name":"star1","transform":{"x":1.88,"y":-0.32}}]},{"name":"sp2","display":[{"name":"sp","transform":{"x":-3.49,"y":-0.94}}]},{"name":"star211","display":[{"name":"star","transform":{"x":-0.68,"y":1.87,"skX":-15.39,"skY":-15.39}}]},{"name":"star11","display":[{"name":"star1","transform":{"x":1.88,"y":-0.32}}]},{"name":"sp1121211111","display":[{"name":"sp","transform":{"x":0.12,"y":-0.19,"skX":0.14,"skY":0.14},"path":"caidai1"}]},{"name":"sp112121111131","display":[{"name":"sp","transform":{"x":0.12,"y":-0.19,"skX":0.14,"skY":0.14},"path":"caidai1"}]},{"name":"sp111221","display":[{"name":"sp","transform":{"x":0.12,"y":-0.19,"skX":0.14,"skY":0.14},"path":"caidai1"}]},{"name":"sp111","display":[{"name":"sp","transform":{"x":0.12,"y":-0.19,"skX":0.14,"skY":0.14},"path":"caidai1"}]},{"name":"sp1112","display":[{"name":"sp","transform":{"x":0.12,"y":-0.19,"skX":0.14,"skY":0.14}}]},{"name":"sp1121211","display":[{"name":"sp","transform":{"x":0.12,"y":-0.19,"skX":0.14,"skY":0.14}}]},{"name":"sp112121","display":[{"name":"sp","transform":{"x":0.12,"y":-0.19,"skX":0.14,"skY":0.14}}]},{"name":"sp11212111113","display":[{"name":"sp","transform":{"x":0.12,"y":-0.19,"skX":0.14,"skY":0.14},"path":"caidai1"}]},{"name":"sp112111","display":[{"name":"sp","transform":{"x":0.12,"y":-0.19,"skX":0.14,"skY":0.14},"path":"caidai1"}]},{"name":"sp1121","display":[{"name":"sp","transform":{"x":0.12,"y":-0.19,"skX":0.14,"skY":0.14},"path":"caidai1"}]},{"name":"star2111","display":[{"name":"star","transform":{"x":-0.68,"y":1.87,"skX":-15.39,"skY":-15.39}}]}]}],"animation":[{"duration":27,"playTimes":0,"name":"finish","bone":[{"name":"star1","translateFrame":[{"duration":9},{"duration":6,"tweenEasing":0,"x":168.64,"y":-12.5},{"tweenEasing":0,"x":177.35,"y":-7.53},{"duration":7,"tweenEasing":0,"x":-214.63,"y":33.51},{"duration":4,"x":-214.63,"y":46.97}],"rotateFrame":[{"duration":9},{"duration":6,"tweenEasing":0,"rotate":7.26},{"rotate":64.09},{"duration":7,"tweenEasing":0,"rotate":-46.18},{"duration":4,"rotate":-92.97}],"scaleFrame":[{"duration":9},{"duration":6,"tweenEasing":0},{"x":0.01,"y":0.01},{"duration":7,"tweenEasing":0,"x":0.67,"y":0.67},{"duration":4,"x":0.01,"y":0.01}]},{"name":"star","translateFrame":[{"duration":3,"tweenEasing":0,"x":27.16,"y":6.91},{"duration":2,"tweenEasing":0,"x":91.11,"y":-55.45},{"duration":2,"tweenEasing":0,"x":117.1,"y":-74.34},{"duration":6,"tweenEasing":0,"x":133.86,"y":-62.78},{"duration":14,"x":142.99,"y":89.33}],"rotateFrame":[{"duration":3,"tweenEasing":0},{"duration":2,"tweenEasing":0,"rotate":28.6},{"duration":2,"tweenEasing":0,"rotate":62.93},{"duration":6,"tweenEasing":0,"rotate":82.49},{"duration":14,"rotate":176.87}],"scaleFrame":[{"duration":7,"tweenEasing":0},{"duration":6,"tweenEasing":0},{"duration":14,"x":0.18,"y":0.18}]},{"name":"sp","translateFrame":[{"duration":2,"tweenEasing":0},{"duration":3,"tweenEasing":0,"x":-38.55,"y":-27.92},{"duration":3,"tweenEasing":0,"x":-75.69,"y":-61.05},{"duration":10,"tweenEasing":0,"x":-97.45,"y":-34.19},{"duration":9,"tweenEasing":0,"x":-77.84,"y":88.69},{"duration":0,"x":-112.92,"y":197.89}],"rotateFrame":[{"duration":2,"tweenEasing":0},{"duration":3,"tweenEasing":0,"rotate":-10.29},{"duration":3,"tweenEasing":0,"rotate":-75.16},{"duration":19,"tweenEasing":0,"rotate":-106.34},{"duration":0,"rotate":-139.06}],"scaleFrame":[{"duration":2,"tweenEasing":0},{"duration":6,"tweenEasing":0},{"duration":6,"tweenEasing":0,"x":-1},{"duration":7,"tweenEasing":0},{"duration":6,"tweenEasing":0,"x":-1},{"duration":0,"x":0.69,"y":0.69}]},{"name":"star11","translateFrame":[{"duration":7},{"duration":6,"tweenEasing":0,"x":-128.86,"y":-19.81},{"duration":14,"x":-132.94,"y":-12.46}],"rotateFrame":[{"duration":7},{"duration":6,"tweenEasing":0,"rotate":7.26},{"duration":14,"rotate":-28.2}],"scaleFrame":[{"duration":7},{"duration":6,"tweenEasing":0},{"duration":14,"x":0.01,"y":0.01}]},{"name":"star111","translateFrame":[{"duration":19},{"duration":8,"tweenEasing":0,"x":198.71,"y":5.43},{"duration":0,"x":205.24,"y":19.49}],"rotateFrame":[{"duration":19},{"duration":8,"tweenEasing":0,"rotate":7.26},{"duration":0,"rotate":151.11}],"scaleFrame":[{"duration":19},{"duration":8,"tweenEasing":0,"x":0.66,"y":0.66},{"duration":0,"x":0.01,"y":0.01}]},{"name":"star2","translateFrame":[{"duration":2,"tweenEasing":0,"x":-81.48,"y":-12.89},{"duration":2,"tweenEasing":0,"x":-113.34,"y":-38.81},{"duration":2,"tweenEasing":0,"x":-126.37,"y":-48.94},{"duration":6,"tweenEasing":0,"x":-148.09,"y":-40.26},{"duration":15,"x":-174.81,"y":76.39}],"rotateFrame":[{"duration":2,"tweenEasing":0,"rotate":-20.42},{"duration":2,"tweenEasing":0,"rotate":-38.05},{"duration":2,"tweenEasing":0,"rotate":-61.63},{"duration":6,"tweenEasing":0,"rotate":-79.57},{"duration":15,"rotate":-141.61}],"scaleFrame":[{"duration":6,"tweenEasing":0,"x":0.81,"y":0.81},{"duration":6,"tweenEasing":0,"x":0.81,"y":0.81},{"duration":15,"x":0.29,"y":0.29}]},{"name":"star21","translateFrame":[{"duration":2,"tweenEasing":0,"x":16.95,"y":-11.43},{"duration":3,"tweenEasing":0,"x":29.81,"y":-61.67},{"duration":2,"tweenEasing":0,"x":46.55,"y":-77.22},{"duration":7,"tweenEasing":0,"x":72.26,"y":-62.11},{"duration":13,"x":78.55,"y":81.51}],"rotateFrame":[{"duration":2,"tweenEasing":0,"rotate":-33.3},{"duration":3,"tweenEasing":0,"rotate":-16.08},{"duration":2,"tweenEasing":0,"rotate":29.61},{"duration":7,"tweenEasing":0,"rotate":53.99},{"duration":13,"rotate":101.19}],"scaleFrame":[{"duration":2,"tweenEasing":0,"x":0.53,"y":0.53},{"duration":3,"tweenEasing":0,"x":0.73,"y":0.73},{"duration":2,"tweenEasing":0,"x":0.76,"y":0.76},{"duration":7,"tweenEasing":0,"x":0.81,"y":0.81},{"duration":13,"x":0.08,"y":0.08}]},{"name":"star211","translateFrame":[{"duration":2},{"duration":2,"tweenEasing":0,"x":116.12,"y":-47.21},{"duration":2,"tweenEasing":0,"x":157.74,"y":-62.34},{"duration":2,"tweenEasing":0,"x":183.72,"y":-63.5},{"duration":5,"tweenEasing":0,"x":197.1,"y":-47.5},{"duration":14,"x":229.57,"y":81.33}],"rotateFrame":[{"duration":2},{"duration":2,"tweenEasing":0},{"duration":2,"tweenEasing":0,"rotate":34.9},{"duration":2,"tweenEasing":0,"rotate":70.51},{"duration":5,"tweenEasing":0,"rotate":89.62},{"duration":14,"rotate":176.87}],"scaleFrame":[{"duration":2},{"duration":2,"tweenEasing":0,"x":0.91,"y":0.91},{"duration":2,"tweenEasing":0,"x":0.83,"y":0.83},{"duration":2,"tweenEasing":0,"x":0.69,"y":0.69},{"duration":5,"tweenEasing":0,"x":0.69,"y":0.69},{"duration":14,"x":0.03,"y":0.03}]},{"name":"star2111","translateFrame":[{"duration":2,"tweenEasing":0,"x":-51.14,"y":1.65},{"duration":3,"tweenEasing":0,"x":-55.2,"y":-84.36},{"duration":9,"tweenEasing":0,"x":-80.18,"y":-74.23},{"duration":13,"x":-130.87,"y":84.99}],"rotateFrame":[{"duration":2,"tweenEasing":0,"rotate":3.95},{"duration":3,"tweenEasing":0,"rotate":55.34},{"duration":9,"tweenEasing":0,"rotate":15.55},{"duration":13,"rotate":-53.4}],"scaleFrame":[{"duration":2,"tweenEasing":0,"x":0.92,"y":0.92},{"duration":3,"tweenEasing":0},{"duration":9,"tweenEasing":0},{"duration":13,"x":0.1,"y":0.1}]},{"name":"sp1","translateFrame":[{"duration":2,"tweenEasing":0,"x":6.36,"y":-1.82},{"duration":3,"tweenEasing":0,"x":36.03,"y":-32.61},{"duration":21,"tweenEasing":0,"x":63.65,"y":-7.29},{"x":81.86,"y":286.49}],"rotateFrame":[{"duration":2,"tweenEasing":0,"rotate":18.12},{"duration":3,"tweenEasing":0,"rotate":46.45},{"duration":21,"tweenEasing":0,"rotate":-104.59},{"rotate":177.91}],"scaleFrame":[{"duration":2,"tweenEasing":0},{"duration":5,"tweenEasing":0},{"duration":6,"tweenEasing":0,"x":-1},{"duration":7,"tweenEasing":0},{"duration":6,"tweenEasing":0,"x":-1},{"x":0.68,"y":0.68}]},{"name":"sp11","translateFrame":[{"duration":2,"tweenEasing":0,"x":31.43,"y":48.58},{"duration":3,"tweenEasing":0,"x":19.92,"y":73.05},{"duration":14,"tweenEasing":0,"x":27.15,"y":124.07},{"duration":8,"x":14.49,"y":273.43}],"rotateFrame":[{"duration":2,"tweenEasing":0},{"duration":3,"tweenEasing":0,"rotate":26.46},{"duration":14,"tweenEasing":0,"rotate":58.36},{"duration":8,"rotate":80.46}],"scaleFrame":[{"duration":5,"tweenEasing":0},{"duration":7,"tweenEasing":0,"x":-1},{"duration":7,"tweenEasing":0},{"duration":8,"x":-0.44,"y":0.44}]},{"name":"sp111","translateFrame":[{"duration":2,"tweenEasing":0,"x":-41.84,"y":10.81},{"duration":3,"tweenEasing":0,"x":-69.76,"y":23.1},{"duration":12,"tweenEasing":0,"x":-92.26,"y":45.77},{"duration":10,"x":-140.4,"y":200.54}],"rotateFrame":[{"duration":2,"tweenEasing":0},{"duration":3,"tweenEasing":0,"rotate":-23.43},{"duration":12,"tweenEasing":0,"rotate":-47.18},{"duration":10,"rotate":-102.41}],"scaleFrame":[{"duration":5,"tweenEasing":0},{"duration":6,"tweenEasing":0},{"duration":6,"tweenEasing":0,"x":-1},{"duration":10,"x":0.66,"y":0.66}]},{"name":"sp1111","translateFrame":[{"duration":3,"tweenEasing":0,"x":-2.49,"y":-16.72},{"duration":4,"tweenEasing":0,"x":11.75,"y":-44.17},{"duration":15,"tweenEasing":0,"x":36.4,"y":-53.76},{"duration":5,"x":43.25,"y":95.56}],"rotateFrame":[{"duration":3,"tweenEasing":0},{"duration":4,"tweenEasing":0,"rotate":-89.65},{"duration":15,"tweenEasing":0,"rotate":64.33},{"duration":5,"rotate":73.62}],"scaleFrame":[{"duration":3,"tweenEasing":0},{"duration":4,"tweenEasing":0,"y":-1},{"duration":7,"tweenEasing":0},{"duration":8,"tweenEasing":0,"y":-1},{"duration":5,"x":0.49,"y":0.49}]},{"name":"sp112","translateFrame":[{"duration":2,"tweenEasing":0,"x":-39.25,"y":-11.69},{"duration":3,"tweenEasing":0,"x":-93.02,"y":-18.32},{"duration":8,"tweenEasing":0,"x":-122.48,"y":-2.78},{"duration":8,"tweenEasing":0,"x":-160.75,"y":77.46},{"duration":6,"x":-160.78,"y":166.38}],"rotateFrame":[{"duration":2,"tweenEasing":0},{"duration":3,"tweenEasing":0,"rotate":-56.69},{"duration":16,"tweenEasing":0,"rotate":-129.54},{"duration":6,"rotate":148.06}],"scaleFrame":[{"duration":5,"tweenEasing":0},{"duration":5,"tweenEasing":0},{"duration":6,"tweenEasing":0,"x":-1},{"duration":5,"tweenEasing":0},{"duration":6,"x":-0.54,"y":0.55}]},{"name":"sp2","translateFrame":[{"duration":3,"tweenEasing":0,"x":16.43,"y":-60.35},{"duration":7,"tweenEasing":0,"x":27.9,"y":-87.43},{"duration":15,"tweenEasing":0,"x":45.37,"y":-46.93},{"duration":2,"x":45.37,"y":217.48}],"rotateFrame":[{"duration":3,"tweenEasing":0},{"duration":2,"tweenEasing":0,"rotate":13.01},{"duration":20,"tweenEasing":0,"rotate":42.76},{"duration":2,"rotate":67.78}],"scaleFrame":[{"duration":5,"tweenEasing":0},{"duration":8,"tweenEasing":0,"x":-1},{"duration":6,"tweenEasing":0},{"duration":6,"tweenEasing":0,"x":-1},{"duration":2,"x":0.71,"y":0.71}]},{"name":"sp1121","translateFrame":[{"duration":2,"tweenEasing":0,"x":42.68,"y":-44.3},{"duration":3,"tweenEasing":0,"x":84.66,"y":-27.5},{"duration":7,"tweenEasing":0,"x":109.33,"y":4.76},{"duration":8,"tweenEasing":0,"x":88.81,"y":81.69},{"duration":7,"x":111.83,"y":169.6}],"rotateFrame":[{"duration":2,"tweenEasing":0},{"duration":3,"tweenEasing":0,"rotate":49.53},{"duration":15,"tweenEasing":0,"rotate":88.26},{"duration":7,"rotate":161.51}],"scaleFrame":[{"duration":2,"tweenEasing":0},{"duration":3,"tweenEasing":0,"y":-1},{"duration":5,"tweenEasing":0},{"duration":5,"tweenEasing":0,"y":-1},{"duration":5,"tweenEasing":0},{"duration":7,"y":-0.36}]},{"name":"sp11211","translateFrame":[{"duration":5,"tweenEasing":0,"x":-53.29,"y":16.8},{"duration":18,"tweenEasing":0,"x":-81.52,"y":65.38},{"duration":4,"x":-112.94,"y":245.66}],"rotateFrame":[{"duration":2,"tweenEasing":0},{"duration":3,"tweenEasing":0,"rotate":-32.19},{"duration":18,"tweenEasing":0,"rotate":-82.62},{"duration":4,"rotate":-123.62}],"scaleFrame":[{"duration":5,"tweenEasing":0},{"duration":6,"tweenEasing":0,"y":-1},{"duration":6,"tweenEasing":0},{"duration":6,"tweenEasing":0,"y":-1},{"duration":4,"x":0.71,"y":0.71}]},{"name":"sp112111","translateFrame":[{"duration":5,"tweenEasing":0,"x":37.11,"y":46.05},{"duration":10,"tweenEasing":0,"x":66.81,"y":108.69},{"duration":12,"x":102,"y":243.65}],"rotateFrame":[{"duration":2,"tweenEasing":0},{"duration":3,"tweenEasing":0,"rotate":29.57},{"duration":10,"tweenEasing":0,"rotate":67.43},{"duration":12,"rotate":36.09}],"scaleFrame":[{"duration":5,"tweenEasing":0},{"duration":5,"tweenEasing":0,"y":-1},{"duration":5,"tweenEasing":0},{"duration":12,"x":0.66,"y":-0.45}]},{"name":"sp12","translateFrame":[{"duration":2,"tweenEasing":0,"x":-15.11,"y":36.32},{"duration":3,"tweenEasing":0,"x":3.42,"y":68.63},{"duration":15,"tweenEasing":0,"x":4.2,"y":97.73},{"duration":7,"x":5.59,"y":264.38}],"rotateFrame":[{"duration":2,"tweenEasing":0},{"duration":3,"tweenEasing":0,"rotate":41.25},{"duration":15,"tweenEasing":0,"rotate":65.07},{"duration":7,"rotate":107.32}],"scaleFrame":[{"duration":5,"tweenEasing":0},{"duration":5,"tweenEasing":0},{"duration":5,"tweenEasing":0,"y":-1},{"duration":5,"tweenEasing":0},{"duration":7,"x":0.83,"y":-0.83}]},{"name":"sp1112","translateFrame":[{"duration":4,"tweenEasing":0,"x":52.85,"y":34.49},{"duration":15,"tweenEasing":0,"x":98.37,"y":68.4},{"duration":8,"x":113.42,"y":195.33}],"rotateFrame":[{"duration":4,"tweenEasing":0},{"duration":15,"tweenEasing":0,"rotate":20.68},{"duration":8,"rotate":83.72}],"scaleFrame":[{"duration":4,"tweenEasing":0},{"duration":5,"tweenEasing":0,"x":-1},{"duration":5,"tweenEasing":0},{"duration":5,"tweenEasing":0,"x":-1},{"duration":8,"x":0.61,"y":0.61}]},{"name":"sp11121","translateFrame":[{"duration":2,"tweenEasing":0,"x":3.6,"y":-26.04},{"duration":3,"tweenEasing":0,"x":-35.31,"y":-60.48},{"duration":18,"tweenEasing":0,"x":-52.1,"y":-37.23},{"duration":4,"x":-72.77,"y":267.39}],"rotateFrame":[{"duration":2,"tweenEasing":0},{"duration":3,"tweenEasing":0,"rotate":21.95},{"duration":18,"tweenEasing":0,"rotate":-17.87},{"duration":4,"rotate":-51.84}],"scaleFrame":[{"duration":5,"tweenEasing":0},{"duration":6,"tweenEasing":0,"y":-1},{"duration":7,"tweenEasing":0},{"duration":5,"tweenEasing":0,"y":-1},{"duration":4,"x":0.68,"y":0.68}]},{"name":"sp11212","translateFrame":[{"duration":2,"tweenEasing":0,"x":42.68,"y":-44.3},{"duration":3,"tweenEasing":0,"x":84.66,"y":-27.5},{"duration":7,"tweenEasing":0,"x":109.33,"y":4.76},{"duration":8,"tweenEasing":0,"x":88.81,"y":81.69},{"duration":7,"x":111.83,"y":169.6}],"rotateFrame":[{"duration":2,"tweenEasing":0},{"duration":3,"tweenEasing":0,"rotate":49.53},{"duration":15,"tweenEasing":0,"rotate":88.26},{"duration":7,"rotate":161.51}],"scaleFrame":[{"duration":2,"tweenEasing":0},{"duration":3,"tweenEasing":0,"y":-1},{"duration":5,"tweenEasing":0},{"duration":5,"tweenEasing":0,"y":-1},{"duration":12}]},{"name":"sp112121","translateFrame":[{"duration":6,"tweenEasing":0,"x":69.28,"y":-58.91},{"duration":17,"tweenEasing":0,"x":90.59,"y":-10.34},{"duration":4,"x":155.33,"y":288.98}],"rotateFrame":[{"duration":3,"tweenEasing":0,"rotate":-50.09},{"duration":3,"tweenEasing":0,"rotate":-33.04},{"duration":17,"tweenEasing":0,"rotate":-57.75},{"duration":4,"rotate":161.51}],"scaleFrame":[{"duration":3,"tweenEasing":0},{"duration":3,"tweenEasing":0,"x":-1},{"duration":4,"tweenEasing":0,"x":-0.38},{"duration":4,"tweenEasing":0,"x":-1},{"duration":5,"tweenEasing":0,"x":-0.38},{"duration":4,"tweenEasing":0,"x":-1},{"duration":4,"x":0.34,"y":0.34}]},{"name":"sp1121211","translateFrame":[{"duration":2,"tweenEasing":0,"x":42.68,"y":-44.3},{"duration":3,"tweenEasing":0,"x":84.66,"y":-27.5},{"duration":7,"tweenEasing":0,"x":109.33,"y":4.76},{"duration":8,"tweenEasing":0,"x":88.81,"y":81.69},{"duration":7,"x":111.83,"y":169.6}],"rotateFrame":[{"duration":2,"tweenEasing":0},{"duration":3,"tweenEasing":0,"rotate":49.53},{"duration":15,"tweenEasing":0,"rotate":88.26},{"duration":7,"rotate":161.51}],"scaleFrame":[{"duration":2,"tweenEasing":0},{"duration":3,"tweenEasing":0,"y":-1},{"duration":5,"tweenEasing":0},{"duration":5,"tweenEasing":0,"y":-1},{"duration":5,"tweenEasing":0},{"duration":7,"x":0.37,"y":0.37}]},{"name":"sp11212111","translateFrame":[{"duration":2,"tweenEasing":0,"x":51.17,"y":-35.81},{"duration":3,"tweenEasing":0,"x":63.31,"y":-35.45},{"duration":7,"tweenEasing":0,"x":75.78,"y":-65.79},{"duration":8,"tweenEasing":0,"x":82.99,"y":60.48},{"duration":7,"x":51.11,"y":204.79}],"rotateFrame":[{"duration":2,"tweenEasing":0},{"duration":3,"tweenEasing":0,"rotate":49.53},{"duration":15,"tweenEasing":0,"rotate":88.26},{"duration":7,"rotate":161.51}],"scaleFrame":[{"duration":2,"tweenEasing":0},{"duration":3,"tweenEasing":0,"y":-1},{"duration":5,"tweenEasing":0},{"duration":5,"tweenEasing":0,"y":-1},{"duration":5,"tweenEasing":0},{"duration":7,"y":-1}]},{"name":"sp112121111","translateFrame":[{"duration":5},{"duration":5,"tweenEasing":0,"x":33.79,"y":-29.36},{"duration":16,"tweenEasing":0,"x":11.76,"y":-38.38},{"x":-0.5,"y":137.64}],"rotateFrame":[{"duration":5},{"duration":5,"tweenEasing":0,"rotate":-79.25},{"duration":16,"tweenEasing":0,"rotate":-119.29},{"rotate":-145.82}],"scaleFrame":[{"duration":5},{"duration":5,"tweenEasing":0},{"duration":5,"tweenEasing":0,"y":-1},{"duration":6,"tweenEasing":0},{"duration":5,"tweenEasing":0,"y":-1},{"x":0.01,"y":0.01}]},{"name":"sp1121211111","translateFrame":[{"duration":3},{"duration":4,"tweenEasing":0,"x":28.15,"y":-40.52},{"duration":4,"tweenEasing":0,"x":2.76,"y":-55.39},{"duration":13,"tweenEasing":0,"x":-20.49,"y":-27.08},{"duration":3,"x":-49.57,"y":161.29}],"rotateFrame":[{"duration":3},{"duration":4,"tweenEasing":0,"rotate":-79.25},{"duration":4,"tweenEasing":0,"rotate":-117},{"duration":13,"tweenEasing":0,"rotate":-131.07},{"duration":3,"rotate":-159.27}],"scaleFrame":[{"duration":3},{"duration":8,"tweenEasing":0},{"duration":6,"tweenEasing":0,"x":-1.01},{"duration":7,"tweenEasing":0,"x":1.01},{"duration":3,"x":-0.12,"y":0.12}]},{"name":"sp11212111111","translateFrame":[{"duration":3},{"duration":4,"tweenEasing":0,"x":-31.66,"y":-11.32},{"duration":4,"tweenEasing":0,"x":-12.85,"y":-45.7},{"duration":14,"tweenEasing":0,"x":13.6,"y":-21.29},{"duration":2,"x":39.26,"y":175.77}],"rotateFrame":[{"duration":3},{"duration":4,"tweenEasing":0,"rotate":-97.93},{"duration":4,"tweenEasing":0,"rotate":-54.16},{"duration":14,"tweenEasing":0,"rotate":-14.74},{"duration":2,"rotate":-30.57}],"scaleFrame":[{"duration":3},{"duration":4,"tweenEasing":0},{"duration":4,"tweenEasing":0,"x":-1.01},{"duration":7,"tweenEasing":0},{"duration":7,"tweenEasing":0,"x":-1.01},{"duration":2,"x":0.01,"y":0.01}]},{"name":"sp11212111112","translateFrame":[{"duration":3},{"duration":24,"x":28.15,"y":-40.52}],"rotateFrame":[{"duration":3},{"duration":24,"rotate":-79.25}]},{"name":"sp11212111113","translateFrame":[{"duration":3},{"duration":4,"tweenEasing":0,"x":28.15,"y":-40.52},{"duration":4,"tweenEasing":0,"x":2.76,"y":-55.39},{"duration":13,"tweenEasing":0,"x":-20.49,"y":-27.08},{"duration":3,"x":-49.57,"y":161.29}],"rotateFrame":[{"duration":3},{"duration":4,"tweenEasing":0,"rotate":-79.25},{"duration":4,"tweenEasing":0,"rotate":-117},{"duration":13,"tweenEasing":0,"rotate":-131.07},{"duration":3,"rotate":-159.27}],"scaleFrame":[{"duration":3},{"duration":8,"tweenEasing":0},{"duration":6,"tweenEasing":0,"x":-1.01},{"duration":7,"tweenEasing":0,"x":1.01},{"duration":3,"x":-0.12,"y":0.12}]},{"name":"sp112121111131","translateFrame":[{"duration":6},{"duration":4,"tweenEasing":0,"x":21.29,"y":-25.85},{"duration":16,"tweenEasing":0,"x":30.19,"y":2.24},{"x":15.62,"y":169.11}],"rotateFrame":[{"duration":6},{"duration":4,"tweenEasing":0,"rotate":-79.25},{"duration":16,"tweenEasing":0,"rotate":-40.56},{"rotate":-48.34}],"scaleFrame":[{"duration":6},{"duration":4,"tweenEasing":0},{"duration":5,"tweenEasing":0,"y":-1},{"duration":6,"tweenEasing":0},{"duration":5,"tweenEasing":0,"y":-1},{"x":0.41,"y":0.41}]},{"name":"sp11122","translateFrame":[{"duration":4},{"duration":4,"tweenEasing":0,"x":71.02,"y":-14.66},{"duration":4,"tweenEasing":0,"x":47.82,"y":-41.49},{"duration":15,"tweenEasing":0,"x":42.75,"y":-24.76},{"duration":0,"x":24.77,"y":172.65}],"rotateFrame":[{"duration":4},{"duration":4,"tweenEasing":0,"rotate":-45.18},{"duration":4,"tweenEasing":0,"rotate":-66.19},{"duration":15,"tweenEasing":0,"rotate":-61.19},{"duration":0,"rotate":-78.39}],"scaleFrame":[{"duration":4},{"duration":4,"tweenEasing":0},{"duration":4,"tweenEasing":0,"y":-1},{"duration":7,"tweenEasing":0},{"duration":8,"tweenEasing":0,"y":-1},{"duration":0,"x":0.35,"y":0.35}]},{"name":"sp111221","translateFrame":[{"duration":6},{"duration":19,"tweenEasing":0,"x":-13.62,"y":-6.03},{"duration":2,"x":-36.71,"y":190.86}],"rotateFrame":[{"duration":6},{"duration":19,"tweenEasing":0,"rotate":5.84},{"duration":2,"rotate":-36.38}],"scaleFrame":[{"duration":6},{"duration":4,"tweenEasing":0},{"duration":5,"tweenEasing":0,"y":-1},{"duration":5,"tweenEasing":0},{"duration":5,"tweenEasing":0,"y":-1},{"duration":2,"x":0.48,"y":0.48}]}],"slot":[{"name":"star","displayFrame":[{"duration":13},{"duration":14,"value":-1}]},{"name":"star1","displayFrame":[{"duration":9,"value":-1},{"duration":6},{"value":-1},{"duration":7},{"duration":4,"value":-1}]},{"name":"sp","colorFrame":[{"duration":21,"tweenEasing":0,"value":{"rM":0,"gM":43,"bM":96}},{"duration":6,"tweenEasing":0,"value":{"rM":0,"gM":43,"bM":96}},{"duration":0,"value":{"aM":0,"rM":0,"gM":43,"bM":96}}]},{"name":"star11","displayFrame":[{"duration":7,"value":-1},{"duration":6},{"duration":14,"value":-1}]},{"name":"star111","displayFrame":[{"duration":19,"value":-1},{"duration":8},{"duration":0,"value":-1}]},{"name":"star2","displayFrame":[{"duration":12},{"duration":15,"value":-1}]},{"name":"star21","displayFrame":[{"duration":14},{"duration":13,"value":-1}]},{"name":"star211","displayFrame":[{"duration":2,"value":-1},{"duration":11},{"duration":14,"value":-1}]},{"name":"star2111","displayFrame":[{"duration":14},{"duration":13,"value":-1}]},{"name":"sp1","colorFrame":[{"duration":20,"tweenEasing":0,"value":{"rM":0,"gM":43,"bM":96}},{"duration":6,"tweenEasing":0,"value":{"rM":0,"gM":43,"bM":96}},{"value":{"aM":0,"rM":0,"gM":43,"bM":96}}]},{"name":"sp11","colorFrame":[{"duration":12,"tweenEasing":0,"value":{"rM":0,"gM":43,"bM":96}},{"duration":7,"tweenEasing":0,"value":{"rM":0,"gM":43,"bM":96}},{"duration":8,"value":{"aM":0,"rM":0,"gM":43,"bM":96}}]},{"name":"sp111","colorFrame":[{"duration":11,"tweenEasing":0,"value":{"rM":36,"gM":0,"bM":87}},{"duration":6,"tweenEasing":0,"value":{"rM":36,"gM":0,"bM":87}},{"duration":10,"value":{"aM":0,"rM":36,"gM":0,"bM":87}}]},{"name":"sp1111","colorFrame":[{"duration":17,"tweenEasing":0,"value":{"rM":0,"gM":42,"bM":95}},{"duration":5,"tweenEasing":0,"value":{"rM":0,"gM":42,"bM":95}},{"duration":5,"value":{"aM":0,"rM":0,"gM":42,"bM":95}}]},{"name":"sp112","colorFrame":[{"duration":16,"tweenEasing":0,"value":{"rM":0,"gM":42,"bM":95}},{"duration":5,"tweenEasing":0,"value":{"rM":0,"gM":42,"bM":95}},{"duration":6,"value":{"aM":0,"rM":0,"gM":42,"bM":95}}]},{"name":"sp2","colorFrame":[{"duration":19,"tweenEasing":0,"value":{"rM":0,"gM":43,"bM":96}},{"duration":6,"tweenEasing":0,"value":{"rM":0,"gM":43,"bM":96}},{"duration":2,"value":{"aM":0,"rM":0,"gM":43,"bM":96}}]},{"name":"sp1121","colorFrame":[{"duration":15,"tweenEasing":0,"value":{"rM":0,"gM":42,"bM":95}},{"duration":5,"tweenEasing":0,"value":{"rM":0,"gM":42,"bM":95}},{"duration":7,"value":{"aM":0,"rM":0,"gM":42,"bM":95}}]},{"name":"sp11211","colorFrame":[{"duration":17,"tweenEasing":0,"value":{"rM":0,"bM":91}},{"duration":6,"tweenEasing":0,"value":{"rM":0,"bM":91}},{"duration":4,"value":{"aM":0,"rM":0,"bM":91}}]},{"name":"sp112111","colorFrame":[{"duration":10,"tweenEasing":0,"value":{"rM":0,"gM":42,"bM":95}},{"duration":5,"tweenEasing":0,"value":{"rM":0,"gM":42,"bM":95}},{"duration":12,"value":{"aM":0,"rM":0,"gM":42,"bM":95}}]},{"name":"sp12","colorFrame":[{"duration":15,"tweenEasing":0,"value":{"rM":36,"gM":0,"bM":87}},{"duration":5,"tweenEasing":0,"value":{"rM":36,"gM":0,"bM":87}},{"duration":7,"value":{"aM":0,"rM":36,"gM":0,"bM":87}}]},{"name":"sp1112","colorFrame":[{"duration":14,"tweenEasing":0,"value":{"rM":36,"gM":0,"bM":87}},{"duration":5,"tweenEasing":0,"value":{"rM":36,"gM":0,"bM":87}},{"duration":8,"value":{"aM":0,"rM":36,"gM":0,"bM":87}}]},{"name":"sp11121","colorFrame":[{"duration":18,"tweenEasing":0,"value":{"rM":36,"gM":0,"bM":87}},{"duration":5,"tweenEasing":0,"value":{"rM":36,"gM":0,"bM":87}},{"duration":4,"value":{"aM":0,"rM":36,"gM":0,"bM":87}}]},{"name":"sp11212","colorFrame":[{"duration":15,"tweenEasing":0,"value":{"rM":0,"gM":42,"bM":95}},{"duration":5,"tweenEasing":0,"value":{"rM":0,"gM":42,"bM":95}},{"duration":7,"value":{"aM":0,"rM":0,"gM":42,"bM":95}}]},{"name":"sp112121","displayFrame":[{"duration":23},{"duration":4,"value":-1}],"colorFrame":[{"duration":27,"value":{"rM":99,"gM":43,"bM":0}}]},{"name":"sp1121211","displayFrame":[{"duration":20},{"duration":7,"value":-1}],"colorFrame":[{"duration":27,"value":{"rM":0,"gM":99,"bM":90}}]},{"name":"sp11212111","colorFrame":[{"duration":15,"tweenEasing":0,"value":{"rM":99,"gM":43,"bM":0}},{"duration":5,"tweenEasing":0,"value":{"rM":99,"gM":43,"bM":0}},{"duration":7,"value":{"aM":0,"rM":99,"gM":43,"bM":0}}]},{"name":"sp112121111","displayFrame":[{"duration":5,"value":-1},{"duration":21},{"value":-1}],"colorFrame":[{"duration":5},{"duration":22,"value":{"rM":0,"bM":91}}]},{"name":"sp1121211111","displayFrame":[{"duration":3,"value":-1},{"duration":21},{"duration":3,"value":-1}],"colorFrame":[{"duration":3},{"duration":24,"value":{"rM":97,"gM":41,"bM":0}}]},{"name":"sp11212111111","displayFrame":[{"duration":3,"value":-1},{"duration":22},{"duration":2,"value":-1}],"colorFrame":[{"duration":3},{"duration":24,"value":{"rM":0,"bM":91}}]},{"name":"sp11212111112","displayFrame":[{"duration":27,"value":-1}],"colorFrame":[{"duration":3},{"duration":24,"value":{"rM":97,"gM":41,"bM":0}}]},{"name":"sp11212111113","displayFrame":[{"duration":3,"value":-1},{"duration":21},{"duration":3,"value":-1}],"colorFrame":[{"duration":3},{"duration":24,"value":{"rM":97,"gM":41,"bM":0}}]},{"name":"sp112121111131","displayFrame":[{"duration":6,"value":-1},{"duration":20},{"value":-1}],"colorFrame":[{"duration":6},{"duration":21,"value":{"rM":97,"gM":41,"bM":0}}]},{"name":"sp11122","displayFrame":[{"duration":27},{"duration":0,"value":-1}],"colorFrame":[{"duration":4},{"duration":23,"value":{"rM":36,"gM":0,"bM":87}}]},{"name":"sp111221","displayFrame":[{"duration":6,"value":-1},{"duration":19},{"duration":2,"value":-1}],"colorFrame":[{"duration":6},{"duration":21,"value":{"rM":99,"gM":42,"bM":0}}]}]}],"defaultActions":[{"gotoAndPlay":"finish"}]}]}