[
  {
    "__type__": "cc.AnimationClip",
    "_name": "ball_idle",
    "_objFlags": 0,
    "_native": "",
    "sample": 60,
    "speed": 0.5,
    "wrapMode": 22,
    "_curves": [
      {
        "modifiers": [
          {
            "__id__": 1
          },
          "position"
        ],
        "data": {
          "keys": 0,
          "values": [
            {
              "__type__": "cc.Vec3",
              "x": 0,
              "y": 0,
              "z": 0
            },
            {
              "__type__": "cc.Vec3",
              "x": 0,
              "y": 0,
              "z": 0.1
            }
          ],
          "easingMethods": [
            null,
            null
          ]
        }
      }
    ],
    "events": [],
    "_duration": 0.25,
    "_keys": [
      [
        0,
        0.25
      ]
    ],
    "_stepness": 0
  },
  {
    "__type__": "cc.HierachyModifier",
    "path": "RootNode (gltf orientation matrix)/RootNode (model correction matrix)/Root/Sphere/Sphere_0"
  }
]