{"frameRate":24,"name":"prompt","version":"5.5","compatibleVersion":"5.5","armature":[{"type":"MovieClip","frameRate":24,"name":"root","bone":[{"name":"root"},{"name":"icon","parent":"root"},{"name":"icon_2","parent":"root"},{"name":"pot","parent":"root"},{"name":"pot1","parent":"root"},{"name":"pot2","parent":"root"},{"name":"pot3","parent":"root"},{"name":"pot4","parent":"root"},{"name":"pot5","parent":"root"},{"name":"pot6","parent":"root"}],"slot":[{"displayIndex":-1,"name":"icon","parent":"icon"},{"displayIndex":-1,"name":"icon_2","parent":"icon_2"},{"displayIndex":-1,"name":"pot2","parent":"pot2"},{"displayIndex":-1,"name":"pot","parent":"pot"},{"displayIndex":-1,"name":"pot1","parent":"pot1"},{"displayIndex":-1,"name":"pot3","parent":"pot3"},{"displayIndex":-1,"name":"pot4","parent":"pot4"},{"displayIndex":-1,"name":"pot5","parent":"pot5"},{"displayIndex":-1,"name":"pot6","parent":"pot6"}],"skin":[{"slot":[{"name":"pot5","display":[{"name":"pot","transform":{"x":3.26,"y":0.2}}]},{"name":"pot4","display":[{"name":"pot","transform":{"x":3.18}}]},{"name":"pot","display":[{"name":"pot","transform":{"x":-2.17}}]},{"name":"pot3","display":[{"name":"pot","transform":{"x":-2.73,"y":-0.16}}]},{"name":"pot2","display":[{"name":"pot","transform":{"x":-3.14,"y":0.15}}]},{"name":"icon_2","display":[{"name":"icon_2","transform":{"x":0.08,"y":-21.14,"scX":1.0285,"scY":1.0285}}]},{"name":"pot6","display":[{"name":"pot","transform":{"x":-3.81}}]},{"name":"icon","display":[{"name":"icon"}]},{"name":"pot1","display":[{"name":"pot","transform":{"x":-3.08,"y":0.14}}]}]}],"animation":[{"duration":0,"playTimes":0,"name":"normal","bone":[{"name":"icon","translateFrame":[{"duration":0,"x":0.67,"y":1.76}]}],"slot":[{"name":"icon","displayFrame":[{"duration":0}]}]},{"duration":32,"playTimes":0,"name":"prompt","bone":[{"name":"icon_2","translateFrame":[{"duration":32,"x":0.66,"y":22.2}],"rotateFrame":[{"duration":3,"tweenEasing":0},{"duration":4,"tweenEasing":0,"rotate":-5.97},{"duration":4,"tweenEasing":0,"rotate":6.72},{"duration":5,"tweenEasing":0,"rotate":-7.09},{"duration":4,"tweenEasing":0,"rotate":9.5},{"duration":12}],"scaleFrame":[{"duration":32,"x":0.97,"y":0.97}]},{"name":"pot","translateFrame":[{"duration":16},{"duration":5,"tweenEasing":0,"x":-19.4,"y":-7.98},{"duration":7,"tweenEasing":0,"x":-29.54,"y":-7.98},{"duration":4,"x":-49.51,"y":-7.93}],"scaleFrame":[{"duration":16},{"duration":5,"tweenEasing":0,"x":0.3,"y":0.5},{"duration":7,"tweenEasing":0,"x":1.81},{"duration":4,"x":0.01,"y":0.5}]},{"name":"pot1","translateFrame":[{"duration":16},{"duration":5,"tweenEasing":0,"x":-16,"y":-17.42},{"duration":7,"tweenEasing":0,"x":-22.77,"y":-21.4},{"duration":4,"x":-43.14,"y":-32.51}],"rotateFrame":[{"duration":16},{"duration":16,"rotate":30}],"scaleFrame":[{"duration":16},{"duration":5,"tweenEasing":0,"x":0.3,"y":0.5},{"duration":7,"tweenEasing":0,"x":1.81},{"duration":4,"x":0.01,"y":0.5}]},{"name":"pot2","translateFrame":[{"duration":16},{"duration":5,"tweenEasing":0,"x":-16.1,"y":1.93},{"duration":7,"tweenEasing":0,"x":-26,"y":7.88},{"duration":4,"x":-44.8,"y":19.52}],"rotateFrame":[{"duration":16},{"duration":16,"rotate":-30}],"scaleFrame":[{"duration":16},{"duration":5,"tweenEasing":0,"x":0.3,"y":0.5},{"duration":7,"tweenEasing":0,"x":1.81},{"duration":4,"x":0.01,"y":0.5}]},{"name":"pot3","translateFrame":[{"duration":16},{"duration":5,"tweenEasing":0,"x":17.69,"y":-17.81},{"duration":7,"tweenEasing":0,"x":24.34,"y":-21.68},{"duration":4,"x":44.25,"y":-34.52}],"rotateFrame":[{"duration":16},{"duration":16,"rotate":150}],"scaleFrame":[{"duration":16},{"duration":5,"tweenEasing":0,"x":0.3,"y":0.5},{"duration":7,"tweenEasing":0,"x":1.81},{"duration":4,"x":0.01,"y":0.5}]},{"name":"pot4","translateFrame":[{"duration":16},{"duration":5,"tweenEasing":0,"x":20.13,"y":-7.9},{"duration":7,"tweenEasing":0,"x":31.04,"y":-6.84},{"duration":4,"x":50.39,"y":-8.26}],"scaleFrame":[{"duration":16},{"duration":5,"tweenEasing":0,"x":0.3,"y":0.5},{"duration":7,"tweenEasing":0,"x":1.81},{"duration":4,"x":0.01,"y":0.5}]},{"name":"pot5","translateFrame":[{"duration":16},{"duration":5,"tweenEasing":0,"x":17.57,"y":1.83},{"duration":7,"tweenEasing":0,"x":27.29,"y":10.06},{"duration":4,"x":41.49,"y":19.84}],"rotateFrame":[{"duration":16},{"duration":16,"rotate":30}],"scaleFrame":[{"duration":16},{"duration":5,"tweenEasing":0,"x":0.3,"y":0.5},{"duration":7,"tweenEasing":0,"x":1.81},{"duration":4,"x":0.01,"y":0.5}]},{"name":"pot6","translateFrame":[{"duration":16},{"duration":5,"tweenEasing":0,"y":-24.13},{"duration":7,"tweenEasing":0,"y":-28.82},{"duration":4,"y":-52.97}],"rotateFrame":[{"duration":16},{"duration":16,"rotate":90}],"scaleFrame":[{"duration":16},{"duration":5,"tweenEasing":0,"x":0.3,"y":0.5},{"duration":7,"tweenEasing":0,"x":1.81},{"duration":4,"x":0.01,"y":0.5}]}],"slot":[{"name":"icon_2","displayFrame":[{"duration":32}]},{"name":"pot","displayFrame":[{"duration":16,"value":-1},{"duration":13},{"duration":3,"value":-1}]},{"name":"pot1","displayFrame":[{"duration":16,"value":-1},{"duration":13},{"duration":3,"value":-1}]},{"name":"pot2","displayFrame":[{"duration":16,"value":-1},{"duration":13},{"duration":3,"value":-1}]},{"name":"pot3","displayFrame":[{"duration":16,"value":-1},{"duration":13},{"duration":3,"value":-1}]},{"name":"pot4","displayFrame":[{"duration":16,"value":-1},{"duration":13},{"duration":3,"value":-1}]},{"name":"pot5","displayFrame":[{"duration":16,"value":-1},{"duration":13},{"duration":3,"value":-1}]},{"name":"pot6","displayFrame":[{"duration":16,"value":-1},{"duration":13},{"duration":3,"value":-1}]}]}],"defaultActions":[{"gotoAndPlay":"normal"}]}]}