{
  "__type__": "cc.JsonAsset",
  "_name": "events",
  "_objFlags": 0,
  "_native": "",
  "json": {
    "events": [
      {
        "Id": 1,
        "type": 1,
        "name": 5000,
        "desId": 1001,
        "cost": [
          [
            1000,
            5,
            10010
          ],
          [
            1000,
            20000,
            10011
          ]
        ],
        "Yresult": [
          [
            1001,
            10000,
            0,
            10012
          ],
          [
            1003,
            -5,
            0,
            10013
          ]
        ],
        "Nresult": [
          [
            1003,
            -5,
            0,
            10014
          ],
          [
            1002,
            10,
            0,
            10015
          ]
        ]
      },
      {
        "Id": 2,
        "type": 1,
        "name": 5000,
        "desId": 1002,
        "cost": [
          [
            1000,
            20000,
            10020
          ],
          [
            1000,
            3,
            10021
          ]
        ],
        "Yresult": [
          [
            1003,
            5,
            0,
            10022
          ],
          [
            1003,
            -5,
            0,
            10023
          ]
        ],
        "Nresult": [
          [
            1003,
            -5,
            0,
            10024
          ],
          [
            1003,
            20,
            0,
            10025
          ]
        ]
      },
      {
        "Id": 3,
        "type": 1,
        "name": 5000,
        "desId": 1003,
        "cost": [
          [
            1000,
            20000,
            10030
          ],
          [
            1000,
            10000,
            10031
          ]
        ],
        "Yresult": [
          [
            1003,
            5,
            0,
            10032
          ],
          [
            1002,
            -10,
            0,
            10033
          ]
        ],
        "Nresult": [
          [
            1001,
            -10000,
            2,
            10034
          ],
          [
            1004,
            5,
            2,
            10035
          ]
        ]
      },
      {
        "Id": 4,
        "type": 1,
        "name": 5000,
        "desId": 1004,
        "cost": [
          [
            1001,
            50000,
            10040
          ],
          [
            1000,
            2000,
            10041
          ]
        ],
        "Yresult": [
          [
            1003,
            5,
            0,
            10042
          ],
          [
            1001,
            -20000,
            0,
            10043
          ]
        ],
        "Nresult": [
          [
            1000,
            20,
            2,
            10044
          ],
          [
            1000,
            20,
            2,
            10045
          ]
        ]
      },
      {
        "Id": 5,
        "type": 1,
        "name": 5000,
        "desId": 1005,
        "cost": [
          [
            1000,
            5,
            10050
          ],
          [
            1001,
            5000,
            10051
          ]
        ],
        "Yresult": [
          [
            1003,
            5,
            0,
            10052
          ],
          [
            1002,
            -15,
            0,
            10053
          ]
        ],
        "Nresult": [
          [
            1003,
            10,
            2,
            10054
          ],
          [
            1003,
            10,
            2,
            10055
          ]
        ]
      },
      {
        "Id": 6,
        "type": 1,
        "name": 5000,
        "desId": 1006,
        "cost": [
          [
            1000,
            5000,
            10060
          ],
          [
            1000,
            5000,
            10061
          ]
        ],
        "Yresult": [
          [
            1003,
            10,
            0,
            10062
          ],
          [
            1001,
            -10000,
            0,
            10063
          ]
        ],
        "Nresult": [
          [
            1003,
            15,
            0,
            10064
          ],
          [
            1003,
            15,
            0,
            10065
          ]
        ]
      },
      {
        "Id": 7,
        "type": 1,
        "name": 5000,
        "desId": 1007,
        "cost": [
          [
            1001,
            5000,
            10070
          ],
          [
            1001,
            20000,
            10071
          ]
        ],
        "Yresult": [
          [
            1003,
            5,
            0,
            10072
          ],
          [
            1003,
            -5,
            0,
            10073
          ]
        ],
        "Nresult": [
          [
            1003,
            15,
            0,
            10074
          ],
          [
            1003,
            15,
            0,
            10075
          ]
        ]
      },
      {
        "Id": 8,
        "type": 1,
        "name": 5000,
        "desId": 1008,
        "cost": [
          [
            1000,
            20000,
            10080
          ],
          [
            1000,
            20000,
            10081
          ]
        ],
        "Yresult": [
          [
            1002,
            -10,
            0,
            10082
          ],
          [
            1004,
            10,
            3,
            10083
          ]
        ],
        "Nresult": [
          [
            1003,
            15,
            0,
            10084
          ],
          [
            1003,
            15,
            0,
            10085
          ]
        ]
      },
      {
        "Id": 9,
        "type": 1,
        "name": 5000,
        "desId": 1009,
        "cost": [
          [
            1001,
            100000,
            10090
          ],
          [
            1000,
            20000,
            10091
          ]
        ],
        "Yresult": [
          [
            1002,
            -20,
            0,
            10092
          ],
          [
            1001,
            500000,
            0,
            10093
          ]
        ],
        "Nresult": [
          [
            1003,
            -5,
            0,
            10094
          ],
          [
            1001,
            10000,
            0,
            10095
          ]
        ]
      },
      {
        "Id": 10,
        "type": 1,
        "name": 5000,
        "desId": 1010,
        "cost": [
          [
            1000,
            5000,
            10100
          ],
          [
            1000,
            5000,
            10101
          ]
        ],
        "Yresult": [
          [
            1002,
            5,
            0,
            10102
          ],
          [
            1001,
            -10000,
            0,
            10103
          ]
        ],
        "Nresult": [
          [
            1001,
            -5000,
            0,
            10104
          ],
          [
            1002,
            10,
            0,
            10105
          ]
        ]
      },
      {
        "Id": 11,
        "type": 1,
        "name": 5000,
        "desId": 1011,
        "cost": [
          [
            1001,
            10000,
            10110
          ],
          [
            1000,
            20000,
            10111
          ]
        ],
        "Yresult": [
          [
            1003,
            10,
            0,
            10112
          ],
          [
            1003,
            5,
            0,
            10113
          ]
        ],
        "Nresult": [
          [
            1001,
            -50000,
            0,
            10114
          ],
          [
            1003,
            10,
            2,
            10115
          ]
        ]
      },
      {
        "Id": 12,
        "type": 1,
        "name": 5000,
        "desId": 1012,
        "cost": [
          [
            1000,
            20000,
            10120
          ],
          [
            1001,
            10000,
            10121
          ]
        ],
        "Yresult": [
          [
            1003,
            -10,
            0,
            10122
          ],
          [
            1001,
            -20000,
            0,
            10123
          ]
        ],
        "Nresult": [
          [
            1003,
            10,
            0,
            10124
          ],
          [
            1003,
            10,
            0,
            10125
          ]
        ]
      },
      {
        "Id": 13,
        "type": 1,
        "name": 5000,
        "desId": 1013,
        "cost": [
          [
            1000,
            20000,
            10130
          ],
          [
            1000,
            10000,
            10131
          ]
        ],
        "Yresult": [
          [
            1001,
            -10000,
            0,
            10132
          ],
          [
            1001,
            -10000,
            0,
            10133
          ]
        ],
        "Nresult": [
          [
            1001,
            20000,
            0,
            10134
          ],
          [
            1001,
            20000,
            0,
            10135
          ]
        ]
      },
      {
        "Id": 14,
        "type": 1,
        "name": 5000,
        "desId": 1014,
        "cost": [
          [
            1000,
            5000,
            10140
          ],
          [
            1000,
            5000,
            10141
          ]
        ],
        "Yresult": [
          [
            1003,
            -10,
            0,
            10142
          ],
          [
            1003,
            -10,
            0,
            10143
          ]
        ],
        "Nresult": [
          [
            1001,
            -10000,
            0,
            10144
          ],
          [
            1001,
            -10000,
            0,
            10145
          ]
        ]
      },
      {
        "Id": 15,
        "type": 1,
        "name": 5000,
        "desId": 1015,
        "cost": [
          [
            1000,
            5,
            10150
          ],
          [
            1000,
            20000,
            10151
          ]
        ],
        "Yresult": [
          [
            1001,
            -5000,
            0,
            10152
          ],
          [
            1003,
            10,
            0,
            10153
          ]
        ],
        "Nresult": [
          [
            1001,
            -10000,
            0,
            10154
          ],
          [
            1003,
            10,
            0,
            10155
          ]
        ]
      },
      {
        "Id": 16,
        "type": 1,
        "name": 5000,
        "desId": 1016,
        "cost": [
          [
            1000,
            5000,
            10160
          ],
          [
            1000,
            20000,
            10161
          ]
        ],
        "Yresult": [
          [
            1003,
            10,
            0,
            10162
          ],
          [
            1001,
            -10000,
            0,
            10163
          ]
        ],
        "Nresult": [
          [
            1002,
            -20,
            2,
            10164
          ],
          [
            1003,
            -20,
            2,
            10165
          ]
        ]
      },
      {
        "Id": 17,
        "type": 1,
        "name": 5000,
        "desId": 1017,
        "cost": [
          [
            1000,
            5000,
            10170
          ],
          [
            1000,
            5000,
            10171
          ]
        ],
        "Yresult": [
          [
            1001,
            50000,
            0,
            10172
          ],
          [
            1001,
            -20000,
            0,
            10173
          ]
        ],
        "Nresult": [
          [
            1001,
            50000,
            0,
            10174
          ],
          [
            1001,
            -30000,
            0,
            10175
          ]
        ]
      },
      {
        "Id": 18,
        "type": 1,
        "name": 5000,
        "desId": 1018,
        "cost": [
          [
            1000,
            5,
            10180
          ],
          [
            1000,
            20000,
            10181
          ]
        ],
        "Yresult": [
          [
            1003,
            -10,
            0,
            10182
          ],
          [
            1003,
            -10,
            0,
            10183
          ]
        ],
        "Nresult": [
          [
            1003,
            20,
            0,
            10184
          ],
          [
            1003,
            10,
            0,
            10185
          ]
        ]
      },
      {
        "Id": 19,
        "type": 1,
        "name": 5000,
        "desId": 1019,
        "cost": [
          [
            1001,
            50000,
            10190
          ],
          [
            1001,
            10000,
            10191
          ]
        ],
        "Yresult": [
          [
            1003,
            50,
            0,
            10192
          ],
          [
            1003,
            50,
            0,
            10193
          ]
        ],
        "Nresult": [
          [
            1003,
            10,
            2,
            10194
          ],
          [
            1003,
            10,
            2,
            10195
          ]
        ]
      },
      {
        "Id": 20,
        "type": 2,
        "name": 5000,
        "desId": 1020,
        "cost": [
          [
            1001,
            -50000,
            10200
          ],
          [
            1000,
            10000,
            10201
          ]
        ],
        "Yresult": [
          [
            1008,
            1,
            5,
            10202
          ],
          [
            1008,
            1,
            5,
            10203
          ]
        ],
        "Nresult": [
          [
            1002,
            -5,
            2,
            10204
          ],
          [
            1002,
            -5,
            2,
            10205
          ]
        ]
      },
      {
        "Id": 21,
        "type": 2,
        "name": 5000,
        "desId": 1021,
        "cost": [
          [
            1001,
            -50000,
            10210
          ],
          [
            1000,
            10000,
            10211
          ]
        ],
        "Yresult": [
          [
            1008,
            5,
            2,
            10212
          ],
          [
            1008,
            5,
            2,
            10213
          ]
        ],
        "Nresult": [
          [
            1002,
            -5,
            2,
            10214
          ],
          [
            1002,
            -5,
            2,
            10215
          ]
        ]
      },
      {
        "Id": 22,
        "type": 2,
        "name": 5000,
        "desId": 1022,
        "cost": [
          [
            1001,
            -50000,
            10220
          ],
          [
            1000,
            10000,
            10221
          ]
        ],
        "Yresult": [
          [
            1008,
            2,
            3,
            10222
          ],
          [
            1008,
            2,
            3,
            10223
          ]
        ],
        "Nresult": [
          [
            1002,
            -5,
            2,
            10224
          ],
          [
            1002,
            -5,
            2,
            10225
          ]
        ]
      },
      {
        "Id": 23,
        "type": 2,
        "name": 5000,
        "desId": 1023,
        "cost": [
          [
            1001,
            -50000,
            10230
          ],
          [
            1000,
            10000,
            10231
          ]
        ],
        "Yresult": [
          [
            1008,
            3,
            4,
            10232
          ],
          [
            1008,
            3,
            4,
            10233
          ]
        ],
        "Nresult": [
          [
            1002,
            -5,
            2,
            10234
          ],
          [
            1002,
            -5,
            2,
            10235
          ]
        ]
      },
      {
        "Id": 24,
        "type": 2,
        "name": 5000,
        "desId": 1024,
        "cost": [
          [
            1001,
            -50000,
            10240
          ],
          [
            1000,
            10000,
            10241
          ]
        ],
        "Yresult": [
          [
            1008,
            0.2,
            1,
            10242
          ],
          [
            1008,
            0.2,
            1,
            10243
          ]
        ],
        "Nresult": [
          [
            1002,
            -5,
            2,
            10244
          ],
          [
            1002,
            -5,
            2,
            10245
          ]
        ]
      }
    ]
  }
}