{
  "appKey": "",
  "appSecret": "",
  "excludeScenes": [],
  "includeAnySDK": false,
  "includeSdk": [
    "anysdk"
  ],
  "inlineSpriteFrames": true,
  "mergeStartScene": false,
  "oauthLoginServer": "",
  "orientation": {
    "landscapeLeft": true,
    "landscapeRight": true,
    "portrait": false,
    "upsideDown": false
  },
  "packageName": "org.cocos2d.helloworld",
  "privateKey": "",
  "renderMode": "0",
  "startScene": "6c4cd00f-f803-4fb0-b307-421bcb0d5e6a",
  "title": "shjdpk",
  "webOrientation": "auto"
}