{
  "version": "1.1.1",
  "windows": {
    "main": {
      "main": true,
      "url": "app://editor/index.html",
      "windowType": "dockable",
      "x": -8,
      "y": -8,
      "width": 1936,
      "height": 1056,
      "layout": {
        "children": [
          {
            "children": [
              {
                "active": 0,
                "children": [
                  "hierarchy"
                ],
                "height": 412.09375,
                "type": "panel",
                "width": 310
              },
              {
                "active": 0,
                "children": [
                  "assets"
                ],
                "height": 522.125,
                "type": "panel",
                "width": 310
              }
            ],
            "height": 936.21875,
            "type": "dock-v",
            "width": 310
          },
          {
            "children": [
              {
                "active": 1,
                "children": [
                  "scene",
                  "builder"
                ],
                "height": 668.140625,
                "type": "panel",
                "width": 1144
              },
              {
                "active": 0,
                "children": [
                  "console",
                  "timeline"
                ],
                "height": 266.0625,
                "type": "panel",
                "width": 1144
              }
            ],
            "height": 936.21875,
            "type": "dock-v",
            "width": 1144
          },
          {
            "active": 1,
            "children": [
              "node-library",
              "inspector",
              "cocos-services"
            ],
            "height": 936.21875,
            "type": "panel",
            "width": 462
          }
        ],
        "type": "dock-h"
      },
      "panels": [
        "hierarchy",
        "assets",
        "node-library",
        "console",
        "timeline",
        "inspector",
        "cocos-services",
        "scene",
        "builder"
      ]
    }
  },
  "panels": {
    "builder": {
      "x": 627,
      "y": 141,
      "width": 670,
      "height": 738
    }
  }
}