﻿[{
		"id": "1",
		"idiom": "否极泰来",
		"explain": "逆境达到极点，就会向顺境转化。指坏运到了头好运就来了。",
		"source": "《易·否》：“否之匪人，不利君子贞，大往小来。”《易·泰》：“泰，小往大来，吉亨。”"
	},
	{
		"id": "2",
		"idiom": "尽如人意",
		"explain": " 尽：人；如：依照，符合。事情完全符合人的心意。",
		"source": "宋·刘克庄《后村全集·李艮翁礼部墓志铭》：“然议者但以为恩泽侯挟贵临民，安得尽如人意。”"
	},
	{
		"id": "3",
		"idiom": "花好月圆",
		"explain": "花儿正盛开，月亮正圆满。比喻美好圆满。",
		"source": "宋·晁端礼《行香子》词：“莫思身外，且斗樽前，原花长好，人长健，月长圆。”"
	},
	{
		"id": "4",
		"idiom": "良师益友",
		"explain": "使人得到教益和帮助的好老师和好朋友。",
		"source": "汉·刘向《说苑·说丛》：“贤师良友在其侧，诗书礼乐陈于前，弃而为不善者，鲜矣。”"
	},
	{
		"id": "5",
		"idiom": "飞黄腾达",
		"explain": "形容骏马奔腾飞驰。比喻骤然得志，官职升得很快。",
		"source": "唐·韩愈《符读书城南》诗：“飞黄腾踏去，不能顾蟾蜍。”"
	},
	{
		"id": "6",
		"idiom": "扬眉吐气",
		"explain": "犹言扬眉吐气。形容摆脱了长期受压状态后高兴痛快的样子。",
		"source": "五代·齐己《轻薄行》：“玉鞭金镫骅骝蹄，横眉吐气如虹霓。”"
	},
	{
		"id": "7",
		"idiom": "福星高照",
		"explain": "形容人很幸运，有福气。",
		"source": "清·文康《儿女英雄传》第三十九回：“管保你这一瞧，就抵得个福星高照。”"
	},
	{
		"id": "8",
		"idiom": "祸绝福连",
		"explain": "指灾祸消失，好运接连不断。",
		"source": "宋·张君房《云笈七签》第四十二卷：“万神即时倒，合会琼羽门。使令散祸，祸绝福连。上寝玉堂，世受名仙。”"
	},
	{
		"id": "9",
		"idiom": "时来运转",
		"explain": "旧指时机来了，命运也有了转机。指境况好转。",
		"source": "清·姬文《市声》第十七回：“阿大利时来运来，首先挑着粪担，到租界出粪。”"
	},
	{
		"id": "10",
		"idiom": "业峻鸿绩",
		"explain": "功业高，成绩大。",
		"source": "南朝·梁·刘勰《文心雕龙·原道》：“夏后氏兴，业峻鸿绩，九序惟歌，勋德弥缛。”"
	},
	{
		"id": "11",
		"idiom": "财运亨通",
		"explain": "亨：通达，顺利。发财的运道好，赚钱很顺利。",
		"source": "谁知财运亨通，飘到长人国，那酒坛竟大获其利。（清·李汝珍《镜花缘》）"
	},
	{
		"id": "12",
		"idiom": "独善其身",
		"explain": "原意是做不上官就修养好自身。现指只顾自己，不管别人。",
		"source": "《孟子·尽心上》：“穷则独善其身，达则兼善天下。”"
	},
	{
		"id": "13",
		"idiom": "及时行乐",
		"explain": "不失时机，寻欢作乐。",
		"source": "汉乐府《西门行》诗：“夫为乐，为乐当及时。”《古诗十九首·生年不满百》：“ 为乐当及时，何能待来兹”。"
	},
	{
		"id": "14",
		"idiom": "春风满面",
		"explain": "春风：指笑容。比喻人喜悦舒畅的表情。形容和霭愉快的面容。",
		"source": "宋·程节斋《沁园春》词：“满面春风，一团和气，发露胸中书与诗。”"
	},
	{
		"id": "15",
		"idiom": "喜从天降",
		"explain": "喜事从天上掉下来。比喻突然遇到意想不到的喜事。",
		"source": "元·马致远《青衫泪》第三折：“贵脚踏践地，使下官喜从天降。”"
	},
	{
		"id": "16",
		"idiom": "身材飞扬",
		"explain": "形容兴奋得意，精神焕发的样子。",
		"source": "丁玲《梦珂》：“她居然很能够安逸的，高贵的，走过去握那少年导演的手，又用那神采飞扬的眼光去照顾一下全室的人。"
	},
	{
		"id": "17",
		"idiom": "达人知命",
		"explain": "达人：通达事理的人。指心胸豁达的人，安于命运。",
		"source": "唐·王勃《滕五阁序》：“君子安贫，达人知命。”"
	},
	{
		"id": "18",
		"idiom": "一叶知秋",
		"explain": "比喻通过个别的细微的迹象，可以看到整个形势的发展趋向与结果。",
		"source": "《淮南子·说山训》：“见一叶落而知岁之将暮。”宋·唐庚《文录》引唐人诗：“山僧不解数甲子，一叶落知天下秋。”"
	},
	{
		"id": "19",
		"idiom": "福至心灵",
		"explain": "福：幸运。意思是人运气来了，心也变得灵巧了。",
		"source": "清·翟灏《通俗编·祝诵》：“史炤《通鉴疏》引谚：‘福至心灵，祸来神昧。’”"
	},
	{
		"id": "20",
		"idiom": "见机行事",
		"explain": "看具体情况灵活办事。",
		"source": "《易·系辞下》：“君子见几而作，不俟终日。”"
	}
]