[{"__type__":"cc.SpriteFrame","content":{"name":"bg","texture":"583c26d9-43f6-418b-a0e4-49f1a2c8acf7","rect":[0,0,639,1136],"offset":[0,0],"originalSize":[639,1136]}},{"__type__":"cc.SpriteFrame","content":{"name":"21","texture":"9e922765-f26a-48b3-80fd-50a76418d69d","rect":[0,6,174,239],"offset":[0,-3],"originalSize":[174,245]}},[{"__type__":"cc.SceneAsset","_name":"playScene","scene":{"__id__":1},"asyncLoadAssets":false},{"__type__":"cc.Scene","_anchorPoint":{"__type__":"cc.Vec2"},"_children":[{"__id__":2}],"autoReleaseAssets":false},{"__type__":"cc.Node","_name":"Canvas","_parent":{"__id__":1},"_contentSize":{"__type__":"cc.Size","width":640,"height":1136},"_children":[{"__id__":3},{"__id__":4},{"__id__":19},{"__type__":"cc.Node","_name":"reward","_parent":{"__id__":2}},{"__id__":46},{"__id__":47},{"__id__":49},{"__id__":81},{"__id__":88},{"__id__":98},{"__id__":104},{"__id__":117}],"_position":{"__type__":"cc.Vec2","x":320,"y":568},"_id":"20278i1QixLG7fygPuu5h5a","_components":[{"__type__":"cc.Canvas","node":{"__id__":2},"_designResolution":{"__type__":"cc.Size","width":640,"height":1136},"_fitWidth":true,"_fitHeight":false},{"__type__":"52267vv1zdP2ZzM5R+J52OI","node":{"__id__":2},"hammer":{"__id__":14},"egg":{"__id__":16},"winLayer":{"__id__":88},"lostLayer":{"__id__":81},"infoLayer":{"__id__":49},"msgLayer":{"__id__":98},"shareLayer":{"__id__":117},"rewardLayer":{"__id__":104},"eggParent":{"__id__":4},"itemDesc":{"__id__":68},"countLabel":{"__id__":48},"rewardParent":{"__id__":21},"frameTop":[{"__uuid__":"3bac557c-43a5-4361-9cfc-b084bec1df40"},{"__uuid__":"2946accf-8dc9-4d6b-a54f-53e38e31dab3"},{"__uuid__":"fcc21faa-50ef-4a77-a26a-12f3976e2d1c"},{"__uuid__":"e503b874-3ee2-495b-ae45-3686be3b43cc"},{"__uuid__":"053cc4f2-74d8-4217-a431-c8a2aaac56a3"},{"__uuid__":"2c4c5baf-d225-410a-b1c7-d47078521997"},{"__uuid__":"e5da05de-f34a-467f-a6f2-34070f122b3f"},{"__uuid__":"f1302934-57fa-42c8-b91e-bbb0bccc014f"},{"__uuid__":"6d8005fc-98e6-45f2-9f00-fda3dd7a6c9b"}],"frameDown":[{"__uuid__":"8a1cb1c7-2348-423c-bf6b-2ec06ed86b90"},{"__uuid__":"2735f6de-1a47-4567-b741-1504e0f5151f"},{"__uuid__":"fcd34b5b-be91-47d8-a37e-ea0ba83d17f0"},{"__uuid__":"e1759c34-c781-4b44-9de0-c92389dcc028"},{"__uuid__":"2b011d64-a8c4-4e7a-822a-69502b146b96"},{"__uuid__":"ddeae45f-fa01-435f-8493-b5ede03a454f"},{"__uuid__":"85189521-b96b-4e79-b783-93d5a401a317"},{"__uuid__":"9783d4e8-1cfa-4fea-975a-85362c86f897"},{"__uuid__":"91e91c2d-e9ee-4a32-a10b-6416afaf5515"}]}]},{"__type__":"cc.Node","_name":"game_bg","_parent":{"__id__":2},"_contentSize":{"__type__":"cc.Size","width":639,"height":1136},"_position":{"__type__":"cc.Vec2","y":-2},"_components":[{"__type__":"cc.Sprite","node":{"__id__":3},"_spriteFrame":{"__uuid__":"c345b4bf-9ee4-4656-8e0d-0855c1d430ea"}}]},{"__type__":"cc.Node","_name":"New Node","_parent":{"__id__":2},"_contentSize":{"__type__":"cc.Size","width":640,"height":507},"_children":[{"__id__":5},{"__id__":6},{"__id__":7},{"__id__":8},{"__id__":9},{"__id__":10},{"__id__":11},{"__id__":12},{"__id__":13},{"__id__":14},{"__id__":16}],"_position":{"__type__":"cc.Vec2","y":211},"_components":[{"__type__":"cc.Widget","node":{"__id__":4},"_enabled":false,"_alignFlags":40,"_top":380,"_bottom":380,"_originalWidth":300,"_originalHeight":200}]},{"__type__":"cc.Node","_name":"1","_parent":{"__id__":4},"_contentSize":{"__type__":"cc.Size","width":174,"height":245},"_scaleX":0.6,"_scaleY":0.6,"_position":{"__type__":"cc.Vec2","x":-192,"y":41},"_components":[{"__type__":"cc.Sprite","node":{"__id__":5},"_spriteFrame":{"__uuid__":"4d639060-8a6f-4dac-921c-f86b98800d43"},"_sizeMode":0},{"__type__":"cc.Button","node":{"__id__":5},"clickEvents":[{"__type__":"cc.ClickEvent","target":{"__id__":2},"component":"playScene","handler":"eggPress"}],"_N$target":{"__id__":5}}]},{"__type__":"cc.Node","_name":"2","_parent":{"__id__":4},"_contentSize":{"__type__":"cc.Size","width":174,"height":245},"_scaleX":0.6,"_scaleY":0.6,"_position":{"__type__":"cc.Vec2","x":-2,"y":41},"_components":[{"__type__":"cc.Sprite","node":{"__id__":6},"_spriteFrame":{"__uuid__":"a927652d-51eb-496b-aa60-34f69d85e79c"},"_sizeMode":0},{"__type__":"cc.Button","node":{"__id__":6},"clickEvents":[{"__type__":"cc.ClickEvent","target":{"__id__":2},"component":"playScene","handler":"eggPress"}],"_N$target":{"__id__":5}}]},{"__type__":"cc.Node","_name":"3","_parent":{"__id__":4},"_contentSize":{"__type__":"cc.Size","width":174,"height":245},"_scaleX":0.6,"_scaleY":0.6,"_position":{"__type__":"cc.Vec2","x":188,"y":41},"_components":[{"__type__":"cc.Sprite","node":{"__id__":7},"_spriteFrame":{"__uuid__":"e8b7c308-98f9-4f39-990e-3b1ce5e36c8b"},"_sizeMode":0},{"__type__":"cc.Button","node":{"__id__":7},"clickEvents":[{"__type__":"cc.ClickEvent","target":{"__id__":2},"component":"playScene","handler":"eggPress"}],"_N$target":{"__id__":5}}]},{"__type__":"cc.Node","_name":"4","_parent":{"__id__":4},"_contentSize":{"__type__":"cc.Size","width":174,"height":245},"_scaleX":0.6,"_scaleY":0.6,"_position":{"__type__":"cc.Vec2","x":-190,"y":-111},"_components":[{"__type__":"cc.Sprite","node":{"__id__":8},"_spriteFrame":{"__uuid__":"8dd7abfa-e17e-46d9-88bb-d8efcc068111"},"_sizeMode":0},{"__type__":"cc.Button","node":{"__id__":8},"clickEvents":[{"__type__":"cc.ClickEvent","target":{"__id__":2},"component":"playScene","handler":"eggPress"}],"_N$target":{"__id__":5}}]},{"__type__":"cc.Node","_name":"5","_parent":{"__id__":4},"_contentSize":{"__type__":"cc.Size","width":174,"height":245},"_scaleX":0.6,"_scaleY":0.6,"_position":{"__type__":"cc.Vec2","y":-111},"_components":[{"__type__":"cc.Sprite","node":{"__id__":9},"_spriteFrame":{"__uuid__":"37c93da1-58bc-4052-991c-e087d37306a9"},"_sizeMode":0},{"__type__":"cc.Button","node":{"__id__":9},"clickEvents":[{"__type__":"cc.ClickEvent","target":{"__id__":2},"component":"playScene","handler":"eggPress"}],"_N$target":{"__id__":5}}]},{"__type__":"cc.Node","_name":"6","_parent":{"__id__":4},"_contentSize":{"__type__":"cc.Size","width":174,"height":245},"_scaleX":0.6,"_scaleY":0.6,"_position":{"__type__":"cc.Vec2","x":190,"y":-111},"_components":[{"__type__":"cc.Sprite","node":{"__id__":10},"_spriteFrame":{"__uuid__":"a83cd2d0-d067-4543-a026-121ed5de4816"},"_sizeMode":0},{"__type__":"cc.Button","node":{"__id__":10},"clickEvents":[{"__type__":"cc.ClickEvent","target":{"__id__":2},"component":"playScene","handler":"eggPress"}],"_N$target":{"__id__":5}}]},{"__type__":"cc.Node","_name":"7","_parent":{"__id__":4},"_contentSize":{"__type__":"cc.Size","width":174,"height":245},"_scaleX":0.6,"_scaleY":0.6,"_position":{"__type__":"cc.Vec2","x":-190,"y":-267},"_components":[{"__type__":"cc.Sprite","node":{"__id__":11},"_spriteFrame":{"__uuid__":"d16cbea6-d79e-431a-931f-ea7cf2c3178a"},"_sizeMode":0},{"__type__":"cc.Button","node":{"__id__":11},"clickEvents":[{"__type__":"cc.ClickEvent","target":{"__id__":2},"component":"playScene","handler":"eggPress"}],"_N$target":{"__id__":5}}]},{"__type__":"cc.Node","_name":"8","_parent":{"__id__":4},"_contentSize":{"__type__":"cc.Size","width":174,"height":245},"_scaleX":0.6,"_scaleY":0.6,"_position":{"__type__":"cc.Vec2","y":-267},"_components":[{"__type__":"cc.Sprite","node":{"__id__":12},"_spriteFrame":{"__uuid__":"d3bf6765-976b-4011-bf9a-a740cecc1ed1"},"_sizeMode":0},{"__type__":"cc.Button","node":{"__id__":12},"clickEvents":[{"__type__":"cc.ClickEvent","target":{"__id__":2},"component":"playScene","handler":"eggPress"}],"_N$target":{"__id__":5}}]},{"__type__":"cc.Node","_name":"9","_parent":{"__id__":4},"_contentSize":{"__type__":"cc.Size","width":174,"height":245},"_scaleX":0.6,"_scaleY":0.6,"_position":{"__type__":"cc.Vec2","x":190,"y":-267},"_components":[{"__type__":"cc.Sprite","node":{"__id__":13},"_spriteFrame":{"__uuid__":"228d0507-e29c-4245-924a-3d41ec0ba458"},"_sizeMode":0},{"__type__":"cc.Button","node":{"__id__":13},"clickEvents":[{"__type__":"cc.ClickEvent","target":{"__id__":2},"component":"playScene","handler":"eggPress"}],"_N$target":{"__id__":5}}]},{"__type__":"cc.Node","_name":"chuizi","_parent":{"__id__":4},"_children":[{"__id__":15}],"_position":{"__type__":"cc.Vec2","x":-68,"y":238},"_components":[{"__type__":"cc.Animation","node":{"__id__":14},"_defaultClip":{"__uuid__":"96663669-185e-4d25-ad37-2972e6e13219"},"_clips":[{"__uuid__":"96663669-185e-4d25-ad37-2972e6e13219"}]},{"__type__":"cc.AudioSource","node":{"__id__":14},"_clip":{"__uuid__":"1f074cb0-7e80-4952-a20b-3fc16d03d5fa"}}]},{"__type__":"cc.Node","_name":"chuizi","_parent":{"__id__":14},"_anchorPoint":{"__type__":"cc.Vec2","x":1},"_contentSize":{"__type__":"cc.Size","width":132,"height":140},"_position":{"__type__":"cc.Vec2","x":91,"y":-73},"_components":[{"__type__":"cc.Sprite","node":{"__id__":15},"_spriteFrame":{"__uuid__":"f92c36af-cd42-4529-aca3-b4c4564c30d5"}}]},{"__type__":"cc.Node","_name":"egg","_parent":{"__id__":4},"_children":[{"__id__":17},{"__id__":18}],"_scaleX":0.6,"_scaleY":0.6,"_position":{"__type__":"cc.Vec2","y":-99},"_components":[{"__type__":"cc.Animation","node":{"__id__":16},"_defaultClip":{"__uuid__":"c2e771c8-77a6-4060-802f-b4b42e4a5dc7"},"_clips":[{"__uuid__":"c2e771c8-77a6-4060-802f-b4b42e4a5dc7"}]}]},{"__type__":"cc.Node","_name":"down","_parent":{"__id__":16},"_contentSize":{"__type__":"cc.Size","width":174,"height":239},"_position":{"__type__":"cc.Vec2","y":-21.3},"_components":[{"__type__":"cc.Sprite","node":{"__id__":17},"_spriteFrame":{"__uuid__":"2b011d64-a8c4-4e7a-822a-69502b146b96"}}]},{"__type__":"cc.Node","_name":"top","_parent":{"__id__":16},"_contentSize":{"__type__":"cc.Size","width":147,"height":105},"_position":{"__type__":"cc.Vec2","x":4.2,"y":53},"_components":[{"__type__":"cc.Sprite","node":{"__id__":18},"_spriteFrame":{"__uuid__":"053cc4f2-74d8-4217-a431-c8a2aaac56a3"}}]},{"__type__":"cc.Node","_name":"box","_parent":{"__id__":2},"_contentSize":{"__type__":"cc.Size","width":776,"height":538},"_children":[{"__id__":20},{"__id__":21}],"_scaleX":0.7,"_scaleY":0.7,"_position":{"__type__":"cc.Vec2","x":-8,"y":-329},"_components":[{"__type__":"cc.Sprite","node":{"__id__":19},"_spriteFrame":{"__uuid__":"d2cf2974-6b0c-4df5-8138-0ce7ad4426f9"},"_sizeMode":0}]},{"__type__":"cc.Node","_name":"Label","_color":{"__type__":"cc.Color","r":121,"g":86,"b":14},"_parent":{"__id__":19},"_contentSize":{"__type__":"cc.Size","width":160,"height":40},"_position":{"__type__":"cc.Vec2","y":229},"_components":[{"__type__":"cc.Label","node":{"__id__":20},"_useOriginalSize":false,"_N$string":"游戏奖品","_N$horizontalAlign":1,"_N$verticalAlign":1}]},{"__type__":"cc.Node","_name":"rewards","_parent":{"__id__":19},"_contentSize":{"__type__":"cc.Size","width":675,"height":422},"_children":[{"__id__":22},{"__id__":24},{"__id__":26},{"__id__":28},{"__id__":30},{"__id__":32},{"__id__":34},{"__id__":36},{"__id__":38},{"__id__":40},{"__id__":42},{"__id__":44}],"_position":{"__type__":"cc.Vec2","y":-20},"_components":[{"__type__":"cc.Layout","node":{"__id__":21},"_layoutSize":{"__type__":"cc.Size","width":675,"height":422},"_N$layoutType":3,"_N$padding":30,"_N$spacingX":50,"_N$spacingY":25}],"_prefab":{"__type__":"cc.PrefabInfo","root":{"__id__":21},"fileId":"a7826wY+79BUIwObZ1M3X/J"}},{"__type__":"cc.Node","_name":"p1","_parent":{"__id__":21},"_contentSize":{"__type__":"cc.Size","width":114,"height":112},"_children":[{"__id__":23}],"_position":{"__type__":"cc.Vec2","x":-250.5,"y":125},"_components":[{"__type__":"cc.Sprite","node":{"__id__":22},"_spriteFrame":{"__uuid__":"52bf7788-558b-43b0-b13c-0571f39a2e6a"}},{"__type__":"cc.Button","node":{"__id__":22},"pressedColor":{"__type__":"cc.Color","r":255,"g":255,"b":255},"clickEvents":[{"__type__":"cc.ClickEvent","target":{"__id__":2},"component":"playScene","handler":"rewardPress"}],"_N$normalColor":{"__type__":"cc.Color","r":255,"g":255,"b":255},"_N$target":{"__id__":22}}],"_prefab":{"__type__":"cc.PrefabInfo","root":{"__id__":21},"fileId":"c4918EHwKhC3KLO7f7Oq2G9"}},{"__type__":"cc.Node","_name":"c","_parent":{"__id__":22},"_contentSize":{"__type__":"cc.Size","width":22.25,"height":40},"_position":{"__type__":"cc.Vec2","x":37,"y":-32},"_components":[{"__type__":"cc.Label","node":{"__id__":23},"_useOriginalSize":false,"_N$string":"0","_N$horizontalAlign":1,"_N$verticalAlign":1}],"_prefab":{"__type__":"cc.PrefabInfo","root":{"__id__":21},"fileId":"a145bGYCdNMFYO+AnjbGrMW"}},{"__type__":"cc.Node","_name":"p2","_parent":{"__id__":21},"_contentSize":{"__type__":"cc.Size","width":114,"height":112},"_children":[{"__id__":25}],"_position":{"__type__":"cc.Vec2","x":-86.5,"y":125},"_components":[{"__type__":"cc.Sprite","node":{"__id__":24},"_spriteFrame":{"__uuid__":"4b3d1729-1274-409e-89a6-2c1db8ad2dd0"}},{"__type__":"cc.Button","node":{"__id__":24},"pressedColor":{"__type__":"cc.Color","r":255,"g":255,"b":255},"clickEvents":[{"__type__":"cc.ClickEvent","target":{"__id__":2},"component":"playScene","handler":"rewardPress"}],"_N$normalColor":{"__type__":"cc.Color","r":255,"g":255,"b":255},"_N$target":{"__id__":24}}],"_prefab":{"__type__":"cc.PrefabInfo","root":{"__id__":21},"fileId":"ffb8dfAKvZBdLxeoJfR/urt"}},{"__type__":"cc.Node","_name":"c","_parent":{"__id__":24},"_contentSize":{"__type__":"cc.Size","width":22.25,"height":40},"_position":{"__type__":"cc.Vec2","x":37,"y":-32},"_components":[{"__type__":"cc.Label","node":{"__id__":25},"_useOriginalSize":false,"_N$string":"0","_N$horizontalAlign":1,"_N$verticalAlign":1}],"_prefab":{"__type__":"cc.PrefabInfo","root":{"__id__":21},"fileId":"2db2d+kQFtPHbN7yQI2+yJD"}},{"__type__":"cc.Node","_name":"p3","_parent":{"__id__":21},"_contentSize":{"__type__":"cc.Size","width":114,"height":112},"_children":[{"__id__":27}],"_position":{"__type__":"cc.Vec2","x":77.5,"y":125},"_components":[{"__type__":"cc.Sprite","node":{"__id__":26},"_spriteFrame":{"__uuid__":"a75970f6-d2e1-483a-aebc-3de03f0a1280"}},{"__type__":"cc.Button","node":{"__id__":26},"pressedColor":{"__type__":"cc.Color","r":255,"g":255,"b":255},"clickEvents":[{"__type__":"cc.ClickEvent","target":{"__id__":2},"component":"playScene","handler":"rewardPress"}],"_N$normalColor":{"__type__":"cc.Color","r":255,"g":255,"b":255},"_N$target":{"__id__":26}}],"_prefab":{"__type__":"cc.PrefabInfo","root":{"__id__":21},"fileId":"1a875YjvTBPr4zO+BvQAexW"}},{"__type__":"cc.Node","_name":"c","_parent":{"__id__":26},"_contentSize":{"__type__":"cc.Size","width":22.25,"height":40},"_position":{"__type__":"cc.Vec2","x":37,"y":-32},"_components":[{"__type__":"cc.Label","node":{"__id__":27},"_useOriginalSize":false,"_N$string":"0","_N$horizontalAlign":1,"_N$verticalAlign":1}],"_prefab":{"__type__":"cc.PrefabInfo","root":{"__id__":21},"fileId":"2c9c8hukQZPGI4LenaxiLWW"}},{"__type__":"cc.Node","_name":"p4","_parent":{"__id__":21},"_contentSize":{"__type__":"cc.Size","width":114,"height":112},"_children":[{"__id__":29}],"_position":{"__type__":"cc.Vec2","x":241.5,"y":125},"_components":[{"__type__":"cc.Sprite","node":{"__id__":28},"_spriteFrame":{"__uuid__":"68cbdd15-d95f-455e-a661-ff7b4020837e"}},{"__type__":"cc.Button","node":{"__id__":28},"pressedColor":{"__type__":"cc.Color","r":255,"g":255,"b":255},"clickEvents":[{"__type__":"cc.ClickEvent","target":{"__id__":2},"component":"playScene","handler":"rewardPress"}],"_N$normalColor":{"__type__":"cc.Color","r":255,"g":255,"b":255},"_N$target":{"__id__":28}}],"_prefab":{"__type__":"cc.PrefabInfo","root":{"__id__":21},"fileId":"c8a3dUDkydJcoP42txZifFl"}},{"__type__":"cc.Node","_name":"c","_parent":{"__id__":28},"_contentSize":{"__type__":"cc.Size","width":22.25,"height":40},"_position":{"__type__":"cc.Vec2","x":37,"y":-32},"_components":[{"__type__":"cc.Label","node":{"__id__":29},"_useOriginalSize":false,"_N$string":"0","_N$horizontalAlign":1,"_N$verticalAlign":1}],"_prefab":{"__type__":"cc.PrefabInfo","root":{"__id__":21},"fileId":"9951fV1S4dJK6KlWMPw8v0J"}},{"__type__":"cc.Node","_name":"p5","_parent":{"__id__":21},"_contentSize":{"__type__":"cc.Size","width":114,"height":112},"_children":[{"__id__":31}],"_position":{"__type__":"cc.Vec2","x":-250.5,"y":-12},"_components":[{"__type__":"cc.Sprite","node":{"__id__":30},"_spriteFrame":{"__uuid__":"feb1459f-e0e0-45da-bc56-6e94d3610c77"}},{"__type__":"cc.Button","node":{"__id__":30},"pressedColor":{"__type__":"cc.Color","r":255,"g":255,"b":255},"clickEvents":[{"__type__":"cc.ClickEvent","target":{"__id__":2},"component":"playScene","handler":"rewardPress"}],"_N$normalColor":{"__type__":"cc.Color","r":255,"g":255,"b":255},"_N$target":{"__id__":30}}],"_prefab":{"__type__":"cc.PrefabInfo","root":{"__id__":21},"fileId":"e2e4ajTh1xJmYSp0MwO6bop"}},{"__type__":"cc.Node","_name":"c","_parent":{"__id__":30},"_contentSize":{"__type__":"cc.Size","width":22.25,"height":40},"_position":{"__type__":"cc.Vec2","x":37,"y":-32},"_components":[{"__type__":"cc.Label","node":{"__id__":31},"_useOriginalSize":false,"_N$string":"0","_N$horizontalAlign":1,"_N$verticalAlign":1}],"_prefab":{"__type__":"cc.PrefabInfo","root":{"__id__":21},"fileId":"eeae0KM3XxKHJ0GdoVs6w6T"}},{"__type__":"cc.Node","_name":"p6","_parent":{"__id__":21},"_contentSize":{"__type__":"cc.Size","width":114,"height":112},"_children":[{"__id__":33}],"_position":{"__type__":"cc.Vec2","x":-86.5,"y":-12},"_components":[{"__type__":"cc.Sprite","node":{"__id__":32},"_spriteFrame":{"__uuid__":"5ad5eecc-67f1-49af-a452-7e45f3a68a52"}},{"__type__":"cc.Button","node":{"__id__":32},"pressedColor":{"__type__":"cc.Color","r":255,"g":255,"b":255},"clickEvents":[{"__type__":"cc.ClickEvent","target":{"__id__":2},"component":"playScene","handler":"rewardPress"}],"_N$normalColor":{"__type__":"cc.Color","r":255,"g":255,"b":255},"_N$target":{"__id__":32}}],"_prefab":{"__type__":"cc.PrefabInfo","root":{"__id__":21},"fileId":"ed2e6lyzLRMGak4CHqaobMp"}},{"__type__":"cc.Node","_name":"c","_parent":{"__id__":32},"_contentSize":{"__type__":"cc.Size","width":22.25,"height":40},"_position":{"__type__":"cc.Vec2","x":37,"y":-32},"_components":[{"__type__":"cc.Label","node":{"__id__":33},"_useOriginalSize":false,"_N$string":"0","_N$horizontalAlign":1,"_N$verticalAlign":1}],"_prefab":{"__type__":"cc.PrefabInfo","root":{"__id__":21},"fileId":"388eeuDRBRIlIvqbZIiLxP3"}},{"__type__":"cc.Node","_name":"p7","_parent":{"__id__":21},"_contentSize":{"__type__":"cc.Size","width":114,"height":112},"_children":[{"__id__":35}],"_position":{"__type__":"cc.Vec2","x":77.5,"y":-12},"_components":[{"__type__":"cc.Sprite","node":{"__id__":34},"_spriteFrame":{"__uuid__":"74114e0f-5c49-4ebe-bff6-a147aa3f94d3"}},{"__type__":"cc.Button","node":{"__id__":34},"pressedColor":{"__type__":"cc.Color","r":255,"g":255,"b":255},"clickEvents":[{"__type__":"cc.ClickEvent","target":{"__id__":2},"component":"playScene","handler":"rewardPress"}],"_N$normalColor":{"__type__":"cc.Color","r":255,"g":255,"b":255},"_N$target":{"__id__":34}}],"_prefab":{"__type__":"cc.PrefabInfo","root":{"__id__":21},"fileId":"d1e5aM2vTFH9LbsBo/wMLx9"}},{"__type__":"cc.Node","_name":"c","_parent":{"__id__":34},"_contentSize":{"__type__":"cc.Size","width":22.25,"height":40},"_position":{"__type__":"cc.Vec2","x":37,"y":-32},"_components":[{"__type__":"cc.Label","node":{"__id__":35},"_useOriginalSize":false,"_N$string":"0","_N$horizontalAlign":1,"_N$verticalAlign":1}],"_prefab":{"__type__":"cc.PrefabInfo","root":{"__id__":21},"fileId":"03907XDVANHt54VBXaBFzfv"}},{"__type__":"cc.Node","_name":"p8","_parent":{"__id__":21},"_contentSize":{"__type__":"cc.Size","width":114,"height":112},"_children":[{"__id__":37}],"_position":{"__type__":"cc.Vec2","x":241.5,"y":-12},"_components":[{"__type__":"cc.Sprite","node":{"__id__":36},"_spriteFrame":{"__uuid__":"181778a9-f916-4b22-a5cc-284a815dcc5e"}},{"__type__":"cc.Button","node":{"__id__":36},"pressedColor":{"__type__":"cc.Color","r":255,"g":255,"b":255},"clickEvents":[{"__type__":"cc.ClickEvent","target":{"__id__":2},"component":"playScene","handler":"rewardPress"}],"_N$normalColor":{"__type__":"cc.Color","r":255,"g":255,"b":255},"_N$target":{"__id__":36}}],"_prefab":{"__type__":"cc.PrefabInfo","root":{"__id__":21},"fileId":"8e539CC5utGGbLBm7Guuxnz"}},{"__type__":"cc.Node","_name":"c","_parent":{"__id__":36},"_contentSize":{"__type__":"cc.Size","width":22.25,"height":40},"_position":{"__type__":"cc.Vec2","x":37,"y":-32},"_components":[{"__type__":"cc.Label","node":{"__id__":37},"_useOriginalSize":false,"_N$string":"0","_N$horizontalAlign":1,"_N$verticalAlign":1}],"_prefab":{"__type__":"cc.PrefabInfo","root":{"__id__":21},"fileId":"545a75ODNtDi5nYE4wJKcyu"}},{"__type__":"cc.Node","_name":"p9","_parent":{"__id__":21},"_contentSize":{"__type__":"cc.Size","width":114,"height":112},"_children":[{"__id__":39}],"_position":{"__type__":"cc.Vec2","x":-250.5,"y":-149},"_components":[{"__type__":"cc.Sprite","node":{"__id__":38},"_spriteFrame":{"__uuid__":"c235854d-4004-40f3-90f8-acb7efa07a08"}},{"__type__":"cc.Button","node":{"__id__":38},"pressedColor":{"__type__":"cc.Color","r":255,"g":255,"b":255},"clickEvents":[{"__type__":"cc.ClickEvent","target":{"__id__":2},"component":"playScene","handler":"rewardPress"}],"_N$normalColor":{"__type__":"cc.Color","r":255,"g":255,"b":255},"_N$target":{"__id__":38}}],"_prefab":{"__type__":"cc.PrefabInfo","root":{"__id__":21},"fileId":"c1f78aZCPJNgrb+ESK6bhz+"}},{"__type__":"cc.Node","_name":"c","_parent":{"__id__":38},"_contentSize":{"__type__":"cc.Size","width":22.25,"height":40},"_position":{"__type__":"cc.Vec2","x":37,"y":-32},"_components":[{"__type__":"cc.Label","node":{"__id__":39},"_useOriginalSize":false,"_N$string":"0","_N$horizontalAlign":1,"_N$verticalAlign":1}],"_prefab":{"__type__":"cc.PrefabInfo","root":{"__id__":21},"fileId":"b5045bXFvlDUr1TQ3KHDBA0"}},{"__type__":"cc.Node","_name":"p10","_parent":{"__id__":21},"_contentSize":{"__type__":"cc.Size","width":114,"height":112},"_children":[{"__id__":41}],"_position":{"__type__":"cc.Vec2","x":-86.5,"y":-149},"_components":[{"__type__":"cc.Sprite","node":{"__id__":40},"_spriteFrame":{"__uuid__":"5a9429ab-8ada-4cf8-bbd4-002deff73758"}},{"__type__":"cc.Button","node":{"__id__":40},"pressedColor":{"__type__":"cc.Color","r":255,"g":255,"b":255},"clickEvents":[{"__type__":"cc.ClickEvent","target":{"__id__":2},"component":"playScene","handler":"rewardPress"}],"_N$normalColor":{"__type__":"cc.Color","r":255,"g":255,"b":255},"_N$target":{"__id__":40}}],"_prefab":{"__type__":"cc.PrefabInfo","root":{"__id__":21},"fileId":"51dffUIqSVAp6lgTfiKg/HK"}},{"__type__":"cc.Node","_name":"c","_parent":{"__id__":40},"_contentSize":{"__type__":"cc.Size","width":22.25,"height":40},"_position":{"__type__":"cc.Vec2","x":37,"y":-32},"_components":[{"__type__":"cc.Label","node":{"__id__":41},"_useOriginalSize":false,"_N$string":"0","_N$horizontalAlign":1,"_N$verticalAlign":1}],"_prefab":{"__type__":"cc.PrefabInfo","root":{"__id__":21},"fileId":"c4e8eRxodpIbYS9YUEzuluA"}},{"__type__":"cc.Node","_name":"p11","_parent":{"__id__":21},"_contentSize":{"__type__":"cc.Size","width":114,"height":112},"_children":[{"__id__":43}],"_position":{"__type__":"cc.Vec2","x":77.5,"y":-149},"_components":[{"__type__":"cc.Sprite","node":{"__id__":42},"_spriteFrame":{"__uuid__":"4c475fae-f16a-4421-aafc-feb5fb0bae6a"}},{"__type__":"cc.Button","node":{"__id__":42},"pressedColor":{"__type__":"cc.Color","r":255,"g":255,"b":255},"clickEvents":[{"__type__":"cc.ClickEvent","target":{"__id__":2},"component":"playScene","handler":"rewardPress"}],"_N$normalColor":{"__type__":"cc.Color","r":255,"g":255,"b":255},"_N$target":{"__id__":42}}],"_prefab":{"__type__":"cc.PrefabInfo","root":{"__id__":21},"fileId":"de55eeC0mZHjr8eXspcBsXQ"}},{"__type__":"cc.Node","_name":"c","_parent":{"__id__":42},"_contentSize":{"__type__":"cc.Size","width":22.25,"height":40},"_position":{"__type__":"cc.Vec2","x":37,"y":-32},"_components":[{"__type__":"cc.Label","node":{"__id__":43},"_useOriginalSize":false,"_N$string":"0","_N$horizontalAlign":1,"_N$verticalAlign":1}],"_prefab":{"__type__":"cc.PrefabInfo","root":{"__id__":21},"fileId":"2a003WpNcxMPYkJUSzuiafi"}},{"__type__":"cc.Node","_name":"p12","_parent":{"__id__":21},"_contentSize":{"__type__":"cc.Size","width":114,"height":112},"_children":[{"__id__":45}],"_position":{"__type__":"cc.Vec2","x":241.5,"y":-149},"_components":[{"__type__":"cc.Sprite","node":{"__id__":44},"_spriteFrame":{"__uuid__":"35ee7787-5773-43f6-8926-268cbe5d796e"}},{"__type__":"cc.Button","node":{"__id__":44},"pressedColor":{"__type__":"cc.Color","r":255,"g":255,"b":255},"clickEvents":[{"__type__":"cc.ClickEvent","target":{"__id__":2},"component":"playScene","handler":"rewardPress"}],"_N$normalColor":{"__type__":"cc.Color","r":255,"g":255,"b":255},"_N$target":{"__id__":44}}],"_prefab":{"__type__":"cc.PrefabInfo","root":{"__id__":21},"fileId":"e1b09TJMbhMqr6yquPChcsk"}},{"__type__":"cc.Node","_name":"c","_parent":{"__id__":44},"_contentSize":{"__type__":"cc.Size","width":22.25,"height":40},"_position":{"__type__":"cc.Vec2","x":37,"y":-32},"_components":[{"__type__":"cc.Label","node":{"__id__":45},"_useOriginalSize":false,"_N$string":"0","_N$horizontalAlign":1,"_N$verticalAlign":1}],"_prefab":{"__type__":"cc.PrefabInfo","root":{"__id__":21},"fileId":"085f45A9UhPfL4pTPaiuBPZ"}},{"__type__":"cc.Node","_name":"b_info2","_parent":{"__id__":2},"_contentSize":{"__type__":"cc.Size","width":275,"height":335},"_scaleX":0.5,"_scaleY":0.5,"_position":{"__type__":"cc.Vec2","x":206,"y":433},"_components":[{"__type__":"cc.Sprite","node":{"__id__":46},"_spriteFrame":{"__uuid__":"7ed59d39-2aac-4a54-b999-6dd16863287a"}},{"__type__":"cc.Button","node":{"__id__":46},"transition":1,"clickEvents":[{"__type__":"cc.ClickEvent","target":{"__id__":2},"component":"playScene","handler":"btnInfo"}],"_N$normalColor":{"__type__":"cc.Color","r":255,"g":255,"b":255},"_N$target":{"__id__":46}}]},{"__type__":"cc.Node","_name":"Label","_color":{"__type__":"cc.Color","r":121,"g":86,"b":14},"_parent":{"__id__":2},"_contentSize":{"__type__":"cc.Size","width":22.25,"height":40},"_position":{"__type__":"cc.Vec2","x":-5,"y":458},"_components":[{"__id__":48}]},{"__type__":"cc.Label","node":{"__id__":47},"_useOriginalSize":false,"_N$string":"0","_N$horizontalAlign":1,"_N$verticalAlign":1},{"__type__":"cc.Node","_name":"help","_color":{"__type__":"cc.Color"},"_parent":{"__id__":2},"_contentSize":{"__type__":"cc.Size","width":640,"height":1136},"_children":[{"__id__":50},{"__id__":54},{"__id__":56},{"__id__":58},{"__id__":72},{"__id__":78}],"_components":[{"__id__":79},{"__id__":80}],"_prefab":{"__type__":"cc.PrefabInfo","root":{"__id__":49},"asset":{"__uuid__":"dcffc5d9-c16e-4e6e-8028-41425611ab67"},"fileId":"91851bKGsNBeaKRPC4GnVnD"}},{"__type__":"cc.Node","_name":"New Sprite(Splash)","_opacity":131,"_color":{"__type__":"cc.Color"},"_parent":{"__id__":49},"_contentSize":{"__type__":"cc.Size","width":640,"height":1136},"_components":[{"__id__":51},{"__id__":52},{"__id__":53}],"_prefab":{"__type__":"cc.PrefabInfo","root":{"__id__":49},"asset":{"__uuid__":"dcffc5d9-c16e-4e6e-8028-41425611ab67"},"fileId":"76010LgeVlCGKkAw2NmNWlp"}},{"__type__":"cc.Sprite","node":{"__id__":50},"_spriteFrame":{"__uuid__":"a23235d1-15db-4b95-8439-a2e005bfff91"},"_sizeMode":0},{"__type__":"cc.Widget","node":{"__id__":50},"_alignFlags":45},{"__type__":"cc.Button","node":{"__id__":50},"_N$target":{"__id__":50}},{"__type__":"cc.Node","_name":"box","_parent":{"__id__":49},"_contentSize":{"__type__":"cc.Size","width":595,"height":892},"_position":{"__type__":"cc.Vec2","y":-44},"_components":[{"__id__":55}],"_prefab":{"__type__":"cc.PrefabInfo","root":{"__id__":49},"asset":{"__uuid__":"dcffc5d9-c16e-4e6e-8028-41425611ab67"},"fileId":"3c9e1i4IBtMuJsFFVSu4lTh"}},{"__type__":"cc.Sprite","node":{"__id__":54},"_spriteFrame":{"__uuid__":"758a6ebc-bab2-455c-bbf0-0d968c53f72d"},"_type":1,"_sizeMode":0},{"__type__":"cc.Node","_name":"Label","_parent":{"__id__":49},"_contentSize":{"__type__":"cc.Size","width":310,"height":82},"_position":{"__type__":"cc.Vec2","y":393},"_components":[{"__id__":57}],"_prefab":{"__type__":"cc.PrefabInfo","root":{"__id__":49},"asset":{"__uuid__":"dcffc5d9-c16e-4e6e-8028-41425611ab67"},"fileId":"a4e66DmSotEEYwZSEvQo8H5"}},{"__type__":"cc.Sprite","node":{"__id__":56},"_spriteFrame":{"__uuid__":"6c8ed4d1-33eb-4ff0-bda5-464fbf85cfa0"}},{"__type__":"cc.Node","_name":"b_yellow","_parent":{"__id__":49},"_contentSize":{"__type__":"cc.Size","width":251,"height":95},"_children":[{"__id__":59}],"_position":{"__type__":"cc.Vec2","x":2,"y":-421},"_components":[{"__id__":61},{"__id__":62}],"_prefab":{"__type__":"cc.PrefabInfo","root":{"__id__":49},"asset":{"__uuid__":"dcffc5d9-c16e-4e6e-8028-41425611ab67"},"fileId":"cb22dgL6b9DgL/IJpQyEWpa"}},{"__type__":"cc.Node","_name":"New Label","_parent":{"__id__":58},"_contentSize":{"__type__":"cc.Size","width":160,"height":40},"_components":[{"__id__":60}],"_prefab":{"__type__":"cc.PrefabInfo","root":{"__id__":49},"asset":{"__uuid__":"dcffc5d9-c16e-4e6e-8028-41425611ab67"},"fileId":"d92b2VSJjBC/LC/Or5D8QVX"}},{"__type__":"cc.Label","node":{"__id__":59},"_useOriginalSize":false,"_N$string":"我知道了","_N$horizontalAlign":1,"_N$verticalAlign":1},{"__type__":"cc.Sprite","node":{"__id__":58},"_spriteFrame":{"__uuid__":"e5d907b4-3475-4a08-83c3-4dece14451d1"}},{"__type__":"cc.Button","node":{"__id__":58},"transition":1,"pressedColor":{"__type__":"cc.Color","r":168,"g":166,"b":166},"clickEvents":[{"__type__":"cc.ClickEvent","target":{"__id__":63},"component":"helpLayer","handler":"btnIKnow"}],"_N$normalColor":{"__type__":"cc.Color","r":255,"g":255,"b":255},"_N$target":{"__id__":58}},{"__type__":"cc.Node","_name":"help","_color":{"__type__":"cc.Color"},"_contentSize":{"__type__":"cc.Size","width":640,"height":960},"_children":[{"__type__":"cc.Node","_name":"New Sprite(Splash)","_opacity":131,"_color":{"__type__":"cc.Color"},"_parent":{"__id__":63},"_contentSize":{"__type__":"cc.Size","width":640,"height":960},"_components":[{"__id__":51},{"__id__":52},{"__id__":53}],"_prefab":{"__type__":"cc.PrefabInfo","root":{"__id__":63},"asset":{"__uuid__":"dcffc5d9-c16e-4e6e-8028-41425611ab67"},"fileId":"76010LgeVlCGKkAw2NmNWlp"}},{"__type__":"cc.Node","_name":"box","_parent":{"__id__":63},"_contentSize":{"__type__":"cc.Size","width":595,"height":892},"_position":{"__type__":"cc.Vec2","y":-44},"_components":[{"__id__":55}],"_prefab":{"__type__":"cc.PrefabInfo","root":{"__id__":63},"asset":{"__uuid__":"dcffc5d9-c16e-4e6e-8028-41425611ab67"},"fileId":"3c9e1i4IBtMuJsFFVSu4lTh"}},{"__type__":"cc.Node","_name":"Label","_parent":{"__id__":63},"_contentSize":{"__type__":"cc.Size","width":310,"height":82},"_position":{"__type__":"cc.Vec2","y":393},"_components":[{"__id__":57}],"_prefab":{"__type__":"cc.PrefabInfo","root":{"__id__":63},"asset":{"__uuid__":"dcffc5d9-c16e-4e6e-8028-41425611ab67"},"fileId":"a4e66DmSotEEYwZSEvQo8H5"}},{"__id__":64},{"__id__":65},{"__type__":"cc.Node","_name":"New Label","_color":{"__type__":"cc.Color","r":137,"g":97,"b":37},"_parent":{"__id__":63},"_contentSize":{"__type__":"cc.Size","width":250,"height":40},"_position":{"__type__":"cc.Vec2","y":-339},"_components":[{"__id__":77}],"_prefab":{"__type__":"cc.PrefabInfo","root":{"__id__":63},"asset":{"__uuid__":"dcffc5d9-c16e-4e6e-8028-41425611ab67"},"fileId":"eff73WL+SVMa5LPQeG71lub"}}],"_position":{"__type__":"cc.Vec2","x":320,"y":480},"_components":[{"__id__":79},{"__id__":80}],"_prefab":{"__type__":"cc.PrefabInfo","root":{"__id__":63},"asset":{"__uuid__":"dcffc5d9-c16e-4e6e-8028-41425611ab67"},"fileId":"91851bKGsNBeaKRPC4GnVnD"}},{"__type__":"cc.Node","_name":"b_yellow","_parent":{"__id__":63},"_contentSize":{"__type__":"cc.Size","width":251,"height":95},"_children":[{"__type__":"cc.Node","_name":"New Label","_parent":{"__id__":64},"_contentSize":{"__type__":"cc.Size","width":160,"height":40},"_components":[{"__id__":60}],"_prefab":{"__type__":"cc.PrefabInfo","root":{"__id__":63},"asset":{"__uuid__":"dcffc5d9-c16e-4e6e-8028-41425611ab67"},"fileId":"d92b2VSJjBC/LC/Or5D8QVX"}}],"_position":{"__type__":"cc.Vec2","x":2,"y":-421},"_components":[{"__id__":61},{"__id__":62}],"_prefab":{"__type__":"cc.PrefabInfo","root":{"__id__":63},"asset":{"__uuid__":"dcffc5d9-c16e-4e6e-8028-41425611ab67"},"fileId":"cb22dgL6b9DgL/IJpQyEWpa"}},{"__type__":"cc.Node","_name":"New ScrollView","_parent":{"__id__":63},"_contentSize":{"__type__":"cc.Size","width":510,"height":632},"_children":[{"__id__":66}],"_position":{"__type__":"cc.Vec2","x":-6,"y":9},"_components":[{"__id__":73},{"__id__":74}],"_prefab":{"__type__":"cc.PrefabInfo","root":{"__id__":63},"asset":{"__uuid__":"dcffc5d9-c16e-4e6e-8028-41425611ab67"},"fileId":"c2484hkyfdHPIWtYRcUpVw+"}},{"__type__":"cc.Node","_name":"view","_parent":{"__id__":65},"_anchorPoint":{"__type__":"cc.Vec2","y":0.5},"_contentSize":{"__type__":"cc.Size","width":510,"height":632},"_children":[{"__id__":67}],"_position":{"__type__":"cc.Vec2","x":-255},"_components":[{"__id__":75},{"__id__":76}],"_prefab":{"__type__":"cc.PrefabInfo","root":{"__id__":63},"asset":{"__uuid__":"dcffc5d9-c16e-4e6e-8028-41425611ab67"},"fileId":"68d1ejPqihPp64I0mV+rTz7"}},{"__type__":"cc.Node","_name":"content","_parent":{"__id__":66},"_anchorPoint":{"__type__":"cc.Vec2","y":1},"_contentSize":{"__type__":"cc.Size","width":510,"height":643},"_children":[{"__type__":"cc.Node","_name":"item","_color":{"__type__":"cc.Color","r":137,"g":97,"b":37},"_parent":{"__id__":67},"_anchorPoint":{"__type__":"cc.Vec2","y":1},"_contentSize":{"__type__":"cc.Size","width":510,"height":40},"_position":{"__type__":"cc.Vec2","y":-21},"_components":[{"__id__":68}],"_prefab":{"__type__":"cc.PrefabInfo","root":{"__id__":63},"asset":{"__uuid__":"dcffc5d9-c16e-4e6e-8028-41425611ab67"},"fileId":"3877c1PG1pJH6FB50FjWwEl"}}],"_position":{"__type__":"cc.Vec2","y":319},"_prefab":{"__type__":"cc.PrefabInfo","root":{"__id__":63},"asset":{"__uuid__":"dcffc5d9-c16e-4e6e-8028-41425611ab67"},"fileId":"47fb1mw9xZOh7teEJX2vsGm"}},{"__type__":"cc.Label","node":{"__id__":69},"_useOriginalSize":false,"_N$string":"123","_N$overflow":3},{"__type__":"cc.Node","_name":"item","_color":{"__type__":"cc.Color","r":137,"g":97,"b":37},"_parent":{"__id__":70},"_anchorPoint":{"__type__":"cc.Vec2","y":1},"_contentSize":{"__type__":"cc.Size","width":510,"height":40},"_position":{"__type__":"cc.Vec2","y":-21},"_components":[{"__id__":68}],"_prefab":{"__type__":"cc.PrefabInfo","root":{"__id__":49},"asset":{"__uuid__":"dcffc5d9-c16e-4e6e-8028-41425611ab67"},"fileId":"3877c1PG1pJH6FB50FjWwEl"}},{"__type__":"cc.Node","_name":"content","_parent":{"__id__":71},"_anchorPoint":{"__type__":"cc.Vec2","y":1},"_contentSize":{"__type__":"cc.Size","width":510,"height":643},"_children":[{"__id__":69}],"_position":{"__type__":"cc.Vec2","y":319},"_prefab":{"__type__":"cc.PrefabInfo","root":{"__id__":49},"asset":{"__uuid__":"dcffc5d9-c16e-4e6e-8028-41425611ab67"},"fileId":"47fb1mw9xZOh7teEJX2vsGm"}},{"__type__":"cc.Node","_name":"view","_parent":{"__id__":72},"_anchorPoint":{"__type__":"cc.Vec2","y":0.5},"_contentSize":{"__type__":"cc.Size","width":510,"height":632},"_children":[{"__id__":70}],"_position":{"__type__":"cc.Vec2","x":-255},"_components":[{"__id__":75},{"__id__":76}],"_prefab":{"__type__":"cc.PrefabInfo","root":{"__id__":49},"asset":{"__uuid__":"dcffc5d9-c16e-4e6e-8028-41425611ab67"},"fileId":"68d1ejPqihPp64I0mV+rTz7"}},{"__type__":"cc.Node","_name":"New ScrollView","_parent":{"__id__":49},"_contentSize":{"__type__":"cc.Size","width":510,"height":632},"_children":[{"__id__":71}],"_position":{"__type__":"cc.Vec2","x":-6,"y":9},"_components":[{"__id__":73},{"__id__":74}],"_prefab":{"__type__":"cc.PrefabInfo","root":{"__id__":49},"asset":{"__uuid__":"dcffc5d9-c16e-4e6e-8028-41425611ab67"},"fileId":"c2484hkyfdHPIWtYRcUpVw+"}},{"__type__":"cc.Sprite","node":{"__id__":72},"_type":1,"_sizeMode":0},{"__type__":"cc.ScrollView","node":{"__id__":72},"content":{"__id__":70},"horizontal":false,"brake":0.75,"bounceDuration":0.23,"_N$horizontalScrollBar":null,"_N$verticalScrollBar":null},{"__type__":"cc.Mask","node":{"__id__":71}},{"__type__":"cc.Widget","node":{"__id__":71},"_alignFlags":45,"_originalWidth":240,"_originalHeight":250},{"__type__":"cc.Label","node":{"__id__":78},"_useOriginalSize":false,"_actualFontSize":25,"_fontSize":25,"_N$string":"向上拉动查看规则详情","_N$horizontalAlign":1,"_N$verticalAlign":1},{"__type__":"cc.Node","_name":"New Label","_color":{"__type__":"cc.Color","r":137,"g":97,"b":37},"_parent":{"__id__":49},"_contentSize":{"__type__":"cc.Size","width":250,"height":40},"_position":{"__type__":"cc.Vec2","y":-339},"_components":[{"__id__":77}],"_prefab":{"__type__":"cc.PrefabInfo","root":{"__id__":49},"asset":{"__uuid__":"dcffc5d9-c16e-4e6e-8028-41425611ab67"},"fileId":"eff73WL+SVMa5LPQeG71lub"}},{"__type__":"cc.Widget","node":{"__id__":49},"_alignFlags":45},{"__type__":"fee5eBxtZFPRKw8+q//J0+r","node":{"__id__":49},"label":{"__id__":68}},{"__type__":"cc.Node","_name":"lost","_parent":{"__id__":2},"_contentSize":{"__type__":"cc.Size","width":640,"height":1136},"_children":[{"__id__":82},{"__id__":83}],"_components":[{"__type__":"cc.Widget","node":{"__id__":81},"_alignFlags":45}]},{"__type__":"cc.Node","_name":"New Sprite(Splash)","_opacity":131,"_color":{"__type__":"cc.Color"},"_parent":{"__id__":81},"_contentSize":{"__type__":"cc.Size","width":640,"height":1136},"_components":[{"__type__":"cc.Sprite","node":{"__id__":82},"_spriteFrame":{"__uuid__":"a23235d1-15db-4b95-8439-a2e005bfff91"},"_sizeMode":0},{"__type__":"cc.Widget","node":{"__id__":82},"_alignFlags":45},{"__type__":"cc.Button","node":{"__id__":82},"_N$target":{"__id__":82}}]},{"__type__":"cc.Node","_name":"box","_parent":{"__id__":81},"_contentSize":{"__type__":"cc.Size","width":600,"height":393},"_children":[{"__id__":84},{"__id__":85},{"__id__":87}],"_components":[{"__type__":"cc.Sprite","node":{"__id__":83},"_spriteFrame":{"__uuid__":"758a6ebc-bab2-455c-bbf0-0d968c53f72d"}}]},{"__type__":"cc.Node","_name":"t_again","_parent":{"__id__":83},"_contentSize":{"__type__":"cc.Size","width":311,"height":66},"_position":{"__type__":"cc.Vec2","y":183},"_components":[{"__type__":"cc.Sprite","node":{"__id__":84},"_spriteFrame":{"__uuid__":"5677e85d-f1c6-49ec-8814-31ff7f151465"}}]},{"__type__":"cc.Node","_name":"btn","_parent":{"__id__":83},"_contentSize":{"__type__":"cc.Size","width":251,"height":95},"_children":[{"__id__":86}],"_position":{"__type__":"cc.Vec2","y":-110},"_components":[{"__type__":"cc.Sprite","node":{"__id__":85},"_spriteFrame":{"__uuid__":"e5d907b4-3475-4a08-83c3-4dece14451d1"}},{"__type__":"cc.Button","node":{"__id__":85},"transition":1,"clickEvents":[{"__type__":"cc.ClickEvent","target":{"__id__":2},"component":"playScene","handler":"btnAgain"}],"_N$normalColor":{"__type__":"cc.Color","r":255,"g":255,"b":255},"_N$target":{"__id__":85}}]},{"__type__":"cc.Node","_name":"New Label","_parent":{"__id__":85},"_contentSize":{"__type__":"cc.Size","width":160,"height":40},"_components":[{"__type__":"cc.Label","node":{"__id__":86},"_useOriginalSize":false,"_N$string":"再接再厉","_N$horizontalAlign":1,"_N$verticalAlign":1}]},{"__type__":"cc.Node","_name":"Label","_color":{"__type__":"cc.Color","r":121,"g":86,"b":14},"_parent":{"__id__":83},"_contentSize":{"__type__":"cc.Size","width":360,"height":40},"_position":{"__type__":"cc.Vec2","y":70},"_components":[{"__type__":"cc.Label","node":{"__id__":87},"_useOriginalSize":false,"_N$string":"很遗憾，没有中奖哦","_N$horizontalAlign":1,"_N$verticalAlign":1}]},{"__type__":"cc.Node","_name":"win","_parent":{"__id__":2},"_contentSize":{"__type__":"cc.Size","width":640,"height":1136},"_children":[{"__id__":89},{"__id__":90},{"__id__":91},{"__id__":92},{"__id__":94},{"__id__":96},{"__id__":97}],"_components":[{"__type__":"cc.Widget","node":{"__id__":88},"_alignFlags":45}]},{"__type__":"cc.Node","_name":"New Sprite(Splash)","_opacity":131,"_color":{"__type__":"cc.Color"},"_parent":{"__id__":88},"_contentSize":{"__type__":"cc.Size","width":640,"height":1136},"_components":[{"__type__":"cc.Sprite","node":{"__id__":89},"_spriteFrame":{"__uuid__":"a23235d1-15db-4b95-8439-a2e005bfff91"},"_sizeMode":0},{"__type__":"cc.Widget","node":{"__id__":89},"_alignFlags":45},{"__type__":"cc.Button","node":{"__id__":89},"_N$target":{"__id__":89}}]},{"__type__":"cc.Node","_name":"box","_parent":{"__id__":88},"_contentSize":{"__type__":"cc.Size","width":600,"height":393},"_components":[{"__type__":"cc.Sprite","node":{"__id__":90},"_spriteFrame":{"__uuid__":"758a6ebc-bab2-455c-bbf0-0d968c53f72d"}}]},{"__type__":"cc.Node","_name":"Label","_color":{"__type__":"cc.Color","r":121,"g":86,"b":14},"_parent":{"__id__":88},"_contentSize":{"__type__":"cc.Size","width":200,"height":40},"_position":{"__type__":"cc.Vec2","y":87},"_components":[{"__type__":"cc.Label","node":{"__id__":91},"_useOriginalSize":false,"_N$string":"恭喜你获得","_N$horizontalAlign":1,"_N$verticalAlign":1}]},{"__type__":"cc.Node","_name":"green","_parent":{"__id__":88},"_contentSize":{"__type__":"cc.Size","width":251,"height":95},"_children":[{"__id__":93}],"_position":{"__type__":"cc.Vec2","x":136,"y":-91},"_components":[{"__type__":"cc.Sprite","node":{"__id__":92},"_spriteFrame":{"__uuid__":"f2f39ddc-d7cf-48db-be9c-d99eee6eebc6"}},{"__type__":"cc.Button","node":{"__id__":92},"transition":1,"clickEvents":[{"__type__":"cc.ClickEvent","target":{"__id__":2},"component":"playScene","handler":"btnContinueGame"}],"_N$normalColor":{"__type__":"cc.Color","r":255,"g":255,"b":255},"_N$target":{"__id__":92}}]},{"__type__":"cc.Node","_name":"New Label","_parent":{"__id__":92},"_contentSize":{"__type__":"cc.Size","width":160,"height":40},"_components":[{"__type__":"cc.Label","node":{"__id__":93},"_useOriginalSize":false,"_N$string":"继续游戏","_N$horizontalAlign":1,"_N$verticalAlign":1}]},{"__type__":"cc.Node","_name":"yellow","_parent":{"__id__":88},"_contentSize":{"__type__":"cc.Size","width":251,"height":95},"_children":[{"__id__":95}],"_position":{"__type__":"cc.Vec2","x":-130,"y":-91},"_components":[{"__type__":"cc.Sprite","node":{"__id__":94},"_spriteFrame":{"__uuid__":"e5d907b4-3475-4a08-83c3-4dece14451d1"}},{"__type__":"cc.Button","node":{"__id__":94},"transition":1,"clickEvents":[{"__type__":"cc.ClickEvent","target":{"__id__":2},"component":"playScene","handler":"btnCheckInfo"}],"_N$normalColor":{"__type__":"cc.Color","r":255,"g":255,"b":255},"_N$target":{"__id__":94}}]},{"__type__":"cc.Node","_name":"New Label","_parent":{"__id__":94},"_contentSize":{"__type__":"cc.Size","width":160,"height":40},"_components":[{"__type__":"cc.Label","node":{"__id__":95},"_useOriginalSize":false,"_N$string":"查看详情","_N$horizontalAlign":1,"_N$verticalAlign":1}]},{"__type__":"cc.Node","_name":"t_win","_parent":{"__id__":88},"_contentSize":{"__type__":"cc.Size","width":196,"height":66},"_position":{"__type__":"cc.Vec2","y":195},"_components":[{"__type__":"cc.Sprite","node":{"__id__":96},"_spriteFrame":{"__uuid__":"9d629a5d-fd0b-4d06-9d73-bec5e73192c2"}}]},{"__type__":"cc.Node","_name":"name","_color":{"__type__":"cc.Color"},"_parent":{"__id__":88},"_contentSize":{"__type__":"cc.Size","width":97.87,"height":40},"_position":{"__type__":"cc.Vec2","y":17},"_components":[{"__type__":"cc.Label","node":{"__id__":97},"_useOriginalSize":false,"_N$horizontalAlign":1,"_N$verticalAlign":1}]},{"__type__":"cc.Node","_name":"message","_parent":{"__id__":2},"_contentSize":{"__type__":"cc.Size","width":640,"height":1136},"_children":[{"__id__":99},{"__id__":100},{"__id__":101},{"__id__":102}],"_active":false,"_components":[{"__type__":"cc.Widget","node":{"__id__":98},"_alignFlags":45}]},{"__type__":"cc.Node","_name":"New Sprite(Splash)","_opacity":131,"_color":{"__type__":"cc.Color"},"_parent":{"__id__":98},"_contentSize":{"__type__":"cc.Size","width":640,"height":1136},"_components":[{"__type__":"cc.Sprite","node":{"__id__":99},"_spriteFrame":{"__uuid__":"a23235d1-15db-4b95-8439-a2e005bfff91"},"_sizeMode":0},{"__type__":"cc.Widget","node":{"__id__":99},"_alignFlags":45},{"__type__":"cc.Button","node":{"__id__":99},"_N$target":{"__id__":99}}]},{"__type__":"cc.Node","_name":"box","_parent":{"__id__":98},"_contentSize":{"__type__":"cc.Size","width":600,"height":393},"_components":[{"__type__":"cc.Sprite","node":{"__id__":100},"_spriteFrame":{"__uuid__":"758a6ebc-bab2-455c-bbf0-0d968c53f72d"}}]},{"__type__":"cc.Node","_name":"Label","_color":{"__type__":"cc.Color","r":121,"g":86,"b":14},"_parent":{"__id__":98},"_contentSize":{"__type__":"cc.Size","width":160,"height":40},"_position":{"__type__":"cc.Vec2","y":61},"_components":[{"__type__":"cc.Label","node":{"__id__":101},"_useOriginalSize":false,"_N$string":"分享成功","_N$horizontalAlign":1,"_N$verticalAlign":1}]},{"__type__":"cc.Node","_name":"green","_parent":{"__id__":98},"_contentSize":{"__type__":"cc.Size","width":251,"height":95},"_children":[{"__id__":103}],"_position":{"__type__":"cc.Vec2","y":-91},"_components":[{"__type__":"cc.Sprite","node":{"__id__":102},"_spriteFrame":{"__uuid__":"f2f39ddc-d7cf-48db-be9c-d99eee6eebc6"}},{"__type__":"cc.Button","node":{"__id__":102},"transition":1,"clickEvents":[{"__type__":"cc.ClickEvent","target":{"__id__":2},"component":"playScene","handler":"btnContinueGameMsg"}],"_N$normalColor":{"__type__":"cc.Color","r":255,"g":255,"b":255},"_N$target":{"__id__":102}}]},{"__type__":"cc.Node","_name":"New Label","_parent":{"__id__":102},"_contentSize":{"__type__":"cc.Size","width":160,"height":40},"_components":[{"__type__":"cc.Label","node":{"__id__":103},"_useOriginalSize":false,"_N$string":"继续游戏","_N$horizontalAlign":1,"_N$verticalAlign":1}]},{"__type__":"cc.Node","_name":"reward","_parent":{"__id__":2},"_contentSize":{"__type__":"cc.Size","width":640,"height":1136},"_children":[{"__id__":105},{"__id__":106},{"__id__":107},{"__id__":108},{"__id__":109},{"__id__":113},{"__id__":115}],"_components":[{"__type__":"cc.Widget","node":{"__id__":104},"_alignFlags":45}]},{"__type__":"cc.Node","_name":"New Sprite(Splash)","_opacity":131,"_color":{"__type__":"cc.Color"},"_parent":{"__id__":104},"_contentSize":{"__type__":"cc.Size","width":640,"height":1136},"_components":[{"__type__":"cc.Sprite","node":{"__id__":105},"_spriteFrame":{"__uuid__":"a23235d1-15db-4b95-8439-a2e005bfff91"},"_sizeMode":0},{"__type__":"cc.Widget","node":{"__id__":105},"_alignFlags":45},{"__type__":"cc.Button","node":{"__id__":105},"_N$target":{"__id__":105}}]},{"__type__":"cc.Node","_name":"box","_parent":{"__id__":104},"_contentSize":{"__type__":"cc.Size","width":600,"height":788},"_position":{"__type__":"cc.Vec2","y":-13},"_components":[{"__type__":"cc.Sprite","node":{"__id__":106},"_spriteFrame":{"__uuid__":"758a6ebc-bab2-455c-bbf0-0d968c53f72d"},"_type":1,"_sizeMode":0}]},{"__type__":"cc.Node","_name":"stmp","_color":{"__type__":"cc.Color","r":255},"_parent":{"__id__":104},"_contentSize":{"__type__":"cc.Size","width":120,"height":40},"_position":{"__type__":"cc.Vec2","x":124,"y":248},"_components":[{"__type__":"cc.Label","node":{"__id__":107},"_useOriginalSize":false,"_N$string":"已申请","_N$horizontalAlign":1,"_N$verticalAlign":1}]},{"__type__":"cc.Node","_name":"name","_color":{"__type__":"cc.Color","r":121,"g":86,"b":14},"_parent":{"__id__":104},"_contentSize":{"__type__":"cc.Size","width":86.74,"height":40},"_position":{"__type__":"cc.Vec2","x":-10,"y":297},"_components":[{"__type__":"cc.Label","node":{"__id__":108},"_useOriginalSize":false,"_N$string":"ygao","_N$horizontalAlign":1,"_N$verticalAlign":1}]},{"__type__":"cc.Node","_name":"New ScrollView","_parent":{"__id__":104},"_contentSize":{"__type__":"cc.Size","width":510,"height":498},"_children":[{"__id__":110}],"_position":{"__type__":"cc.Vec2","x":-6,"y":-6},"_components":[{"__type__":"cc.Sprite","node":{"__id__":109},"_type":1,"_sizeMode":0},{"__type__":"cc.ScrollView","node":{"__id__":109},"content":{"__id__":111},"horizontal":false,"brake":0.75,"bounceDuration":0.23,"_N$horizontalScrollBar":null,"_N$verticalScrollBar":null}]},{"__type__":"cc.Node","_name":"view","_parent":{"__id__":109},"_anchorPoint":{"__type__":"cc.Vec2","y":0.5},"_contentSize":{"__type__":"cc.Size","width":510,"height":498},"_children":[{"__id__":111}],"_position":{"__type__":"cc.Vec2","x":-255},"_components":[{"__type__":"cc.Mask","node":{"__id__":110}},{"__type__":"cc.Widget","node":{"__id__":110},"_alignFlags":45,"_originalWidth":240,"_originalHeight":250}]},{"__type__":"cc.Node","_name":"content","_parent":{"__id__":110},"_anchorPoint":{"__type__":"cc.Vec2","y":1},"_contentSize":{"__type__":"cc.Size","width":510,"height":643},"_children":[{"__id__":112}],"_position":{"__type__":"cc.Vec2","y":319}},{"__type__":"cc.Node","_name":"item","_color":{"__type__":"cc.Color","r":137,"g":97,"b":37},"_parent":{"__id__":111},"_anchorPoint":{"__type__":"cc.Vec2","y":1},"_contentSize":{"__type__":"cc.Size","width":510,"height":80},"_position":{"__type__":"cc.Vec2","y":-69},"_components":[{"__type__":"cc.Label","node":{"__id__":112},"_useOriginalSize":false,"_N$string":"123\n","_N$overflow":3}]},{"__type__":"cc.Node","_name":"b_yellow","_parent":{"__id__":104},"_contentSize":{"__type__":"cc.Size","width":251,"height":95},"_children":[{"__id__":114}],"_position":{"__type__":"cc.Vec2","x":-140,"y":-326},"_components":[{"__type__":"cc.Sprite","node":{"__id__":113},"_spriteFrame":{"__uuid__":"e5d907b4-3475-4a08-83c3-4dece14451d1"}},{"__type__":"cc.Button","node":{"__id__":113},"transition":1,"clickEvents":[{"__type__":"cc.ClickEvent","target":{"__id__":2},"component":"playScene","handler":"btnShengqin"}],"_N$normalColor":{"__type__":"cc.Color","r":255,"g":255,"b":255},"_N$target":{"__id__":113}}]},{"__type__":"cc.Node","_name":"New Label","_parent":{"__id__":113},"_contentSize":{"__type__":"cc.Size","width":80,"height":40},"_components":[{"__type__":"cc.Label","node":{"__id__":114},"_useOriginalSize":false,"_N$string":"申请","_N$horizontalAlign":1,"_N$verticalAlign":1}]},{"__type__":"cc.Node","_name":"green","_parent":{"__id__":104},"_contentSize":{"__type__":"cc.Size","width":251,"height":95},"_children":[{"__id__":116}],"_position":{"__type__":"cc.Vec2","x":146,"y":-326},"_components":[{"__type__":"cc.Sprite","node":{"__id__":115},"_spriteFrame":{"__uuid__":"f2f39ddc-d7cf-48db-be9c-d99eee6eebc6"}},{"__type__":"cc.Button","node":{"__id__":115},"transition":1,"clickEvents":[{"__type__":"cc.ClickEvent","target":{"__id__":2},"component":"playScene","handler":"btnGuanBiDuiJiang"}],"_N$normalColor":{"__type__":"cc.Color","r":255,"g":255,"b":255},"_N$target":{"__id__":115}}]},{"__type__":"cc.Node","_name":"New Label","_parent":{"__id__":115},"_contentSize":{"__type__":"cc.Size","width":160,"height":40},"_components":[{"__type__":"cc.Label","node":{"__id__":116},"_useOriginalSize":false,"_N$string":"继续游戏","_N$horizontalAlign":1,"_N$verticalAlign":1}]},{"__type__":"cc.Node","_name":"share","_parent":{"__id__":2},"_contentSize":{"__type__":"cc.Size","width":640,"height":1136},"_children":[{"__id__":118},{"__id__":119},{"__id__":120},{"__id__":121}],"_active":false,"_components":[{"__type__":"cc.Widget","node":{"__id__":117},"_alignFlags":45}]},{"__type__":"cc.Node","_name":"New Sprite(Splash)","_opacity":131,"_color":{"__type__":"cc.Color"},"_parent":{"__id__":117},"_contentSize":{"__type__":"cc.Size","width":640,"height":1136},"_components":[{"__type__":"cc.Sprite","node":{"__id__":118},"_spriteFrame":{"__uuid__":"a23235d1-15db-4b95-8439-a2e005bfff91"},"_sizeMode":0},{"__type__":"cc.Widget","node":{"__id__":118},"_alignFlags":45},{"__type__":"cc.Button","node":{"__id__":118},"_N$target":{"__id__":118}}]},{"__type__":"cc.Node","_name":"arrow","_parent":{"__id__":117},"_contentSize":{"__type__":"cc.Size","width":115,"height":145},"_position":{"__type__":"cc.Vec2","x":216,"y":436},"_components":[{"__type__":"cc.Sprite","node":{"__id__":119},"_spriteFrame":{"__uuid__":"2fe1557f-c2f9-4e8f-97ff-322045e5ffbe"}}]},{"__type__":"cc.Node","_name":"Label","_parent":{"__id__":117},"_contentSize":{"__type__":"cc.Size","width":360,"height":120},"_position":{"__type__":"cc.Vec2","x":-17,"y":-122},"_components":[{"__type__":"cc.Label","node":{"__id__":120},"_useOriginalSize":false,"_lineHeight":60,"_N$string":"呼朋唤友一起来\n帮你砸彩蛋赢奖品啦","_N$horizontalAlign":1,"_N$verticalAlign":1}]},{"__type__":"cc.Node","_name":"eggs","_parent":{"__id__":117},"_contentSize":{"__type__":"cc.Size","width":815,"height":433},"_scaleX":0.7,"_scaleY":0.7,"_position":{"__type__":"cc.Vec2","y":140},"_components":[{"__type__":"cc.Sprite","node":{"__id__":121},"_spriteFrame":{"__uuid__":"4b617854-7f6b-40ec-a2cb-7a3182d2ed04"}}]}],{"__type__":"cc.SpriteFrame","content":{"name":"11","texture":"f25bbac2-c071-4cbc-bf40-348239ce28d8","rect":[0,6,174,239],"offset":[0,-3],"originalSize":[174,245]}},{"__type__":"cc.SpriteFrame","content":{"name":"31","texture":"46aed338-be4a-415e-9a17-edbb0356ec61","rect":[0,6,174,239],"offset":[0,-3],"originalSize":[174,245]}},{"__type__":"cc.SpriteFrame","content":{"name":"51","texture":"7d3fb99e-fdf1-4458-84e0-384c85463ae0","rect":[0,6,174,239],"offset":[0,-3],"originalSize":[174,245]}},{"__type__":"cc.SpriteFrame","content":{"name":"41","texture":"39277b20-fbb1-4362-bef0-bbc28b7cde58","rect":[0,6,174,239],"offset":[0,-3],"originalSize":[174,245]}},{"__type__":"cc.SpriteFrame","content":{"name":"61","texture":"f503741a-0e2c-4dc9-b06d-ba99e4e1df16","rect":[0,6,174,239],"offset":[0,-3],"originalSize":[174,245]}},{"__type__":"cc.SpriteFrame","content":{"name":"71","texture":"c6932d68-f0f9-4f5a-bb58-9431ef8698d7","rect":[0,6,174,239],"offset":[0,-3],"originalSize":[174,245]}},{"__type__":"cc.SpriteFrame","content":{"name":"91","texture":"b5755ae0-edd1-4552-a9e1-9f6ffcc4f875","rect":[0,6,174,239],"offset":[0,-3],"originalSize":[174,245]}},{"__type__":"cc.SpriteFrame","content":{"name":"81","texture":"3e36ea6a-63e0-4818-b8ec-77792fc5229b","rect":[0,6,174,239],"offset":[0,-3],"originalSize":[174,245]}},{"__type__":"cc.SpriteFrame","content":{"name":"chuizi","texture":"a6b0e98f-e1ed-475f-8ef7-d49b7de2a27e","rect":[2,2,132,140],"offset":[0,0.5],"originalSize":[136,145]}},{"__type__":"cc.SpriteFrame","content":{"name":"53","texture":"a04e771b-884a-4e23-b90f-1710f4b94fdd","rect":[17,0,147,105],"offset":[3.5,0],"originalSize":[174,105]}},{"__type__":"cc.AnimationClip","_name":"Chuizi","_duration":0.16666666666666666,"curveData":{"props":{"rotation":[]},"paths":{"chuizi":{"props":{"rotation":[{"frame":0,"value":30,"curve":[0.38,0.59,0.58,1]},{"frame":0.08333333333333333,"value":-30},{"frame":0.16666666666666666,"value":-30}]},"comps":{"cc.AudioSource":{}}}}}},{"__type__":"cc.AnimationClip","_name":"EggBreak","_duration":0.3333333333333333,"curveData":{"paths":{"top":{"props":{"position":[{"frame":0,"value":[2.4,29.1],"motionPath":[]},{"frame":0.08333333333333333,"value":[55.8,65.5],"motionPath":[]},{"frame":0.3333333333333333,"value":[136,71.2],"motionPath":[]}],"rotation":[{"frame":0,"value":0},{"frame":0.08333333333333333,"value":37},{"frame":0.3333333333333333,"value":89}],"opacity":[{"frame":0,"value":255},{"frame":0.08333333333333333,"value":180},{"frame":0.3333333333333333,"value":0}]}}}}},{"__type__":"cc.SpriteFrame","content":{"name":"box","texture":"2595c7cd-2c33-4398-a85f-05034ec80896","rect":[0,0,595,444],"offset":[0,0],"originalSize":[595,444],"capInsets":[130,121,133,96]}},{"__type__":"cc.SpriteFrame","content":{"name":"52","texture":"2e9205cc-b48e-4436-bb52-8d6f3f926647","rect":[0,6,174,239],"offset":[0,-3],"originalSize":[174,245]}},{"__type__":"cc.SpriteFrame","content":{"name":"t_win","texture":"a254dbe3-c74a-4c86-8f5f-dcfd58ddfa19","rect":[0,0,196,66],"offset":[0,0],"originalSize":[196,66]}},{"__type__":"cc.SpriteFrame","content":{"name":"t_again","texture":"fc55b6ec-9124-4fc6-af1b-88c4c72ccec3","rect":[0,0,311,66],"offset":[0,0],"originalSize":[311,66]}},{"__type__":"cc.SpriteFrame","content":{"name":"arrow","texture":"8aa72f83-3d77-4de6-b237-798f955ba1bd","rect":[0,0,115,145],"offset":[0,0],"originalSize":[115,145]}},{"__type__":"cc.SpriteFrame","content":{"name":"13","texture":"9785f3c2-d1ba-47db-8d61-6dbec5f28e39","rect":[17,0,147,105],"offset":[3.5,0],"originalSize":[174,105]}},{"__type__":"cc.SpriteFrame","content":{"name":"eggs","texture":"41a7d8c9-56bb-497a-86a5-3a95a147be3d","rect":[0,0,815,433],"offset":[0,0],"originalSize":[815,433]}},{"__type__":"cc.SpriteFrame","content":{"name":"23","texture":"e12e9cdb-35b5-43d0-a3d1-98f1e7918ad6","rect":[17,0,147,105],"offset":[3.5,0],"originalSize":[174,105]}},{"__type__":"cc.SpriteFrame","content":{"name":"33","texture":"cc06da45-7eaa-472e-9ba7-3c3ef6cedb5d","rect":[17,0,147,105],"offset":[3.5,0],"originalSize":[174,105]}},{"__type__":"cc.SpriteFrame","content":{"name":"43","texture":"08578526-d96e-4b34-81f9-affebbcee217","rect":[17,0,147,105],"offset":[3.5,0],"originalSize":[174,105]}},{"__type__":"cc.SpriteFrame","content":{"name":"63","texture":"802faf86-e090-4283-b07a-e42f860b90dd","rect":[17,0,147,105],"offset":[3.5,0],"originalSize":[174,105]}},{"__type__":"cc.SpriteFrame","content":{"name":"73","texture":"98d4ddb0-143b-4495-b817-9cac8046ab4f","rect":[17,0,147,105],"offset":[3.5,0],"originalSize":[174,105]}},{"__type__":"cc.SpriteFrame","content":{"name":"83","texture":"f6c37137-e4a0-4dea-8d37-5fe8ecfaa60a","rect":[17,0,147,105],"offset":[3.5,0],"originalSize":[174,105]}},{"__type__":"cc.SpriteFrame","content":{"name":"93","texture":"847eea4b-5526-456e-b514-98ad832625af","rect":[17,0,147,105],"offset":[3.5,0],"originalSize":[174,105]}},{"__type__":"cc.SpriteFrame","content":{"name":"12","texture":"aa91bef2-1da9-4a56-bbed-74ec6c059cae","rect":[0,6,174,239],"offset":[0,-3],"originalSize":[174,245]}},{"__type__":"cc.SpriteFrame","content":{"name":"32","texture":"805af3b0-2acf-4a9b-8051-92184f986847","rect":[0,6,174,239],"offset":[0,-3],"originalSize":[174,245]}},{"__type__":"cc.SpriteFrame","content":{"name":"42","texture":"4a371479-bef9-4433-9d9a-bd2bb20d9eda","rect":[0,6,174,239],"offset":[0,-3],"originalSize":[174,245]}},{"__type__":"cc.SpriteFrame","content":{"name":"62","texture":"56d93562-1ee1-490a-8a88-6ef7af3a47af","rect":[0,6,174,239],"offset":[0,-3],"originalSize":[174,245]}},{"__type__":"cc.SpriteFrame","content":{"name":"72","texture":"a576d0fe-70e2-47ab-a9ad-31a8bb7a7edc","rect":[0,6,174,239],"offset":[0,-3],"originalSize":[174,245]}},{"__type__":"cc.SpriteFrame","content":{"name":"82","texture":"978e7bf4-d68f-4a6e-803f-4bc1090a2f06","rect":[0,6,174,239],"offset":[0,-3],"originalSize":[174,245]}},{"__type__":"cc.SpriteFrame","content":{"name":"22","texture":"141fb3d9-0dfc-4427-b328-ee4593b2b411","rect":[0,6,174,239],"offset":[0,-3],"originalSize":[174,245]}},{"__type__":"cc.SpriteFrame","content":{"name":"92","texture":"d6755145-a5bf-4ad1-ac18-52f30bdfc266","rect":[0,6,174,239],"offset":[0,-3],"originalSize":[174,245]}}]