{"frameRate":24,"name":"blocker","version":"5.5","compatibleVersion":"5.5","armature":[{"type":"Armature","frameRate":24,"name":"root","bone":[{"name":"root"},{"length":11,"name":"wood22","parent":"root","transform":{"x":2.2752,"y":-19.5227,"skX":-93.6412,"skY":-93.6412}},{"length":17,"name":"wood21","parent":"root","transform":{"x":3.0254,"y":-0.4522,"skX":-7.063,"skY":-7.063}},{"length":17,"name":"wood2","parent":"root","transform":{"x":20.5632,"y":19.7164,"skX":177.6833,"skY":177.6833}},{"length":24,"name":"wood3","parent":"root","transform":{"x":-16.1514,"y":-21.9776,"skX":-1.963,"skY":-1.963}},{"length":24,"name":"wood31","parent":"root","transform":{"x":21.8251,"y":-22.3319,"skX":179.1581,"skY":179.1581}}],"slot":[{"displayIndex":-1,"name":"wood21","parent":"wood21"},{"displayIndex":-1,"name":"wood3","parent":"wood3"},{"displayIndex":-1,"name":"wood31","parent":"wood31"},{"displayIndex":-1,"name":"wood32","parent":"wood2"},{"displayIndex":-1,"name":"wood2","parent":"wood22"}],"skin":[{"slot":[{"name":"wood2","display":[{"name":"wood2","transform":{"x":2.6,"y":-0.58,"skX":-80,"skY":-80},"path":"wood3"}]},{"name":"wood32","display":[{"name":"wood3","transform":{"x":6.6,"y":0.27,"skX":3.87,"skY":3.87}}]},{"name":"wood31","display":[{"name":"wood3","transform":{"x":11.17,"y":0.93,"skX":1.96,"skY":1.96}}]},{"name":"wood3","display":[{"name":"wood3","transform":{"x":7.54,"y":0.73,"skX":1.96,"skY":1.96}}]},{"name":"wood21","display":[{"name":"wood2","transform":{"x":-1.08,"y":-0.89,"skX":3.87,"skY":3.87},"path":"wood3"}]}]}],"animation":[{"duration":17,"playTimes":0,"name":"blocker","bone":[{"name":"wood2","translateFrame":[{"tweenEasing":0},{"tweenEasing":0,"x":3.08,"y":-0.93},{"duration":11,"curve":[0.7390243902439024,0.23487544483985762,1,1],"x":10.78,"y":-2.07},{"duration":4,"x":6.81,"y":150.36}],"rotateFrame":[{"tweenEasing":0,"rotate":0.29},{"tweenEasing":0,"rotate":17.56},{"duration":11,"tweenEasing":0,"rotate":26.99},{"duration":4,"rotate":76.87}]},{"name":"wood21","translateFrame":[{"duration":2,"tweenEasing":0},{"duration":2,"tweenEasing":0,"x":-8.52,"y":-2.29},{"duration":10,"curve":[0.6804878048780488,0.12277580071174377,1,1],"x":-16.17,"y":14.34},{"duration":3,"x":-9,"y":162.97}],"rotateFrame":[{"duration":2,"tweenEasing":0,"rotate":0.29},{"duration":2,"tweenEasing":0,"rotate":-19.84},{"duration":10,"tweenEasing":0,"rotate":-46.01},{"duration":3,"rotate":-142}],"scaleFrame":[{"duration":2,"tweenEasing":0},{"duration":2,"tweenEasing":0,"y":1.3},{"duration":10,"tweenEasing":0,"y":1.46},{"duration":3,"y":1.28}]},{"name":"wood3","translateFrame":[{"tweenEasing":0},{"duration":3,"tweenEasing":0,"x":-5.49,"y":-9.03},{"duration":12,"curve":[0.5926829268292683,0.08007117437722419,1,1],"x":-10.08,"y":-14.36},{"x":-13.78,"y":169.65}],"rotateFrame":[{"tweenEasing":0},{"duration":3,"tweenEasing":0,"rotate":29.4},{"duration":12,"tweenEasing":0,"rotate":-27.96},{"rotate":-120.85}],"scaleFrame":[{"tweenEasing":0},{"duration":3,"tweenEasing":0,"x":1.13,"y":1.13},{"duration":12,"tweenEasing":0,"x":1.07,"y":1.07},{}]},{"name":"wood31","translateFrame":[{"tweenEasing":0},{"duration":2,"tweenEasing":0,"x":10.19,"y":-6.42},{"duration":11,"curve":[0.7341463414634146,0.15480427046263345,1,1],"x":15.63,"y":-3.34},{"duration":3,"x":21.04,"y":136.47}],"rotateFrame":[{"tweenEasing":0},{"duration":2,"tweenEasing":0,"rotate":-4.71},{"duration":11,"tweenEasing":0,"rotate":10.15},{"duration":3,"rotate":120.11}],"scaleFrame":[{"tweenEasing":0},{"duration":2,"tweenEasing":0,"x":1.1,"y":1.1},{"duration":11,"tweenEasing":0,"x":1.07,"y":1.07},{"duration":3}]},{"name":"wood22","translateFrame":[{"tweenEasing":0},{"duration":2,"tweenEasing":0,"y":-7.35},{"duration":2,"tweenEasing":0,"x":0.74,"y":-8.82},{"duration":12,"curve":[0.6951219512195121,0.2455516014234876,1,1],"x":3.68,"y":-2.94},{"duration":0,"x":12.06,"y":119.3}],"rotateFrame":[{"tweenEasing":0},{"duration":2,"tweenEasing":0,"rotate":7.24},{"duration":2,"tweenEasing":0,"rotate":1.81},{"duration":12,"tweenEasing":0,"rotate":-4.89},{"duration":0,"rotate":-54.39}],"scaleFrame":[{"tweenEasing":0},{"duration":4,"tweenEasing":0,"x":1.2,"y":1.1},{"duration":12,"tweenEasing":0,"x":1.2,"y":1.1},{"duration":0,"x":0.99,"y":0.91}]}],"slot":[{"name":"wood21","displayFrame":[{"duration":17}],"colorFrame":[{"duration":5},{"duration":9,"tweenEasing":0},{"duration":3,"value":{"aM":0}}]},{"name":"wood3","displayFrame":[{"duration":17}],"colorFrame":[{"duration":8},{"duration":8,"tweenEasing":0},{"value":{"aM":0}}]},{"name":"wood31","displayFrame":[{"duration":17}],"colorFrame":[{"duration":6},{"duration":8,"tweenEasing":0},{"duration":3,"value":{"aM":0}}]},{"name":"wood32","displayFrame":[{"duration":17}],"colorFrame":[{"duration":6},{"duration":7,"tweenEasing":0},{"duration":4,"value":{"aM":0}}]},{"name":"wood2","displayFrame":[{"duration":17}],"colorFrame":[{"duration":8},{"duration":9,"tweenEasing":0},{"duration":0,"value":{"aM":0}}]}]}],"defaultActions":[{"gotoAndPlay":"blocker"}]}]}