[
    {"depth":4,"res":"Fish/fish01","speed":1},
    {"depth":5,"res":"Fish/fish02","speed":1},
    {"depth":6,"res":"Fish/fish03","speed":1},
    {"depth":7,"res":"Fish/fish04","speed":1},
    {"depth":8,"res":"Fish/fish05","speed":1},
    {"depth":9,"res":"Fish/fish06","speed":1},
    {"depth":10,"res":"Fish/fish07","speed":1},
    {"depth":11,"res":"Fish/fish08","speed":1},
    {"depth":12,"res":"Fish/fish09","speed":1},
    {"depth":13,"res":"Fish/fish10","speed":1},
    {"depth":14,"res":"Fish/fish01","speed":1},
    {"depth":15,"res":"Fish/fish02","speed":1},
    {"depth":16,"res":"Fish/fish03","speed":1},
    {"depth":17,"res":"Fish/fish04","speed":1},
    {"depth":18,"res":"Fish/fish05","speed":1},
    {"depth":19,"res":"Fish/fish06","speed":1},
    {"depth":20,"res":"Fish/fish07","speed":1},
    {"depth":21,"res":"Fish/fish07","speed":1},
    {"depth":22,"res":"Fish/fish08","speed":1},
    {"depth":23,"res":"Fish/fish09","speed":1},
    {"depth":24,"res":"Fish/fish10","speed":1},
    {"depth":25,"res":"Fish/fish01","speed":1},
    {"depth":26,"res":"Fish/fish03","speed":1},
    {"depth":27,"res":"Fish/fish04","speed":1},
    {"depth":28,"res":"Fish/fish05","speed":1},
    {"depth":29,"res":"Fish/fish06","speed":1},
    {"depth":30,"res":"Fish/fish07","speed":1},
    {"depth":31,"res":"Fish/fish07","speed":1},
    {"depth":32,"res":"Fish/fish08","speed":1},
    {"depth":33,"res":"Fish/fish09","speed":1},
    {"depth":34,"res":"Fish/fish10","speed":1},
    {"depth":35,"res":"Fish/fish01","speed":1},
    {"depth":36,"res":"Fish/fish03","speed":1},
    {"depth":37,"res":"Fish/fish04","speed":1},
    {"depth":38,"res":"Fish/fish05","speed":1},
    {"depth":39,"res":"Fish/fish06","speed":1},
    {"depth":40,"res":"Fish/fish07","speed":1},
    {"depth":51,"res":"Fish/fish07","speed":2},
    {"depth":52,"res":"Fish/fish08","speed":2},
    {"depth":53,"res":"Fish/fish09","speed":2},
    {"depth":54,"res":"Fish/fish10","speed":2},
    {"depth":55,"res":"Fish/fish01","speed":2},
    {"depth":56,"res":"Fish/fish03","speed":2},
    {"depth":57,"res":"Fish/fish04","speed":2},
    {"depth":58,"res":"Fish/fish05","speed":2},
    {"depth":59,"res":"Fish/fish06","speed":2},
    {"depth":60,"res":"Fish/fish07","speed":2}
]