{
  "f8e6b000-5643-4b86-9080-aa680ce1f599": {
    "asset": 1530695668000,
    "meta": 1530695668000,
    "relativePath": "image"
  },
  "71561142-4c83-4933-afca-cb7a17f67053": {
    "asset": 1530695668000,
    "meta": 1575267933000,
    "relativePath": "image/default_btn_disabled.png"
  },
  "e851e89b-faa2-4484-bea6-5c01dd9f06e2": {
    "asset": 1530695668000,
    "meta": 1575267933000,
    "relativePath": "image/default_btn_normal.png"
  },
  "d81ec8ad-247c-4e62-aa3c-d35c4193c7af": {
    "asset": 1530695668000,
    "meta": 1575267933000,
    "relativePath": "image/default_panel.png"
  },
  "b43ff3c2-02bb-4874-81f7-f2dea6970f18": {
    "asset": 1530695668000,
    "meta": 1575267933000,
    "relativePath": "image/default_btn_pressed.png"
  },
  "99170b0b-d210-46f1-b213-7d9e3f23098a": {
    "asset": 1530695668000,
    "meta": 1575267933000,
    "relativePath": "image/default_progressbar_bg.png"
  },
  "cfef78f1-c8df-49b7-8ed0-4c953ace2621": {
    "asset": 1530695668000,
    "meta": 1575267933000,
    "relativePath": "image/default_progressbar.png"
  },
  "567dcd80-8bf4-4535-8a5a-313f1caf078a": {
    "asset": 1530695668000,
    "meta": 1575267933000,
    "relativePath": "image/default_radio_button_off.png"
  },
  "9d60001f-b5f4-4726-a629-2659e3ded0b8": {
    "asset": 1530695668000,
    "meta": 1575267933000,
    "relativePath": "image/default_radio_button_on.png"
  },
  "4bab67cb-18e6-4099-b840-355f0473f890": {
    "asset": 1530695668000,
    "meta": 1575267933000,
    "relativePath": "image/default_scrollbar_bg.png"
  },
  "617323dd-11f4-4dd3-8eec-0caf6b3b45b9": {
    "asset": 1530695668000,
    "meta": 1575267933000,
    "relativePath": "image/default_scrollbar_vertical_bg.png"
  },
  "d6d3ca85-4681-47c1-b5dd-d036a9d39ea2": {
    "asset": 1530695668000,
    "meta": 1575267933000,
    "relativePath": "image/default_scrollbar_vertical.png"
  },
  "0291c134-b3da-4098-b7b5-e397edbe947f": {
    "asset": 1530695668000,
    "meta": 1575267933000,
    "relativePath": "image/default_scrollbar.png"
  },
  "0275e94c-56a7-410f-bd1a-fc7483f7d14a": {
    "asset": 1530695668000,
    "meta": 1575267933000,
    "relativePath": "image/default_sprite_splash.png"
  },
  "6e056173-d285-473c-b206-40a7fff5386e": {
    "asset": 1530695668000,
    "meta": 1575267933000,
    "relativePath": "image/default_sprite.png"
  },
  "73a0903d-d80e-4e3c-aa67-f999543c08f5": {
    "asset": 1530695668000,
    "meta": 1575267933000,
    "relativePath": "image/default_toggle_checkmark.png"
  },
  "c25b9d50-c8fc-4d27-beeb-6e7c1f2e5c0f": {
    "asset": 1530695668000,
    "meta": 1575267933000,
    "relativePath": "image/default_toggle_disabled.png"
  },
  "d29077ba-1627-4a72-9579-7b56a235340c": {
    "asset": 1530695668000,
    "meta": 1575267933000,
    "relativePath": "image/default_toggle_normal.png"
  },
  "fc09f9bd-2cce-4605-b630-8145ef809ed6": {
    "asset": 1530695668000,
    "meta": 1530695668000,
    "relativePath": "misc"
  },
  "2be36297-9abb-4fee-8049-9ed5e271da8a": {
    "asset": 1530695668000,
    "meta": 1530695668000,
    "relativePath": "misc/default_video.mp4"
  },
  "f6e6dd15-71d1-4ffe-ace7-24fd39942c05": {
    "asset": 1530695668000,
    "meta": 1530695668000,
    "relativePath": "obsolete"
  },
  "b8223619-7e38-47c4-841f-9160c232495a": {
    "asset": 1530695668000,
    "meta": 1530695668000,
    "relativePath": "obsolete/atom.plist"
  },
  "f743d2b6-b7ea-4c14-a55b-547ed4d0a045": {
    "asset": 1530695668000,
    "meta": 1530695668000,
    "relativePath": "particle"
  },
  "b2687ac4-099e-403c-a192-ff477686f4f5": {
    "asset": 1530695668000,
    "meta": 1530695668000,
    "relativePath": "particle/atom.plist"
  },
  "ae6c6c98-11e4-452f-8758-75f5c6a56e83": {
    "asset": 1530695668000,
    "meta": 1530695668000,
    "relativePath": "prefab"
  },
  "b181c1e4-0a72-4a91-bfb0-ae6f36ca60bd": {
    "asset": 1530695668000,
    "meta": 1575267933000,
    "relativePath": "image/default_toggle_pressed.png"
  },
  "972b9a4d-47ee-4c74-b5c3-61d8a69bc29f": {
    "asset": 1530695668000,
    "meta": 1575267933000,
    "relativePath": "prefab/button.prefab"
  },
  "2c937608-2562-40ea-b264-7395df6f0cea": {
    "asset": 1530695668000,
    "meta": 1575267933000,
    "relativePath": "prefab/canvas.prefab"
  },
  "61aeb05b-3b32-452b-8eed-2b76deeed554": {
    "asset": 1530695668000,
    "meta": 1575267933000,
    "relativePath": "prefab/editbox.prefab"
  },
  "27756ebb-3d33-44b0-9b96-e858fadd4dd4": {
    "asset": 1530695668000,
    "meta": 1575267933000,
    "relativePath": "prefab/label.prefab"
  },
  "785a442c-3ceb-45be-a46e-7317f625f3b9": {
    "asset": 1530695668000,
    "meta": 1575267933000,
    "relativePath": "prefab/layout.prefab"
  },
  "ca8401fe-ad6e-41a8-bd46-8e3e4e9945be": {
    "asset": 1530695668000,
    "meta": 1575267933000,
    "relativePath": "prefab/pageview.prefab"
  },
  "cd33edea-55f5-46c2-958d-357a01384a36": {
    "asset": 1530695668000,
    "meta": 1575267933000,
    "relativePath": "prefab/particlesystem.prefab"
  },
  "5965ffac-69da-4b55-bcde-9225d0613c28": {
    "asset": 1530695668000,
    "meta": 1575267933000,
    "relativePath": "prefab/progressBar.prefab"
  },
  "4a37dd57-78cd-4cec-aad4-f11a73d12b63": {
    "asset": 1530695668000,
    "meta": 1575267933000,
    "relativePath": "prefab/richtext.prefab"
  },
  "32044bd2-481f-4cf1-a656-e2b2fb1594eb": {
    "asset": 1530695668000,
    "meta": 1575267933000,
    "relativePath": "prefab/scrollview.prefab"
  },
  "0004d1cf-a0ad-47d8-ab17-34d3db9d35a3": {
    "asset": 1530695668000,
    "meta": 1575267933000,
    "relativePath": "prefab/slider.prefab"
  },
  "1f55e3be-b89b-4b79-88de-47fd31018044": {
    "asset": 1530695668000,
    "meta": 1575267933000,
    "relativePath": "prefab/sprite_splash.prefab"
  },
  "96083d03-c332-4a3f-9386-d03e2d19e8ee": {
    "asset": 1530695668000,
    "meta": 1575267933000,
    "relativePath": "prefab/sprite.prefab"
  },
  "7de03a80-4457-438d-95a7-3e7cdffd6086": {
    "asset": 1530695668000,
    "meta": 1575267933000,
    "relativePath": "prefab/tiledmap.prefab"
  },
  "0d784963-d024-4ea6-a7db-03be0ad63010": {
    "asset": 1530695668000,
    "meta": 1575267933000,
    "relativePath": "prefab/toggle.prefab"
  },
  "bf0a434c-84dd-4a8e-a08a-7a36f180cc75": {
    "asset": 1530695668000,
    "meta": 1575267933000,
    "relativePath": "prefab/toggleContainer.prefab"
  },
  "d1b8be49-b0a0-435c-83b7-552bed4bbe35": {
    "asset": 1530695668000,
    "meta": 1575267933000,
    "relativePath": "prefab/toggleGroup.prefab"
  },
  "232d2782-c4bd-4bb4-9e01-909f03d6d3b9": {
    "asset": 1530695668000,
    "meta": 1575267933000,
    "relativePath": "prefab/videoplayer.prefab"
  },
  "8c5001fd-07ee-4a4b-a8a0-63e15195e94d": {
    "asset": 1530695668000,
    "meta": 1575267933000,
    "relativePath": "prefab/webview.prefab"
  },
  "d6360d99-0a0a-4e98-8fcf-f00c7fba935d": {
    "asset": 1575267811000,
    "meta": 1575267811000,
    "relativePath": "image"
  },
  "676eaec7-f394-4249-977b-57df8649cd5a": {
    "asset": 1575267811000,
    "meta": 1575267933000,
    "relativePath": "image/2dl.png"
  },
  "56898187-43da-4c72-8a8b-d6587657af84": {
    "asset": 1575267811000,
    "meta": 1575267933000,
    "relativePath": "image/111.png"
  },
  "528a1a2e-41cc-407b-b511-1259f271c6d9": {
    "asset": 1575267811000,
    "meta": 1575267933000,
    "relativePath": "image/2dr.png"
  },
  "0afee2bc-6a8c-4566-8d95-f28c2f77769b": {
    "asset": 1575267811000,
    "meta": 1575267934000,
    "relativePath": "image/7048.png"
  },
  "086d447f-9f82-41e9-974a-7215c63a07eb": {
    "asset": 1575267811000,
    "meta": 1575267934000,
    "relativePath": "image/a1.png"
  },
  "75f16c3f-6d4b-4a36-b9c3-691db9f176ca": {
    "asset": 1575267811000,
    "meta": 1575267934000,
    "relativePath": "image/a2.png"
  },
  "3bc5719b-053a-4edb-9a21-cf1dcbb68fe1": {
    "asset": 1575267811000,
    "meta": 1575267934000,
    "relativePath": "image/a3.png"
  },
  "948a93ff-713e-4835-a0a3-03ab45ef009a": {
    "asset": 1575267811000,
    "meta": 1575267934000,
    "relativePath": "image/benc.png"
  },
  "abc01fdf-1b79-4b94-bcd4-d57f181b94b9": {
    "asset": 1575267811000,
    "meta": 1575267934000,
    "relativePath": "image/back2.png"
  },
  "b792be07-11b6-41ff-bf7b-7b51b4f41ee5": {
    "asset": 1575267811000,
    "meta": 1575267934000,
    "relativePath": "image/benc1.png"
  },
  "ac71f433-fcdf-44d7-bcca-cdcdbfe9d517": {
    "asset": 1575267811000,
    "meta": 1575267934000,
    "relativePath": "image/benc2.png"
  },
  "a9659c9d-661a-4824-ba47-a6839a731dd9": {
    "asset": 1575267811000,
    "meta": 1575267934000,
    "relativePath": "image/benc3.png"
  },
  "2b21e9d0-d613-4b3e-af55-97cbed90ee92": {
    "asset": 1575267811000,
    "meta": 1575267934000,
    "relativePath": "image/benc4.png"
  },
  "155c8099-ec14-462f-810a-082ef4357838": {
    "asset": 1575267811000,
    "meta": 1575267934000,
    "relativePath": "image/cao.png"
  },
  "75047255-a9db-4fb8-9f26-78f0c23b1086": {
    "asset": 1575267811000,
    "meta": 1575267934000,
    "relativePath": "image/bg_water.jpg"
  },
  "69f1a80e-72bd-4055-91ef-4bf2aad552dc": {
    "asset": 1575267811000,
    "meta": 1575267934000,
    "relativePath": "image/coin.png"
  },
  "4ec0825f-5264-4e9a-94af-97c68a755386": {
    "asset": 1575267811000,
    "meta": 1575267934000,
    "relativePath": "image/defen.png"
  },
  "e590e67b-56fa-42be-bc87-e0dbe6521b5c": {
    "asset": 1575267811000,
    "meta": 1575267934000,
    "relativePath": "image/dl.png"
  },
  "c7438766-d7bb-425e-99c6-023d33c67a70": {
    "asset": 1575267811000,
    "meta": 1575267934000,
    "relativePath": "image/dr.png"
  },
  "5bbb78c4-0620-44ce-af65-73b302b0bfe4": {
    "asset": 1575267811000,
    "meta": 1575267934000,
    "relativePath": "image/fuhuo.png"
  },
  "66b7b86e-9918-4d98-8f1e-8d43c5b80f71": {
    "asset": 1575267811000,
    "meta": 1575267934000,
    "relativePath": "image/huluobo.png"
  },
  "7203edc4-afab-4533-abb9-e1c856ae46c1": {
    "asset": 1575267811000,
    "meta": 1575267934000,
    "relativePath": "image/huluobo1.png"
  },
  "abefc837-12ae-4b2f-bad6-912b2ae05127": {
    "asset": 1575267811000,
    "meta": 1575267934000,
    "relativePath": "image/jinbi.png"
  },
  "255fe942-736b-40c6-905a-d216f9bb0224": {
    "asset": 1575267811000,
    "meta": 1575267934000,
    "relativePath": "image/now.png"
  },
  "de252998-b49c-433b-891c-45f7f48199fa": {
    "asset": 1575267811000,
    "meta": 1575267934000,
    "relativePath": "image/kaishi.png"
  },
  "5589de99-d9b7-406c-ba58-876e15f5f1b5": {
    "asset": 1575267811000,
    "meta": 1575267934000,
    "relativePath": "image/now1.png"
  },
  "195d0331-11e3-4dfc-8d32-00211967b680": {
    "asset": 1575267811000,
    "meta": 1575267934000,
    "relativePath": "image/now2.png"
  },
  "cb9877dd-79af-4a3f-bee5-2c32f15d3d72": {
    "asset": 1575267811000,
    "meta": 1575267934000,
    "relativePath": "image/rankSelect.png"
  },
  "3b032739-613d-4876-818f-f3f4ca26a757": {
    "asset": 1575267811000,
    "meta": 1575267934000,
    "relativePath": "image/startb.png"
  },
  "48990d95-4996-403d-9407-1039329b1096": {
    "asset": 1575267811000,
    "meta": 1575267934000,
    "relativePath": "image/yumi.png"
  },
  "48354fc3-f20f-49c9-8dcd-0d80be2393bf": {
    "asset": 1575267811000,
    "meta": 1575267934000,
    "relativePath": "image/zanting.png"
  },
  "cd9bce4f-c449-4d70-a349-f2b32103c7e7": {
    "asset": 1575267811000,
    "meta": 1575267934000,
    "relativePath": "image/zhuanfa.png"
  },
  "ee5efb20-8e00-40d5-bc01-1b273fd9a33c": {
    "asset": 1575267811000,
    "meta": 1575267811000,
    "relativePath": "prefab"
  },
  "9a582808-f6c1-42dd-8ae1-1197342e3ad3": {
    "asset": 1575267811000,
    "meta": 1575267934000,
    "relativePath": "prefab/Block.prefab"
  },
  "5280ca64-4efd-4348-9c5f-5fef65281f24": {
    "asset": 1575267811000,
    "meta": 1575267934000,
    "relativePath": "prefab/Item_Coin.prefab"
  },
  "1c946ad1-9512-478e-808d-569ae43ad6a4": {
    "asset": 1575267811000,
    "meta": 1575267934000,
    "relativePath": "prefab/Item_Corn.prefab"
  },
  "47b0dcd6-fb2c-4bdc-92b0-0d7f40e99d38": {
    "asset": 1575267811000,
    "meta": 1575267934000,
    "relativePath": "prefab/Item_Grass.prefab"
  },
  "6e409518-4589-4ad9-9d41-ede168bfa5ed": {
    "asset": 1575267811000,
    "meta": 1575267934000,
    "relativePath": "prefab/Item_Radish.prefab"
  },
  "92332af9-974c-4ff6-b940-dd807534d91d": {
    "asset": 1575267811000,
    "meta": 1575267811000,
    "relativePath": "scripts"
  },
  "cafe4d3b-a56e-4acb-a600-8d82438800aa": {
    "asset": 1575267811000,
    "meta": 1575267934000,
    "relativePath": "image/zhuanfa1.png"
  },
  "4004596d-5c95-4a4f-9203-2ef7e9259440": {
    "asset": 1575267811000,
    "meta": 1575267934000,
    "relativePath": "scripts/DataManager.js"
  },
  "3b49bf5c-107f-4544-bc99-5b45ad78748d": {
    "asset": 1575267811000,
    "meta": 1575267934000,
    "relativePath": "scripts/Game.js"
  },
  "7a6f760e-be1f-4958-82b9-5a4e276c24ff": {
    "asset": 1575267811000,
    "meta": 1575267934000,
    "relativePath": "scripts/ItemManager.js"
  },
  "532f3208-d27d-4d47-85e8-c48e7bdda5a9": {
    "asset": 1575267811000,
    "meta": 1575267934000,
    "relativePath": "scripts/Net.js"
  },
  "e11dca0a-9870-4714-83b7-dfcc386a8ec5": {
    "asset": 1575267811000,
    "meta": 1575267934000,
    "relativePath": "scripts/Player.js"
  },
  "0fd9c010-b5c7-46fb-b3db-5fc6c1c78031": {
    "asset": 1575267811000,
    "meta": 1575267934000,
    "relativePath": "scripts/SoundManager.js"
  },
  "d310176d-e1d0-4151-9746-e64ec6204915": {
    "asset": 1575267811000,
    "meta": 1575267934000,
    "relativePath": "scripts/SoundType.js"
  },
  "da6fd02d-ea4d-4342-a83b-4dba030cfe44": {
    "asset": 1575267811000,
    "meta": 1575267934000,
    "relativePath": "scripts/UIGame.js"
  },
  "3dd48dd4-f595-4637-9cf3-0a67d8e9ac11": {
    "asset": 1575267811000,
    "meta": 1575267934000,
    "relativePath": "scripts/UIGameOver.js"
  },
  "6c56e164-20a5-401a-bb97-6d0bd760157d": {
    "asset": 1575267811000,
    "meta": 1575267934000,
    "relativePath": "scripts/UIManager.js"
  },
  "4f866001-a13d-4a96-8c21-c637ba7a1f17": {
    "asset": 1575267811000,
    "meta": 1575267934000,
    "relativePath": "scripts/UIRank.js"
  },
  "91b1b62c-2b56-4e54-b9cd-06439df65394": {
    "asset": 1575267811000,
    "meta": 1575267934000,
    "relativePath": "scripts/UIType.js"
  },
  "15e523fc-17cb-4cbb-8413-321a5aa78416": {
    "asset": 1575267811000,
    "meta": 1575267811000,
    "relativePath": "sound"
  },
  "3b8f04c5-b1af-4fe6-9c00-79ed09130290": {
    "asset": 1575267811000,
    "meta": 1575267811000,
    "relativePath": "sound/aback.mp3"
  },
  "ef273013-fbd8-4f5a-ae80-ff813229b6d9": {
    "asset": 1575267811000,
    "meta": 1575267811000,
    "relativePath": "sound/acoin.wav"
  },
  "8fb7ccc2-0d90-47eb-9112-9cb05de5b9f7": {
    "asset": 1575267811000,
    "meta": 1575267811000,
    "relativePath": "sound/ajump.wav"
  },
  "9bef58e5-685a-407e-9a5e-0cd22042ecaf": {
    "asset": 1575267811000,
    "meta": 1575267811000,
    "relativePath": "sound/luoshui.wav"
  },
  "de3d6796-bca6-425e-8905-1e9a267a11d7": {
    "asset": 1575267811000,
    "meta": 1575267934000,
    "relativePath": "xlgh_main.fire"
  }
}