[
  {
    "__type__": "cc.Prefab",
    "_name": "targetArea",
    "_objFlags": 0,
    "_native": "",
    "data": {
      "__id__": 1
    },
    "optimizationPolicy": 0,
    "asyncLoadAssets": false,
    "readonly": false
  },
  {
    "__type__": "cc.Node",
    "_name": "back_bg_02@3x",
    "_objFlags": 0,
    "_parent": null,
    "_children": [],
    "_active": true,
    "_components": [
      {
        "__id__": 2
      },
      {
        "__id__": 3
      }
    ],
    "_prefab": {
      "__id__": 4
    },
    "_opacity": 255,
    "_color": {
      "__type__": "cc.Color",
      "r": 255,
      "g": 255,
      "b": 255,
      "a": 255
    },
    "_contentSize": {
      "__type__": "cc.Size",
      "width": 162,
      "height": 216
    },
    "_anchorPoint": {
      "__type__": "cc.Vec2",
      "x": 0.5,
      "y": 0.5
    },
    "_trs": {
      "__type__": "TypedArray",
      "ctor": "Float32Array",
      "array": [
        0,
        0,
        0,
        0,
        0,
        0,
        1,
        1,
        1,
        1
      ]
    },
    "_eulerAngles": {
      "__type__": "cc.Vec3",
      "x": 0,
      "y": 0,
      "z": 0
    },
    "_skewX": 0,
    "_skewY": 0,
    "_is3DNode": false,
    "_groupIndex": 0,
    "groupIndex": 0,
    "_id": ""
  },
  {
    "__type__": "cc.Sprite",
    "_name": "",
    "_objFlags": 0,
    "node": {
      "__id__": 1
    },
    "_enabled": true,
    "_materials": [
      {
        "__uuid__": "eca5d2f2-8ef6-41c2-bbe6-f9c79d09c432"
      }
    ],
    "_srcBlendFactor": 770,
    "_dstBlendFactor": 771,
    "_spriteFrame": {
      "__uuid__": "fc0a14f8-3cf3-4a70-8eb7-ec2509ae4d75"
    },
    "_type": 0,
    "_sizeMode": 1,
    "_fillType": 0,
    "_fillCenter": {
      "__type__": "cc.Vec2",
      "x": 0,
      "y": 0
    },
    "_fillStart": 0,
    "_fillRange": 0,
    "_isTrimmedMode": true,
    "_atlas": {
      "__uuid__": "1259cdfe-1f7d-43f9-ae7a-b4b508db73d1"
    },
    "_id": ""
  },
  {
    "__type__": "3d4248B5dxBOaLqDJEAV0fg",
    "_name": "",
    "_objFlags": 0,
    "node": {
      "__id__": 1
    },
    "_enabled": true,
    "_id": ""
  },
  {
    "__type__": "cc.PrefabInfo",
    "root": {
      "__id__": 1
    },
    "asset": {
      "__uuid__": "2cd1c1c8-de28-45be-9c25-49fab47ceb9f"
    },
    "fileId": "3bZSX/9GNDjrXEW2Tsz05a",
    "sync": false
  }
]