{
  "item-states": [
    {
      "folded": false,
      "id": "mount-assets"
    },
    {
      "folded": false,
      "id": "29f52784-2fca-467b-92e7-8fd9ef8c57b7"
    },
    {
      "folded": true,
      "id": "4734c20c-0db8-4eb2-92ea-e692f4d70934"
    },
    {
      "folded": true,
      "id": "ba565e29-8464-4a58-8232-26eea817404e"
    },
    {
      "folded": true,
      "id": "8e859444-24d0-4540-afba-06d25a102174"
    },
    {
      "folded": false,
      "id": "820bd04b-ec03-4f18-912b-ebb268e267af"
    },
    {
      "folded": true,
      "id": "006eb9eb-cb81-497e-b704-d9e1e5330ebe"
    },
    {
      "folded": true,
      "id": "c75214dd-ea88-4225-90ca-08b5b6bddadd"
    },
    {
      "folded": true,
      "id": "296f3c82-2d02-4ad6-aa1a-3ff3c399324b"
    },
    {
      "folded": false,
      "id": "527d81ef-d5e5-4e38-9ff2-6a21057200a1"
    },
    {
      "folded": true,
      "id": "70fa8c84-2300-4287-9586-55e7d190ad44"
    },
    {
      "folded": false,
      "id": "7bf83214-c68b-43a9-9cb1-2ea4f2719265"
    },
    {
      "folded": true,
      "id": "0d5aacd4-4031-4f1a-97e5-71b9e4951c65"
    },
    {
      "folded": false,
      "id": "c8e882f0-c869-4e5a-a3b8-9e4b4d1d2537"
    },
    {
      "folded": true,
      "id": "c5e4c548-200b-4f0e-820f-b2b256003243"
    }
  ]
}