{
  "version": "1.1.1",
  "windows": {
    "main": {
      "main": true,
      "url": "app://editor/index.html",
      "windowType": "dockable",
      "x": -3,
      "y": 26,
      "width": 1280,
      "height": 773,
      "layout": {
        "children": [
          {
            "children": [
              {
                "active": 0,
                "children": [
                  "hierarchy"
                ],
                "height": 324.203125,
                "type": "panel",
                "width": 237.03125
              },
              {
                "active": 0,
                "children": [
                  "assets"
                ],
                "height": 354.796875,
                "type": "panel",
                "width": 237.03125
              }
            ],
            "height": 682,
            "type": "dock-v",
            "width": 237.03125
          },
          {
            "children": [
              {
                "active": 0,
                "children": [
                  "scene"
                ],
                "height": 403.734375,
                "type": "panel",
                "width": 678.578125
              },
              {
                "active": 0,
                "children": [
                  "console",
                  "timeline"
                ],
                "height": 275.265625,
                "type": "panel",
                "width": 678.578125
              }
            ],
            "height": 682,
            "type": "dock-v",
            "width": 678.578125
          },
          {
            "active": 0,
            "children": [
              "inspector"
            ],
            "height": 682,
            "type": "panel",
            "width": 352.390625
          }
        ],
        "type": "dock-h"
      },
      "panels": [
        "console",
        "timeline",
        "inspector",
        "hierarchy",
        "assets",
        "scene"
      ]
    }
  },
  "panels": {
    "builder": {
      "x": 771,
      "y": 24,
      "width": 503,
      "height": 722
    },
    "sprite-editor": {
      "x": 715,
      "y": 170,
      "width": 500,
      "height": 522
    },
    "project-settings": {
      "x": 680,
      "y": 265,
      "width": 584,
      "height": 548
    }
  }
}