{
  "__type__": "cc.Mesh",
  "_name": "",
  "_objFlags": 0,
  "_native": ".bin",
  "_struct": {
    "primitives": [
      {
        "primitiveMode": 7,
        "vertexBundelIndices": [
          0
        ],
        "geometricInfo": {
          "view": {
            "offset": 6192,
            "length": 1548,
            "count": 387,
            "stride": 4
          }
        },
        "indexView": {
          "offset": 7740,
          "length": 432,
          "count": 216,
          "stride": 2
        }
      }
    ],
    "vertexBundles": [
      {
        "view": {
          "offset": 0,
          "length": 6192,
          "count": 129,
          "stride": 48
        },
        "attributes": [
          {
            "name": "a_position",
            "format": 32,
            "isNormalized": false
          },
          {
            "name": "a_normal",
            "format": 32,
            "isNormalized": false
          },
          {
            "name": "a_texCoord",
            "format": 21,
            "isNormalized": false
          },
          {
            "name": "a_tangent",
            "format": 43,
            "isNormalized": false
          }
        ]
      }
    ],
    "minPosition": {
      "__type__": "cc.Vec3",
      "x": -0.5,
      "y": -0.5,
      "z": -0.4999999403953552
    },
    "maxPosition": {
      "__type__": "cc.Vec3",
      "x": 0.5,
      "y": 0.5,
      "z": 0.5
    }
  },
  "_dataLength": 8172,
  "_hash": 1070434296
}