{
  "__type__": "cc.Material",
  "_name": "DefaultMaterial",
  "_objFlags": 0,
  "_native": "",
  "_effectAsset": {
    "__uuid__": "1baf0fc9-befa-459c-8bdd-af1a450a0319"
  },
  "_techIdx": 0,
  "_defines": [
    {}
  ],
  "_states": [
    {
      "rasterizerState": {},
      "blendState": {
        "targets": [
          {}
        ]
      },
      "depthStencilState": {}
    }
  ],
  "_props": [
    {
      "albedoScale": {
        "__type__": "cc.Vec3",
        "x": 0.5,
        "y": 0.5,
        "z": 0.5
      },
      "metallic": 0.200000002980232,
      "roughness": 0.800000011920929
    }
  ]
}