{
  "android-instant": {
    "REMOTE_SERVER_ROOT": "",
    "host": "",
    "pathPattern": "",
    "recordPath": "",
    "scheme": "https",
    "skipRecord": false
  },
  "appKey": "",
  "appSecret": "",
  "encryptJs": true,
  "excludeScenes": [],
  "fb-instant-games": {},
  "includeAnySDK": false,
  "includeSDKBox": false,
  "inlineSpriteFrames": true,
  "inlineSpriteFrames_native": true,
  "jailbreakPlatform": false,
  "md5Cache": true,
  "mergeStartScene": false,
  "oauthLoginServer": "",
  "optimizeHotUpdate": false,
  "orientation": {
    "landscapeLeft": true,
    "landscapeRight": true,
    "portrait": false,
    "upsideDown": false
  },
  "packageName": "org.cocos2d.helloworld",
  "privateKey": "",
  "qqplay": {
    "REMOTE_SERVER_ROOT": "",
    "orientation": "portrait"
  },
  "startScene": "884316e4-0577-44a4-91ce-e267e0e22569",
  "title": "Lucky666",
  "webOrientation": "auto",
  "wechatgame": {
    "REMOTE_SERVER_ROOT": "https://config.023mama.com/static/config/lucky666/",
    "appid": "wx7017d361fbfe5e33",
    "isSubdomain": false,
    "orientation": "portrait",
    "subContext": "SubGame"
  },
  "xxteaKey": "835e340d-7388-48",
  "zipCompressJs": true
}