{
  "f8e6b000-5643-4b86-9080-aa680ce1f599": {
    "asset": 1564227482173,
    "meta": 1558963176000,
    "relativePath": "image"
  },
  "71561142-4c83-4933-afca-cb7a17f67053": {
    "asset": 1558963176000,
    "meta": 1569984242555,
    "relativePath": "image\\default_btn_disabled.png"
  },
  "e851e89b-faa2-4484-bea6-5c01dd9f06e2": {
    "asset": 1558963176000,
    "meta": 1569984242557,
    "relativePath": "image\\default_btn_normal.png"
  },
  "edd215b9-2796-4a05-aaf5-81f96c9281ce": {
    "asset": 1558963176000,
    "meta": 1569984242583,
    "relativePath": "image\\default_editbox_bg.png"
  },
  "b43ff3c2-02bb-4874-81f7-f2dea6970f18": {
    "asset": 1558963176000,
    "meta": 1569984242576,
    "relativePath": "image\\default_btn_pressed.png"
  },
  "99170b0b-d210-46f1-b213-7d9e3f23098a": {
    "asset": 1558963176000,
    "meta": 1569984242606,
    "relativePath": "image\\default_progressbar_bg.png"
  },
  "d81ec8ad-247c-4e62-aa3c-d35c4193c7af": {
    "asset": 1558963176000,
    "meta": 1569984242599,
    "relativePath": "image\\default_panel.png"
  },
  "cfef78f1-c8df-49b7-8ed0-4c953ace2621": {
    "asset": 1558963176000,
    "meta": 1569984242623,
    "relativePath": "image\\default_progressbar.png"
  },
  "567dcd80-8bf4-4535-8a5a-313f1caf078a": {
    "asset": 1558963176000,
    "meta": 1569984242628,
    "relativePath": "image\\default_radio_button_off.png"
  },
  "4bab67cb-18e6-4099-b840-355f0473f890": {
    "asset": 1558963176000,
    "meta": 1569984242649,
    "relativePath": "image\\default_scrollbar_bg.png"
  },
  "9d60001f-b5f4-4726-a629-2659e3ded0b8": {
    "asset": 1558963176000,
    "meta": 1569984242641,
    "relativePath": "image\\default_radio_button_on.png"
  },
  "617323dd-11f4-4dd3-8eec-0caf6b3b45b9": {
    "asset": 1558963176000,
    "meta": 1569984242667,
    "relativePath": "image\\default_scrollbar_vertical_bg.png"
  },
  "d6d3ca85-4681-47c1-b5dd-d036a9d39ea2": {
    "asset": 1558963176000,
    "meta": 1569984242681,
    "relativePath": "image\\default_scrollbar_vertical.png"
  },
  "0275e94c-56a7-410f-bd1a-fc7483f7d14a": {
    "asset": 1558963176000,
    "meta": 1569984242698,
    "relativePath": "image\\default_sprite_splash.png"
  },
  "0291c134-b3da-4098-b7b5-e397edbe947f": {
    "asset": 1558963176000,
    "meta": 1569984242703,
    "relativePath": "image\\default_scrollbar.png"
  },
  "73a0903d-d80e-4e3c-aa67-f999543c08f5": {
    "asset": 1558963176000,
    "meta": 1569984242722,
    "relativePath": "image\\default_toggle_checkmark.png"
  },
  "6e056173-d285-473c-b206-40a7fff5386e": {
    "asset": 1558963176000,
    "meta": 1569984242725,
    "relativePath": "image\\default_sprite.png"
  },
  "d29077ba-1627-4a72-9579-7b56a235340c": {
    "asset": 1558963176000,
    "meta": 1569984242750,
    "relativePath": "image\\default_toggle_normal.png"
  },
  "c25b9d50-c8fc-4d27-beeb-6e7c1f2e5c0f": {
    "asset": 1558963176000,
    "meta": 1569984242742,
    "relativePath": "image\\default_toggle_disabled.png"
  },
  "fc09f9bd-2cce-4605-b630-8145ef809ed6": {
    "asset": 1564227482191,
    "meta": 1558963176000,
    "relativePath": "misc"
  },
  "2be36297-9abb-4fee-8049-9ed5e271da8a": {
    "asset": 1558963176000,
    "meta": 1569984242766,
    "relativePath": "misc\\default_video.mp4"
  },
  "f6e6dd15-71d1-4ffe-ace7-24fd39942c05": {
    "asset": 1564227482218,
    "meta": 1558963176000,
    "relativePath": "obsolete"
  },
  "b181c1e4-0a72-4a91-bfb0-ae6f36ca60bd": {
    "asset": 1558963176000,
    "meta": 1569984242773,
    "relativePath": "image\\default_toggle_pressed.png"
  },
  "f743d2b6-b7ea-4c14-a55b-547ed4d0a045": {
    "asset": 1564227482244,
    "meta": 1558963176000,
    "relativePath": "particle"
  },
  "b8223619-7e38-47c4-841f-9160c232495a": {
    "asset": 1558963176000,
    "meta": 1569984243000,
    "relativePath": "obsolete\\atom.plist"
  },
  "8a96b965-2dc0-4e03-aa90-3b79cb93b5b4": {
    "asset": 1558963176000,
    "meta": 1569984242793,
    "relativePath": "obsolete\\atom.png"
  },
  "b2687ac4-099e-403c-a192-ff477686f4f5": {
    "asset": 1558963176000,
    "meta": 1569984243004,
    "relativePath": "particle\\atom.plist"
  },
  "d0a82d39-bede-46c4-b698-c81ff0dedfff": {
    "asset": 1558963176000,
    "meta": 1569984242802,
    "relativePath": "particle\\atom.png"
  },
  "ae6c6c98-11e4-452f-8758-75f5c6a56e83": {
    "asset": 1564227482453,
    "meta": 1558963176000,
    "relativePath": "prefab"
  },
  "972b9a4d-47ee-4c74-b5c3-61d8a69bc29f": {
    "asset": 1558963176000,
    "meta": 1569984242811,
    "relativePath": "prefab\\button.prefab"
  },
  "2c937608-2562-40ea-b264-7395df6f0cea": {
    "asset": 1558963176000,
    "meta": 1569984242818,
    "relativePath": "prefab\\canvas.prefab"
  },
  "61aeb05b-3b32-452b-8eed-2b76deeed554": {
    "asset": 1558963176000,
    "meta": 1569984242825,
    "relativePath": "prefab\\editbox.prefab"
  },
  "27756ebb-3d33-44b0-9b96-e858fadd4dd4": {
    "asset": 1558963176000,
    "meta": 1569984242832,
    "relativePath": "prefab\\label.prefab"
  },
  "785a442c-3ceb-45be-a46e-7317f625f3b9": {
    "asset": 1558963176000,
    "meta": 1569984242841,
    "relativePath": "prefab\\layout.prefab"
  },
  "ca8401fe-ad6e-41a8-bd46-8e3e4e9945be": {
    "asset": 1558963176000,
    "meta": 1569984242849,
    "relativePath": "prefab\\pageview.prefab"
  },
  "cd33edea-55f5-46c2-958d-357a01384a36": {
    "asset": 1558963176000,
    "meta": 1569984242857,
    "relativePath": "prefab\\particlesystem.prefab"
  },
  "5965ffac-69da-4b55-bcde-9225d0613c28": {
    "asset": 1558963176000,
    "meta": 1569984242865,
    "relativePath": "prefab\\progressBar.prefab"
  },
  "4a37dd57-78cd-4cec-aad4-f11a73d12b63": {
    "asset": 1558963176000,
    "meta": 1569984242877,
    "relativePath": "prefab\\richtext.prefab"
  },
  "32044bd2-481f-4cf1-a656-e2b2fb1594eb": {
    "asset": 1558963176000,
    "meta": 1569984242888,
    "relativePath": "prefab\\scrollview.prefab"
  },
  "0004d1cf-a0ad-47d8-ab17-34d3db9d35a3": {
    "asset": 1558963176000,
    "meta": 1569984242896,
    "relativePath": "prefab\\slider.prefab"
  },
  "1f55e3be-b89b-4b79-88de-47fd31018044": {
    "asset": 1558963176000,
    "meta": 1569984242902,
    "relativePath": "prefab\\sprite_splash.prefab"
  },
  "96083d03-c332-4a3f-9386-d03e2d19e8ee": {
    "asset": 1558963176000,
    "meta": 1569984242910,
    "relativePath": "prefab\\sprite.prefab"
  },
  "7de03a80-4457-438d-95a7-3e7cdffd6086": {
    "asset": 1558963176000,
    "meta": 1569984242916,
    "relativePath": "prefab\\tiledmap.prefab"
  },
  "0e42ba95-1fa1-46aa-b2cf-143cd1bcee2c": {
    "asset": 1558963176000,
    "meta": 1569984242922,
    "relativePath": "prefab\\tiledtile.prefab"
  },
  "0d784963-d024-4ea6-a7db-03be0ad63010": {
    "asset": 1558963176000,
    "meta": 1569984242930,
    "relativePath": "prefab\\toggle.prefab"
  },
  "bf0a434c-84dd-4a8e-a08a-7a36f180cc75": {
    "asset": 1558963176000,
    "meta": 1569984242938,
    "relativePath": "prefab\\toggleContainer.prefab"
  },
  "d1b8be49-b0a0-435c-83b7-552bed4bbe35": {
    "asset": 1558963176000,
    "meta": 1569984242946,
    "relativePath": "prefab\\toggleGroup.prefab"
  },
  "232d2782-c4bd-4bb4-9e01-909f03d6d3b9": {
    "asset": 1558963176000,
    "meta": 1569984242954,
    "relativePath": "prefab\\videoplayer.prefab"
  },
  "8c5001fd-07ee-4a4b-a8a0-63e15195e94d": {
    "asset": 1558963176000,
    "meta": 1569984242961,
    "relativePath": "prefab\\webview.prefab"
  },
  "b1bcc20c-53cf-4130-8997-488a04514bc2": {
    "asset": 1533550822000,
    "meta": 1533550822000,
    "relativePath": "Prefab"
  },
  "e0c8c62e-1740-407e-b4c9-21a56bc9bee2": {
    "asset": 1533550822000,
    "meta": 1533550822000,
    "relativePath": "Prefab\\cube"
  },
  "abfbcb91-708f-47fb-93ba-a8205a610dec": {
    "asset": 1566631398841,
    "meta": 1566631398857,
    "relativePath": "Prefab\\cube\\cube_bg.prefab"
  },
  "87246c9f-d84a-46d4-94ce-db287403cbe5": {
    "asset": 1566631398841,
    "meta": 1566631398857,
    "relativePath": "Prefab\\cube\\cube_shadow.prefab"
  },
  "5fe9d3de-c424-42eb-a238-ba232f6b6845": {
    "asset": 1533550822000,
    "meta": 1533550822000,
    "relativePath": "resources"
  },
  "e7952a27-8c63-4894-8c53-0036a1094c46": {
    "asset": 1533550822000,
    "meta": 1533550822000,
    "relativePath": "resources\\cube"
  },
  "7e37c2ba-ccbd-44f6-b1f4-49cd2708957f": {
    "asset": 1533550822000,
    "meta": 1533550822000,
    "relativePath": "resources\\cube_shadow"
  },
  "65d9fa00-45a8-42a0-95ae-711832388c1a": {
    "asset": 1533550822000,
    "meta": 1566631398919,
    "relativePath": "resources\\cube_shadow\\1.png"
  },
  "0cfc0164-d158-4890-b348-c2ff0c61e7b8": {
    "asset": 1533550822000,
    "meta": 1566631398919,
    "relativePath": "resources\\cube_shadow\\0.png"
  },
  "eda83575-23ca-45d2-8b65-76bfa3b3cc44": {
    "asset": 1533550822000,
    "meta": 1566631398935,
    "relativePath": "resources\\cube_shadow\\2.png"
  },
  "35c1a069-9fe9-4ed8-bfab-c7ca2a1f1bbc": {
    "asset": 1533550822000,
    "meta": 1566631398935,
    "relativePath": "resources\\cube_shadow\\3.png"
  },
  "4ede518e-19b2-4806-8b91-319e7081e9e4": {
    "asset": 1533550822000,
    "meta": 1566631398966,
    "relativePath": "resources\\cube_shadow\\4.png"
  },
  "feec727a-4732-4064-82ca-44ae107f41ba": {
    "asset": 1533550822000,
    "meta": 1566631398966,
    "relativePath": "resources\\cube_shadow\\5.png"
  },
  "ee5813a8-c211-4b5c-ae9f-c749353ac9a1": {
    "asset": 1533550822000,
    "meta": 1566631398982,
    "relativePath": "resources\\cube_shadow\\6.png"
  },
  "69abe9a3-db2b-4ca0-92e9-28b3a04ee6cc": {
    "asset": 1533550822000,
    "meta": 1566631398982,
    "relativePath": "resources\\cube_shadow\\7.png"
  },
  "0f2331de-e739-490c-bf0b-93a081c21aed": {
    "asset": 1533550822000,
    "meta": 1566631399013,
    "relativePath": "resources\\cube\\0.png"
  },
  "610fc50d-e9c1-4a2b-a447-89cf43991807": {
    "asset": 1533550822000,
    "meta": 1566631399013,
    "relativePath": "resources\\cube\\1.png"
  },
  "ae9ee941-7fca-40b3-9ae2-339f12b2198d": {
    "asset": 1533550822000,
    "meta": 1566631399028,
    "relativePath": "resources\\cube\\3.png"
  },
  "f4fac6e1-5fab-4034-b123-4b9dc0f79320": {
    "asset": 1533550822000,
    "meta": 1566631399044,
    "relativePath": "resources\\cube\\2.png"
  },
  "31019bc8-f0c4-41d4-aee3-d82eb2bcedf0": {
    "asset": 1533550822000,
    "meta": 1566631399067,
    "relativePath": "resources\\cube\\4.png"
  },
  "2aa4720d-81e4-482c-82aa-c0fc960696d4": {
    "asset": 1533550822000,
    "meta": 1566631399069,
    "relativePath": "resources\\cube\\5.png"
  },
  "5d1e928a-7619-414c-a22d-8f1b3546a3fd": {
    "asset": 1533550822000,
    "meta": 1566631399091,
    "relativePath": "resources\\cube\\6.png"
  },
  "80e007dc-1048-42f2-9a26-783d61d73785": {
    "asset": 1533550822000,
    "meta": 1566631399092,
    "relativePath": "resources\\cube\\7.png"
  },
  "2a1bbc50-83d9-46ea-9270-dd5a89c544ec": {
    "asset": 1533550822000,
    "meta": 1533550822000,
    "relativePath": "resources\\panel"
  },
  "0cc2f06b-28cd-4283-a26b-a30d3bf57255": {
    "asset": 1566634169759,
    "meta": 1566634169783,
    "relativePath": "resources\\panel\\PanelGame.prefab"
  },
  "7c331631-89bc-4f95-8c8e-8d439ebd5364": {
    "asset": 1568368139575,
    "meta": 1568368139582,
    "relativePath": "resources\\panel\\PanelMenu.prefab"
  },
  "f4930277-8cc3-411f-9429-77ed92544cca": {
    "asset": 1566631399119,
    "meta": 1566631399123,
    "relativePath": "resources\\panel\\PanelPause.prefab"
  },
  "9d64941d-2b6e-4e97-a2a7-2817e68a4dec": {
    "asset": 1566631399122,
    "meta": 1566631399124,
    "relativePath": "resources\\panel\\PanelScore.prefab"
  },
  "29f52784-2fca-467b-92e7-8fd9ef8c57b7": {
    "asset": 1533550822000,
    "meta": 1533550822000,
    "relativePath": "Scene"
  },
  "4734c20c-0db8-4eb2-92ea-e692f4d70934": {
    "asset": 1533550822000,
    "meta": 1533550822000,
    "relativePath": "Script"
  },
  "3d195128-4c11-4355-89bb-8db1b9c92e9c": {
    "asset": 1533550822000,
    "meta": 1533550822000,
    "relativePath": "Script\\3rdlib"
  },
  "2d2f792f-a40c-49bb-a189-ed176a246e49": {
    "asset": 1568274836918,
    "meta": 1568274837045,
    "relativePath": "Scene\\helloworld.fire"
  },
  "de95d392-f3ee-4eba-8c49-e290d1e7bfaa": {
    "asset": 1533550822000,
    "meta": 1566631399388,
    "relativePath": "Script\\3rdlib\\WxLib.js"
  },
  "180850c4-f570-402d-aef7-915f4d9e5329": {
    "asset": 1533550822000,
    "meta": 1533550822000,
    "relativePath": "Script\\framework"
  },
  "46c8cfac-cb6e-4f3b-af48-83d608654f62": {
    "asset": 1533550822000,
    "meta": 1566631399453,
    "relativePath": "Script\\3rdlib\\WxOpenData.js"
  },
  "dc58235d-25ff-452e-b211-c34327227665": {
    "asset": 1533550822000,
    "meta": 1566631399509,
    "relativePath": "Script\\framework\\Global.js"
  },
  "a2f520c1-fc4e-4603-81db-2280800266b6": {
    "asset": 1533550822000,
    "meta": 1566631399524,
    "relativePath": "Script\\framework\\LocalData.js"
  },
  "462537eb-3a5d-4c38-be39-ba47e1fb42d9": {
    "asset": 1533550822000,
    "meta": 1566631399603,
    "relativePath": "Script\\framework\\MAudio.js"
  },
  "6dc195de-f4f5-4ff1-9830-76b60ab3a530": {
    "asset": 1533550822000,
    "meta": 1566631399665,
    "relativePath": "Script\\framework\\MPanel.js"
  },
  "3d6293c4-b13b-48e2-80a8-dabc0ae8762a": {
    "asset": 1533550822000,
    "meta": 1566631399696,
    "relativePath": "Script\\framework\\MRes.js"
  },
  "aa003cb7-3ad4-496c-96db-9fbaeff2f962": {
    "asset": 1533550822000,
    "meta": 1566631399696,
    "relativePath": "Script\\framework\\PanelBase.js"
  },
  "38603ea0-ad1f-4de9-bde6-8340df3befb4": {
    "asset": 1533550822000,
    "meta": 1566631399712,
    "relativePath": "Script\\framework\\PanelDemo.js"
  },
  "d11c10d7-8a2c-4049-a734-91aafbd1e3f8": {
    "asset": 1533550822000,
    "meta": 1533550822000,
    "relativePath": "Script\\gameplay"
  },
  "399fdbdd-5849-4a87-b7c2-5a850ef03574": {
    "asset": 1533550822000,
    "meta": 1566631399993,
    "relativePath": "Script\\gameplay\\Cube.js"
  },
  "084e3650-f373-4fc8-b896-f6cef8d48f4b": {
    "asset": 1533550822000,
    "meta": 1566631400089,
    "relativePath": "Script\\gameplay\\CubeCollision.js"
  },
  "0dd0ade4-9ad9-4405-bb6c-eb932785eb3e": {
    "asset": 1533550822000,
    "meta": 1566631400173,
    "relativePath": "Script\\gameplay\\Game.js"
  },
  "479aeb6e-b57d-42ed-8c4c-b187e630af2b": {
    "asset": 1533550822000,
    "meta": 1533550822000,
    "relativePath": "Script\\panel"
  },
  "b33af552-ac70-4b3e-bfb5-97c73fc5c4a3": {
    "asset": 1533550822000,
    "meta": 1566631400324,
    "relativePath": "Script\\gameplay\\GamePlay.js"
  },
  "f36bce0b-dc4d-4aab-a0e6-fde49ded1996": {
    "asset": 1533550822000,
    "meta": 1566631400355,
    "relativePath": "Script\\panel\\PanelGame.js"
  },
  "986ece0d-3f59-4b3c-a0fa-561140f87ffa": {
    "asset": 1533550822000,
    "meta": 1566631400389,
    "relativePath": "Script\\panel\\PanelMenu.js"
  },
  "8ed353ee-57fa-4980-a9ec-6fc4b82c6748": {
    "asset": 1533550822000,
    "meta": 1566631400428,
    "relativePath": "Script\\panel\\PanelPause.js"
  },
  "8e1be420-4504-430b-9bda-2d68e1fb3774": {
    "asset": 1533550822000,
    "meta": 1566631400428,
    "relativePath": "Script\\panel\\PanelScore.js"
  },
  "7b81d4e8-ec84-4716-968d-500ac1d78a54": {
    "asset": 1533550822000,
    "meta": 1533550822000,
    "relativePath": "Texture"
  },
  "1d0c5e53-b94d-4116-8409-92dddc5cc7bc": {
    "asset": 1533550822000,
    "meta": 1533550822000,
    "relativePath": "Texture\\cube"
  },
  "8cdf6073-0ed5-41db-843b-a128d892b13a": {
    "asset": 1533550822000,
    "meta": 1566631400440,
    "relativePath": "Texture\\cube\\choose.png"
  },
  "063e6187-15fd-4d53-b302-5e95132a5bda": {
    "asset": 1533550822000,
    "meta": 1533550822000,
    "relativePath": "Texture\\opensource_icon"
  },
  "ed4f44bb-1441-4c7e-a611-e180c04fcea1": {
    "asset": 1533550822000,
    "meta": 1566631400442,
    "relativePath": "Texture\\app_icon_144.png"
  },
  "a3ef6d29-1be7-4918-8ad8-11109014679a": {
    "asset": 1533550822000,
    "meta": 1566631400454,
    "relativePath": "Texture\\opensource_icon\\close-circle.png"
  },
  "0864e7e5-a819-4522-83d7-54e5649bb929": {
    "asset": 1533550822000,
    "meta": 1566631400456,
    "relativePath": "Texture\\opensource_icon\\border.png"
  },
  "bc37fb98-a90a-4e2d-b25c-56515b5c2c8c": {
    "asset": 1533550822000,
    "meta": 1566631400470,
    "relativePath": "Texture\\opensource_icon\\reload.png"
  },
  "1f7a0aac-04bf-45a5-b0c4-c17b7138ee6d": {
    "asset": 1533550822000,
    "meta": 1566631400472,
    "relativePath": "Texture\\opensource_icon\\sync.png"
  },
  "8dff59be-9095-4738-ae08-2887a4e48832": {
    "asset": 1533550822000,
    "meta": 1566631400484,
    "relativePath": "Texture\\opensource_icon\\time out.png"
  },
  "5a251b92-1200-464e-996d-b7b8d9d5a699": {
    "asset": 1533550822000,
    "meta": 1533550822000,
    "relativePath": "Texture\\skyfox"
  },
  "00c51cc5-7875-43f2-af63-5f56ca02d253": {
    "asset": 1533550822000,
    "meta": 1566631400494,
    "relativePath": "Texture\\singleColor.png"
  },
  "d41d2c5a-d330-4358-a623-044a9496409d": {
    "asset": 1533550822000,
    "meta": 1566631400495,
    "relativePath": "Texture\\skyfox\\bar_bg.png"
  },
  "65ad4aad-c264-4957-abb8-9ea2c9004eb4": {
    "asset": 1533550822000,
    "meta": 1566631400505,
    "relativePath": "Texture\\skyfox\\bar.png"
  },
  "0fceeeaa-c089-4767-a277-581e9dddbd3b": {
    "asset": 1533550822000,
    "meta": 1566631400507,
    "relativePath": "Texture\\skyfox\\bkg-score.png"
  },
  "d8ab8b8b-8668-4e67-9506-ab7c3a64598e": {
    "asset": 1533550822000,
    "meta": 1566631400517,
    "relativePath": "Texture\\skyfox\\box-name.png"
  },
  "a4dce803-46f3-4ae7-ba3c-ef01d50efd64": {
    "asset": 1533550822000,
    "meta": 1566631400518,
    "relativePath": "Texture\\skyfox\\box-bkg1.png"
  },
  "2d2be26a-1c2d-43db-984e-d26fb8cb0494": {
    "asset": 1533550822000,
    "meta": 1566631400528,
    "relativePath": "Texture\\skyfox\\btn-B.png"
  },
  "b3c11b58-a278-4ce3-848b-015e13e98a38": {
    "asset": 1533550822000,
    "meta": 1566631400529,
    "relativePath": "Texture\\skyfox\\btn-G.png"
  },
  "45f0a0d3-0e11-4b5d-8dd4-9dcb928ba94c": {
    "asset": 1533550822000,
    "meta": 1566631400539,
    "relativePath": "Texture\\skyfox\\btn-R.png"
  },
  "a0dd1771-3c4d-433e-ac35-07aee4151bce": {
    "asset": 1533550822000,
    "meta": 1566631400540,
    "relativePath": "Texture\\skyfox\\btn-Y.png"
  },
  "c3c3c7cd-be8b-409c-a083-00dd6650519a": {
    "asset": 1533550822000,
    "meta": 1566631400551,
    "relativePath": "Texture\\skyfox\\frame2.png"
  },
  "a9bd0b1c-bed0-46df-9904-988be165d3d6": {
    "asset": 1533550822000,
    "meta": 1566631400552,
    "relativePath": "Texture\\skyfox\\frame1.png"
  },
  "0f4cbcc9-7bed-4164-9b3d-2094c34997ab": {
    "asset": 1533550822000,
    "meta": 1566631400561,
    "relativePath": "Texture\\skyfox\\label_haoyoupaihang.png"
  },
  "61fb4d33-2bf2-4d36-94a1-571293910e7e": {
    "asset": 1533550822000,
    "meta": 1566631400575,
    "relativePath": "Texture\\skyfox\\over-l.png"
  },
  "24f39d27-495e-497f-a9bb-007aa64454b0": {
    "asset": 1533550822000,
    "meta": 1566631400576,
    "relativePath": "Texture\\skyfox\\label_danrenlianxi.png"
  },
  "d95b6273-0818-4542-9a2c-a7dada80a70f": {
    "asset": 1533550822000,
    "meta": 1566631400587,
    "relativePath": "Texture\\skyfox\\over-v.png"
  },
  "1239c0c8-946c-4c9e-a426-02e121b6ea73": {
    "asset": 1566632247605,
    "meta": 1566632249068,
    "relativePath": "Script\\framework\\AppMain.js"
  },
  "58f715d2-a9c0-4c82-9262-d1a3b738a653": {
    "asset": 1566633781392,
    "meta": 1566633783182,
    "relativePath": "Script\\gameplay\\GameDraw.js"
  }
}