{
  "appKey": "",
  "appSecret": "",
  "encryptJs": true,
  "excludeScenes": [],
  "includeAnySDK": false,
  "includeSDKBox": false,
  "inlineSpriteFrames": true,
  "inlineSpriteFrames_native": true,
  "jailbreakPlatform": false,
  "md5Cache": true,
  "mergeStartScene": false,
  "oauthLoginServer": "",
  "optimizeHotUpdate": false,
  "orientation": {
    "landscapeLeft": true,
    "landscapeRight": true,
    "portrait": false,
    "upsideDown": false
  },
  "packageName": "org.cocos2d.FindGame",
  "privateKey": "",
  "renderMode": "0",
  "startScene": "79aad68a-6a75-4f09-9465-aeea75e3b716",
  "title": "FindGame",
  "webOrientation": "auto",
  "wechatgame": {
    "appid": "",
    "orientation": "portrait"
  },
  "xxteaKey": "784f7560-3241-4c",
  "zipCompressJs": true,
  "qqplay": {
    "orientation": "portrait",
    "REMOTE_SERVER_ROOT": ""
  },
  "fb-instant-games": {}
}