{
  "appKey": "",
  "appSecret": "",
  "encryptJs": true,
  "excludeScenes": [],
  "includeAnySDK": false,
  "includeSDKBox": false,
  "inlineSpriteFrames": true,
  "inlineSpriteFrames_native": true,
  "jailbreakPlatform": false,
  "md5Cache": false,
  "mergeStartScene": false,
  "oauthLoginServer": "",
  "optimizeHotUpdate": false,
  "orientation": {
    "landscapeLeft": true,
    "landscapeRight": true,
    "portrait": false,
    "upsideDown": false
  },
  "packageName": "org.cocos2d.GoldMiner",
  "privateKey": "",
  "renderMode": "0",
  "startScene": "735a7334-5f54-43c9-8660-71822a1156ee",
  "title": "GoldMiner",
  "webOrientation": "landscape",
  "wechatgame": {
    "appid": "wx6ac3f5090a6b99c5",
    "orientation": "landscape"
  },
  "xxteaKey": "0f685d6e-0a87-4f"
}