[{"__type__":"cc.SpriteFrame","content":{"name":"b_info","texture":"8fb6c372-63d4-4b3c-9eb3-bf9f8439c2dc","rect":[0,0,275,335],"offset":[0,0],"originalSize":[275,335]}},{"__type__":"cc.SpriteFrame","content":{"name":"t_help","texture":"7b00311c-57b0-409c-83f6-e48824ce4ca1","rect":[0,0,310,82],"offset":[0,0],"originalSize":[310,82]}},[{"__type__":"cc.Prefab","_name":"help","data":{"__id__":1}},{"__type__":"cc.Node","_name":"help","_color":{"__type__":"cc.Color"},"_contentSize":{"__type__":"cc.Size","width":640,"height":960},"_children":[{"__id__":2},{"__id__":3},{"__id__":4},{"__id__":5},{"__id__":7},{"__id__":12}],"_position":{"__type__":"cc.Vec2","x":320,"y":480},"_components":[{"__type__":"cc.Widget","node":{"__id__":1},"_alignFlags":45},{"__type__":"fee5eBxtZFPRKw8+q//J0+r","node":{"__id__":1},"label":{"__id__":11}}],"_prefab":{"__type__":"cc.PrefabInfo","root":{"__id__":1},"asset":{"__uuid__":"dcffc5d9-c16e-4e6e-8028-41425611ab67"},"fileId":"91851bKGsNBeaKRPC4GnVnD"}},{"__type__":"cc.Node","_name":"New Sprite(Splash)","_opacity":131,"_color":{"__type__":"cc.Color"},"_parent":{"__id__":1},"_contentSize":{"__type__":"cc.Size","width":640,"height":960},"_components":[{"__type__":"cc.Sprite","node":{"__id__":2},"_spriteFrame":{"__uuid__":"a23235d1-15db-4b95-8439-a2e005bfff91"},"_sizeMode":0},{"__type__":"cc.Widget","node":{"__id__":2},"_alignFlags":45},{"__type__":"cc.Button","node":{"__id__":2},"_N$target":{"__id__":2}}],"_prefab":{"__type__":"cc.PrefabInfo","root":{"__id__":1},"asset":{"__uuid__":"dcffc5d9-c16e-4e6e-8028-41425611ab67"},"fileId":"76010LgeVlCGKkAw2NmNWlp"}},{"__type__":"cc.Node","_name":"box","_parent":{"__id__":1},"_contentSize":{"__type__":"cc.Size","width":595,"height":892},"_position":{"__type__":"cc.Vec2","y":-44},"_components":[{"__type__":"cc.Sprite","node":{"__id__":3},"_spriteFrame":{"__uuid__":"758a6ebc-bab2-455c-bbf0-0d968c53f72d"},"_type":1,"_sizeMode":0}],"_prefab":{"__type__":"cc.PrefabInfo","root":{"__id__":1},"asset":{"__uuid__":"dcffc5d9-c16e-4e6e-8028-41425611ab67"},"fileId":"3c9e1i4IBtMuJsFFVSu4lTh"}},{"__type__":"cc.Node","_name":"Label","_parent":{"__id__":1},"_contentSize":{"__type__":"cc.Size","width":310,"height":82},"_position":{"__type__":"cc.Vec2","y":393},"_components":[{"__type__":"cc.Sprite","node":{"__id__":4},"_spriteFrame":{"__uuid__":"6c8ed4d1-33eb-4ff0-bda5-464fbf85cfa0"}}],"_prefab":{"__type__":"cc.PrefabInfo","root":{"__id__":1},"asset":{"__uuid__":"dcffc5d9-c16e-4e6e-8028-41425611ab67"},"fileId":"a4e66DmSotEEYwZSEvQo8H5"}},{"__type__":"cc.Node","_name":"b_yellow","_parent":{"__id__":1},"_contentSize":{"__type__":"cc.Size","width":251,"height":95},"_children":[{"__id__":6}],"_position":{"__type__":"cc.Vec2","x":2,"y":-421},"_components":[{"__type__":"cc.Sprite","node":{"__id__":5},"_spriteFrame":{"__uuid__":"e5d907b4-3475-4a08-83c3-4dece14451d1"}},{"__type__":"cc.Button","node":{"__id__":5},"transition":1,"pressedColor":{"__type__":"cc.Color","r":168,"g":166,"b":166},"clickEvents":[{"__type__":"cc.ClickEvent","target":{"__id__":1},"component":"helpLayer","handler":"btnIKnow"}],"_N$normalColor":{"__type__":"cc.Color","r":255,"g":255,"b":255},"_N$target":{"__id__":5}}],"_prefab":{"__type__":"cc.PrefabInfo","root":{"__id__":1},"asset":{"__uuid__":"dcffc5d9-c16e-4e6e-8028-41425611ab67"},"fileId":"cb22dgL6b9DgL/IJpQyEWpa"}},{"__type__":"cc.Node","_name":"New Label","_parent":{"__id__":5},"_contentSize":{"__type__":"cc.Size","width":160,"height":40},"_components":[{"__type__":"cc.Label","node":{"__id__":6},"_useOriginalSize":false,"_N$string":"我知道了","_N$horizontalAlign":1,"_N$verticalAlign":1}],"_prefab":{"__type__":"cc.PrefabInfo","root":{"__id__":1},"asset":{"__uuid__":"dcffc5d9-c16e-4e6e-8028-41425611ab67"},"fileId":"d92b2VSJjBC/LC/Or5D8QVX"}},{"__type__":"cc.Node","_name":"New ScrollView","_parent":{"__id__":1},"_contentSize":{"__type__":"cc.Size","width":510,"height":632},"_children":[{"__id__":8}],"_position":{"__type__":"cc.Vec2","x":-6,"y":9},"_components":[{"__type__":"cc.Sprite","node":{"__id__":7},"_type":1,"_sizeMode":0},{"__type__":"cc.ScrollView","node":{"__id__":7},"content":{"__id__":9},"horizontal":false,"brake":0.75,"bounceDuration":0.23,"_N$horizontalScrollBar":null,"_N$verticalScrollBar":null}],"_prefab":{"__type__":"cc.PrefabInfo","root":{"__id__":1},"asset":{"__uuid__":"dcffc5d9-c16e-4e6e-8028-41425611ab67"},"fileId":"c2484hkyfdHPIWtYRcUpVw+"}},{"__type__":"cc.Node","_name":"view","_parent":{"__id__":7},"_anchorPoint":{"__type__":"cc.Vec2","y":0.5},"_contentSize":{"__type__":"cc.Size","width":510,"height":632},"_children":[{"__id__":9}],"_position":{"__type__":"cc.Vec2","x":-255},"_components":[{"__type__":"cc.Mask","node":{"__id__":8}},{"__type__":"cc.Widget","node":{"__id__":8},"_alignFlags":45,"_originalWidth":240,"_originalHeight":250}],"_prefab":{"__type__":"cc.PrefabInfo","root":{"__id__":1},"asset":{"__uuid__":"dcffc5d9-c16e-4e6e-8028-41425611ab67"},"fileId":"68d1ejPqihPp64I0mV+rTz7"}},{"__type__":"cc.Node","_name":"content","_parent":{"__id__":8},"_anchorPoint":{"__type__":"cc.Vec2","y":1},"_contentSize":{"__type__":"cc.Size","width":510,"height":643},"_children":[{"__id__":10}],"_position":{"__type__":"cc.Vec2","y":319},"_prefab":{"__type__":"cc.PrefabInfo","root":{"__id__":1},"asset":{"__uuid__":"dcffc5d9-c16e-4e6e-8028-41425611ab67"},"fileId":"47fb1mw9xZOh7teEJX2vsGm"}},{"__type__":"cc.Node","_name":"item","_color":{"__type__":"cc.Color","r":137,"g":97,"b":37},"_parent":{"__id__":9},"_anchorPoint":{"__type__":"cc.Vec2","y":1},"_contentSize":{"__type__":"cc.Size","width":510,"height":40},"_position":{"__type__":"cc.Vec2","y":-21},"_components":[{"__id__":11}],"_prefab":{"__type__":"cc.PrefabInfo","root":{"__id__":1},"asset":{"__uuid__":"dcffc5d9-c16e-4e6e-8028-41425611ab67"},"fileId":"3877c1PG1pJH6FB50FjWwEl"}},{"__type__":"cc.Label","node":{"__id__":10},"_useOriginalSize":false,"_N$string":"123","_N$overflow":3},{"__type__":"cc.Node","_name":"New Label","_color":{"__type__":"cc.Color","r":137,"g":97,"b":37},"_parent":{"__id__":1},"_contentSize":{"__type__":"cc.Size","width":250,"height":40},"_position":{"__type__":"cc.Vec2","y":-339},"_components":[{"__type__":"cc.Label","node":{"__id__":12},"_useOriginalSize":false,"_actualFontSize":25,"_fontSize":25,"_N$string":"向上拉动查看规则详情","_N$horizontalAlign":1,"_N$verticalAlign":1}],"_prefab":{"__type__":"cc.PrefabInfo","root":{"__id__":1},"asset":{"__uuid__":"dcffc5d9-c16e-4e6e-8028-41425611ab67"},"fileId":"eff73WL+SVMa5LPQeG71lub"}}]]