{
  "__type__": "cc.SpriteAtlas",
  "_name": "card.plist",
  "_objFlags": 0,
  "_native": "",
  "_spriteFrames": {
    "back_bg@3x": {
      "__uuid__": "8a92f8a9-597d-4213-a02e-575726af5253"
    },
    "back_bg_01@3x": {
      "__uuid__": "59c181f9-ecd3-462e-a52d-e775a45f3379"
    },
    "back_bg_02@3x": {
      "__uuid__": "fc0a14f8-3cf3-4a70-8eb7-ec2509ae4d75"
    },
    "card_positive_01_da@3x": {
      "__uuid__": "bd74e916-2952-40cc-bb98-8294c6169515"
    },
    "card_positive_01_xiao@3x": {
      "__uuid__": "ae66345f-854d-4446-be14-44a1101bb583"
    },
    "fang_01@3x": {
      "__uuid__": "dc418fcd-e01e-4558-8d86-7a547237a1be"
    },
    "fang_02@3x": {
      "__uuid__": "cccdd4ec-beff-4406-b6cf-7532268a99f5"
    },
    "fang_03@3x": {
      "__uuid__": "b4628b87-b1b4-42ce-b885-4e066c651907"
    },
    "fang_04@3x": {
      "__uuid__": "cc70868f-de0a-46f4-84cf-67627c033068"
    },
    "fang_05@3x": {
      "__uuid__": "bc5afd00-729b-4750-ab33-c67f055333a7"
    },
    "fang_06@3x": {
      "__uuid__": "4a3e0096-c0f2-4656-bd55-b9e0e43da350"
    },
    "fang_07@3x": {
      "__uuid__": "da26d8c1-9a29-48e7-a8e7-dc98cdbc9ede"
    },
    "fang_08@3x": {
      "__uuid__": "ae06f904-785f-4573-9862-19f44aeebbee"
    },
    "fang_09@3x": {
      "__uuid__": "a22fd732-65b8-4157-ac87-8cc2d0a667ab"
    },
    "fang_10@3x": {
      "__uuid__": "e49cb718-f78f-408a-a4fa-54ef8e59fc16"
    },
    "fang_11@3x": {
      "__uuid__": "18967124-4c2b-4f82-9085-8d2df71582a5"
    },
    "fang_12@3x": {
      "__uuid__": "a518c981-2e60-475c-9f50-f6b27f5ffcc2"
    },
    "fang_13@3x": {
      "__uuid__": "5ff6b831-05a1-450b-b47f-9cdc379af8d6"
    },
    "love_01@3x": {
      "__uuid__": "5540fad0-f265-4d0a-9e3c-12f6c9687da5"
    },
    "love_02@3x": {
      "__uuid__": "5efd7148-90a5-4cee-9aac-fad8120b9d27"
    },
    "love_03@3x": {
      "__uuid__": "21d36da5-12e4-4826-aaff-b79ff0458da5"
    },
    "love_04@3x": {
      "__uuid__": "6fde9e26-8663-42ff-9cb7-0a31e4fdd275"
    },
    "love_05@3x": {
      "__uuid__": "0440f2e6-de32-488d-b1bd-865b34a5690e"
    },
    "love_06@3x": {
      "__uuid__": "a8e79cba-a3a0-40af-a22c-a2f0861b9a9b"
    },
    "love_07@3x": {
      "__uuid__": "f7e9180f-64d5-41f6-809b-4ca70611f74a"
    },
    "love_08@3x": {
      "__uuid__": "8e6b6c55-2b27-449e-a0a3-3df256d3ec5f"
    },
    "love_09@3x": {
      "__uuid__": "f4f0e9ea-ccab-4f3b-9c26-0b5cf3e56a4b"
    },
    "love_10@3x": {
      "__uuid__": "fa1455db-daf5-4ed7-b1c1-c2c575530516"
    },
    "love_11@3x": {
      "__uuid__": "ad704e8c-654c-4042-9e0a-b5dd235c7ac7"
    },
    "love_12@3x": {
      "__uuid__": "da11fba3-6700-4abd-bda4-c3739d6b5efa"
    },
    "love_13@3x": {
      "__uuid__": "be115a52-6170-4c7e-9f9e-3ae9c06bee33"
    },
    "mei_01@3x": {
      "__uuid__": "aba7e390-67d1-4d1e-869d-65c0dcc0bb35"
    },
    "mei_02@3x": {
      "__uuid__": "79f7d61a-440a-4d81-811e-93fed81512ca"
    },
    "mei_03@3x": {
      "__uuid__": "52c2c70a-a91c-4a0d-a7cf-3caa85116516"
    },
    "mei_04@3x": {
      "__uuid__": "f1bf54db-2431-4fe3-8864-7529d418b578"
    },
    "mei_05@3x": {
      "__uuid__": "0fa97206-7bc7-4151-8eab-da38cd024a20"
    },
    "mei_06@3x": {
      "__uuid__": "22435ae5-9c46-4c23-8a86-6c90f61df750"
    },
    "mei_07@3x": {
      "__uuid__": "004edaec-10dc-44a6-ade4-8153e7eaacf7"
    },
    "mei_08@3x": {
      "__uuid__": "f2e8b40d-a6e0-4228-a3b8-3259d80d3549"
    },
    "mei_09@3x": {
      "__uuid__": "dd184f73-d340-40fb-807c-219038933085"
    },
    "mei_10@3x": {
      "__uuid__": "ebe0e2ea-32d1-4ef5-8c6c-2a7b3d61e09d"
    },
    "mei_11@3x": {
      "__uuid__": "7502ed93-b527-4395-a0a2-263c81c34ca0"
    },
    "mei_12@3x": {
      "__uuid__": "558acb7e-1fc7-40b1-b6c1-a4d5d0fe3ddd"
    },
    "mei_13@3x": {
      "__uuid__": "5a9ba69e-33f6-4134-81af-f17a0f30096f"
    },
    "tao_01@3x": {
      "__uuid__": "ce7d4a8c-0fdc-4f92-821d-c8e755186f15"
    },
    "tao_02@3x": {
      "__uuid__": "c1e1a9b3-7a3a-4f0e-9092-aae16ce0a057"
    },
    "tao_03@3x": {
      "__uuid__": "78d72a44-76d9-450c-a707-c4badf928c75"
    },
    "tao_04@3x": {
      "__uuid__": "229cb73a-747b-4de9-bf7a-a50202d27c08"
    },
    "tao_05@3x": {
      "__uuid__": "1e4b2c82-b5be-4a91-b79c-c009d525dc5b"
    },
    "tao_06@3x": {
      "__uuid__": "764736b7-6349-418a-813d-ad37f83e17f4"
    },
    "tao_07@3x": {
      "__uuid__": "3951c7b0-0966-4476-b94a-a3003bdf21d2"
    },
    "tao_08@3x": {
      "__uuid__": "ada796bf-00ea-44b3-83ae-2a977631caff"
    },
    "tao_09@3x": {
      "__uuid__": "43bd1249-0a82-4e60-9295-1659519a2c98"
    },
    "tao_10@3x": {
      "__uuid__": "5e6177b3-7d62-48fe-87a6-fb5956f48a9f"
    },
    "tao_11@3x": {
      "__uuid__": "42b1c075-6a72-4453-8cd4-9a6807040808"
    },
    "tao_12@3x": {
      "__uuid__": "921f4102-c5e3-496c-8995-f25dd03d9496"
    },
    "tao_13@3x": {
      "__uuid__": "bae7721e-5ac4-4c02-9ec1-d594b6183707"
    }
  }
}