{
  "version": "1.1.1",
  "windows": {
    "main": {
      "main": true,
      "url": "app://editor/index.html",
      "windowType": "dockable",
      "x": 0,
      "y": 0,
      "width": 1366,
      "height": 728,
      "layout": {
        "children": [
          {
            "children": [
              {
                "active": 0,
                "children": [
                  "hierarchy"
                ],
                "height": 292.296875,
                "type": "panel",
                "width": 204
              },
              {
                "active": 0,
                "children": [
                  "assets"
                ],
                "height": 314.703125,
                "type": "panel",
                "width": 204
              }
            ],
            "height": 610,
            "type": "dock-v",
            "width": 204
          },
          {
            "children": [
              {
                "children": [
                  {
                    "active": 0,
                    "children": [
                      "scene"
                    ],
                    "height": 314.703125,
                    "type": "panel",
                    "width": 568.71875
                  },
                  {
                    "active": 0,
                    "children": [
                      "node-library"
                    ],
                    "height": 314.703125,
                    "type": "panel",
                    "width": 264
                  }
                ],
                "height": 314.703125,
                "type": "dock-h",
                "width": 835.71875
              },
              {
                "active": 0,
                "children": [
                  "console",
                  "timeline",
                  "game-window"
                ],
                "height": 292.296875,
                "type": "panel",
                "width": 835.71875
              }
            ],
            "height": 610,
            "type": "dock-v",
            "width": 835.71875
          },
          {
            "active": 0,
            "children": [
              "inspector",
              "cocos-services"
            ],
            "height": 610,
            "type": "panel",
            "width": 304.265625
          }
        ],
        "type": "dock-h"
      },
      "panels": [
        "hierarchy",
        "assets",
        "scene",
        "node-library",
        "console",
        "timeline",
        "game-window",
        "inspector",
        "cocos-services"
      ]
    },
    "worker": {}
  },
  "panels": {
    "project-settings": {
      "x": 578,
      "y": 82,
      "width": 600,
      "height": 565
    },
    "builder": {
      "x": 340,
      "y": 0,
      "width": 670,
      "height": 728
    }
  },
  "panelLabelWidth": {
    "builder": null,
    "inspector": null,
    "project-settings": null
  },
  "panelLabelWidth.inspector": null,
  "panelLabelWidth.project-settings": null,
  "panelLabelWidth.builder": null
}
