{
  "__type__": "cc.BitmapFont",
  "_name": "mikado_outline_shadow",
  "_objFlags": 0,
  "_native": "",
  "fntDataStr": "",
  "spriteFrame": {
    "__uuid__": "651fa728-510b-47a9-aa43-114e720c6b58"
  },
  "fontSize": 36,
  "_fntConfig": {
    "commonHeight": 49,
    "fontSize": 36,
    "atlasName": "mikado_outline_shadow.png",
    "fontDefDictionary": {
      "32": {
        "rect": {
          "x": 294,
          "y": 208,
          "width": 0,
          "height": 0
        },
        "xOffset": 0,
        "yOffset": 40,
        "xAdvance": 7
      },
      "33": {
        "rect": {
          "x": 460,
          "y": 132,
          "width": 18,
          "height": 37
        },
        "xOffset": 1,
        "yOffset": 3,
        "xAdvance": 11
      },
      "34": {
        "rect": {
          "x": 131,
          "y": 208,
          "width": 23,
          "height": 22
        },
        "xOffset": 0,
        "yOffset": 3,
        "xAdvance": 15
      },
      "35": {
        "rect": {
          "x": 68,
          "y": 132,
          "width": 31,
          "height": 37
        },
        "xOffset": 0,
        "yOffset": 3,
        "xAdvance": 22
      },
      "36": {
        "rect": {
          "x": 122,
          "y": 2,
          "width": 30,
          "height": 44
        },
        "xOffset": 0,
        "yOffset": -1,
        "xAdvance": 21
      },
      "37": {
        "rect": {
          "x": 128,
          "y": 51,
          "width": 39,
          "height": 38
        },
        "xOffset": 0,
        "yOffset": 3,
        "xAdvance": 30
      },
      "38": {
        "rect": {
          "x": 242,
          "y": 51,
          "width": 33,
          "height": 38
        },
        "xOffset": 1,
        "yOffset": 3,
        "xAdvance": 25
      },
      "39": {
        "rect": {
          "x": 156,
          "y": 208,
          "width": 15,
          "height": 22
        },
        "xOffset": 0,
        "yOffset": 3,
        "xAdvance": 7
      },
      "40": {
        "rect": {
          "x": 251,
          "y": 2,
          "width": 23,
          "height": 42
        },
        "xOffset": 0,
        "yOffset": 3,
        "xAdvance": 14
      },
      "41": {
        "rect": {
          "x": 276,
          "y": 2,
          "width": 23,
          "height": 42
        },
        "xOffset": -1,
        "yOffset": 3,
        "xAdvance": 14
      },
      "42": {
        "rect": {
          "x": 50,
          "y": 208,
          "width": 23,
          "height": 24
        },
        "xOffset": 0,
        "yOffset": 1,
        "xAdvance": 15
      },
      "43": {
        "rect": {
          "x": 232,
          "y": 171,
          "width": 28,
          "height": 30
        },
        "xOffset": 0,
        "yOffset": 9,
        "xAdvance": 19
      },
      "44": {
        "rect": {
          "x": 30,
          "y": 208,
          "width": 18,
          "height": 26
        },
        "xOffset": 0,
        "yOffset": 21,
        "xAdvance": 10
      },
      "45": {
        "rect": {
          "x": 246,
          "y": 208,
          "width": 22,
          "height": 16
        },
        "xOffset": 1,
        "yOffset": 16,
        "xAdvance": 14
      },
      "46": {
        "rect": {
          "x": 196,
          "y": 208,
          "width": 18,
          "height": 19
        },
        "xOffset": 0,
        "yOffset": 22,
        "xAdvance": 10
      },
      "47": {
        "rect": {
          "x": 223,
          "y": 2,
          "width": 26,
          "height": 42
        },
        "xOffset": 0,
        "yOffset": 1,
        "xAdvance": 17
      },
      "48": {
        "rect": {
          "x": 134,
          "y": 92,
          "width": 30,
          "height": 38
        },
        "xOffset": 0,
        "yOffset": 3,
        "xAdvance": 22
      },
      "49": {
        "rect": {
          "x": 435,
          "y": 132,
          "width": 23,
          "height": 37
        },
        "xOffset": -1,
        "yOffset": 3,
        "xAdvance": 15
      },
      "50": {
        "rect": {
          "x": 349,
          "y": 132,
          "width": 27,
          "height": 37
        },
        "xOffset": 0,
        "yOffset": 3,
        "xAdvance": 19
      },
      "51": {
        "rect": {
          "x": 351,
          "y": 92,
          "width": 28,
          "height": 38
        },
        "xOffset": 0,
        "yOffset": 2,
        "xAdvance": 19
      },
      "52": {
        "rect": {
          "x": 35,
          "y": 132,
          "width": 31,
          "height": 37
        },
        "xOffset": -1,
        "yOffset": 3,
        "xAdvance": 21
      },
      "53": {
        "rect": {
          "x": 321,
          "y": 92,
          "width": 28,
          "height": 38
        },
        "xOffset": 0,
        "yOffset": 2,
        "xAdvance": 19
      },
      "54": {
        "rect": {
          "x": 259,
          "y": 92,
          "width": 29,
          "height": 38
        },
        "xOffset": 0,
        "yOffset": 2,
        "xAdvance": 20
      },
      "55": {
        "rect": {
          "x": 378,
          "y": 132,
          "width": 27,
          "height": 37
        },
        "xOffset": 0,
        "yOffset": 3,
        "xAdvance": 17
      },
      "56": {
        "rect": {
          "x": 228,
          "y": 92,
          "width": 29,
          "height": 38
        },
        "xOffset": 0,
        "yOffset": 3,
        "xAdvance": 21
      },
      "57": {
        "rect": {
          "x": 290,
          "y": 92,
          "width": 29,
          "height": 38
        },
        "xOffset": 0,
        "yOffset": 2,
        "xAdvance": 20
      },
      "58": {
        "rect": {
          "x": 456,
          "y": 171,
          "width": 18,
          "height": 30
        },
        "xOffset": 0,
        "yOffset": 11,
        "xAdvance": 10
      },
      "59": {
        "rect": {
          "x": 480,
          "y": 132,
          "width": 18,
          "height": 37
        },
        "xOffset": 1,
        "yOffset": 10,
        "xAdvance": 11
      },
      "60": {
        "rect": {
          "x": 2,
          "y": 208,
          "width": 26,
          "height": 27
        },
        "xOffset": 0,
        "yOffset": 10,
        "xAdvance": 17
      },
      "61": {
        "rect": {
          "x": 103,
          "y": 208,
          "width": 26,
          "height": 22
        },
        "xOffset": 1,
        "yOffset": 13,
        "xAdvance": 19
      },
      "62": {
        "rect": {
          "x": 476,
          "y": 171,
          "width": 26,
          "height": 28
        },
        "xOffset": 0,
        "yOffset": 11,
        "xAdvance": 18
      },
      "63": {
        "rect": {
          "x": 381,
          "y": 92,
          "width": 25,
          "height": 38
        },
        "xOffset": 0,
        "yOffset": 2,
        "xAdvance": 17
      },
      "64": {
        "rect": {
          "x": 17,
          "y": 2,
          "width": 44,
          "height": 46
        },
        "xOffset": 0,
        "yOffset": 3,
        "xAdvance": 36
      },
      "65": {
        "rect": {
          "x": 427,
          "y": 92,
          "width": 35,
          "height": 37
        },
        "xOffset": 0,
        "yOffset": 3,
        "xAdvance": 26
      },
      "66": {
        "rect": {
          "x": 101,
          "y": 132,
          "width": 30,
          "height": 37
        },
        "xOffset": 1,
        "yOffset": 3,
        "xAdvance": 23
      },
      "67": {
        "rect": {
          "x": 2,
          "y": 92,
          "width": 32,
          "height": 38
        },
        "xOffset": 0,
        "yOffset": 3,
        "xAdvance": 23
      },
      "68": {
        "rect": {
          "x": 464,
          "y": 92,
          "width": 32,
          "height": 37
        },
        "xOffset": 1,
        "yOffset": 3,
        "xAdvance": 25
      },
      "69": {
        "rect": {
          "x": 260,
          "y": 132,
          "width": 28,
          "height": 37
        },
        "xOffset": 1,
        "yOffset": 3,
        "xAdvance": 21
      },
      "70": {
        "rect": {
          "x": 290,
          "y": 132,
          "width": 28,
          "height": 37
        },
        "xOffset": 1,
        "yOffset": 3,
        "xAdvance": 21
      },
      "71": {
        "rect": {
          "x": 312,
          "y": 51,
          "width": 33,
          "height": 38
        },
        "xOffset": 0,
        "yOffset": 3,
        "xAdvance": 25
      },
      "72": {
        "rect": {
          "x": 277,
          "y": 51,
          "width": 33,
          "height": 38
        },
        "xOffset": 1,
        "yOffset": 3,
        "xAdvance": 27
      },
      "73": {
        "rect": {
          "x": 408,
          "y": 92,
          "width": 17,
          "height": 38
        },
        "xOffset": 1,
        "yOffset": 3,
        "xAdvance": 11
      },
      "74": {
        "rect": {
          "x": 407,
          "y": 132,
          "width": 26,
          "height": 37
        },
        "xOffset": -1,
        "yOffset": 3,
        "xAdvance": 17
      },
      "75": {
        "rect": {
          "x": 36,
          "y": 92,
          "width": 32,
          "height": 38
        },
        "xOffset": 1,
        "yOffset": 3,
        "xAdvance": 24
      },
      "76": {
        "rect": {
          "x": 320,
          "y": 132,
          "width": 27,
          "height": 37
        },
        "xOffset": 1,
        "yOffset": 3,
        "xAdvance": 19
      },
      "77": {
        "rect": {
          "x": 85,
          "y": 51,
          "width": 41,
          "height": 38
        },
        "xOffset": 0,
        "yOffset": 3,
        "xAdvance": 32
      },
      "78": {
        "rect": {
          "x": 417,
          "y": 51,
          "width": 33,
          "height": 38
        },
        "xOffset": 1,
        "yOffset": 3,
        "xAdvance": 27
      },
      "79": {
        "rect": {
          "x": 169,
          "y": 51,
          "width": 35,
          "height": 38
        },
        "xOffset": 0,
        "yOffset": 3,
        "xAdvance": 27
      },
      "80": {
        "rect": {
          "x": 165,
          "y": 132,
          "width": 30,
          "height": 37
        },
        "xOffset": 1,
        "yOffset": 3,
        "xAdvance": 23
      },
      "81": {
        "rect": {
          "x": 85,
          "y": 2,
          "width": 35,
          "height": 45
        },
        "xOffset": 0,
        "yOffset": 3,
        "xAdvance": 27
      },
      "82": {
        "rect": {
          "x": 2,
          "y": 132,
          "width": 31,
          "height": 37
        },
        "xOffset": 1,
        "yOffset": 4,
        "xAdvance": 24
      },
      "83": {
        "rect": {
          "x": 197,
          "y": 132,
          "width": 30,
          "height": 37
        },
        "xOffset": 0,
        "yOffset": 3,
        "xAdvance": 21
      },
      "84": {
        "rect": {
          "x": 133,
          "y": 132,
          "width": 30,
          "height": 37
        },
        "xOffset": -1,
        "yOffset": 3,
        "xAdvance": 21
      },
      "85": {
        "rect": {
          "x": 452,
          "y": 51,
          "width": 32,
          "height": 38
        },
        "xOffset": 1,
        "yOffset": 3,
        "xAdvance": 26
      },
      "86": {
        "rect": {
          "x": 206,
          "y": 51,
          "width": 34,
          "height": 38
        },
        "xOffset": -1,
        "yOffset": 2,
        "xAdvance": 24
      },
      "87": {
        "rect": {
          "x": 40,
          "y": 51,
          "width": 43,
          "height": 38
        },
        "xOffset": 0,
        "yOffset": 3,
        "xAdvance": 34
      },
      "88": {
        "rect": {
          "x": 382,
          "y": 51,
          "width": 33,
          "height": 38
        },
        "xOffset": -1,
        "yOffset": 3,
        "xAdvance": 23
      },
      "89": {
        "rect": {
          "x": 347,
          "y": 51,
          "width": 33,
          "height": 38
        },
        "xOffset": -1,
        "yOffset": 3,
        "xAdvance": 23
      },
      "90": {
        "rect": {
          "x": 229,
          "y": 132,
          "width": 29,
          "height": 37
        },
        "xOffset": 0,
        "yOffset": 3,
        "xAdvance": 21
      },
      "91": {
        "rect": {
          "x": 200,
          "y": 2,
          "width": 21,
          "height": 43
        },
        "xOffset": 1,
        "yOffset": 3,
        "xAdvance": 13
      },
      "92": {
        "rect": {
          "x": 387,
          "y": 2,
          "width": 25,
          "height": 40
        },
        "xOffset": 0,
        "yOffset": 1,
        "xAdvance": 16
      },
      "93": {
        "rect": {
          "x": 301,
          "y": 2,
          "width": 21,
          "height": 42
        },
        "xOffset": 0,
        "yOffset": 3,
        "xAdvance": 13
      },
      "94": {
        "rect": {
          "x": 75,
          "y": 208,
          "width": 26,
          "height": 23
        },
        "xOffset": 0,
        "yOffset": 2,
        "xAdvance": 17
      },
      "95": {
        "rect": {
          "x": 270,
          "y": 208,
          "width": 22,
          "height": 15
        },
        "xOffset": 1,
        "yOffset": 30,
        "xAdvance": 15
      },
      "96": {
        "rect": {
          "x": 173,
          "y": 208,
          "width": 21,
          "height": 19
        },
        "xOffset": 1,
        "yOffset": 2,
        "xAdvance": 14
      },
      "97": {
        "rect": {
          "x": 321,
          "y": 171,
          "width": 26,
          "height": 30
        },
        "xOffset": 0,
        "yOffset": 10,
        "xAdvance": 18
      },
      "98": {
        "rect": {
          "x": 324,
          "y": 2,
          "width": 30,
          "height": 40
        },
        "xOffset": 0,
        "yOffset": 1,
        "xAdvance": 21
      },
      "99": {
        "rect": {
          "x": 349,
          "y": 171,
          "width": 26,
          "height": 30
        },
        "xOffset": 0,
        "yOffset": 11,
        "xAdvance": 17
      },
      "100": {
        "rect": {
          "x": 414,
          "y": 2,
          "width": 30,
          "height": 39
        },
        "xOffset": 0,
        "yOffset": 2,
        "xAdvance": 22
      },
      "101": {
        "rect": {
          "x": 292,
          "y": 171,
          "width": 27,
          "height": 30
        },
        "xOffset": 0,
        "yOffset": 10,
        "xAdvance": 18
      },
      "102": {
        "rect": {
          "x": 476,
          "y": 2,
          "width": 26,
          "height": 39
        },
        "xOffset": -1,
        "yOffset": 2,
        "xAdvance": 15
      },
      "103": {
        "rect": {
          "x": 102,
          "y": 92,
          "width": 30,
          "height": 38
        },
        "xOffset": 0,
        "yOffset": 10,
        "xAdvance": 22
      },
      "104": {
        "rect": {
          "x": 446,
          "y": 2,
          "width": 28,
          "height": 39
        },
        "xOffset": 1,
        "yOffset": 1,
        "xAdvance": 21
      },
      "105": {
        "rect": {
          "x": 2,
          "y": 51,
          "width": 17,
          "height": 39
        },
        "xOffset": 1,
        "yOffset": 1,
        "xAdvance": 10
      },
      "106": {
        "rect": {
          "x": 63,
          "y": 2,
          "width": 20,
          "height": 46
        },
        "xOffset": -2,
        "yOffset": 2,
        "xAdvance": 10
      },
      "107": {
        "rect": {
          "x": 356,
          "y": 2,
          "width": 29,
          "height": 40
        },
        "xOffset": 0,
        "yOffset": 1,
        "xAdvance": 20
      },
      "108": {
        "rect": {
          "x": 21,
          "y": 51,
          "width": 17,
          "height": 39
        },
        "xOffset": 1,
        "yOffset": 1,
        "xAdvance": 9
      },
      "109": {
        "rect": {
          "x": 68,
          "y": 171,
          "width": 38,
          "height": 30
        },
        "xOffset": 1,
        "yOffset": 10,
        "xAdvance": 31
      },
      "110": {
        "rect": {
          "x": 202,
          "y": 171,
          "width": 28,
          "height": 30
        },
        "xOffset": 1,
        "yOffset": 10,
        "xAdvance": 21
      },
      "111": {
        "rect": {
          "x": 171,
          "y": 171,
          "width": 29,
          "height": 30
        },
        "xOffset": 0,
        "yOffset": 10,
        "xAdvance": 20
      },
      "112": {
        "rect": {
          "x": 70,
          "y": 92,
          "width": 30,
          "height": 38
        },
        "xOffset": 1,
        "yOffset": 10,
        "xAdvance": 22
      },
      "113": {
        "rect": {
          "x": 197,
          "y": 92,
          "width": 29,
          "height": 38
        },
        "xOffset": 0,
        "yOffset": 11,
        "xAdvance": 21
      },
      "114": {
        "rect": {
          "x": 431,
          "y": 171,
          "width": 23,
          "height": 30
        },
        "xOffset": 1,
        "yOffset": 10,
        "xAdvance": 14
      },
      "115": {
        "rect": {
          "x": 377,
          "y": 171,
          "width": 25,
          "height": 30
        },
        "xOffset": 0,
        "yOffset": 11,
        "xAdvance": 16
      },
      "116": {
        "rect": {
          "x": 2,
          "y": 171,
          "width": 24,
          "height": 35
        },
        "xOffset": 0,
        "yOffset": 6,
        "xAdvance": 15
      },
      "117": {
        "rect": {
          "x": 262,
          "y": 171,
          "width": 28,
          "height": 30
        },
        "xOffset": 1,
        "yOffset": 11,
        "xAdvance": 21
      },
      "118": {
        "rect": {
          "x": 108,
          "y": 171,
          "width": 30,
          "height": 30
        },
        "xOffset": 0,
        "yOffset": 11,
        "xAdvance": 20
      },
      "119": {
        "rect": {
          "x": 28,
          "y": 171,
          "width": 38,
          "height": 30
        },
        "xOffset": 0,
        "yOffset": 11,
        "xAdvance": 29
      },
      "120": {
        "rect": {
          "x": 140,
          "y": 171,
          "width": 29,
          "height": 30
        },
        "xOffset": -1,
        "yOffset": 11,
        "xAdvance": 19
      },
      "121": {
        "rect": {
          "x": 166,
          "y": 92,
          "width": 29,
          "height": 38
        },
        "xOffset": -1,
        "yOffset": 10,
        "xAdvance": 19
      },
      "122": {
        "rect": {
          "x": 404,
          "y": 171,
          "width": 25,
          "height": 30
        },
        "xOffset": 0,
        "yOffset": 10,
        "xAdvance": 16
      },
      "123": {
        "rect": {
          "x": 154,
          "y": 2,
          "width": 21,
          "height": 43
        },
        "xOffset": -1,
        "yOffset": 3,
        "xAdvance": 12
      },
      "124": {
        "rect": {
          "x": 2,
          "y": 2,
          "width": 13,
          "height": 47
        },
        "xOffset": 1,
        "yOffset": 1,
        "xAdvance": 7
      },
      "125": {
        "rect": {
          "x": 177,
          "y": 2,
          "width": 21,
          "height": 43
        },
        "xOffset": 0,
        "yOffset": 3,
        "xAdvance": 12
      },
      "126": {
        "rect": {
          "x": 216,
          "y": 208,
          "width": 28,
          "height": 18
        },
        "xOffset": 0,
        "yOffset": 14,
        "xAdvance": 20
      }
    },
    "kerningDict": {}
  }
}