{"frameRate":24,"name":"loading","version":"5.5","compatibleVersion":"5.5","armature":[{"type":"Armature","frameRate":24,"name":"root","aabb":{"x":-106.97,"y":-260.18,"width":223,"height":273.24},"bone":[{"name":"root"},{"length":34,"name":"book","parent":"root","transform":{"x":-2.65,"y":-83.5,"skX":-90.9268,"skY":-90.9268}},{"length":92,"name":"head","parent":"root","transform":{"x":-3.5796,"y":-132.0946,"skX":-90,"skY":-90}},{"length":69,"name":"hat3","parent":"head","transform":{"x":32.1776,"y":39.9559,"skX":115.5101,"skY":115.5101}},{"length":69,"name":"hat31","parent":"head","transform":{"x":34.5312,"y":-35.0551,"skX":-114.6647,"skY":-114.6647}},{"length":33,"name":"hat1","parent":"head","transform":{"x":60.0054,"y":3.5796,"skX":-1.4644,"skY":-1.4644}},{"length":17,"name":"face","parent":"head","transform":{"x":20.103,"y":-0.516,"skX":1.2946,"skY":1.2946}},{"length":50,"name":"hat2","parent":"hat1","transform":{"x":12.9064,"y":-6.4936,"skX":3.9246,"skY":3.9246}}],"slot":[{"name":"hat31","parent":"hat31"},{"name":"hat3","parent":"hat3"},{"name":"body","parent":"root"},{"name":"face","parent":"head"},{"name":"hat2","parent":"hat2"},{"name":"hat1","parent":"hat1"},{"name":"face1","parent":"face"},{"name":"book","parent":"book"}],"skin":[{"slot":[{"name":"hat1","display":[{"name":"hat1","transform":{"x":6.87,"y":-2.81,"skX":91.46,"skY":91.46}}]},{"name":"face1","display":[{"name":"face1","transform":{"x":9.33,"y":0.44,"skX":88.71,"skY":88.71}}]},{"name":"book","display":[{"name":"book1","transform":{"x":6.5,"y":3,"skX":90.93,"skY":90.93},"path":"book"}]},{"name":"hat3","display":[{"name":"hat3","transform":{"x":34.46,"y":-0.67,"skX":-90.5,"skY":-90.5}}]},{"name":"hat31","display":[{"name":"hat3","transform":{"x":34.46,"y":-0.67,"skX":-90.5,"skY":-90.5}}]},{"name":"body","display":[{"name":"body1","transform":{"x":4.53,"y":-69.44},"path":"body"}]},{"name":"face","display":[{"name":"face","transform":{"x":32.5,"y":0.83,"skX":90,"skY":90}}]},{"name":"hat2","display":[{"name":"hat2","transform":{"x":24.03,"y":3.92,"skX":88.02,"skY":88.02}}]}]}],"animation":[{"duration":40,"playTimes":0,"name":"loading","bone":[{"name":"head","translateFrame":[{"duration":7,"tweenEasing":0,"x":-3.82,"y":1.02},{"duration":6,"tweenEasing":0,"x":1.06,"y":7.82},{"duration":7,"tweenEasing":0,"x":10.05,"y":5.83},{"duration":7,"tweenEasing":0,"x":12.56,"y":0.53},{"duration":6,"tweenEasing":0,"x":7.96,"y":-5.73},{"duration":7,"tweenEasing":0,"x":-2.02,"y":-5.83},{"duration":0,"x":-3.82,"y":1.02}],"rotateFrame":[{"duration":20,"tweenEasing":0,"rotate":-10.68},{"duration":20,"tweenEasing":0,"rotate":8.13},{"duration":0,"rotate":-10.68}]},{"name":"hat3","translateFrame":[{"duration":20,"tweenEasing":0,"x":4.2,"y":0.79},{"duration":20,"tweenEasing":0,"x":-8.16,"y":-25.06},{"duration":0,"x":4.2,"y":0.79}],"rotateFrame":[{"duration":4,"tweenEasing":0,"rotate":-9.66},{"duration":16,"tweenEasing":0,"rotate":-21.72},{"duration":4,"tweenEasing":0,"rotate":5.42},{"duration":16,"tweenEasing":0,"rotate":16.43},{"duration":0,"rotate":-9.66}]},{"name":"hat31","translateFrame":[{"duration":20,"tweenEasing":0,"x":-9.66,"y":23.75},{"duration":20,"tweenEasing":0,"x":6.04,"y":-0.86},{"duration":0,"x":-9.66,"y":23.75}],"rotateFrame":[{"duration":4,"tweenEasing":0,"rotate":-2.6},{"duration":16,"tweenEasing":0,"rotate":-16.11},{"duration":4,"tweenEasing":0,"rotate":9.02},{"duration":16,"tweenEasing":0,"rotate":20.56},{"duration":0,"rotate":-2.6}]},{"name":"face","translateFrame":[{"duration":5,"tweenEasing":0,"x":0.91,"y":-7.01},{"duration":5,"tweenEasing":0,"x":-11.51,"y":-5.74},{"duration":5,"tweenEasing":0,"x":-20.01,"y":-0.31},{"duration":5,"tweenEasing":0,"x":-11.12,"y":6.57},{"duration":5,"tweenEasing":0,"x":0.49,"y":9.68},{"duration":5,"tweenEasing":0,"x":8.89,"y":7.61},{"duration":5,"tweenEasing":0,"x":16.25,"y":-0.83},{"duration":5,"tweenEasing":0,"x":8.68,"y":-5.7},{"duration":0,"x":0.91,"y":-7.01}],"rotateFrame":[{"duration":20,"tweenEasing":0,"rotate":-8.47},{"duration":20,"tweenEasing":0,"rotate":8.1},{"duration":0,"rotate":-8.47}],"scaleFrame":[{"duration":10,"tweenEasing":0},{"duration":10,"tweenEasing":0,"x":0.95},{"duration":10,"tweenEasing":0},{"duration":10,"tweenEasing":0,"x":0.94},{"duration":0}]},{"name":"hat2","translateFrame":[{"duration":10,"tweenEasing":0,"x":-3.88,"y":-0.9},{"duration":10,"tweenEasing":0,"x":1.77,"y":0.51},{"duration":10,"tweenEasing":0,"x":-3.81,"y":0.2},{"duration":10,"tweenEasing":0,"x":-12.95,"y":-0.78},{"duration":0,"x":-3.88,"y":-0.9}],"rotateFrame":[{"duration":20,"tweenEasing":0},{"duration":20,"tweenEasing":0,"rotate":1.72},{"duration":0}]},{"name":"hat1","translateFrame":[{"duration":10,"tweenEasing":0,"x":0.23,"y":-1.19},{"duration":10,"tweenEasing":0,"x":-17.8,"y":-0.54},{"duration":10,"tweenEasing":0,"x":0.11,"y":0.8},{"duration":10,"tweenEasing":0,"x":9.7,"y":0.15},{"duration":0,"x":0.23,"y":-1.19}],"rotateFrame":[{"duration":20,"tweenEasing":0,"rotate":-0.95},{"duration":20,"tweenEasing":0,"rotate":1.52},{"duration":0,"rotate":-0.95}],"scaleFrame":[{"duration":10,"tweenEasing":0},{"duration":10,"tweenEasing":0,"x":1.06},{"duration":10,"tweenEasing":0},{"duration":10,"tweenEasing":0,"x":0.86,"y":0.96},{"duration":0}]},{"name":"book","translateFrame":[{"duration":10,"tweenEasing":0,"x":3.35},{"duration":10,"tweenEasing":0,"y":-5.1},{"duration":10,"tweenEasing":0,"x":-3.35},{"duration":10,"tweenEasing":0,"x":-0.85,"y":5.1},{"duration":0,"x":3.35}],"rotateFrame":[{"duration":10,"tweenEasing":0},{"duration":10,"tweenEasing":0,"rotate":1.31},{"duration":10,"tweenEasing":0},{"duration":10,"tweenEasing":0,"rotate":-0.95},{"duration":0}]}]}],"defaultActions":[{"gotoAndPlay":"loading"}],"canvas":{"width":640,"height":1400}}]}