{"frameRate":24,"name":"flower","version":"5.5","compatibleVersion":"5.5","armature":[{"type":"MovieClip","frameRate":24,"name":"root","bone":[{"name":"root"},{"name":"flower","parent":"root"},{"name":"flower1","parent":"root"},{"name":"flower2","parent":"root"},{"name":"flower3","parent":"root"},{"name":"flower4","parent":"root"},{"name":"flower5","parent":"root"},{"name":"flower6","parent":"root"},{"name":"flower7","parent":"root"},{"name":"flower8","parent":"root"}],"slot":[{"blendMode":"add","displayIndex":-1,"name":"flower","parent":"flower"},{"blendMode":"add","displayIndex":-1,"name":"flower1","parent":"flower1"},{"blendMode":"add","displayIndex":-1,"name":"flower2","parent":"flower2"},{"blendMode":"add","displayIndex":-1,"name":"flower3","parent":"flower3"},{"blendMode":"add","displayIndex":-1,"name":"flower4","parent":"flower4"},{"blendMode":"add","displayIndex":-1,"name":"flower5","parent":"flower5"},{"displayIndex":-1,"name":"flower6","parent":"flower6"},{"displayIndex":-1,"name":"flower7","parent":"flower7"},{"displayIndex":-1,"name":"flower8","parent":"flower8"}],"skin":[{"slot":[{"name":"flower8","display":[{"name":"flower"}]},{"name":"flower7","display":[{"name":"flower"}]},{"name":"flower2","display":[{"name":"flower"}]},{"name":"flower1","display":[{"name":"flower"}]},{"name":"flower","display":[{"name":"flower"}]},{"name":"flower6","display":[{"name":"flower"}]},{"name":"flower3","display":[{"name":"flower"}]},{"name":"flower4","display":[{"name":"flower"}]},{"name":"flower5","display":[{"name":"flower"}]}]}],"animation":[{"duration":36,"playTimes":0,"name":"idle","bone":[{"name":"flower","translateFrame":[{"duration":11},{"duration":25,"x":-52.37,"y":-162.87}],"rotateFrame":[{"duration":11},{"duration":9,"tweenEasing":0,"rotate":-57.27},{"duration":11,"tweenEasing":0,"rotate":-38.48},{"duration":5,"rotate":-15.53}],"scaleFrame":[{"duration":11},{"duration":9,"tweenEasing":0,"x":0.01,"y":0.01},{"duration":11,"tweenEasing":0,"x":0.75,"y":0.75},{"duration":5,"x":0.01,"y":0.01}]},{"name":"flower1","translateFrame":[{"duration":5},{"duration":31,"x":-77.18,"y":-43.99}],"rotateFrame":[{"duration":5},{"duration":9,"tweenEasing":0,"rotate":-156.76},{"duration":11,"tweenEasing":0,"rotate":-139.31},{"duration":11,"rotate":-117.98}],"scaleFrame":[{"duration":5},{"duration":9,"tweenEasing":0,"x":0.01,"y":0.01},{"duration":11,"tweenEasing":0},{"duration":11,"x":0.01,"y":0.01}]},{"name":"flower2","translateFrame":[{"duration":36,"x":93.66,"y":-129.09}],"rotateFrame":[{"duration":7,"tweenEasing":0,"rotate":-48.38},{"duration":17,"rotate":-31.78},{"duration":8,"tweenEasing":0,"rotate":-79.2},{"duration":4,"tweenEasing":0,"rotate":-60.23},{"duration":0,"rotate":-50.75}],"scaleFrame":[{"duration":7,"tweenEasing":0,"x":0.48,"y":0.48},{"duration":17,"x":0.01,"y":0.01},{"duration":8,"tweenEasing":0,"x":0.01,"y":0.01},{"duration":4,"tweenEasing":0,"x":0.81,"y":0.81},{"duration":0,"x":0.54,"y":0.54}]},{"name":"flower3","translateFrame":[{"duration":36,"x":7.54,"y":-196.34}],"rotateFrame":[{"duration":11,"tweenEasing":0,"rotate":-42.34},{"duration":17,"rotate":-5.53},{"duration":8,"tweenEasing":0,"rotate":-74.55},{"duration":0,"rotate":-45.92}],"scaleFrame":[{"duration":11,"tweenEasing":0},{"duration":17,"x":0.01,"y":0.01},{"duration":8,"tweenEasing":0,"x":0.01,"y":0.01},{"duration":0,"x":0.89,"y":0.89}]},{"name":"flower4","translateFrame":[{"duration":36,"x":29.97,"y":-17.24}],"rotateFrame":[{"duration":7,"tweenEasing":0,"rotate":-18.93},{"duration":17,"rotate":-4.49},{"duration":9,"tweenEasing":0,"rotate":-45.73},{"duration":3,"tweenEasing":0,"rotate":-27.18},{"duration":0,"rotate":-20.99}],"scaleFrame":[{"duration":7,"tweenEasing":0,"x":0.41,"y":0.41},{"duration":17,"x":0.01,"y":0.01},{"duration":9,"tweenEasing":0,"x":0.01,"y":0.01},{"duration":3,"tweenEasing":0,"x":0.63,"y":0.63},{"duration":0,"x":0.46,"y":0.46}]},{"name":"flower5","translateFrame":[{"duration":36,"x":-21.1,"y":-87.13}],"rotateFrame":[{"duration":2,"tweenEasing":0,"rotate":8.45},{"duration":11,"tweenEasing":0,"rotate":10.86},{"duration":17,"rotate":24.13},{"duration":6,"tweenEasing":0},{"duration":0,"rotate":7.24}],"scaleFrame":[{"duration":2,"tweenEasing":0,"x":0.6,"y":0.6},{"duration":11,"tweenEasing":0,"x":0.77,"y":0.77},{"duration":17,"x":0.01,"y":0.01},{"duration":6,"tweenEasing":0,"x":0.01,"y":0.01},{"duration":0,"x":0.52,"y":0.52}]},{"name":"flower6","translateFrame":[{"duration":36,"x":-114.23,"y":-151.88}],"rotateFrame":[{"duration":4,"tweenEasing":0,"rotate":7.4},{"duration":17,"rotate":15.71},{"duration":9,"tweenEasing":0,"rotate":-25.85},{"duration":6,"tweenEasing":0,"rotate":-7.15},{"duration":0,"rotate":5.32}],"scaleFrame":[{"duration":4,"tweenEasing":0,"x":0.35,"y":0.35},{"duration":17,"x":0.01,"y":0.01},{"duration":9,"tweenEasing":0,"x":0.01,"y":0.01},{"duration":6,"tweenEasing":0,"x":0.94,"y":0.94},{"duration":0,"x":0.43,"y":0.43}]},{"name":"flower7","translateFrame":[{"duration":8},{"duration":28,"x":20.75,"y":-146.53}],"rotateFrame":[{"duration":8},{"duration":9,"tweenEasing":0},{"duration":11,"tweenEasing":0,"rotate":18.7},{"duration":8,"rotate":41.56}],"scaleFrame":[{"duration":8},{"duration":9,"tweenEasing":0,"x":0.01,"y":0.01},{"duration":11,"tweenEasing":0,"x":0.88,"y":0.88},{"duration":8,"x":0.01,"y":0.01}]},{"name":"flower8","translateFrame":[{"duration":36,"x":34.16,"y":-54.37}],"rotateFrame":[{"duration":9,"tweenEasing":0,"rotate":32.24},{"duration":11,"tweenEasing":0,"rotate":50.94},{"duration":16,"rotate":73.8}],"scaleFrame":[{"duration":9,"tweenEasing":0,"x":0.01,"y":0.01},{"duration":11,"tweenEasing":0},{"duration":16,"x":0.01,"y":0.01}]}],"slot":[{"name":"flower","displayFrame":[{"duration":11,"value":-1},{"duration":25}]},{"name":"flower1","displayFrame":[{"duration":5,"value":-1},{"duration":31}],"colorFrame":[{"duration":5},{"duration":31,"value":{"gM":92,"bM":92}}]},{"name":"flower2","displayFrame":[{"duration":36}]},{"name":"flower3","displayFrame":[{"duration":36}]},{"name":"flower4","displayFrame":[{"duration":36}]},{"name":"flower5","displayFrame":[{"duration":36}]},{"name":"flower6","displayFrame":[{"duration":36}]},{"name":"flower7","displayFrame":[{"duration":8,"value":-1},{"duration":28}]},{"name":"flower8","displayFrame":[{"duration":36}]}]}],"defaultActions":[{"gotoAndPlay":"idle"}]}]}