{
  "9836134e-b892-4283-b6b2-78b5acf3ed45": {
    "asset": 1577676658345,
    "meta": 1571296446000,
    "relativePath": "effects"
  },
  "f8e6b000-5643-4b86-9080-aa680ce1f599": {
    "asset": 1577676658736,
    "meta": 1571296446000,
    "relativePath": "image"
  },
  "5c3eedba-6c41-4c0c-9ba7-d91f813cbd1c": {
    "asset": 1577676658767,
    "meta": 1571296446000,
    "relativePath": "materials"
  },
  "fc09f9bd-2cce-4605-b630-8145ef809ed6": {
    "asset": 1577676658801,
    "meta": 1571296446000,
    "relativePath": "misc"
  },
  "db019bf7-f71c-4111-98cf-918ea180cb48": {
    "asset": 1577676659019,
    "meta": 1571296446000,
    "relativePath": "model"
  },
  "e39e96e6-6f6e-413f-bcf1-ac7679bb648a": {
    "asset": 1577676658985,
    "meta": 1571296446000,
    "relativePath": "model\\prefab"
  },
  "f6e6dd15-71d1-4ffe-ace7-24fd39942c05": {
    "asset": 1577676659067,
    "meta": 1571296446000,
    "relativePath": "obsolete"
  },
  "f743d2b6-b7ea-4c14-a55b-547ed4d0a045": {
    "asset": 1577676659122,
    "meta": 1571296446000,
    "relativePath": "particle"
  },
  "ae6c6c98-11e4-452f-8758-75f5c6a56e83": {
    "asset": 1577676779954,
    "meta": 1571296446000,
    "relativePath": "prefab"
  },
  "a3ee0214-b432-4865-9666-4a3211814282": {
    "asset": 1577676779944,
    "meta": 1571296446000,
    "relativePath": "prefab\\light"
  },
  "d8afc78c-4eac-4a9f-83dd-67bc70344d33": {
    "asset": 1577676660185,
    "meta": 1571296446000,
    "relativePath": "resources"
  },
  "294c1663-4adf-4a1e-a795-53808011a38a": {
    "asset": 1577676660004,
    "meta": 1571296446000,
    "relativePath": "resources\\effects"
  },
  "bbee2217-c261-49bd-a8ce-708d6bcc3500": {
    "asset": 1577676660175,
    "meta": 1571296446000,
    "relativePath": "resources\\materials"
  },
  "f82f2f7c-a18d-4641-956d-b47301c3bf77": {
    "asset": 1586748603452,
    "meta": 1580692004367,
    "relativePath": "Prefabs"
  },
  "b2fb25ad-0c8c-44c1-b5f8-6606212675e4": {
    "asset": 1580692004386,
    "meta": 1580692004373,
    "relativePath": "Resourecs"
  },
  "8db1ae12-00dc-41a5-8826-b5d4b94db745": {
    "asset": 1580693777413,
    "meta": 1580692004375,
    "relativePath": "Resourecs\\Font"
  },
  "4abbc0b1-32ce-4ebe-9ba7-6d762a153120": {
    "asset": 1580692722440,
    "meta": 1580692004378,
    "relativePath": "Resourecs\\Images"
  },
  "6aff33bb-2910-4ed1-8ad8-8999f35e0bcc": {
    "asset": 1580693057700,
    "meta": 1580692004379,
    "relativePath": "Resourecs\\Images\\Background"
  },
  "2ba0e200-3b14-48c7-aefb-81fbacd3f09e": {
    "asset": 1580693057746,
    "meta": 1580692004380,
    "relativePath": "Resourecs\\Images\\Box"
  },
  "c594039b-3b74-4caa-ae02-250c08457284": {
    "asset": 1586747687657,
    "meta": 1580692004382,
    "relativePath": "Resourecs\\Images\\Button"
  },
  "b2f6db36-09b8-4d8f-85cd-ffe059d7da8d": {
    "asset": 1580693988717,
    "meta": 1580692004385,
    "relativePath": "Resourecs\\Images\\Game"
  },
  "c085d771-3d94-449b-921c-8edb848910a4": {
    "asset": 1580694919144,
    "meta": 1580692004385,
    "relativePath": "Resourecs\\Images\\Icon"
  },
  "c34a11a0-0587-4061-ac77-2f4a471989b0": {
    "asset": 1580692004392,
    "meta": 1580692004386,
    "relativePath": "Resourecs\\Music"
  },
  "50dfb9fc-8046-4b7e-adb9-a33e4e06ce1c": {
    "asset": 1580692004389,
    "meta": 1580692004387,
    "relativePath": "Resourecs\\Music\\bgMusic"
  },
  "b7bdafef-8450-44b4-a614-27c97da0a1ac": {
    "asset": 1578364760377,
    "meta": 1580692004493,
    "relativePath": "Resourecs\\Music\\bgMusic\\bg.mp3"
  },
  "7d97f834-4b4d-4821-a4dc-f58b778510f1": {
    "asset": 1580692004391,
    "meta": 1580692004390,
    "relativePath": "Resourecs\\Music\\btnMusic"
  },
  "bb759841-7126-4cf3-b3dd-ac6d856268ec": {
    "asset": 1577435352000,
    "meta": 1580692004528,
    "relativePath": "Resourecs\\Music\\btnMusic\\11299.mp3"
  },
  "d6f888ad-3625-4d82-a5dc-63ae43682a75": {
    "asset": 1580692004392,
    "meta": 1580692004392,
    "relativePath": "Resourecs\\Music\\removeMusic"
  },
  "2cf8cf7b-e052-476c-936b-6153baee0c2f": {
    "asset": 1577435352000,
    "meta": 1580692004536,
    "relativePath": "Resourecs\\Music\\bgMusic\\5528.wav"
  },
  "0a273646-ba14-46a3-9363-da5a918cf71c": {
    "asset": 1586747949047,
    "meta": 1580692004395,
    "relativePath": "Scenes"
  },
  "8425f06b-807f-4cfa-907b-d7b3cc622d76": {
    "asset": 1580692004419,
    "meta": 1580692004399,
    "relativePath": "Scrpits"
  },
  "b3862d1d-1f81-4a76-a367-a947eaf61277": {
    "asset": 1578364485241,
    "meta": 1580692004539,
    "relativePath": "Resourecs\\Music\\removeMusic\\0793.mp3"
  },
  "fe6644bc-fd87-4b45-be54-bc3291ce2d66": {
    "asset": 1580692004404,
    "meta": 1580692004402,
    "relativePath": "Scrpits\\Common"
  },
  "22e2bfed-2dea-44e8-8b0a-e1cbf5345d54": {
    "asset": 1573437730000,
    "meta": 1580692004900,
    "relativePath": "Scrpits\\Common\\Emitter.js"
  },
  "438cbe7c-21da-4073-a9ca-43299069bd6e": {
    "asset": 1573625148000,
    "meta": 1580692004936,
    "relativePath": "Scrpits\\Common\\EmitterCache.js"
  },
  "0c41a935-e19c-4464-8a28-d18cd85a5fff": {
    "asset": 1580692004406,
    "meta": 1580692004405,
    "relativePath": "Scrpits\\Data"
  },
  "1e5a662d-fd09-46d9-a397-59cf2a6b4640": {
    "asset": 1573443234000,
    "meta": 1580692004996,
    "relativePath": "Scrpits\\Common\\Utils.js"
  },
  "622e2310-f36a-454a-8d09-2fc9fcdee192": {
    "asset": 1577064249777,
    "meta": 1580692005074,
    "relativePath": "Scrpits\\Data\\ConfigDt.js"
  },
  "75370dd3-0f22-4af8-b368-ae9bc2e258a4": {
    "asset": 1576567692885,
    "meta": 1580692005075,
    "relativePath": "Scrpits\\Data\\Data.js"
  },
  "0dc91aaf-6ad8-41a2-9319-0ec479c6f319": {
    "asset": 1580700703552,
    "meta": 1580692004409,
    "relativePath": "Scrpits\\Function"
  },
  "cb8d4cec-74e6-48d2-864c-a1ed7ea7298b": {
    "asset": 1578376170077,
    "meta": 1580692005122,
    "relativePath": "Scrpits\\Function\\AudioMgr.js"
  },
  "28792a19-4401-4d4e-a703-322affa0b225": {
    "asset": 1577772951689,
    "meta": 1580692005135,
    "relativePath": "Scrpits\\Function\\Background.js"
  },
  "54e5e8c8-70a8-480c-9ded-fa1b6c3f915e": {
    "asset": 1580692004417,
    "meta": 1580692004413,
    "relativePath": "Scrpits\\Game"
  },
  "28419155-a452-4078-90b1-0c4408ef6f3e": {
    "asset": 1578713312388,
    "meta": 1580692005139,
    "relativePath": "Scrpits\\Function\\ShowAndHide.js"
  },
  "5c2590b7-5e20-44dd-abb8-ffef53c1e08f": {
    "asset": 1586758278284,
    "meta": 1580692004416,
    "relativePath": "Scrpits\\Game\\Manager"
  },
  "f0c75929-e370-4f14-b7ca-43791927e4e3": {
    "asset": 1586762467258,
    "meta": 1580692004418,
    "relativePath": "Scrpits\\Game\\Object"
  },
  "de5459f7-91a0-4d82-8c7a-210d15408bc9": {
    "asset": 1581066383544,
    "meta": 1580692004419,
    "relativePath": "Scrpits\\Scene"
  },
  "d747e894-0465-43a6-a9d4-2d59ecf36423": {
    "asset": 1586744571931,
    "meta": 1580692722440,
    "relativePath": "Resourecs\\Images\\Plist"
  },
  "1259cdfe-1f7d-43f9-ae7a-b4b508db73d1": {
    "asset": 1580691474346,
    "meta": 1580692722701,
    "relativePath": "Resourecs\\Images\\Plist\\card.plist"
  },
  "84cdf8d8-414e-4217-a12b-babaa63a351d": {
    "asset": 1580691474329,
    "meta": 1580692722589,
    "relativePath": "Resourecs\\Images\\Plist\\card.png"
  },
  "27b6ace2-e1e8-4e65-8bb7-3b55fb707c2a": {
    "asset": 1580692392674,
    "meta": 1580692722718,
    "relativePath": "Resourecs\\Images\\Plist\\mode.plist"
  },
  "dda322af-29b6-462e-96f3-f175eecf92e9": {
    "asset": 1580692392673,
    "meta": 1580692722610,
    "relativePath": "Resourecs\\Images\\Plist\\mode.png"
  },
  "e287519a-e82b-47bc-aba6-c3c26cef5a00": {
    "asset": 1580692827642,
    "meta": 1580692859389,
    "relativePath": "Resourecs\\Images\\Plist\\menu.plist"
  },
  "2784a005-71a4-4a71-9ff4-506e96b7bc48": {
    "asset": 1580692827640,
    "meta": 1580692859379,
    "relativePath": "Resourecs\\Images\\Plist\\menu.png"
  },
  "6e022ea9-a877-40ec-b869-a750ad15c7a3": {
    "asset": 1580662754000,
    "meta": 1580693057886,
    "relativePath": "Resourecs\\Images\\Box\\bg_0111@3x.png"
  },
  "05715774-3a7f-419a-a76e-cec71e8b8cec": {
    "asset": 1580662754000,
    "meta": 1580693057964,
    "relativePath": "Resourecs\\Images\\Game\\common_button_06@3x.png"
  },
  "41749749-9fb5-4130-b46a-bcb99c2d88b5": {
    "asset": 1580662754000,
    "meta": 1580693057974,
    "relativePath": "Resourecs\\Images\\Background\\bg_x_02@3x.png"
  },
  "a20a1024-d129-433a-b556-0934014f4e73": {
    "asset": 1580662754000,
    "meta": 1580693057996,
    "relativePath": "Resourecs\\Images\\Game\\nav_01@3x.png"
  },
  "98dc3bfb-12ea-47ea-ae4c-ee4e471f6e3a": {
    "asset": 1580662754000,
    "meta": 1580693058016,
    "relativePath": "Resourecs\\Images\\Game\\nav_02@3x.png"
  },
  "4e907f2b-8462-4fe6-8c9c-faebdce642a4": {
    "asset": 1580662754000,
    "meta": 1580693058032,
    "relativePath": "Resourecs\\Images\\Icon\\ic_favorite@3x.png"
  },
  "874ddf6f-61ca-432f-ac90-0107593311ef": {
    "asset": 1580662754000,
    "meta": 1580693058039,
    "relativePath": "Resourecs\\Images\\Game\\npc@3x.png"
  },
  "3c5f1670-d558-4ea1-9784-ff74bd806f01": {
    "asset": 1580662754000,
    "meta": 1580693058055,
    "relativePath": "Resourecs\\Images\\Icon\\ic_home@3x.png"
  },
  "57761266-4213-4a3f-9c16-543f4c2624bd": {
    "asset": 1580662754000,
    "meta": 1580693058075,
    "relativePath": "Resourecs\\Images\\Icon\\ic_music@3x.png"
  },
  "f6141b98-683f-4aba-a5c5-2651e05a4116": {
    "asset": 1580662754000,
    "meta": 1580693058078,
    "relativePath": "Resourecs\\Images\\Icon\\ic_return_00003@3x.png"
  },
  "5b5161e3-ca94-4e74-a1c7-e9b84f755b5e": {
    "asset": 1580662754000,
    "meta": 1580693058092,
    "relativePath": "Resourecs\\Images\\Icon\\ic_return_01@3x.png"
  },
  "53b145e5-fee3-4994-adf9-7f3102f4a761": {
    "asset": 1580662754000,
    "meta": 1580693058096,
    "relativePath": "Resourecs\\Images\\Icon\\ic_return_02@3x.png"
  },
  "949d2dfe-185a-4c47-a4f4-231b4e1361f0": {
    "asset": 1580662754000,
    "meta": 1580693058110,
    "relativePath": "Resourecs\\Images\\Icon\\ic_return_03@3x.png"
  },
  "d4ee17ee-d6aa-4559-afec-25ac9816a27a": {
    "asset": 1580662754000,
    "meta": 1580693058114,
    "relativePath": "Resourecs\\Images\\Icon\\ic_return@3x.png"
  },
  "9424701a-ccec-4815-b38b-d2faa9c6096a": {
    "asset": 1580662754000,
    "meta": 1580693058133,
    "relativePath": "Resourecs\\Images\\Icon\\login_ic_appicon@3x.png"
  },
  "649b41ae-f301-43c6-a0b7-53e7fb59ecb9": {
    "asset": 1586748065410,
    "meta": 1586748065438,
    "relativePath": "Scenes\\LoadScene.fire"
  },
  "617e4e55-0f7e-41a5-a349-247574764c6f": {
    "asset": 1586826952145,
    "meta": 1586826952158,
    "relativePath": "Scenes\\ModeScene.fire"
  },
  "015028c5-814a-4b26-8592-20cb216544fe": {
    "asset": 1586826934555,
    "meta": 1586826934573,
    "relativePath": "Scenes\\LevelScene.fire"
  },
  "8bd9ff43-6c7c-4e24-a8f4-cba9148fd0d6": {
    "asset": 1586835021305,
    "meta": 1586835021327,
    "relativePath": "Scenes\\GameScene.fire"
  },
  "de70d3da-5216-445f-b5a8-4fb3ab070e47": {
    "asset": 1130720512000,
    "meta": 1580693729265,
    "relativePath": "Resourecs\\Font\\HanyiRhombicBody.ttf"
  },
  "edf3fab6-31d8-48af-bef9-a32782c0f0cf": {
    "asset": 1580662754000,
    "meta": 1580693976794,
    "relativePath": "Resourecs\\Images\\Icon\\appicon@3x.png"
  },
  "e82c9d7c-dcfe-43f6-8c61-452c433248a9": {
    "asset": 1580662754000,
    "meta": 1580694020039,
    "relativePath": "Resourecs\\Images\\Icon\\login_ic_appicon@3x(1).png"
  },
  "c97bf458-f76a-4769-8b82-cc456615e3dd": {
    "asset": 1580694746000,
    "meta": 1580694919168,
    "relativePath": "Resourecs\\Images\\Icon\\avatar@3x.png"
  },
  "e6c0bb14-08cd-49fe-91d1-ca60729c5a29": {
    "asset": 1586748068545,
    "meta": 1586748068555,
    "relativePath": "Scenes\\RuleScene.fire"
  },
  "58db947e-9792-41c1-b6b7-982b11f76ee7": {
    "asset": 1586826672164,
    "meta": 1586826672189,
    "relativePath": "Scenes\\RankScene.fire"
  },
  "bbd4e35a-839c-4291-8791-9f3364b1c15e": {
    "asset": 1580700909785,
    "meta": 1580700922697,
    "relativePath": "Scrpits\\Function\\ReplaceScene.js"
  },
  "bfd2077e-e88d-49ec-8545-2cd71387aa08": {
    "asset": 1580701878000,
    "meta": 1580702040418,
    "relativePath": "Resourecs\\Images\\Icon\\ic_music_01@3x.png"
  },
  "2cd1c1c8-de28-45be-9c25-49fab47ceb9f": {
    "asset": 1580795125719,
    "meta": 1580795125730,
    "relativePath": "Prefabs\\targetArea.prefab"
  },
  "dbebd1ef-c66b-4f45-9849-23a87eae709b": {
    "asset": 1580795111627,
    "meta": 1580795111642,
    "relativePath": "Prefabs\\freeArea.prefab"
  },
  "6a65f62d-554b-48c4-9fb0-b328a01339c2": {
    "asset": 1580785894988,
    "meta": 1580785895003,
    "relativePath": "Prefabs\\card.prefab"
  },
  "5b0a93c3-8890-4eb4-bc9a-6054611ea727": {
    "asset": 1581042287813,
    "meta": 1581042329024,
    "relativePath": "Scrpits\\Game\\Object\\FreeArea.js"
  },
  "3d424f01-e5dc-4139-a2ea-0c91005747e0": {
    "asset": 1581042294526,
    "meta": 1581042329030,
    "relativePath": "Scrpits\\Game\\Object\\TargetArea.js"
  },
  "f50fcf67-a4b2-4a8f-bab2-fefc871b814f": {
    "asset": 1581066540842,
    "meta": 1581066540872,
    "relativePath": "Scenes\\PassScene.fire"
  },
  "d584881f-3dbe-47a2-9efb-63167017d84d": {
    "asset": 1581067399008,
    "meta": 1581067402285,
    "relativePath": "Scrpits\\Scene\\Pass.js"
  },
  "447ef82e-a128-4570-8980-e7a0cb526a3c": {
    "asset": 1581387383814,
    "meta": 1581387385190,
    "relativePath": "Scrpits\\Scene\\Mode.js"
  },
  "b7a0ca48-6b50-4bba-a293-16df6e68dec8": {
    "asset": 1581387503401,
    "meta": 1581387504492,
    "relativePath": "Scrpits\\Scene\\Level.js"
  },
  "318debfa-24a3-4a0e-9a7f-5cc70e74614e": {
    "asset": 1586743150581,
    "meta": 1586743154313,
    "relativePath": "Scrpits\\Game\\Object\\Card.js"
  },
  "fc1f3a38-020a-4d1a-b4d1-abaf5f78b72a": {
    "asset": 1586744486863,
    "meta": 1586744572009,
    "relativePath": "Resourecs\\Images\\Plist\\level.plist"
  },
  "9ee6265d-f0e2-4730-91cb-4f38de756329": {
    "asset": 1586744486861,
    "meta": 1586744572002,
    "relativePath": "Resourecs\\Images\\Plist\\level.png"
  },
  "f28e81d8-df59-4f36-8181-f7860412fd6b": {
    "asset": 1586747560051,
    "meta": 1586747687688,
    "relativePath": "Resourecs\\Images\\Button\\trophy_01@3x.png"
  },
  "b92ffbc2-6581-4e09-90d6-79c39ef0f64e": {
    "asset": 1586747560071,
    "meta": 1586747687704,
    "relativePath": "Resourecs\\Images\\Button\\trophy_02@3x.png"
  },
  "c8864ebb-aee0-42e4-9f3c-f1e6b476dfd7": {
    "asset": 1586747560089,
    "meta": 1586747687709,
    "relativePath": "Resourecs\\Images\\Button\\trophy_03@3x.png"
  },
  "27fde7aa-ab56-47f7-9bc0-a19cd0988736": {
    "asset": 1586747560107,
    "meta": 1586747687721,
    "relativePath": "Resourecs\\Images\\Button\\weight_01@3x.png"
  },
  "b32f0a67-46b9-4351-9aba-7887658ba098": {
    "asset": 1586826944240,
    "meta": 1586826944255,
    "relativePath": "Scenes\\MenuScene.fire"
  },
  "021706b5-40d8-4072-8bae-b5c3883b54a7": {
    "asset": 1586827500571,
    "meta": 1586827500585,
    "relativePath": "Prefabs\\rank.prefab"
  },
  "7d67f620-09ad-4320-bc77-45b0b86ae9bc": {
    "asset": 1586762539496,
    "meta": 1586762541215,
    "relativePath": "Scrpits\\Game\\Object\\Rank.js"
  },
  "3beaa132-520b-4790-9c89-0a35e714d6af": {
    "asset": 1586827128931,
    "meta": 1586827244175,
    "relativePath": "Scrpits\\Game\\Manager\\CardMgr.js"
  },
  "b02f03fc-bb86-4b78-ae1b-893123d1bfbe": {
    "asset": 1586827623825,
    "meta": 1586827625300,
    "relativePath": "Scrpits\\Game\\Manager\\RankMgr.js"
  },
  "ef51fe7d-212c-4c86-a0fb-5d38b20c4e72": {
    "asset": 1586827681157,
    "meta": 1586827682586,
    "relativePath": "Scrpits\\Scene\\Load.js"
  },
  "7c6ec778-084a-45f0-ac5b-f48b2acdc971": {
    "asset": 1586832685984,
    "meta": 1586832949084,
    "relativePath": "Scrpits\\Scene\\Game.js"
  },
  "745f0ad4-f2e7-419c-8849-0bceb2e278b7": {
    "asset": 1586836040025,
    "meta": 1586836831375,
    "relativePath": "Scrpits\\Scene\\Menu.js"
  },
  "430eccbf-bf2c-4e6e-8c0c-884bbb487f32": {
    "asset": 1571296446000,
    "meta": 1588639786000,
    "relativePath": "effects\\__builtin-editor-gizmo-line.effect"
  },
  "6c5cf6e1-b044-4eac-9431-835644d57381": {
    "asset": 1571296446000,
    "meta": 1588639786054,
    "relativePath": "effects\\__builtin-editor-gizmo-unlit.effect"
  },
  "115286d1-2e10-49ee-aab4-341583f607e8": {
    "asset": 1571296446000,
    "meta": 1588639786196,
    "relativePath": "effects\\__builtin-editor-gizmo.effect"
  },
  "abc2cb62-7852-4525-a90d-d474487b88f2": {
    "asset": 1571296446000,
    "meta": 1588639786198,
    "relativePath": "effects\\builtin-phong.effect"
  },
  "e851e89b-faa2-4484-bea6-5c01dd9f06e2": {
    "asset": 1571296446000,
    "meta": 1588639786285,
    "relativePath": "image\\default_btn_normal.png"
  },
  "71561142-4c83-4933-afca-cb7a17f67053": {
    "asset": 1571296446000,
    "meta": 1588639786282,
    "relativePath": "image\\default_btn_disabled.png"
  },
  "b43ff3c2-02bb-4874-81f7-f2dea6970f18": {
    "asset": 1571296446000,
    "meta": 1588639786296,
    "relativePath": "image\\default_btn_pressed.png"
  },
  "edd215b9-2796-4a05-aaf5-81f96c9281ce": {
    "asset": 1571296446000,
    "meta": 1588639786298,
    "relativePath": "image\\default_editbox_bg.png"
  },
  "99170b0b-d210-46f1-b213-7d9e3f23098a": {
    "asset": 1571296446000,
    "meta": 1588639786313,
    "relativePath": "image\\default_progressbar_bg.png"
  },
  "d81ec8ad-247c-4e62-aa3c-d35c4193c7af": {
    "asset": 1571296446000,
    "meta": 1588639786309,
    "relativePath": "image\\default_panel.png"
  },
  "cfef78f1-c8df-49b7-8ed0-4c953ace2621": {
    "asset": 1571296446000,
    "meta": 1588639786325,
    "relativePath": "image\\default_progressbar.png"
  },
  "567dcd80-8bf4-4535-8a5a-313f1caf078a": {
    "asset": 1571296446000,
    "meta": 1588639786328,
    "relativePath": "image\\default_radio_button_off.png"
  },
  "9d60001f-b5f4-4726-a629-2659e3ded0b8": {
    "asset": 1571296446000,
    "meta": 1588639786338,
    "relativePath": "image\\default_radio_button_on.png"
  },
  "4bab67cb-18e6-4099-b840-355f0473f890": {
    "asset": 1571296446000,
    "meta": 1588639786340,
    "relativePath": "image\\default_scrollbar_bg.png"
  },
  "617323dd-11f4-4dd3-8eec-0caf6b3b45b9": {
    "asset": 1571296446000,
    "meta": 1588639786349,
    "relativePath": "image\\default_scrollbar_vertical_bg.png"
  },
  "d6d3ca85-4681-47c1-b5dd-d036a9d39ea2": {
    "asset": 1571296446000,
    "meta": 1588639786351,
    "relativePath": "image\\default_scrollbar_vertical.png"
  },
  "0291c134-b3da-4098-b7b5-e397edbe947f": {
    "asset": 1571296446000,
    "meta": 1588639786362,
    "relativePath": "image\\default_scrollbar.png"
  },
  "0275e94c-56a7-410f-bd1a-fc7483f7d14a": {
    "asset": 1571296446000,
    "meta": 1588639786363,
    "relativePath": "image\\default_sprite_splash.png"
  },
  "6e056173-d285-473c-b206-40a7fff5386e": {
    "asset": 1571296446000,
    "meta": 1588639786374,
    "relativePath": "image\\default_sprite.png"
  },
  "73a0903d-d80e-4e3c-aa67-f999543c08f5": {
    "asset": 1571296446000,
    "meta": 1588639786376,
    "relativePath": "image\\default_toggle_checkmark.png"
  },
  "c25b9d50-c8fc-4d27-beeb-6e7c1f2e5c0f": {
    "asset": 1571296446000,
    "meta": 1588639786385,
    "relativePath": "image\\default_toggle_disabled.png"
  },
  "d29077ba-1627-4a72-9579-7b56a235340c": {
    "asset": 1571296446000,
    "meta": 1588639786388,
    "relativePath": "image\\default_toggle_normal.png"
  },
  "c4480a0a-6ac5-443f-8b40-361a14257fc8": {
    "asset": 1571296446000,
    "meta": 1588639786391,
    "relativePath": "materials\\builtin-phong.mtl"
  },
  "b181c1e4-0a72-4a91-bfb0-ae6f36ca60bd": {
    "asset": 1571296446000,
    "meta": 1588639786400,
    "relativePath": "image\\default_toggle_pressed.png"
  },
  "2be36297-9abb-4fee-8049-9ed5e271da8a": {
    "asset": 1571296446000,
    "meta": 1588639786398,
    "relativePath": "misc\\default_video.mp4"
  },
  "a87cc147-01b2-43f8-8e42-a7ca90b0c757": {
    "asset": 1571296446000,
    "meta": 1588639786406,
    "relativePath": "model\\prefab\\box.prefab"
  },
  "fe1417b6-fe6b-46a4-ae7c-9fd331f33a2a": {
    "asset": 1571296446000,
    "meta": 1588639786408,
    "relativePath": "model\\prefab\\capsule.prefab"
  },
  "b5fc2cf2-7942-483d-be1f-bbeadc4714ad": {
    "asset": 1571296446000,
    "meta": 1588639786410,
    "relativePath": "model\\prefab\\cone.prefab"
  },
  "1c5e4038-953a-44c2-b620-0bbfc6170477": {
    "asset": 1571296446000,
    "meta": 1588639786412,
    "relativePath": "model\\prefab\\cylinder.prefab"
  },
  "3f376125-a699-40ca-ad05-04d662eaa1f2": {
    "asset": 1571296446000,
    "meta": 1588639786414,
    "relativePath": "model\\prefab\\plane.prefab"
  },
  "6c9ef10d-b479-420b-bfe6-39cdda6a8ae0": {
    "asset": 1571296446000,
    "meta": 1588639786416,
    "relativePath": "model\\prefab\\quad.prefab"
  },
  "2d9a4b85-b0ab-4c46-84c5-18f393ab2058": {
    "asset": 1571296446000,
    "meta": 1588639786418,
    "relativePath": "model\\prefab\\sphere.prefab"
  },
  "de510076-056b-484f-b94c-83bef217d0e1": {
    "asset": 1571296446000,
    "meta": 1588639786433,
    "relativePath": "model\\prefab\\torus.prefab"
  },
  "8a96b965-2dc0-4e03-aa90-3b79cb93b5b4": {
    "asset": 1571296446000,
    "meta": 1588639786455,
    "relativePath": "obsolete\\atom.png"
  },
  "b8223619-7e38-47c4-841f-9160c232495a": {
    "asset": 1571296446000,
    "meta": 1588639786844,
    "relativePath": "obsolete\\atom.plist"
  },
  "d0a82d39-bede-46c4-b698-c81ff0dedfff": {
    "asset": 1571296446000,
    "meta": 1588639786468,
    "relativePath": "particle\\atom.png"
  },
  "b2687ac4-099e-403c-a192-ff477686f4f5": {
    "asset": 1571296446000,
    "meta": 1588639786845,
    "relativePath": "particle\\atom.plist"
  },
  "972b9a4d-47ee-4c74-b5c3-61d8a69bc29f": {
    "asset": 1571296446000,
    "meta": 1588639786472,
    "relativePath": "prefab\\button.prefab"
  },
  "897ef7a1-4860-4f64-968d-f5924b18668a": {
    "asset": 1571296446000,
    "meta": 1588639786474,
    "relativePath": "prefab\\camera.prefab"
  },
  "2c937608-2562-40ea-b264-7395df6f0cea": {
    "asset": 1571296446000,
    "meta": 1588639786477,
    "relativePath": "prefab\\canvas.prefab"
  },
  "61aeb05b-3b32-452b-8eed-2b76deeed554": {
    "asset": 1571296446000,
    "meta": 1588639786480,
    "relativePath": "prefab\\editbox.prefab"
  },
  "27756ebb-3d33-44b0-9b96-e858fadd4dd4": {
    "asset": 1571296446000,
    "meta": 1588639786483,
    "relativePath": "prefab\\label.prefab"
  },
  "785a442c-3ceb-45be-a46e-7317f625f3b9": {
    "asset": 1571296446000,
    "meta": 1588639786486,
    "relativePath": "prefab\\layout.prefab"
  },
  "61906da3-7003-4bda-9abc-5769c76faee4": {
    "asset": 1571296446000,
    "meta": 1588639786489,
    "relativePath": "prefab\\light\\ambient.prefab"
  },
  "ddb99b39-7004-47cd-9705-751905c43c46": {
    "asset": 1571296446000,
    "meta": 1588639786492,
    "relativePath": "prefab\\light\\directional.prefab"
  },
  "0cf30284-9073-46bc-9eba-e62b69dbbff3": {
    "asset": 1571296446000,
    "meta": 1588639786496,
    "relativePath": "prefab\\light\\point.prefab"
  },
  "f5331fd2-bf42-4ee3-a3fd-3e1657600eff": {
    "asset": 1571296446000,
    "meta": 1588639786498,
    "relativePath": "prefab\\light\\spot.prefab"
  },
  "ca8401fe-ad6e-41a8-bd46-8e3e4e9945be": {
    "asset": 1571296446000,
    "meta": 1588639786502,
    "relativePath": "prefab\\pageview.prefab"
  },
  "cd33edea-55f5-46c2-958d-357a01384a36": {
    "asset": 1571296446000,
    "meta": 1588639786505,
    "relativePath": "prefab\\particlesystem.prefab"
  },
  "5965ffac-69da-4b55-bcde-9225d0613c28": {
    "asset": 1571296446000,
    "meta": 1588639786508,
    "relativePath": "prefab\\progressBar.prefab"
  },
  "4a37dd57-78cd-4cec-aad4-f11a73d12b63": {
    "asset": 1571296446000,
    "meta": 1588639786510,
    "relativePath": "prefab\\richtext.prefab"
  },
  "32044bd2-481f-4cf1-a656-e2b2fb1594eb": {
    "asset": 1571296446000,
    "meta": 1588639786514,
    "relativePath": "prefab\\scrollview.prefab"
  },
  "0004d1cf-a0ad-47d8-ab17-34d3db9d35a3": {
    "asset": 1571296446000,
    "meta": 1588639786517,
    "relativePath": "prefab\\slider.prefab"
  },
  "1f55e3be-b89b-4b79-88de-47fd31018044": {
    "asset": 1571296446000,
    "meta": 1588639786520,
    "relativePath": "prefab\\sprite_splash.prefab"
  },
  "96083d03-c332-4a3f-9386-d03e2d19e8ee": {
    "asset": 1571296446000,
    "meta": 1588639786522,
    "relativePath": "prefab\\sprite.prefab"
  },
  "7de03a80-4457-438d-95a7-3e7cdffd6086": {
    "asset": 1571296446000,
    "meta": 1588639786528,
    "relativePath": "prefab\\tiledmap.prefab"
  },
  "0e42ba95-1fa1-46aa-b2cf-143cd1bcee2c": {
    "asset": 1571296446000,
    "meta": 1588639786531,
    "relativePath": "prefab\\tiledtile.prefab"
  },
  "0d784963-d024-4ea6-a7db-03be0ad63010": {
    "asset": 1571296446000,
    "meta": 1588639786534,
    "relativePath": "prefab\\toggle.prefab"
  },
  "bf0a434c-84dd-4a8e-a08a-7a36f180cc75": {
    "asset": 1571296446000,
    "meta": 1588639786538,
    "relativePath": "prefab\\toggleContainer.prefab"
  },
  "d1b8be49-b0a0-435c-83b7-552bed4bbe35": {
    "asset": 1571296446000,
    "meta": 1588639786542,
    "relativePath": "prefab\\toggleGroup.prefab"
  },
  "232d2782-c4bd-4bb4-9e01-909f03d6d3b9": {
    "asset": 1571296446000,
    "meta": 1588639786544,
    "relativePath": "prefab\\videoplayer.prefab"
  },
  "8c5001fd-07ee-4a4b-a8a0-63e15195e94d": {
    "asset": 1571296446000,
    "meta": 1588639786546,
    "relativePath": "prefab\\webview.prefab"
  },
  "144c3297-af63-49e8-b8ef-1cfa29b3be28": {
    "asset": 1571296446000,
    "meta": 1588639786554,
    "relativePath": "resources\\effects\\builtin-2d-gray-sprite.effect"
  },
  "0e93aeaa-0b53-4e40-b8e0-6268b4e07bd7": {
    "asset": 1571296446000,
    "meta": 1588639786563,
    "relativePath": "resources\\effects\\builtin-2d-spine.effect"
  },
  "2874f8dd-416c-4440-81b7-555975426e93": {
    "asset": 1571296446000,
    "meta": 1588639786572,
    "relativePath": "resources\\effects\\builtin-2d-sprite.effect"
  },
  "c0040c95-c57f-49cd-9cbc-12316b73d0d4": {
    "asset": 1571296446000,
    "meta": 1588639786578,
    "relativePath": "resources\\effects\\builtin-clear-stencil.effect"
  },
  "79eafaef-b7ef-45d9-9c3f-591dc836fc7a": {
    "asset": 1571296446000,
    "meta": 1588639786597,
    "relativePath": "resources\\effects\\builtin-unlit-transparent.effect"
  },
  "6d91e591-4ce0-465c-809f-610ec95019c6": {
    "asset": 1571296446000,
    "meta": 1588639786630,
    "relativePath": "resources\\effects\\builtin-unlit.effect"
  },
  "6f801092-0c37-4f30-89ef-c8d960825b36": {
    "asset": 1571296446000,
    "meta": 1588639786698,
    "relativePath": "resources\\materials\\builtin-2d-base.mtl"
  },
  "3a7bb79f-32fd-422e-ada2-96f518fed422": {
    "asset": 1571296446000,
    "meta": 1588639786701,
    "relativePath": "resources\\materials\\builtin-2d-gray-sprite.mtl"
  },
  "7afd064b-113f-480e-b793-8817d19f63c3": {
    "asset": 1571296446000,
    "meta": 1588639786703,
    "relativePath": "resources\\materials\\builtin-2d-spine.mtl"
  },
  "eca5d2f2-8ef6-41c2-bbe6-f9c79d09c432": {
    "asset": 1571296446000,
    "meta": 1588639786706,
    "relativePath": "resources\\materials\\builtin-2d-sprite.mtl"
  },
  "cf7e0bb8-a81c-44a9-ad79-d28d43991032": {
    "asset": 1571296446000,
    "meta": 1588639786721,
    "relativePath": "resources\\materials\\builtin-clear-stencil.mtl"
  },
  "2a296057-247c-4a1c-bbeb-0548b6c98650": {
    "asset": 1571296446000,
    "meta": 1588639786742,
    "relativePath": "resources\\materials\\builtin-unlit.mtl"
  },
  "954fec8b-cd16-4bb9-a3b7-7719660e7558": {
    "asset": 1571296446000,
    "meta": 1588639789252,
    "relativePath": "model\\primitives.fbx"
  }
}