[{"__type__":"cc.SpriteFrame","content":{"name":"default_sprite_splash","texture":"0275e94c-56a7-410f-bd1a-fc7483f7d14a","rect":[0,0,2,2],"offset":[0,0],"originalSize":[2,2]}},{"__type__":"cc.SpriteFrame","content":{"name":"b_yellow","texture":"35de7ac5-8250-4d38-8dda-f6bbff816556","rect":[0,0,251,95],"offset":[0,0],"originalSize":[251,95]}},{"__type__":"cc.SpriteFrame","content":{"name":"b_green","texture":"193fe0ba-43be-45f3-9f5e-4ba5df71c87f","rect":[0,0,251,95],"offset":[0,0],"originalSize":[251,95]}},{"__type__":"cc.SpriteFrame","content":{"name":"window","texture":"85ebd1c0-f3e0-4571-a7f5-5235eaf20f6a","rect":[0,0,600,393],"offset":[0,0],"originalSize":[600,393],"capInsets":[148,130,150,118]}}]