{
  "f8e6b000-5643-4b86-9080-aa680ce1f599": {
    "asset": 1530675298000,
    "meta": 1530675298000,
    "relativePath": "image"
  },
  "fc09f9bd-2cce-4605-b630-8145ef809ed6": {
    "asset": 1530675298000,
    "meta": 1530675298000,
    "relativePath": "misc"
  },
  "2be36297-9abb-4fee-8049-9ed5e271da8a": {
    "asset": 1530675298000,
    "meta": 1530675298000,
    "relativePath": "misc/default_video.mp4"
  },
  "f6e6dd15-71d1-4ffe-ace7-24fd39942c05": {
    "asset": 1530675298000,
    "meta": 1530675298000,
    "relativePath": "obsolete"
  },
  "b8223619-7e38-47c4-841f-9160c232495a": {
    "asset": 1530675298000,
    "meta": 1530675298000,
    "relativePath": "obsolete/atom.plist"
  },
  "f743d2b6-b7ea-4c14-a55b-547ed4d0a045": {
    "asset": 1530675298000,
    "meta": 1530675298000,
    "relativePath": "particle"
  },
  "b2687ac4-099e-403c-a192-ff477686f4f5": {
    "asset": 1530675298000,
    "meta": 1530675298000,
    "relativePath": "particle/atom.plist"
  },
  "ae6c6c98-11e4-452f-8758-75f5c6a56e83": {
    "asset": 1530675298000,
    "meta": 1530675298000,
    "relativePath": "prefab"
  },
  "8e859444-24d0-4540-afba-06d25a102174": {
    "asset": 1530857964000,
    "meta": 1527471554000,
    "relativePath": "resources"
  },
  "820bd04b-ec03-4f18-912b-ebb268e267af": {
    "asset": 1531539949000,
    "meta": 1527471554000,
    "relativePath": "resources/panel"
  },
  "a2ac8a69-eca6-4432-8016-69008a4626eb": {
    "asset": 1533701480000,
    "meta": 1533701480000,
    "relativePath": "resources/panel/GameOverRank.prefab"
  },
  "bdcb5597-1ef1-47a0-9f8d-79db921001d6": {
    "asset": 1530844896000,
    "meta": 1530844896000,
    "relativePath": "resources/panel/RankItem.prefab"
  },
  "29f52784-2fca-467b-92e7-8fd9ef8c57b7": {
    "asset": 1530857964000,
    "meta": 1527471554000,
    "relativePath": "Scene"
  },
  "4734c20c-0db8-4eb2-92ea-e692f4d70934": {
    "asset": 1531538822000,
    "meta": 1527471554000,
    "relativePath": "Script"
  },
  "4310f31a-7e48-409a-999c-178cc5fca562": {
    "asset": 1534421872000,
    "meta": 1534421872000,
    "relativePath": "Scene/GameRankingList.fire"
  },
  "dd5537e6-2fe0-467c-9f62-75227802920f": {
    "asset": 1527471554000,
    "meta": 1530957822000,
    "relativePath": "Script/RankItem.js"
  },
  "ba565e29-8464-4a58-8232-26eea817404e": {
    "asset": 1534421862000,
    "meta": 1527560814000,
    "relativePath": "images"
  },
  "006eb9eb-cb81-497e-b704-d9e1e5330ebe": {
    "asset": 1527560822000,
    "meta": 1530957821000,
    "relativePath": "images/gray.png"
  },
  "70fa8c84-2300-4287-9586-55e7d190ad44": {
    "asset": 1527560822000,
    "meta": 1530957821000,
    "relativePath": "images/darkgray.png"
  },
  "c75214dd-ea88-4225-90ca-08b5b6bddadd": {
    "asset": 1527560822000,
    "meta": 1530957821000,
    "relativePath": "images/white.png"
  },
  "c5e4c548-200b-4f0e-820f-b2b256003243": {
    "asset": 1528685960000,
    "meta": 1528685960000,
    "relativePath": "images/text_friend_rank.png"
  },
  "79397d69-50fc-488d-8cdf-db75afd82e11": {
    "asset": 1534419314000,
    "meta": 1534419314000,
    "relativePath": "resources/panel/NextFriendItem.prefab"
  },
  "d060179f-1a85-4010-b37a-9e74a7742db1": {
    "asset": 1531542951000,
    "meta": 1531542960000,
    "relativePath": "Script/NextFriendItem.js"
  },
  "a0ea215a-ba6d-490c-a912-af429aeb7d4b": {
    "asset": 1532190097000,
    "meta": 1532190105000,
    "relativePath": "Script/GameRankingList.js"
  },
  "0d5aacd4-4031-4f1a-97e5-71b9e4951c65": {
    "asset": 1533280906000,
    "meta": 1533284470000,
    "relativePath": "images/panel_bg_2.png"
  },
  "d97bd227-fe3b-499a-99fb-ab3d242a1239": {
    "asset": 1533288641000,
    "meta": 1533288653000,
    "relativePath": "Script/GameOverRank.js"
  },
  "7bf83214-c68b-43a9-9cb1-2ea4f2719265": {
    "asset": 1533292448000,
    "meta": 1533292496000,
    "relativePath": "images/panel_bg_3.png"
  },
  "527d81ef-d5e5-4e38-9ff2-6a21057200a1": {
    "asset": 1533293115000,
    "meta": 1533293138000,
    "relativePath": "images/panel1.png"
  },
  "296f3c82-2d02-4ad6-aa1a-3ff3c399324b": {
    "asset": 1534419627000,
    "meta": 1534419637000,
    "relativePath": "images/cover.png"
  },
  "c8e882f0-c869-4e5a-a3b8-9e4b4d1d2537": {
    "asset": 1534421784000,
    "meta": 1534421866000,
    "relativePath": "images/panel_next.png"
  },
  "e851e89b-faa2-4484-bea6-5c01dd9f06e2": {
    "asset": 1530675298000,
    "meta": 1539071251000,
    "relativePath": "image/default_btn_normal.png"
  },
  "71561142-4c83-4933-afca-cb7a17f67053": {
    "asset": 1530675298000,
    "meta": 1539071251000,
    "relativePath": "image/default_btn_disabled.png"
  },
  "d81ec8ad-247c-4e62-aa3c-d35c4193c7af": {
    "asset": 1530675298000,
    "meta": 1539071251000,
    "relativePath": "image/default_panel.png"
  },
  "b43ff3c2-02bb-4874-81f7-f2dea6970f18": {
    "asset": 1530675298000,
    "meta": 1539071251000,
    "relativePath": "image/default_btn_pressed.png"
  },
  "99170b0b-d210-46f1-b213-7d9e3f23098a": {
    "asset": 1530675298000,
    "meta": 1539071251000,
    "relativePath": "image/default_progressbar_bg.png"
  },
  "cfef78f1-c8df-49b7-8ed0-4c953ace2621": {
    "asset": 1530675298000,
    "meta": 1539071251000,
    "relativePath": "image/default_progressbar.png"
  },
  "9d60001f-b5f4-4726-a629-2659e3ded0b8": {
    "asset": 1530675298000,
    "meta": 1539071251000,
    "relativePath": "image/default_radio_button_on.png"
  },
  "567dcd80-8bf4-4535-8a5a-313f1caf078a": {
    "asset": 1530675298000,
    "meta": 1539071251000,
    "relativePath": "image/default_radio_button_off.png"
  },
  "4bab67cb-18e6-4099-b840-355f0473f890": {
    "asset": 1530675298000,
    "meta": 1539071251000,
    "relativePath": "image/default_scrollbar_bg.png"
  },
  "617323dd-11f4-4dd3-8eec-0caf6b3b45b9": {
    "asset": 1530675298000,
    "meta": 1539071251000,
    "relativePath": "image/default_scrollbar_vertical_bg.png"
  },
  "d6d3ca85-4681-47c1-b5dd-d036a9d39ea2": {
    "asset": 1530675298000,
    "meta": 1539071251000,
    "relativePath": "image/default_scrollbar_vertical.png"
  },
  "0291c134-b3da-4098-b7b5-e397edbe947f": {
    "asset": 1530675298000,
    "meta": 1539071251000,
    "relativePath": "image/default_scrollbar.png"
  },
  "0275e94c-56a7-410f-bd1a-fc7483f7d14a": {
    "asset": 1530675298000,
    "meta": 1539071251000,
    "relativePath": "image/default_sprite_splash.png"
  },
  "73a0903d-d80e-4e3c-aa67-f999543c08f5": {
    "asset": 1530675298000,
    "meta": 1539071251000,
    "relativePath": "image/default_toggle_checkmark.png"
  },
  "6e056173-d285-473c-b206-40a7fff5386e": {
    "asset": 1530675298000,
    "meta": 1539071251000,
    "relativePath": "image/default_sprite.png"
  },
  "c25b9d50-c8fc-4d27-beeb-6e7c1f2e5c0f": {
    "asset": 1530675298000,
    "meta": 1539071251000,
    "relativePath": "image/default_toggle_disabled.png"
  },
  "d29077ba-1627-4a72-9579-7b56a235340c": {
    "asset": 1530675298000,
    "meta": 1539071251000,
    "relativePath": "image/default_toggle_normal.png"
  },
  "972b9a4d-47ee-4c74-b5c3-61d8a69bc29f": {
    "asset": 1530675298000,
    "meta": 1539071251000,
    "relativePath": "prefab/button.prefab"
  },
  "b181c1e4-0a72-4a91-bfb0-ae6f36ca60bd": {
    "asset": 1530675298000,
    "meta": 1539071251000,
    "relativePath": "image/default_toggle_pressed.png"
  },
  "2c937608-2562-40ea-b264-7395df6f0cea": {
    "asset": 1530675298000,
    "meta": 1539071251000,
    "relativePath": "prefab/canvas.prefab"
  },
  "61aeb05b-3b32-452b-8eed-2b76deeed554": {
    "asset": 1530675298000,
    "meta": 1539071251000,
    "relativePath": "prefab/editbox.prefab"
  },
  "27756ebb-3d33-44b0-9b96-e858fadd4dd4": {
    "asset": 1530675298000,
    "meta": 1539071251000,
    "relativePath": "prefab/label.prefab"
  },
  "785a442c-3ceb-45be-a46e-7317f625f3b9": {
    "asset": 1530675298000,
    "meta": 1539071251000,
    "relativePath": "prefab/layout.prefab"
  },
  "cd33edea-55f5-46c2-958d-357a01384a36": {
    "asset": 1530675298000,
    "meta": 1539071251000,
    "relativePath": "prefab/particlesystem.prefab"
  },
  "ca8401fe-ad6e-41a8-bd46-8e3e4e9945be": {
    "asset": 1530675298000,
    "meta": 1539071251000,
    "relativePath": "prefab/pageview.prefab"
  },
  "5965ffac-69da-4b55-bcde-9225d0613c28": {
    "asset": 1530675298000,
    "meta": 1539071251000,
    "relativePath": "prefab/progressBar.prefab"
  },
  "4a37dd57-78cd-4cec-aad4-f11a73d12b63": {
    "asset": 1530675298000,
    "meta": 1539071251000,
    "relativePath": "prefab/richtext.prefab"
  },
  "32044bd2-481f-4cf1-a656-e2b2fb1594eb": {
    "asset": 1530675298000,
    "meta": 1539071251000,
    "relativePath": "prefab/scrollview.prefab"
  },
  "0004d1cf-a0ad-47d8-ab17-34d3db9d35a3": {
    "asset": 1530675298000,
    "meta": 1539071251000,
    "relativePath": "prefab/slider.prefab"
  },
  "1f55e3be-b89b-4b79-88de-47fd31018044": {
    "asset": 1530675298000,
    "meta": 1539071251000,
    "relativePath": "prefab/sprite_splash.prefab"
  },
  "96083d03-c332-4a3f-9386-d03e2d19e8ee": {
    "asset": 1530675298000,
    "meta": 1539071251000,
    "relativePath": "prefab/sprite.prefab"
  },
  "7de03a80-4457-438d-95a7-3e7cdffd6086": {
    "asset": 1530675298000,
    "meta": 1539071251000,
    "relativePath": "prefab/tiledmap.prefab"
  },
  "0d784963-d024-4ea6-a7db-03be0ad63010": {
    "asset": 1530675298000,
    "meta": 1539071251000,
    "relativePath": "prefab/toggle.prefab"
  },
  "d1b8be49-b0a0-435c-83b7-552bed4bbe35": {
    "asset": 1530675298000,
    "meta": 1539071251000,
    "relativePath": "prefab/toggleGroup.prefab"
  },
  "bf0a434c-84dd-4a8e-a08a-7a36f180cc75": {
    "asset": 1530675298000,
    "meta": 1539071251000,
    "relativePath": "prefab/toggleContainer.prefab"
  },
  "232d2782-c4bd-4bb4-9e01-909f03d6d3b9": {
    "asset": 1530675298000,
    "meta": 1539071251000,
    "relativePath": "prefab/videoplayer.prefab"
  },
  "8c5001fd-07ee-4a4b-a8a0-63e15195e94d": {
    "asset": 1530675298000,
    "meta": 1539071251000,
    "relativePath": "prefab/webview.prefab"
  }
}