{
  "appKey": "",
  "appSecret": "",
  "excludeScenes": [],
  "includeAnySDK": false,
  "includeSDKBox": false,
  "includeSdk": [
    "anysdk"
  ],
  "inlineSpriteFrames": true,
  "inlineSpriteFrames_native": false,
  "mergeStartScene": false,
  "oauthLoginServer": "",
  "optimizeHotUpdate": false,
  "orientation": {
    "landscapeLeft": false,
    "landscapeRight": false,
    "portrait": true,
    "upsideDown": false
  },
  "packageName": "org.cocos2d.client",
  "privateKey": "",
  "renderMode": "0",
  "startScene": "d094a1dd-8928-41f4-9238-2fbd8553e92f",
  "title": "caile",
  "webOrientation": "auto"
}