{
  "__type__": "cc.AnimationClip",
  "_name": "ball",
  "_objFlags": 0,
  "_native": "",
  "sample": 60,
  "speed": 0.2,
  "wrapMode": 22,
  "events": [],
  "_duration": 0.31666666666666665,
  "_keys": [
    [
      0,
      0.31666666666666665
    ]
  ],
  "_stepness": 0,
  "_curves": [
    {
      "modifiers": [
        "eulerAngles"
      ],
      "data": {
        "keys": 0,
        "values": [
          {
            "__type__": "cc.Vec3",
            "x": 0,
            "y": 0,
            "z": 0
          },
          {
            "__type__": "cc.Vec3",
            "x": 360,
            "y": 360,
            "z": 360
          }
        ],
        "easingMethods": [
          null,
          null
        ]
      }
    }
  ]
}