{
  "__type__": "cc.BitmapFont",
  "_name": "font1",
  "_objFlags": 0,
  "_native": "",
  "fntDataStr": "",
  "spriteFrame": {
    "__uuid__": "a18c0b22-d89d-4f5e-a8ad-4023be53d29f"
  },
  "fontSize": 64,
  "_fntConfig": {
    "commonHeight": 63,
    "fontSize": 64,
    "atlasName": "font1_0.png",
    "fontDefDictionary": {
      "32": {
        "rect": {
          "x": 153,
          "y": 102,
          "width": 25,
          "height": 25
        },
        "xOffset": 0,
        "yOffset": 0,
        "xAdvance": 25
      },
      "46": {
        "rect": {
          "x": 0,
          "y": 0,
          "width": 50,
          "height": 50
        },
        "xOffset": 0,
        "yOffset": 0,
        "xAdvance": 50
      },
      "48": {
        "rect": {
          "x": 51,
          "y": 0,
          "width": 50,
          "height": 50
        },
        "xOffset": 0,
        "yOffset": 0,
        "xAdvance": 50
      },
      "49": {
        "rect": {
          "x": 102,
          "y": 0,
          "width": 50,
          "height": 50
        },
        "xOffset": 0,
        "yOffset": 0,
        "xAdvance": 50
      },
      "50": {
        "rect": {
          "x": 153,
          "y": 0,
          "width": 50,
          "height": 50
        },
        "xOffset": 0,
        "yOffset": 0,
        "xAdvance": 50
      },
      "51": {
        "rect": {
          "x": 204,
          "y": 0,
          "width": 50,
          "height": 50
        },
        "xOffset": 0,
        "yOffset": 0,
        "xAdvance": 50
      },
      "52": {
        "rect": {
          "x": 0,
          "y": 51,
          "width": 50,
          "height": 50
        },
        "xOffset": 0,
        "yOffset": 0,
        "xAdvance": 50
      },
      "53": {
        "rect": {
          "x": 51,
          "y": 51,
          "width": 50,
          "height": 50
        },
        "xOffset": 0,
        "yOffset": 0,
        "xAdvance": 50
      },
      "54": {
        "rect": {
          "x": 102,
          "y": 51,
          "width": 50,
          "height": 50
        },
        "xOffset": 0,
        "yOffset": 0,
        "xAdvance": 50
      },
      "55": {
        "rect": {
          "x": 153,
          "y": 51,
          "width": 50,
          "height": 50
        },
        "xOffset": 0,
        "yOffset": 0,
        "xAdvance": 50
      },
      "56": {
        "rect": {
          "x": 204,
          "y": 51,
          "width": 50,
          "height": 50
        },
        "xOffset": 0,
        "yOffset": 0,
        "xAdvance": 50
      },
      "57": {
        "rect": {
          "x": 0,
          "y": 102,
          "width": 50,
          "height": 50
        },
        "xOffset": 0,
        "yOffset": 0,
        "xAdvance": 50
      },
      "58": {
        "rect": {
          "x": 51,
          "y": 102,
          "width": 50,
          "height": 50
        },
        "xOffset": 0,
        "yOffset": 0,
        "xAdvance": 50
      },
      "115": {
        "rect": {
          "x": 102,
          "y": 102,
          "width": 50,
          "height": 50
        },
        "xOffset": 0,
        "yOffset": 0,
        "xAdvance": 50
      }
    },
    "kerningDict": {}
  }
}