{
  "__type__": "cc.EffectAsset",
  "_name": "util/sequence-anim",
  "_objFlags": 0,
  "_native": "",
  "techniques": [
    {
      "name": "opaque",
      "passes": [
        {
          "program": "util/sequence-anim|sequence-anim-vs:vert|sequence-anim-fs:frag",
          "properties": {
            "constants": {
              "value": [
                2,
                2,
                4,
                10
              ],
              "editor": {
                "tooltip": "xy: dimensions, z: total frames, w: playback speed/progress(manual mode)"
              },
              "type": 16
            },
            "weight": {
              "value": [
                1,
                1,
                1,
                1
              ],
              "editor": {
                "type": "color"
              },
              "type": 16
            },
            "seqTexture": {
              "type": 28
            }
          }
        }
      ]
    },
    {
      "name": "transparent",
      "passes": [
        {
          "blendState": {
            "targets": [
              {
                "blend": true,
                "blendSrc": 2,
                "blendDst": 4,
                "blendDstAlpha": 4
              }
            ]
          },
          "program": "util/sequence-anim|sequence-anim-vs:vert|sequence-anim-fs:frag",
          "depthStencilState": {
            "depthTest": true,
            "depthWrite": false
          },
          "properties": {
            "constants": {
              "value": [
                2,
                2,
                4,
                10
              ],
              "editor": {
                "tooltip": "xy: dimensions, z: total frames, w: playback speed/progress(manual mode)"
              },
              "type": 16
            },
            "weight": {
              "value": [
                1,
                1,
                1,
                1
              ],
              "editor": {
                "type": "color"
              },
              "type": 16
            },
            "seqTexture": {
              "type": 28
            }
          }
        }
      ]
    }
  ],
  "shaders": [
    {
      "hash": 3273240451,
      "glsl3": {
        "vert": "\nprecision mediump float;\nuniform CCGlobal {\n  highp   vec4 cc_time;\n  mediump vec4 cc_screenSize;\n  mediump vec4 cc_screenScale;\n  mediump vec4 cc_nativeSize;\n  highp   mat4 cc_matView;\n  mediump mat4 cc_matViewInv;\n  mediump mat4 cc_matProj;\n  mediump mat4 cc_matProjInv;\n  mediump mat4 cc_matViewProj;\n  mediump mat4 cc_matViewProjInv;\n  mediump vec4 cc_cameraPos;\n  mediump vec4 cc_exposure;\n  mediump vec4 cc_mainLitDir;\n  mediump vec4 cc_mainLitColor;\n  mediump vec4 cc_ambientSky;\n  mediump vec4 cc_ambientGround;\n};\nuniform CCLocal {\n  highp mat4 cc_matWorld;\n  highp mat4 cc_matWorldIT;\n};\nin vec3 a_position;\n#if CC_USE_SKINNING\nstruct StandardVertInput {\n  highp vec4 position;\n  vec3 normal;\n  vec4 tangent;\n};\nin vec4 a_weights;\nin vec4 a_joints;\nuniform CCSkinningTexture {\n  highp vec4 cc_jointsTextureInfo;\n};\nuniform CCSkinningAnimation {\n  highp vec4 cc_jointsAnimInfo;\n};\nuniform sampler2D cc_jointsTexture;\n#if CC_USE_SKINNING == 1\n  highp float decode32 (highp vec4 rgba) {\n    rgba = rgba * 255.0;\n    highp float Sign = 1.0 - step(128.0, rgba[3]) * 2.0;\n    highp float Exponent = 2.0 * mod(rgba[3], 128.0) + step(128.0, rgba[2]) - 127.0;\n    highp float Mantissa = mod(rgba[2], 128.0) * 65536.0 + rgba[1] * 256.0 + rgba[0] + 8388608.0;\n    return Sign * exp2(Exponent - 23.0) * Mantissa;\n  }\n#endif\n#if CC_USE_SKINNING == 1\n  mat4 getJointMatrix (float i) {\n    highp float j = 12.0 * (cc_jointsAnimInfo.x * i + cc_jointsAnimInfo.y) + cc_jointsTextureInfo.z;\n    highp float invSize = cc_jointsTextureInfo.y;\n    highp float y = floor(j * invSize);\n    highp float x = j - y * cc_jointsTextureInfo.x;\n    y = (y + 0.5) * invSize;\n    vec4 v1 = vec4(\n      decode32(texture(cc_jointsTexture, vec2((x + 0.5) * invSize, y))),\n      decode32(texture(cc_jointsTexture, vec2((x + 1.5) * invSize, y))),\n      decode32(texture(cc_jointsTexture, vec2((x + 2.5) * invSize, y))),\n      decode32(texture(cc_jointsTexture, vec2((x + 3.5) * invSize, y)))\n    );\n    vec4 v2 = vec4(\n      decode32(texture(cc_jointsTexture, vec2((x + 4.5) * invSize, y))),\n      decode32(texture(cc_jointsTexture, vec2((x + 5.5) * invSize, y))),\n      decode32(texture(cc_jointsTexture, vec2((x + 6.5) * invSize, y))),\n      decode32(texture(cc_jointsTexture, vec2((x + 7.5) * invSize, y)))\n    );\n    vec4 v3 = vec4(\n      decode32(texture(cc_jointsTexture, vec2((x + 8.5) * invSize, y))),\n      decode32(texture(cc_jointsTexture, vec2((x + 9.5) * invSize, y))),\n      decode32(texture(cc_jointsTexture, vec2((x + 10.5) * invSize, y))),\n      decode32(texture(cc_jointsTexture, vec2((x + 11.5) * invSize, y)))\n    );\n    return mat4(vec4(v1.xyz, 0.0), vec4(v2.xyz, 0.0), vec4(v3.xyz, 0.0), vec4(v1.w, v2.w, v3.w, 1.0));\n  }\n#elif CC_USE_SKINNING == 2\n  mat4 getJointMatrix (float i) {\n    highp float j = 3.0 * (cc_jointsAnimInfo.x * i + cc_jointsAnimInfo.y) + cc_jointsTextureInfo.z;\n    highp float invSize = cc_jointsTextureInfo.y;\n    highp float y = floor(j * invSize);\n    highp float x = j - y * cc_jointsTextureInfo.x;\n    y = (y + 0.5) * invSize;\n    vec4 v1 = texture(cc_jointsTexture, vec2((x + 0.5) * invSize, y));\n    vec4 v2 = texture(cc_jointsTexture, vec2((x + 1.5) * invSize, y));\n    vec4 v3 = texture(cc_jointsTexture, vec2((x + 2.5) * invSize, y));\n    return mat4(vec4(v1.xyz, 0.0), vec4(v2.xyz, 0.0), vec4(v3.xyz, 0.0), vec4(v1.w, v2.w, v3.w, 1.0));\n  }\n#endif\nmat4 skinMatrix () {\n  return getJointMatrix(a_joints.x) * a_weights.x\n    + getJointMatrix(a_joints.y) * a_weights.y;\n    + getJointMatrix(a_joints.z) * a_weights.z;\n    + getJointMatrix(a_joints.w) * a_weights.w;\n}\nvoid CCSkin (inout vec4 position) {\n  mat4 m = skinMatrix();\n  position = m * position;\n}\nvoid CCSkin (inout StandardVertInput attr) {\n  mat4 m = skinMatrix();\n  attr.position = m * attr.position;\n  attr.normal = (m * vec4(attr.normal, 0.0)).xyz;\n  attr.tangent.xyz = (m * vec4(attr.tangent.xyz, 0.0)).xyz;\n}\n#endif\nin vec2 a_texCoord;\nout vec2 v_uv;\nvec4 vert () {\n  vec4 position;\n  position = vec4(a_position, 1.0);\n  #if CC_USE_SKINNING\n    CCSkin(position);\n  #endif\n  v_uv = a_texCoord;\n  vec4 pos = cc_matViewProj * cc_matWorld * position;\n  return pos;\n}\nvoid main() { gl_Position = vert(); }",
        "frag": "\nprecision mediump float;\nuniform CCGlobal {\n  highp   vec4 cc_time;\n  mediump vec4 cc_screenSize;\n  mediump vec4 cc_screenScale;\n  mediump vec4 cc_nativeSize;\n  highp   mat4 cc_matView;\n  mediump mat4 cc_matViewInv;\n  mediump mat4 cc_matProj;\n  mediump mat4 cc_matProjInv;\n  mediump mat4 cc_matViewProj;\n  mediump mat4 cc_matViewProjInv;\n  mediump vec4 cc_cameraPos;\n  mediump vec4 cc_exposure;\n  mediump vec4 cc_mainLitDir;\n  mediump vec4 cc_mainLitColor;\n  mediump vec4 cc_ambientSky;\n  mediump vec4 cc_ambientGround;\n};\nvec3 SRGBToLinear (vec3 gamma) {\n  return gamma * gamma;\n}\nvec4 CCFragOutput (vec4 color) {\n  #if CC_USE_HDR\n    color.rgb = mix(color.rgb, SRGBToLinear(color.rgb) * cc_exposure.w, vec3(cc_exposure.z));\n\t#endif\n\treturn color;\n}\nin vec2 v_uv;\nuniform sampler2D seqTexture;\nuniform Constants {\n    vec4 constants;\n    vec4 weight;\n};\nvec4 frag () {\n  #if SEQUENCE_ANIM_MANUAL_PLAYBACK\n    float seqAnimCurFrame = clamp(constants.w, 0.0, 0.999) * constants.z;\n  #else\n    float seqAnimCurFrame = mod(cc_time.x, constants.z / constants.w) * constants.w;\n  #endif\n  vec2 seqAnimOffset = floor(vec2(mod(seqAnimCurFrame, constants.x), seqAnimCurFrame / constants.x));\n  vec2 seqAnimUV = (mod(v_uv, 1.0) + seqAnimOffset) / constants.xy;\n  vec4 o = texture(seqTexture, seqAnimUV) * weight;\n  return CCFragOutput(o);\n}\nout vec4 cc_FragColor;\nvoid main() { cc_FragColor = frag(); }"
      },
      "glsl1": {
        "vert": "\nprecision mediump float;\nuniform mediump mat4 cc_matViewProj;\nuniform highp mat4 cc_matWorld;\nattribute vec3 a_position;\n#if CC_USE_SKINNING\nstruct StandardVertInput {\n  highp vec4 position;\n  vec3 normal;\n  vec4 tangent;\n};\nattribute vec4 a_weights;\nattribute vec4 a_joints;\nuniform highp vec4 cc_jointsTextureInfo;\nuniform highp vec4 cc_jointsAnimInfo;\nuniform sampler2D cc_jointsTexture;\n#if CC_USE_SKINNING == 1\n  highp float decode32 (highp vec4 rgba) {\n    rgba = rgba * 255.0;\n    highp float Sign = 1.0 - step(128.0, rgba[3]) * 2.0;\n    highp float Exponent = 2.0 * mod(rgba[3], 128.0) + step(128.0, rgba[2]) - 127.0;\n    highp float Mantissa = mod(rgba[2], 128.0) * 65536.0 + rgba[1] * 256.0 + rgba[0] + 8388608.0;\n    return Sign * exp2(Exponent - 23.0) * Mantissa;\n  }\n#endif\n#if CC_USE_SKINNING == 1\n  mat4 getJointMatrix (float i) {\n    highp float j = 12.0 * (cc_jointsAnimInfo.x * i + cc_jointsAnimInfo.y) + cc_jointsTextureInfo.z;\n    highp float invSize = cc_jointsTextureInfo.y;\n    highp float y = floor(j * invSize);\n    highp float x = j - y * cc_jointsTextureInfo.x;\n    y = (y + 0.5) * invSize;\n    vec4 v1 = vec4(\n      decode32(texture2D(cc_jointsTexture, vec2((x + 0.5) * invSize, y))),\n      decode32(texture2D(cc_jointsTexture, vec2((x + 1.5) * invSize, y))),\n      decode32(texture2D(cc_jointsTexture, vec2((x + 2.5) * invSize, y))),\n      decode32(texture2D(cc_jointsTexture, vec2((x + 3.5) * invSize, y)))\n    );\n    vec4 v2 = vec4(\n      decode32(texture2D(cc_jointsTexture, vec2((x + 4.5) * invSize, y))),\n      decode32(texture2D(cc_jointsTexture, vec2((x + 5.5) * invSize, y))),\n      decode32(texture2D(cc_jointsTexture, vec2((x + 6.5) * invSize, y))),\n      decode32(texture2D(cc_jointsTexture, vec2((x + 7.5) * invSize, y)))\n    );\n    vec4 v3 = vec4(\n      decode32(texture2D(cc_jointsTexture, vec2((x + 8.5) * invSize, y))),\n      decode32(texture2D(cc_jointsTexture, vec2((x + 9.5) * invSize, y))),\n      decode32(texture2D(cc_jointsTexture, vec2((x + 10.5) * invSize, y))),\n      decode32(texture2D(cc_jointsTexture, vec2((x + 11.5) * invSize, y)))\n    );\n    return mat4(vec4(v1.xyz, 0.0), vec4(v2.xyz, 0.0), vec4(v3.xyz, 0.0), vec4(v1.w, v2.w, v3.w, 1.0));\n  }\n#elif CC_USE_SKINNING == 2\n  mat4 getJointMatrix (float i) {\n    highp float j = 3.0 * (cc_jointsAnimInfo.x * i + cc_jointsAnimInfo.y) + cc_jointsTextureInfo.z;\n    highp float invSize = cc_jointsTextureInfo.y;\n    highp float y = floor(j * invSize);\n    highp float x = j - y * cc_jointsTextureInfo.x;\n    y = (y + 0.5) * invSize;\n    vec4 v1 = texture2D(cc_jointsTexture, vec2((x + 0.5) * invSize, y));\n    vec4 v2 = texture2D(cc_jointsTexture, vec2((x + 1.5) * invSize, y));\n    vec4 v3 = texture2D(cc_jointsTexture, vec2((x + 2.5) * invSize, y));\n    return mat4(vec4(v1.xyz, 0.0), vec4(v2.xyz, 0.0), vec4(v3.xyz, 0.0), vec4(v1.w, v2.w, v3.w, 1.0));\n  }\n#endif\nmat4 skinMatrix () {\n  return getJointMatrix(a_joints.x) * a_weights.x\n    + getJointMatrix(a_joints.y) * a_weights.y;\n    + getJointMatrix(a_joints.z) * a_weights.z;\n    + getJointMatrix(a_joints.w) * a_weights.w;\n}\nvoid CCSkin (inout vec4 position) {\n  mat4 m = skinMatrix();\n  position = m * position;\n}\nvoid CCSkin (inout StandardVertInput attr) {\n  mat4 m = skinMatrix();\n  attr.position = m * attr.position;\n  attr.normal = (m * vec4(attr.normal, 0.0)).xyz;\n  attr.tangent.xyz = (m * vec4(attr.tangent.xyz, 0.0)).xyz;\n}\n#endif\nattribute vec2 a_texCoord;\nvarying vec2 v_uv;\nvec4 vert () {\n  vec4 position;\n  position = vec4(a_position, 1.0);\n  #if CC_USE_SKINNING\n    CCSkin(position);\n  #endif\n  v_uv = a_texCoord;\n  vec4 pos = cc_matViewProj * cc_matWorld * position;\n  return pos;\n}\nvoid main() { gl_Position = vert(); }",
        "frag": "\nprecision mediump float;\nuniform highp vec4 cc_time;\nuniform mediump vec4 cc_exposure;\nvec3 SRGBToLinear (vec3 gamma) {\n  return gamma * gamma;\n}\nvec4 CCFragOutput (vec4 color) {\n  #if CC_USE_HDR\n    color.rgb = mix(color.rgb, SRGBToLinear(color.rgb) * cc_exposure.w, vec3(cc_exposure.z));\n\t#endif\n\treturn color;\n}\nvarying vec2 v_uv;\nuniform sampler2D seqTexture;\nuniform vec4 constants;\nuniform vec4 weight;\nvec4 frag () {\n  #if SEQUENCE_ANIM_MANUAL_PLAYBACK\n    float seqAnimCurFrame = clamp(constants.w, 0.0, 0.999) * constants.z;\n  #else\n    float seqAnimCurFrame = mod(cc_time.x, constants.z / constants.w) * constants.w;\n  #endif\n  vec2 seqAnimOffset = floor(vec2(mod(seqAnimCurFrame, constants.x), seqAnimCurFrame / constants.x));\n  vec2 seqAnimUV = (mod(v_uv, 1.0) + seqAnimOffset) / constants.xy;\n  vec4 o = texture2D(seqTexture, seqAnimUV) * weight;\n  return CCFragOutput(o);\n}\nvoid main() { gl_FragColor = frag(); }"
      },
      "builtins": {
        "globals": {
          "blocks": [
            {
              "name": "CCGlobal",
              "defines": []
            }
          ],
          "samplers": []
        },
        "locals": {
          "blocks": [
            {
              "name": "CCLocal",
              "defines": []
            },
            {
              "name": "CCSkinningTexture",
              "defines": [
                "CC_USE_SKINNING"
              ]
            },
            {
              "name": "CCSkinningAnimation",
              "defines": [
                "CC_USE_SKINNING"
              ]
            }
          ],
          "samplers": [
            {
              "name": "cc_jointsTexture",
              "defines": [
                "CC_USE_SKINNING"
              ]
            }
          ]
        }
      },
      "defines": [
        {
          "name": "CC_USE_SKINNING",
          "type": "number",
          "defines": [],
          "range": [
            0,
            2
          ]
        },
        {
          "name": "CC_USE_HDR",
          "type": "boolean",
          "defines": []
        },
        {
          "name": "SEQUENCE_ANIM_MANUAL_PLAYBACK",
          "type": "boolean",
          "defines": []
        }
      ],
      "blocks": [
        {
          "name": "Constants",
          "members": [
            {
              "name": "constants",
              "type": 16,
              "count": 1
            },
            {
              "name": "weight",
              "type": 16,
              "count": 1
            }
          ],
          "defines": [],
          "binding": 0
        }
      ],
      "samplers": [
        {
          "name": "seqTexture",
          "type": 28,
          "count": 1,
          "defines": [],
          "binding": 30
        }
      ],
      "record": null,
      "name": "util/sequence-anim|sequence-anim-vs:vert|sequence-anim-fs:frag"
    }
  ],
  "combinations": []
}