[[{"__type__":"cc.SceneAsset","_name":"menuScene","scene":{"__id__":1},"asyncLoadAssets":false},{"__type__":"cc.Scene","_anchorPoint":{"__type__":"cc.Vec2"},"_children":[{"__id__":2}],"autoReleaseAssets":false},{"__type__":"cc.Node","_name":"Canvas","_color":{"__type__":"cc.Color","r":252,"g":252,"b":252},"_parent":{"__id__":1},"_contentSize":{"__type__":"cc.Size","width":640,"height":1136},"_children":[{"__id__":3},{"__id__":4},{"__id__":6},{"__id__":7},{"__id__":39}],"_position":{"__type__":"cc.Vec2","x":320,"y":568},"_id":"a286bbGknJLZpRpxROV6M94","_components":[{"__type__":"cc.Canvas","node":{"__id__":2},"_designResolution":{"__type__":"cc.Size","width":640,"height":1136},"_fitWidth":true,"_fitHeight":false},{"__type__":"280c3rsZJJKnZ9RqbALVwtK","node":{"__id__":2},"infoLayer":{"__id__":7},"inputLayer":{"__id__":39},"nameEdit":{"__id__":47},"phoneEdit":{"__id__":44}}]},{"__type__":"cc.Node","_name":"start_bg","_parent":{"__id__":2},"_contentSize":{"__type__":"cc.Size","width":640,"height":1138},"_components":[{"__type__":"cc.Sprite","node":{"__id__":3},"_spriteFrame":{"__uuid__":"636b575e-8415-4d08-8993-be2c20a40b9d"}}]},{"__type__":"cc.Node","_name":"startBtn","_parent":{"__id__":2},"_contentSize":{"__type__":"cc.Size","width":300,"height":300},"_children":[{"__id__":5}],"_position":{"__type__":"cc.Vec2","x":17,"y":-272},"_components":[{"__type__":"cc.Button","node":{"__id__":4},"transition":1,"clickEvents":[{"__type__":"cc.ClickEvent","target":{"__id__":2},"component":"menuScene","handler":"btnStart"}],"_N$normalColor":{"__type__":"cc.Color","r":255,"g":255,"b":255},"_N$target":{"__id__":4}}]},{"__type__":"cc.Node","_name":"New Node","_parent":{"__id__":4},"_contentSize":{"__type__":"cc.Size","width":237,"height":61},"_components":[{"__type__":"cc.Sprite","node":{"__id__":5},"_spriteFrame":{"__uuid__":"e316d68e-5cd0-49c8-b9df-06fab640114f"}}]},{"__type__":"cc.Node","_name":"b_info","_parent":{"__id__":2},"_contentSize":{"__type__":"cc.Size","width":275,"height":335},"_scaleX":0.5,"_scaleY":0.5,"_position":{"__type__":"cc.Vec2","x":243,"y":-170},"_components":[{"__type__":"cc.Sprite","node":{"__id__":6},"_spriteFrame":{"__uuid__":"7ed59d39-2aac-4a54-b999-6dd16863287a"}},{"__type__":"cc.Button","node":{"__id__":6},"transition":1,"clickEvents":[{"__type__":"cc.ClickEvent","target":{"__id__":2},"component":"menuScene","handler":"btnInfo"}],"_N$normalColor":{"__type__":"cc.Color","r":255,"g":255,"b":255},"_N$target":{"__id__":6}}]},{"__type__":"cc.Node","_name":"help","_color":{"__type__":"cc.Color"},"_parent":{"__id__":2},"_contentSize":{"__type__":"cc.Size","width":640,"height":1136},"_children":[{"__id__":8},{"__id__":12},{"__id__":14},{"__id__":16},{"__id__":30},{"__id__":36}],"_components":[{"__id__":37},{"__id__":38}],"_prefab":{"__type__":"cc.PrefabInfo","root":{"__id__":7},"asset":{"__uuid__":"dcffc5d9-c16e-4e6e-8028-41425611ab67"},"fileId":"91851bKGsNBeaKRPC4GnVnD"}},{"__type__":"cc.Node","_name":"New Sprite(Splash)","_opacity":131,"_color":{"__type__":"cc.Color"},"_parent":{"__id__":7},"_contentSize":{"__type__":"cc.Size","width":640,"height":1136},"_components":[{"__id__":9},{"__id__":10},{"__id__":11}],"_prefab":{"__type__":"cc.PrefabInfo","root":{"__id__":7},"asset":{"__uuid__":"dcffc5d9-c16e-4e6e-8028-41425611ab67"},"fileId":"76010LgeVlCGKkAw2NmNWlp"}},{"__type__":"cc.Sprite","node":{"__id__":8},"_spriteFrame":{"__uuid__":"a23235d1-15db-4b95-8439-a2e005bfff91"},"_sizeMode":0},{"__type__":"cc.Widget","node":{"__id__":8},"_alignFlags":45},{"__type__":"cc.Button","node":{"__id__":8},"_N$target":{"__id__":8}},{"__type__":"cc.Node","_name":"box","_parent":{"__id__":7},"_contentSize":{"__type__":"cc.Size","width":595,"height":892},"_position":{"__type__":"cc.Vec2","y":-44},"_components":[{"__id__":13}],"_prefab":{"__type__":"cc.PrefabInfo","root":{"__id__":7},"asset":{"__uuid__":"dcffc5d9-c16e-4e6e-8028-41425611ab67"},"fileId":"3c9e1i4IBtMuJsFFVSu4lTh"}},{"__type__":"cc.Sprite","node":{"__id__":12},"_spriteFrame":{"__uuid__":"758a6ebc-bab2-455c-bbf0-0d968c53f72d"},"_type":1,"_sizeMode":0},{"__type__":"cc.Node","_name":"Label","_parent":{"__id__":7},"_contentSize":{"__type__":"cc.Size","width":310,"height":82},"_position":{"__type__":"cc.Vec2","y":393},"_components":[{"__id__":15}],"_prefab":{"__type__":"cc.PrefabInfo","root":{"__id__":7},"asset":{"__uuid__":"dcffc5d9-c16e-4e6e-8028-41425611ab67"},"fileId":"a4e66DmSotEEYwZSEvQo8H5"}},{"__type__":"cc.Sprite","node":{"__id__":14},"_spriteFrame":{"__uuid__":"6c8ed4d1-33eb-4ff0-bda5-464fbf85cfa0"}},{"__type__":"cc.Node","_name":"b_yellow","_parent":{"__id__":7},"_contentSize":{"__type__":"cc.Size","width":251,"height":95},"_children":[{"__id__":17}],"_position":{"__type__":"cc.Vec2","x":2,"y":-421},"_components":[{"__id__":19},{"__id__":20}],"_prefab":{"__type__":"cc.PrefabInfo","root":{"__id__":7},"asset":{"__uuid__":"dcffc5d9-c16e-4e6e-8028-41425611ab67"},"fileId":"cb22dgL6b9DgL/IJpQyEWpa"}},{"__type__":"cc.Node","_name":"New Label","_parent":{"__id__":16},"_contentSize":{"__type__":"cc.Size","width":160,"height":40},"_components":[{"__id__":18}],"_prefab":{"__type__":"cc.PrefabInfo","root":{"__id__":7},"asset":{"__uuid__":"dcffc5d9-c16e-4e6e-8028-41425611ab67"},"fileId":"d92b2VSJjBC/LC/Or5D8QVX"}},{"__type__":"cc.Label","node":{"__id__":17},"_useOriginalSize":false,"_N$string":"我知道了","_N$horizontalAlign":1,"_N$verticalAlign":1},{"__type__":"cc.Sprite","node":{"__id__":16},"_spriteFrame":{"__uuid__":"e5d907b4-3475-4a08-83c3-4dece14451d1"}},{"__type__":"cc.Button","node":{"__id__":16},"transition":1,"pressedColor":{"__type__":"cc.Color","r":168,"g":166,"b":166},"clickEvents":[{"__type__":"cc.ClickEvent","target":{"__id__":21},"component":"helpLayer","handler":"btnIKnow"}],"_N$normalColor":{"__type__":"cc.Color","r":255,"g":255,"b":255},"_N$target":{"__id__":16}},{"__type__":"cc.Node","_name":"help","_color":{"__type__":"cc.Color"},"_contentSize":{"__type__":"cc.Size","width":640,"height":960},"_children":[{"__type__":"cc.Node","_name":"New Sprite(Splash)","_opacity":131,"_color":{"__type__":"cc.Color"},"_parent":{"__id__":21},"_contentSize":{"__type__":"cc.Size","width":640,"height":960},"_components":[{"__id__":9},{"__id__":10},{"__id__":11}],"_prefab":{"__type__":"cc.PrefabInfo","root":{"__id__":21},"asset":{"__uuid__":"dcffc5d9-c16e-4e6e-8028-41425611ab67"},"fileId":"76010LgeVlCGKkAw2NmNWlp"}},{"__type__":"cc.Node","_name":"box","_parent":{"__id__":21},"_contentSize":{"__type__":"cc.Size","width":595,"height":892},"_position":{"__type__":"cc.Vec2","y":-44},"_components":[{"__id__":13}],"_prefab":{"__type__":"cc.PrefabInfo","root":{"__id__":21},"asset":{"__uuid__":"dcffc5d9-c16e-4e6e-8028-41425611ab67"},"fileId":"3c9e1i4IBtMuJsFFVSu4lTh"}},{"__type__":"cc.Node","_name":"Label","_parent":{"__id__":21},"_contentSize":{"__type__":"cc.Size","width":310,"height":82},"_position":{"__type__":"cc.Vec2","y":393},"_components":[{"__id__":15}],"_prefab":{"__type__":"cc.PrefabInfo","root":{"__id__":21},"asset":{"__uuid__":"dcffc5d9-c16e-4e6e-8028-41425611ab67"},"fileId":"a4e66DmSotEEYwZSEvQo8H5"}},{"__id__":22},{"__id__":23},{"__type__":"cc.Node","_name":"New Label","_color":{"__type__":"cc.Color","r":137,"g":97,"b":37},"_parent":{"__id__":21},"_contentSize":{"__type__":"cc.Size","width":250,"height":40},"_position":{"__type__":"cc.Vec2","y":-339},"_components":[{"__id__":35}],"_prefab":{"__type__":"cc.PrefabInfo","root":{"__id__":21},"asset":{"__uuid__":"dcffc5d9-c16e-4e6e-8028-41425611ab67"},"fileId":"eff73WL+SVMa5LPQeG71lub"}}],"_position":{"__type__":"cc.Vec2","x":320,"y":480},"_components":[{"__id__":37},{"__id__":38}],"_prefab":{"__type__":"cc.PrefabInfo","root":{"__id__":21},"asset":{"__uuid__":"dcffc5d9-c16e-4e6e-8028-41425611ab67"},"fileId":"91851bKGsNBeaKRPC4GnVnD"}},{"__type__":"cc.Node","_name":"b_yellow","_parent":{"__id__":21},"_contentSize":{"__type__":"cc.Size","width":251,"height":95},"_children":[{"__type__":"cc.Node","_name":"New Label","_parent":{"__id__":22},"_contentSize":{"__type__":"cc.Size","width":160,"height":40},"_components":[{"__id__":18}],"_prefab":{"__type__":"cc.PrefabInfo","root":{"__id__":21},"asset":{"__uuid__":"dcffc5d9-c16e-4e6e-8028-41425611ab67"},"fileId":"d92b2VSJjBC/LC/Or5D8QVX"}}],"_position":{"__type__":"cc.Vec2","x":2,"y":-421},"_components":[{"__id__":19},{"__id__":20}],"_prefab":{"__type__":"cc.PrefabInfo","root":{"__id__":21},"asset":{"__uuid__":"dcffc5d9-c16e-4e6e-8028-41425611ab67"},"fileId":"cb22dgL6b9DgL/IJpQyEWpa"}},{"__type__":"cc.Node","_name":"New ScrollView","_parent":{"__id__":21},"_contentSize":{"__type__":"cc.Size","width":510,"height":632},"_children":[{"__id__":24}],"_position":{"__type__":"cc.Vec2","x":-6,"y":9},"_components":[{"__id__":31},{"__id__":32}],"_prefab":{"__type__":"cc.PrefabInfo","root":{"__id__":21},"asset":{"__uuid__":"dcffc5d9-c16e-4e6e-8028-41425611ab67"},"fileId":"c2484hkyfdHPIWtYRcUpVw+"}},{"__type__":"cc.Node","_name":"view","_parent":{"__id__":23},"_anchorPoint":{"__type__":"cc.Vec2","y":0.5},"_contentSize":{"__type__":"cc.Size","width":510,"height":632},"_children":[{"__id__":25}],"_position":{"__type__":"cc.Vec2","x":-255},"_components":[{"__id__":33},{"__id__":34}],"_prefab":{"__type__":"cc.PrefabInfo","root":{"__id__":21},"asset":{"__uuid__":"dcffc5d9-c16e-4e6e-8028-41425611ab67"},"fileId":"68d1ejPqihPp64I0mV+rTz7"}},{"__type__":"cc.Node","_name":"content","_parent":{"__id__":24},"_anchorPoint":{"__type__":"cc.Vec2","y":1},"_contentSize":{"__type__":"cc.Size","width":510,"height":643},"_children":[{"__type__":"cc.Node","_name":"item","_color":{"__type__":"cc.Color","r":137,"g":97,"b":37},"_parent":{"__id__":25},"_anchorPoint":{"__type__":"cc.Vec2","y":1},"_contentSize":{"__type__":"cc.Size","width":510,"height":40},"_position":{"__type__":"cc.Vec2","y":-21},"_components":[{"__id__":26}],"_prefab":{"__type__":"cc.PrefabInfo","root":{"__id__":21},"asset":{"__uuid__":"dcffc5d9-c16e-4e6e-8028-41425611ab67"},"fileId":"3877c1PG1pJH6FB50FjWwEl"}}],"_position":{"__type__":"cc.Vec2","y":319},"_prefab":{"__type__":"cc.PrefabInfo","root":{"__id__":21},"asset":{"__uuid__":"dcffc5d9-c16e-4e6e-8028-41425611ab67"},"fileId":"47fb1mw9xZOh7teEJX2vsGm"}},{"__type__":"cc.Label","node":{"__id__":27},"_useOriginalSize":false,"_N$string":"123","_N$overflow":3},{"__type__":"cc.Node","_name":"item","_color":{"__type__":"cc.Color","r":137,"g":97,"b":37},"_parent":{"__id__":28},"_anchorPoint":{"__type__":"cc.Vec2","y":1},"_contentSize":{"__type__":"cc.Size","width":510,"height":40},"_position":{"__type__":"cc.Vec2","y":-21},"_components":[{"__id__":26}],"_prefab":{"__type__":"cc.PrefabInfo","root":{"__id__":7},"asset":{"__uuid__":"dcffc5d9-c16e-4e6e-8028-41425611ab67"},"fileId":"3877c1PG1pJH6FB50FjWwEl"}},{"__type__":"cc.Node","_name":"content","_parent":{"__id__":29},"_anchorPoint":{"__type__":"cc.Vec2","y":1},"_contentSize":{"__type__":"cc.Size","width":510,"height":643},"_children":[{"__id__":27}],"_position":{"__type__":"cc.Vec2","y":319},"_prefab":{"__type__":"cc.PrefabInfo","root":{"__id__":7},"asset":{"__uuid__":"dcffc5d9-c16e-4e6e-8028-41425611ab67"},"fileId":"47fb1mw9xZOh7teEJX2vsGm"}},{"__type__":"cc.Node","_name":"view","_parent":{"__id__":30},"_anchorPoint":{"__type__":"cc.Vec2","y":0.5},"_contentSize":{"__type__":"cc.Size","width":510,"height":632},"_children":[{"__id__":28}],"_position":{"__type__":"cc.Vec2","x":-255},"_components":[{"__id__":33},{"__id__":34}],"_prefab":{"__type__":"cc.PrefabInfo","root":{"__id__":7},"asset":{"__uuid__":"dcffc5d9-c16e-4e6e-8028-41425611ab67"},"fileId":"68d1ejPqihPp64I0mV+rTz7"}},{"__type__":"cc.Node","_name":"New ScrollView","_parent":{"__id__":7},"_contentSize":{"__type__":"cc.Size","width":510,"height":632},"_children":[{"__id__":29}],"_position":{"__type__":"cc.Vec2","x":-6,"y":9},"_components":[{"__id__":31},{"__id__":32}],"_prefab":{"__type__":"cc.PrefabInfo","root":{"__id__":7},"asset":{"__uuid__":"dcffc5d9-c16e-4e6e-8028-41425611ab67"},"fileId":"c2484hkyfdHPIWtYRcUpVw+"}},{"__type__":"cc.Sprite","node":{"__id__":30},"_type":1,"_sizeMode":0},{"__type__":"cc.ScrollView","node":{"__id__":30},"content":{"__id__":28},"horizontal":false,"brake":0.75,"bounceDuration":0.23,"_N$horizontalScrollBar":null,"_N$verticalScrollBar":null},{"__type__":"cc.Mask","node":{"__id__":29}},{"__type__":"cc.Widget","node":{"__id__":29},"_alignFlags":45,"_originalWidth":240,"_originalHeight":250},{"__type__":"cc.Label","node":{"__id__":36},"_useOriginalSize":false,"_actualFontSize":25,"_fontSize":25,"_N$string":"向上拉动查看规则详情","_N$horizontalAlign":1,"_N$verticalAlign":1},{"__type__":"cc.Node","_name":"New Label","_color":{"__type__":"cc.Color","r":137,"g":97,"b":37},"_parent":{"__id__":7},"_contentSize":{"__type__":"cc.Size","width":250,"height":40},"_position":{"__type__":"cc.Vec2","y":-339},"_components":[{"__id__":35}],"_prefab":{"__type__":"cc.PrefabInfo","root":{"__id__":7},"asset":{"__uuid__":"dcffc5d9-c16e-4e6e-8028-41425611ab67"},"fileId":"eff73WL+SVMa5LPQeG71lub"}},{"__type__":"cc.Widget","node":{"__id__":7},"_alignFlags":45},{"__type__":"fee5eBxtZFPRKw8+q//J0+r","node":{"__id__":7},"label":{"__id__":26}},{"__type__":"cc.Node","_name":"message","_parent":{"__id__":2},"_contentSize":{"__type__":"cc.Size","width":640,"height":1136},"_children":[{"__id__":40},{"__id__":41},{"__id__":42},{"__id__":45},{"__id__":48}],"_components":[{"__type__":"cc.Widget","node":{"__id__":39},"_alignFlags":45}]},{"__type__":"cc.Node","_name":"New Sprite(Splash)","_opacity":131,"_color":{"__type__":"cc.Color"},"_parent":{"__id__":39},"_contentSize":{"__type__":"cc.Size","width":640,"height":1136},"_components":[{"__type__":"cc.Sprite","node":{"__id__":40},"_spriteFrame":{"__uuid__":"a23235d1-15db-4b95-8439-a2e005bfff91"},"_sizeMode":0},{"__type__":"cc.Widget","node":{"__id__":40},"_alignFlags":45},{"__type__":"cc.Button","node":{"__id__":40},"_N$target":{"__id__":40}}]},{"__type__":"cc.Node","_name":"box","_parent":{"__id__":39},"_contentSize":{"__type__":"cc.Size","width":600,"height":470},"_position":{"__type__":"cc.Vec2","y":39},"_components":[{"__type__":"cc.Sprite","node":{"__id__":41},"_spriteFrame":{"__uuid__":"758a6ebc-bab2-455c-bbf0-0d968c53f72d"},"_type":1,"_sizeMode":0}]},{"__type__":"cc.Node","_name":"Label","_color":{"__type__":"cc.Color","r":121,"g":86,"b":14},"_parent":{"__id__":39},"_contentSize":{"__type__":"cc.Size","width":160,"height":40},"_children":[{"__id__":43}],"_position":{"__type__":"cc.Vec2","x":-143,"y":65},"_components":[{"__type__":"cc.Label","node":{"__id__":42},"_useOriginalSize":false,"_N$string":"手机号：","_N$horizontalAlign":1,"_N$verticalAlign":1}]},{"__type__":"cc.Node","_name":"name","_parent":{"__id__":42},"_contentSize":{"__type__":"cc.Size","width":250,"height":40},"_position":{"__type__":"cc.Vec2","x":212},"_components":[{"__id__":44}]},{"__type__":"cc.EditBox","node":{"__id__":43},"_useOriginalSize":false,"_N$inputFlag":3,"_N$inputMode":3,"_N$fontSize":40,"_N$fontColor":{"__type__":"cc.Color"},"_N$placeholder":"输入手机号","_N$placeholderFontSize":40,"_N$maxLength":8},{"__type__":"cc.Node","_name":"Label","_color":{"__type__":"cc.Color","r":121,"g":86,"b":14},"_parent":{"__id__":39},"_contentSize":{"__type__":"cc.Size","width":120,"height":40},"_children":[{"__id__":46}],"_position":{"__type__":"cc.Vec2","x":-143,"y":144},"_components":[{"__type__":"cc.Label","node":{"__id__":45},"_useOriginalSize":false,"_N$string":"姓名：","_N$horizontalAlign":1,"_N$verticalAlign":1}]},{"__type__":"cc.Node","_name":"name","_parent":{"__id__":45},"_contentSize":{"__type__":"cc.Size","width":250,"height":40},"_position":{"__type__":"cc.Vec2","x":212},"_components":[{"__id__":47}]},{"__type__":"cc.EditBox","node":{"__id__":46},"_useOriginalSize":false,"_N$inputFlag":3,"_N$inputMode":6,"_N$fontSize":40,"_N$fontColor":{"__type__":"cc.Color"},"_N$placeholder":"输入姓名","_N$placeholderFontSize":40,"_N$maxLength":8},{"__type__":"cc.Node","_name":"green","_parent":{"__id__":39},"_contentSize":{"__type__":"cc.Size","width":251,"height":95},"_children":[{"__id__":49}],"_position":{"__type__":"cc.Vec2","y":-91},"_components":[{"__type__":"cc.Sprite","node":{"__id__":48},"_spriteFrame":{"__uuid__":"f2f39ddc-d7cf-48db-be9c-d99eee6eebc6"}},{"__type__":"cc.Button","node":{"__id__":48},"transition":1,"clickEvents":[{"__type__":"cc.ClickEvent","target":{"__id__":2},"component":"menuScene","handler":"btnDoStart"}],"_N$normalColor":{"__type__":"cc.Color","r":255,"g":255,"b":255},"_N$target":{"__id__":48}}]},{"__type__":"cc.Node","_name":"New Label","_parent":{"__id__":48},"_contentSize":{"__type__":"cc.Size","width":160,"height":40},"_components":[{"__type__":"cc.Label","node":{"__id__":49},"_useOriginalSize":false,"_N$string":"开始游戏","_N$horizontalAlign":1,"_N$verticalAlign":1}]}],{"__type__":"cc.SpriteFrame","content":{"name":"ks","texture":"8dfe3674-ddea-460b-af48-faad58868a47","rect":[0,0,237,61],"offset":[0,0],"originalSize":[237,61]}},{"__type__":"cc.SpriteFrame","content":{"name":"main","texture":"5bba4233-23ba-465b-a1ac-69da7047a14b","rect":[0,0,640,1138],"offset":[0,0],"originalSize":[640,1138]}}]