[{"__type__":"cc.SceneAsset","_name":"","_objFlags":0,"_native":"","scene":{"__id__":1},"asyncLoadAssets":false},{"__type__":"cc.Scene","_name":"","_objFlags":0,"_parent":null,"_children":[{"__id__":2},{"__id__":4},{"__id__":6},{"__id__":138},{"__id__":152},{"__id__":193},{"__id__":196}],"_active":true,"_components":[],"_prefab":null,"autoReleaseAssets":false,"_globals":{"__id__":214},"_id":"97a1c778-0d24-4ee3-85d9-76b7dedebf95"},{"__type__":"cc.Node","_name":"Main Light","_objFlags":0,"_parent":{"__id__":1},"_children":[],"_active":true,"_components":[{"__id__":3}],"_prefab":null,"_lpos":{"__type__":"cc.Vec3","x":50,"y":50,"z":0},"_lrot":{"__type__":"cc.Quat","x":-0.35355339059327373,"y":0.6123724356957945,"z":0.3535533905932737,"w":0.6123724356957946},"_lscale":{"__type__":"cc.Vec3","x":1,"y":1,"z":1},"_layer":1073741824,"_euler":{"__type__":"cc.Vec3","x":-60,"y":90,"z":0},"_id":"c0y6F5f+pAvI805TdmxIjx"},{"__type__":"cc.DirectionalLightComponent","_name":"","_objFlags":0,"node":{"__id__":2},"_enabled":true,"_color":{"__type__":"cc.Color","r":255,"g":255,"b":255,"a":255},"_useColorTemperature":false,"_colorTemperature":6550,"_illuminance":65000,"_id":"597uMYCbhEtJQc0ffJlcgA"},{"__type__":"cc.Node","_name":"Camera","_objFlags":0,"_parent":{"__id__":1},"_children":[],"_active":true,"_components":[{"__id__":5}],"_prefab":null,"_lpos":{"__type__":"cc.Vec3","x":100,"y":5,"z":0},"_lrot":{"__type__":"cc.Quat","x":0,"y":0.7071067811865475,"z":0,"w":0.7071067811865476},"_lscale":{"__type__":"cc.Vec3","x":1,"y":1,"z":1},"_layer":1073741824,"_euler":{"__type__":"cc.Vec3","x":0,"y":90,"z":0},"_id":"c9DMICJLFO5IeO07EPon7U"},{"__type__":"cc.CameraComponent","_name":"","_objFlags":0,"node":{"__id__":4},"_enabled":true,"_projection":1,"_priority":0,"_fov":40,"_orthoHeight":10,"_near":1,"_far":300,"_color":{"__type__":"cc.Color","r":51,"g":76,"b":120,"a":255},"_depth":1,"_stencil":0,"_clearFlags":7,"_rect":{"__type__":"cc.Rect","x":0,"y":0,"width":1,"height":1},"_screenScale":1,"_visibility":1822425087,"_targetTexture":null,"_id":"7dWQTpwS5LrIHnc1zAPUtf"},{"__type__":"cc.Node","_name":"scene","_objFlags":0,"_parent":{"__id__":1},"_children":[{"__id__":7}],"_active":true,"_components":[{"__id__":136}],"_prefab":{"__id__":137},"_lpos":{"__type__":"cc.Vec3","x":0,"y":0,"z":0},"_lrot":{"__type__":"cc.Quat","x":0,"y":0,"z":0,"w":1},"_lscale":{"__type__":"cc.Vec3","x":1,"y":1,"z":1},"_layer":1073741824,"_euler":{"__type__":"cc.Vec3","x":0,"y":0,"z":0},"_id":"6eK5Cqs51ApITEJ1WcBBOy"},{"__type__":"cc.Node","_name":"RootNode (gltf orientation matrix)","_objFlags":0,"_parent":{"__id__":6},"_children":[{"__id__":8}],"_active":true,"_components":[],"_prefab":{"__id__":135},"_lpos":{"__type__":"cc.Vec3","x":0,"y":0,"z":0},"_lrot":{"__type__":"cc.Quat","x":-0.7071067811865475,"y":0,"z":0,"w":0.7071067811865476},"_lscale":{"__type__":"cc.Vec3","x":1,"y":1,"z":1},"_layer":1073741824,"_euler":{"__type__":"cc.Vec3","x":-89.99999999999999,"y":0,"z":0},"_id":"aad2GXGUxNTbFx00zyadta"},{"__type__":"cc.Node","_name":"RootNode (model correction matrix)","_objFlags":0,"_parent":{"__id__":7},"_children":[{"__id__":9}],"_active":true,"_components":[],"_prefab":{"__id__":134},"_lpos":{"__type__":"cc.Vec3","x":0,"y":0,"z":0},"_lrot":{"__type__":"cc.Quat","x":0,"y":0,"z":0,"w":1},"_lscale":{"__type__":"cc.Vec3","x":1,"y":1,"z":1},"_layer":1073741824,"_euler":{"__type__":"cc.Vec3","x":0,"y":0,"z":0},"_id":"d4b3y7MaFELpqyLiaZuXqX"},{"__type__":"cc.Node","_name":"Low Poly Farm By Edwin3D.3ds","_objFlags":0,"_parent":{"__id__":8},"_children":[{"__id__":10},{"__id__":13},{"__id__":16},{"__id__":19},{"__id__":22},{"__id__":25},{"__id__":28},{"__id__":31},{"__id__":34},{"__id__":37},{"__id__":40},{"__id__":43},{"__id__":46},{"__id__":49},{"__id__":52},{"__id__":55},{"__id__":58},{"__id__":61},{"__id__":64},{"__id__":67},{"__id__":70},{"__id__":73},{"__id__":76},{"__id__":79},{"__id__":82},{"__id__":85},{"__id__":88},{"__id__":91},{"__id__":94},{"__id__":97},{"__id__":100},{"__id__":103},{"__id__":106},{"__id__":109},{"__id__":112},{"__id__":115},{"__id__":118},{"__id__":121},{"__id__":124},{"__id__":127},{"__id__":130}],"_active":true,"_components":[],"_prefab":{"__id__":133},"_lpos":{"__type__":"cc.Vec3","x":0,"y":0,"z":0},"_lrot":{"__type__":"cc.Quat","x":0,"y":0,"z":0,"w":1},"_lscale":{"__type__":"cc.Vec3","x":1,"y":1,"z":1},"_layer":1073741824,"_euler":{"__type__":"cc.Vec3","x":0,"y":0,"z":0},"_id":"6aI+tWsENH+6wJZ5JRq3HR"},{"__type__":"cc.Node","_name":"(__autogen 0)","_objFlags":0,"_parent":{"__id__":9},"_children":[],"_active":true,"_components":[{"__id__":11}],"_prefab":{"__id__":12},"_lpos":{"__type__":"cc.Vec3","x":0,"y":0,"z":0},"_lrot":{"__type__":"cc.Quat","x":0,"y":0,"z":0,"w":1},"_lscale":{"__type__":"cc.Vec3","x":1,"y":1,"z":1},"_layer":1073741824,"_euler":{"__type__":"cc.Vec3","x":0,"y":0,"z":0},"_id":"0epDtcyhJAO5Ye0rl1rylb"},{"__type__":"cc.ModelComponent","_name":"","_objFlags":0,"node":{"__id__":10},"_enabled":true,"_materials":[{"__uuid__":"d6c0e20d-2f14-411f-9613-f7792eaaba76@6099f"}],"_visFlags":0,"_enableDynamicBatching":false,"_mesh":{"__uuid__":"d6c0e20d-2f14-411f-9613-f7792eaaba76@057cb"},"_shadowCastingMode":0,"_receiveShadows":false,"_id":"4cBvGEGnxLmaDTRpKdUpQ5"},{"__type__":"cc.PrefabInfo","root":{"__id__":6},"asset":{"__uuid__":"d6c0e20d-2f14-411f-9613-f7792eaaba76@d1932"},"fileId":"c9Ic08iQhE8pQQlhNvv4Hq","sync":false,"_synced":{"default":false,"serializable":false}},{"__type__":"cc.Node","_name":"(__autogen 1)","_objFlags":0,"_parent":{"__id__":9},"_children":[],"_active":true,"_components":[{"__id__":14}],"_prefab":{"__id__":15},"_lpos":{"__type__":"cc.Vec3","x":0,"y":0,"z":0},"_lrot":{"__type__":"cc.Quat","x":0,"y":0,"z":0,"w":1},"_lscale":{"__type__":"cc.Vec3","x":1,"y":1,"z":1},"_layer":1073741824,"_euler":{"__type__":"cc.Vec3","x":0,"y":0,"z":0},"_id":"c1BWv3mCFDSoq7QQwILZbS"},{"__type__":"cc.ModelComponent","_name":"","_objFlags":0,"node":{"__id__":13},"_enabled":true,"_materials":[{"__uuid__":"d6c0e20d-2f14-411f-9613-f7792eaaba76@c71d1"}],"_visFlags":0,"_enableDynamicBatching":false,"_mesh":{"__uuid__":"d6c0e20d-2f14-411f-9613-f7792eaaba76@82371"},"_shadowCastingMode":0,"_receiveShadows":false,"_id":"59/c71RAtNFrO/HKnU5/iz"},{"__type__":"cc.PrefabInfo","root":{"__id__":6},"asset":{"__uuid__":"d6c0e20d-2f14-411f-9613-f7792eaaba76@d1932"},"fileId":"68SfOZ+dRObYfIF3q1C4ZK","sync":false,"_synced":{"default":false,"serializable":false}},{"__type__":"cc.Node","_name":"(__autogen 2)","_objFlags":0,"_parent":{"__id__":9},"_children":[],"_active":true,"_components":[{"__id__":17}],"_prefab":{"__id__":18},"_lpos":{"__type__":"cc.Vec3","x":0,"y":0,"z":0},"_lrot":{"__type__":"cc.Quat","x":0,"y":0,"z":0,"w":1},"_lscale":{"__type__":"cc.Vec3","x":1,"y":1,"z":1},"_layer":1073741824,"_euler":{"__type__":"cc.Vec3","x":0,"y":0,"z":0},"_id":"d5wswhLoJNWItzpQA5YFE+"},{"__type__":"cc.ModelComponent","_name":"","_objFlags":0,"node":{"__id__":16},"_enabled":true,"_materials":[{"__uuid__":"d6c0e20d-2f14-411f-9613-f7792eaaba76@15856"}],"_visFlags":0,"_enableDynamicBatching":false,"_mesh":{"__uuid__":"d6c0e20d-2f14-411f-9613-f7792eaaba76@d114a"},"_shadowCastingMode":0,"_receiveShadows":false,"_id":"b2MwjcXmxD7LXBJKODhmBE"},{"__type__":"cc.PrefabInfo","root":{"__id__":6},"asset":{"__uuid__":"d6c0e20d-2f14-411f-9613-f7792eaaba76@d1932"},"fileId":"c62cgdAZpMgqWYs0v8OdIl","sync":false,"_synced":{"default":false,"serializable":false}},{"__type__":"cc.Node","_name":"(__autogen 3)","_objFlags":0,"_parent":{"__id__":9},"_children":[],"_active":true,"_components":[{"__id__":20}],"_prefab":{"__id__":21},"_lpos":{"__type__":"cc.Vec3","x":0,"y":0,"z":0},"_lrot":{"__type__":"cc.Quat","x":0,"y":0,"z":0,"w":1},"_lscale":{"__type__":"cc.Vec3","x":1,"y":1,"z":1},"_layer":1073741824,"_euler":{"__type__":"cc.Vec3","x":0,"y":0,"z":0},"_id":"96bMSOD9VKr4ML2Fl3sYAr"},{"__type__":"cc.ModelComponent","_name":"","_objFlags":0,"node":{"__id__":19},"_enabled":true,"_materials":[{"__uuid__":"d6c0e20d-2f14-411f-9613-f7792eaaba76@2dd67"}],"_visFlags":0,"_enableDynamicBatching":false,"_mesh":{"__uuid__":"d6c0e20d-2f14-411f-9613-f7792eaaba76@0ae4f"},"_shadowCastingMode":0,"_receiveShadows":false,"_id":"78jnh0KnVEwporGVFaXKKj"},{"__type__":"cc.PrefabInfo","root":{"__id__":6},"asset":{"__uuid__":"d6c0e20d-2f14-411f-9613-f7792eaaba76@d1932"},"fileId":"8bHZPtCJ5IN4d676F435mN","sync":false,"_synced":{"default":false,"serializable":false}},{"__type__":"cc.Node","_name":"(__autogen 4)","_objFlags":0,"_parent":{"__id__":9},"_children":[],"_active":true,"_components":[{"__id__":23}],"_prefab":{"__id__":24},"_lpos":{"__type__":"cc.Vec3","x":0,"y":0,"z":0},"_lrot":{"__type__":"cc.Quat","x":0,"y":0,"z":0,"w":1},"_lscale":{"__type__":"cc.Vec3","x":1,"y":1,"z":1},"_layer":1073741824,"_euler":{"__type__":"cc.Vec3","x":0,"y":0,"z":0},"_id":"a3Z1fzZa5FhIAi8NKym0m/"},{"__type__":"cc.ModelComponent","_name":"","_objFlags":0,"node":{"__id__":22},"_enabled":true,"_materials":[{"__uuid__":"d6c0e20d-2f14-411f-9613-f7792eaaba76@63453"}],"_visFlags":0,"_enableDynamicBatching":false,"_mesh":{"__uuid__":"d6c0e20d-2f14-411f-9613-f7792eaaba76@28dc9"},"_shadowCastingMode":0,"_receiveShadows":false,"_id":"a1nx6fEfJKK4KiUoY2O7JR"},{"__type__":"cc.PrefabInfo","root":{"__id__":6},"asset":{"__uuid__":"d6c0e20d-2f14-411f-9613-f7792eaaba76@d1932"},"fileId":"8fQjJ9n0dGbpUu5okbAPcf","sync":false,"_synced":{"default":false,"serializable":false}},{"__type__":"cc.Node","_name":"(__autogen 5)","_objFlags":0,"_parent":{"__id__":9},"_children":[],"_active":true,"_components":[{"__id__":26}],"_prefab":{"__id__":27},"_lpos":{"__type__":"cc.Vec3","x":0,"y":0,"z":0},"_lrot":{"__type__":"cc.Quat","x":0,"y":0,"z":0,"w":1},"_lscale":{"__type__":"cc.Vec3","x":1,"y":1,"z":1},"_layer":1073741824,"_euler":{"__type__":"cc.Vec3","x":0,"y":0,"z":0},"_id":"daUuTWLpxJj6MlWl+lWq3Q"},{"__type__":"cc.ModelComponent","_name":"","_objFlags":0,"node":{"__id__":25},"_enabled":true,"_materials":[{"__uuid__":"d6c0e20d-2f14-411f-9613-f7792eaaba76@2d30e"}],"_visFlags":0,"_enableDynamicBatching":false,"_mesh":{"__uuid__":"d6c0e20d-2f14-411f-9613-f7792eaaba76@3585a"},"_shadowCastingMode":0,"_receiveShadows":false,"_id":"50jHgICBpE/Kr2M3+Qo0z4"},{"__type__":"cc.PrefabInfo","root":{"__id__":6},"asset":{"__uuid__":"d6c0e20d-2f14-411f-9613-f7792eaaba76@d1932"},"fileId":"f3jdytS91IZpNDE7KOjBz+","sync":false,"_synced":{"default":false,"serializable":false}},{"__type__":"cc.Node","_name":"(__autogen 6)","_objFlags":0,"_parent":{"__id__":9},"_children":[],"_active":true,"_components":[{"__id__":29}],"_prefab":{"__id__":30},"_lpos":{"__type__":"cc.Vec3","x":0,"y":0,"z":0},"_lrot":{"__type__":"cc.Quat","x":0,"y":0,"z":0,"w":1},"_lscale":{"__type__":"cc.Vec3","x":1,"y":1,"z":1},"_layer":1073741824,"_euler":{"__type__":"cc.Vec3","x":0,"y":0,"z":0},"_id":"fbQxRGuEBKc6u1EfujCWjw"},{"__type__":"cc.ModelComponent","_name":"","_objFlags":0,"node":{"__id__":28},"_enabled":true,"_materials":[{"__uuid__":"d6c0e20d-2f14-411f-9613-f7792eaaba76@a05ed"}],"_visFlags":0,"_enableDynamicBatching":false,"_mesh":{"__uuid__":"d6c0e20d-2f14-411f-9613-f7792eaaba76@230b5"},"_shadowCastingMode":0,"_receiveShadows":false,"_id":"d1pxD40JlBxbDmQJ0N9YNY"},{"__type__":"cc.PrefabInfo","root":{"__id__":6},"asset":{"__uuid__":"d6c0e20d-2f14-411f-9613-f7792eaaba76@d1932"},"fileId":"25REcNe1FA5bWbwYQ5NFvf","sync":false,"_synced":{"default":false,"serializable":false}},{"__type__":"cc.Node","_name":"(__autogen 7)","_objFlags":0,"_parent":{"__id__":9},"_children":[],"_active":true,"_components":[{"__id__":32}],"_prefab":{"__id__":33},"_lpos":{"__type__":"cc.Vec3","x":0,"y":0,"z":0},"_lrot":{"__type__":"cc.Quat","x":0,"y":0,"z":0,"w":1},"_lscale":{"__type__":"cc.Vec3","x":1,"y":1,"z":1},"_layer":1073741824,"_euler":{"__type__":"cc.Vec3","x":0,"y":0,"z":0},"_id":"25wwZt7JdG/Ze3Ty3HOj0W"},{"__type__":"cc.ModelComponent","_name":"","_objFlags":0,"node":{"__id__":31},"_enabled":true,"_materials":[{"__uuid__":"d6c0e20d-2f14-411f-9613-f7792eaaba76@8f8aa"}],"_visFlags":0,"_enableDynamicBatching":false,"_mesh":{"__uuid__":"d6c0e20d-2f14-411f-9613-f7792eaaba76@08efe"},"_shadowCastingMode":0,"_receiveShadows":false,"_id":"56DwdNIWdIm5ex8gzoK9TZ"},{"__type__":"cc.PrefabInfo","root":{"__id__":6},"asset":{"__uuid__":"d6c0e20d-2f14-411f-9613-f7792eaaba76@d1932"},"fileId":"ed6EdUsmVFR6hvGwEZcdFF","sync":false,"_synced":{"default":false,"serializable":false}},{"__type__":"cc.Node","_name":"(__autogen 8)","_objFlags":0,"_parent":{"__id__":9},"_children":[],"_active":true,"_components":[{"__id__":35}],"_prefab":{"__id__":36},"_lpos":{"__type__":"cc.Vec3","x":0,"y":0,"z":0},"_lrot":{"__type__":"cc.Quat","x":0,"y":0,"z":0,"w":1},"_lscale":{"__type__":"cc.Vec3","x":1,"y":1,"z":1},"_layer":1073741824,"_euler":{"__type__":"cc.Vec3","x":0,"y":0,"z":0},"_id":"f1G8s8bwBM/6EU0ncYXOfu"},{"__type__":"cc.ModelComponent","_name":"","_objFlags":0,"node":{"__id__":34},"_enabled":true,"_materials":[{"__uuid__":"d6c0e20d-2f14-411f-9613-f7792eaaba76@3b20e"}],"_visFlags":0,"_enableDynamicBatching":false,"_mesh":{"__uuid__":"d6c0e20d-2f14-411f-9613-f7792eaaba76@48b47"},"_shadowCastingMode":0,"_receiveShadows":false,"_id":"a1iIRcbvZLkI2hp4T3rS3J"},{"__type__":"cc.PrefabInfo","root":{"__id__":6},"asset":{"__uuid__":"d6c0e20d-2f14-411f-9613-f7792eaaba76@d1932"},"fileId":"b2BMp2/m5JkLPvrGYF1PIg","sync":false,"_synced":{"default":false,"serializable":false}},{"__type__":"cc.Node","_name":"(__autogen 9)","_objFlags":0,"_parent":{"__id__":9},"_children":[],"_active":true,"_components":[{"__id__":38}],"_prefab":{"__id__":39},"_lpos":{"__type__":"cc.Vec3","x":0,"y":0,"z":0},"_lrot":{"__type__":"cc.Quat","x":0,"y":0,"z":0,"w":1},"_lscale":{"__type__":"cc.Vec3","x":1,"y":1,"z":1},"_layer":1073741824,"_euler":{"__type__":"cc.Vec3","x":0,"y":0,"z":0},"_id":"daT7qjeixIObPRxDZQTj58"},{"__type__":"cc.ModelComponent","_name":"","_objFlags":0,"node":{"__id__":37},"_enabled":true,"_materials":[{"__uuid__":"d6c0e20d-2f14-411f-9613-f7792eaaba76@1f97b"}],"_visFlags":0,"_enableDynamicBatching":false,"_mesh":{"__uuid__":"d6c0e20d-2f14-411f-9613-f7792eaaba76@5f855"},"_shadowCastingMode":0,"_receiveShadows":false,"_id":"a0S0n0LKhEZYRePUJ8g4y8"},{"__type__":"cc.PrefabInfo","root":{"__id__":6},"asset":{"__uuid__":"d6c0e20d-2f14-411f-9613-f7792eaaba76@d1932"},"fileId":"9dp5U87XVK+LthF/frdOAF","sync":false,"_synced":{"default":false,"serializable":false}},{"__type__":"cc.Node","_name":"(__autogen 10)","_objFlags":0,"_parent":{"__id__":9},"_children":[],"_active":true,"_components":[{"__id__":41}],"_prefab":{"__id__":42},"_lpos":{"__type__":"cc.Vec3","x":0,"y":0,"z":0},"_lrot":{"__type__":"cc.Quat","x":0,"y":0,"z":0,"w":1},"_lscale":{"__type__":"cc.Vec3","x":1,"y":1,"z":1},"_layer":1073741824,"_euler":{"__type__":"cc.Vec3","x":0,"y":0,"z":0},"_id":"cfDJokEYRHcL3gtSR0aNme"},{"__type__":"cc.ModelComponent","_name":"","_objFlags":0,"node":{"__id__":40},"_enabled":true,"_materials":[{"__uuid__":"d6c0e20d-2f14-411f-9613-f7792eaaba76@ad718"}],"_visFlags":0,"_enableDynamicBatching":false,"_mesh":{"__uuid__":"d6c0e20d-2f14-411f-9613-f7792eaaba76@74466"},"_shadowCastingMode":0,"_receiveShadows":false,"_id":"20012eEopJSr+mYvcKUDSM"},{"__type__":"cc.PrefabInfo","root":{"__id__":6},"asset":{"__uuid__":"d6c0e20d-2f14-411f-9613-f7792eaaba76@d1932"},"fileId":"10/zL7HbdDcrZtMl/Bxj63","sync":false,"_synced":{"default":false,"serializable":false}},{"__type__":"cc.Node","_name":"(__autogen 11)","_objFlags":0,"_parent":{"__id__":9},"_children":[],"_active":true,"_components":[{"__id__":44}],"_prefab":{"__id__":45},"_lpos":{"__type__":"cc.Vec3","x":0,"y":0,"z":0},"_lrot":{"__type__":"cc.Quat","x":0,"y":0,"z":0,"w":1},"_lscale":{"__type__":"cc.Vec3","x":1,"y":1,"z":1},"_layer":1073741824,"_euler":{"__type__":"cc.Vec3","x":0,"y":0,"z":0},"_id":"82/Qn12j9AvpxSQ1xxwbIq"},{"__type__":"cc.ModelComponent","_name":"","_objFlags":0,"node":{"__id__":43},"_enabled":true,"_materials":[{"__uuid__":"d6c0e20d-2f14-411f-9613-f7792eaaba76@0af01"}],"_visFlags":0,"_enableDynamicBatching":false,"_mesh":{"__uuid__":"d6c0e20d-2f14-411f-9613-f7792eaaba76@95141"},"_shadowCastingMode":0,"_receiveShadows":false,"_id":"d06v1mCW9CM7K72GXI0Sc/"},{"__type__":"cc.PrefabInfo","root":{"__id__":6},"asset":{"__uuid__":"d6c0e20d-2f14-411f-9613-f7792eaaba76@d1932"},"fileId":"30708I4ctIxZ9ypNmQzKu+","sync":false,"_synced":{"default":false,"serializable":false}},{"__type__":"cc.Node","_name":"(__autogen 12)","_objFlags":0,"_parent":{"__id__":9},"_children":[],"_active":true,"_components":[{"__id__":47}],"_prefab":{"__id__":48},"_lpos":{"__type__":"cc.Vec3","x":0,"y":0,"z":0},"_lrot":{"__type__":"cc.Quat","x":0,"y":0,"z":0,"w":1},"_lscale":{"__type__":"cc.Vec3","x":1,"y":1,"z":1},"_layer":1073741824,"_euler":{"__type__":"cc.Vec3","x":0,"y":0,"z":0},"_id":"e6au3Y+uZE8Z6oAygnTWL5"},{"__type__":"cc.ModelComponent","_name":"(__autogen 12)<ModelComponent>","_objFlags":0,"node":{"__id__":46},"_enabled":true,"_materials":[{"__uuid__":"d6c0e20d-2f14-411f-9613-f7792eaaba76@fff61"}],"_visFlags":0,"_enableDynamicBatching":false,"_mesh":{"__uuid__":"d6c0e20d-2f14-411f-9613-f7792eaaba76@d2f88"},"_shadowCastingMode":0,"_receiveShadows":false,"_id":"d1CTOjondGJbXrYkBtxuNg"},{"__type__":"cc.PrefabInfo","root":{"__id__":6},"asset":{"__uuid__":"d6c0e20d-2f14-411f-9613-f7792eaaba76@d1932"},"fileId":"085q/hwllPlr/OqaxJGw/T","sync":false,"_synced":{"default":false,"serializable":false}},{"__type__":"cc.Node","_name":"(__autogen 13)","_objFlags":0,"_parent":{"__id__":9},"_children":[],"_active":true,"_components":[{"__id__":50}],"_prefab":{"__id__":51},"_lpos":{"__type__":"cc.Vec3","x":0,"y":0,"z":0},"_lrot":{"__type__":"cc.Quat","x":0,"y":0,"z":0,"w":1},"_lscale":{"__type__":"cc.Vec3","x":1,"y":1,"z":1},"_layer":1073741824,"_euler":{"__type__":"cc.Vec3","x":0,"y":0,"z":0},"_id":"2aPhQt5VZKvb1mhc/tWa+g"},{"__type__":"cc.ModelComponent","_name":"","_objFlags":0,"node":{"__id__":49},"_enabled":true,"_materials":[{"__uuid__":"d6c0e20d-2f14-411f-9613-f7792eaaba76@69a1d"}],"_visFlags":0,"_enableDynamicBatching":false,"_mesh":{"__uuid__":"d6c0e20d-2f14-411f-9613-f7792eaaba76@e25be"},"_shadowCastingMode":0,"_receiveShadows":false,"_id":"b741nwgwJHy56Zh9TyVgAH"},{"__type__":"cc.PrefabInfo","root":{"__id__":6},"asset":{"__uuid__":"d6c0e20d-2f14-411f-9613-f7792eaaba76@d1932"},"fileId":"ad9rdAc1ZJw4dnJldfYpoF","sync":false,"_synced":{"default":false,"serializable":false}},{"__type__":"cc.Node","_name":"(__autogen 14)","_objFlags":0,"_parent":{"__id__":9},"_children":[],"_active":true,"_components":[{"__id__":53}],"_prefab":{"__id__":54},"_lpos":{"__type__":"cc.Vec3","x":0,"y":0,"z":0},"_lrot":{"__type__":"cc.Quat","x":0,"y":0,"z":0,"w":1},"_lscale":{"__type__":"cc.Vec3","x":1,"y":1,"z":1},"_layer":1073741824,"_euler":{"__type__":"cc.Vec3","x":0,"y":0,"z":0},"_id":"6bZ6UqhgJJXKH5OovhJQFJ"},{"__type__":"cc.ModelComponent","_name":"","_objFlags":0,"node":{"__id__":52},"_enabled":true,"_materials":[{"__uuid__":"d6c0e20d-2f14-411f-9613-f7792eaaba76@cab52"}],"_visFlags":0,"_enableDynamicBatching":false,"_mesh":{"__uuid__":"d6c0e20d-2f14-411f-9613-f7792eaaba76@4230d"},"_shadowCastingMode":0,"_receiveShadows":false,"_id":"37hvBLKC1FCZPfg8eDeeMK"},{"__type__":"cc.PrefabInfo","root":{"__id__":6},"asset":{"__uuid__":"d6c0e20d-2f14-411f-9613-f7792eaaba76@d1932"},"fileId":"10eyK5kJpHiJMJhjGJ1QCa","sync":false,"_synced":{"default":false,"serializable":false}},{"__type__":"cc.Node","_name":"(__autogen 15)","_objFlags":0,"_parent":{"__id__":9},"_children":[],"_active":true,"_components":[{"__id__":56}],"_prefab":{"__id__":57},"_lpos":{"__type__":"cc.Vec3","x":0,"y":0,"z":0},"_lrot":{"__type__":"cc.Quat","x":0,"y":0,"z":0,"w":1},"_lscale":{"__type__":"cc.Vec3","x":1,"y":1,"z":1},"_layer":1073741824,"_euler":{"__type__":"cc.Vec3","x":0,"y":0,"z":0},"_id":"34Nmi5L3xELrX3d7aKuK7L"},{"__type__":"cc.ModelComponent","_name":"","_objFlags":0,"node":{"__id__":55},"_enabled":true,"_materials":[{"__uuid__":"d6c0e20d-2f14-411f-9613-f7792eaaba76@82b27"}],"_visFlags":0,"_enableDynamicBatching":false,"_mesh":{"__uuid__":"d6c0e20d-2f14-411f-9613-f7792eaaba76@14e79"},"_shadowCastingMode":0,"_receiveShadows":false,"_id":"a9Tz4DUxBBerjWWheYcB/J"},{"__type__":"cc.PrefabInfo","root":{"__id__":6},"asset":{"__uuid__":"d6c0e20d-2f14-411f-9613-f7792eaaba76@d1932"},"fileId":"2dIF3q3rpAsp/9hC6S1di8","sync":false,"_synced":{"default":false,"serializable":false}},{"__type__":"cc.Node","_name":"(__autogen 16)","_objFlags":0,"_parent":{"__id__":9},"_children":[],"_active":true,"_components":[{"__id__":59}],"_prefab":{"__id__":60},"_lpos":{"__type__":"cc.Vec3","x":0,"y":0,"z":0},"_lrot":{"__type__":"cc.Quat","x":0,"y":0,"z":0,"w":1},"_lscale":{"__type__":"cc.Vec3","x":1,"y":1,"z":1},"_layer":1073741824,"_euler":{"__type__":"cc.Vec3","x":0,"y":0,"z":0},"_id":"afdys7RdBIHa475CnCcN03"},{"__type__":"cc.ModelComponent","_name":"","_objFlags":0,"node":{"__id__":58},"_enabled":true,"_materials":[{"__uuid__":"d6c0e20d-2f14-411f-9613-f7792eaaba76@f9119"}],"_visFlags":0,"_enableDynamicBatching":false,"_mesh":{"__uuid__":"d6c0e20d-2f14-411f-9613-f7792eaaba76@b3b98"},"_shadowCastingMode":0,"_receiveShadows":false,"_id":"61jN9iV35ABr4Ar4AtaYp0"},{"__type__":"cc.PrefabInfo","root":{"__id__":6},"asset":{"__uuid__":"d6c0e20d-2f14-411f-9613-f7792eaaba76@d1932"},"fileId":"e35HFxlOZCD5wnj0x3PJC8","sync":false,"_synced":{"default":false,"serializable":false}},{"__type__":"cc.Node","_name":"(__autogen 17)","_objFlags":0,"_parent":{"__id__":9},"_children":[],"_active":true,"_components":[{"__id__":62}],"_prefab":{"__id__":63},"_lpos":{"__type__":"cc.Vec3","x":0,"y":0,"z":0},"_lrot":{"__type__":"cc.Quat","x":0,"y":0,"z":0,"w":1},"_lscale":{"__type__":"cc.Vec3","x":1,"y":1,"z":1},"_layer":1073741824,"_euler":{"__type__":"cc.Vec3","x":0,"y":0,"z":0},"_id":"b6Gsl+SKFAYZQBnn9LdTOb"},{"__type__":"cc.ModelComponent","_name":"","_objFlags":0,"node":{"__id__":61},"_enabled":true,"_materials":[{"__uuid__":"d6c0e20d-2f14-411f-9613-f7792eaaba76@95e68"}],"_visFlags":0,"_enableDynamicBatching":false,"_mesh":{"__uuid__":"d6c0e20d-2f14-411f-9613-f7792eaaba76@fb710"},"_shadowCastingMode":0,"_receiveShadows":false,"_id":"994eLO1zVDUbLmA38+Ukct"},{"__type__":"cc.PrefabInfo","root":{"__id__":6},"asset":{"__uuid__":"d6c0e20d-2f14-411f-9613-f7792eaaba76@d1932"},"fileId":"26gG6UCwlIFZkzjokF48qU","sync":false,"_synced":{"default":false,"serializable":false}},{"__type__":"cc.Node","_name":"(__autogen 18)","_objFlags":0,"_parent":{"__id__":9},"_children":[],"_active":true,"_components":[{"__id__":65}],"_prefab":{"__id__":66},"_lpos":{"__type__":"cc.Vec3","x":0,"y":0,"z":0},"_lrot":{"__type__":"cc.Quat","x":0,"y":0,"z":0,"w":1},"_lscale":{"__type__":"cc.Vec3","x":1,"y":1,"z":1},"_layer":1073741824,"_euler":{"__type__":"cc.Vec3","x":0,"y":0,"z":0},"_id":"9erD6OjvZDlqh7pPkclOGQ"},{"__type__":"cc.ModelComponent","_name":"","_objFlags":0,"node":{"__id__":64},"_enabled":true,"_materials":[{"__uuid__":"d6c0e20d-2f14-411f-9613-f7792eaaba76@b12cd"}],"_visFlags":0,"_enableDynamicBatching":false,"_mesh":{"__uuid__":"d6c0e20d-2f14-411f-9613-f7792eaaba76@7bbe1"},"_shadowCastingMode":0,"_receiveShadows":false,"_id":"f5G5x73TtE/409tzPIDODm"},{"__type__":"cc.PrefabInfo","root":{"__id__":6},"asset":{"__uuid__":"d6c0e20d-2f14-411f-9613-f7792eaaba76@d1932"},"fileId":"fc5WI8XqREnYq/nxv+xx0H","sync":false,"_synced":{"default":false,"serializable":false}},{"__type__":"cc.Node","_name":"(__autogen 19)","_objFlags":0,"_parent":{"__id__":9},"_children":[],"_active":true,"_components":[{"__id__":68}],"_prefab":{"__id__":69},"_lpos":{"__type__":"cc.Vec3","x":0,"y":0,"z":0},"_lrot":{"__type__":"cc.Quat","x":0,"y":0,"z":0,"w":1},"_lscale":{"__type__":"cc.Vec3","x":1,"y":1,"z":1},"_layer":1073741824,"_euler":{"__type__":"cc.Vec3","x":0,"y":0,"z":0},"_id":"00dhjC/4tM+7n7eJPCHAIg"},{"__type__":"cc.ModelComponent","_name":"","_objFlags":0,"node":{"__id__":67},"_enabled":true,"_materials":[{"__uuid__":"d6c0e20d-2f14-411f-9613-f7792eaaba76@873a8"}],"_visFlags":0,"_enableDynamicBatching":false,"_mesh":{"__uuid__":"d6c0e20d-2f14-411f-9613-f7792eaaba76@4c649"},"_shadowCastingMode":0,"_receiveShadows":false,"_id":"e67SmFAmJCCIlh4Sd/MqNq"},{"__type__":"cc.PrefabInfo","root":{"__id__":6},"asset":{"__uuid__":"d6c0e20d-2f14-411f-9613-f7792eaaba76@d1932"},"fileId":"e7byeLeZJLQIuvzQeyyMZr","sync":false,"_synced":{"default":false,"serializable":false}},{"__type__":"cc.Node","_name":"(__autogen 20)","_objFlags":0,"_parent":{"__id__":9},"_children":[],"_active":true,"_components":[{"__id__":71}],"_prefab":{"__id__":72},"_lpos":{"__type__":"cc.Vec3","x":0,"y":0,"z":0},"_lrot":{"__type__":"cc.Quat","x":0,"y":0,"z":0,"w":1},"_lscale":{"__type__":"cc.Vec3","x":1,"y":1,"z":1},"_layer":1073741824,"_euler":{"__type__":"cc.Vec3","x":0,"y":0,"z":0},"_id":"4aZyvLiFFAJ4UyCrqB/wV7"},{"__type__":"cc.ModelComponent","_name":"","_objFlags":0,"node":{"__id__":70},"_enabled":true,"_materials":[{"__uuid__":"d6c0e20d-2f14-411f-9613-f7792eaaba76@81b32"}],"_visFlags":0,"_enableDynamicBatching":false,"_mesh":{"__uuid__":"d6c0e20d-2f14-411f-9613-f7792eaaba76@54aec"},"_shadowCastingMode":0,"_receiveShadows":false,"_id":"521uo1N0BCXpfproWXYbEG"},{"__type__":"cc.PrefabInfo","root":{"__id__":6},"asset":{"__uuid__":"d6c0e20d-2f14-411f-9613-f7792eaaba76@d1932"},"fileId":"4fomuMpG5Bnbzlu5eq6ZdG","sync":false,"_synced":{"default":false,"serializable":false}},{"__type__":"cc.Node","_name":"(__autogen 21)","_objFlags":0,"_parent":{"__id__":9},"_children":[],"_active":true,"_components":[{"__id__":74}],"_prefab":{"__id__":75},"_lpos":{"__type__":"cc.Vec3","x":0,"y":0,"z":0},"_lrot":{"__type__":"cc.Quat","x":0,"y":0,"z":0,"w":1},"_lscale":{"__type__":"cc.Vec3","x":1,"y":1,"z":1},"_layer":1073741824,"_euler":{"__type__":"cc.Vec3","x":0,"y":0,"z":0},"_id":"3eRHDDJzpOmasmTRfgSDPs"},{"__type__":"cc.ModelComponent","_name":"","_objFlags":0,"node":{"__id__":73},"_enabled":true,"_materials":[{"__uuid__":"d6c0e20d-2f14-411f-9613-f7792eaaba76@2b28a"}],"_visFlags":0,"_enableDynamicBatching":false,"_mesh":{"__uuid__":"d6c0e20d-2f14-411f-9613-f7792eaaba76@4161d"},"_shadowCastingMode":0,"_receiveShadows":false,"_id":"1aMub7polDJrjHqOSjSUJL"},{"__type__":"cc.PrefabInfo","root":{"__id__":6},"asset":{"__uuid__":"d6c0e20d-2f14-411f-9613-f7792eaaba76@d1932"},"fileId":"acB8S3kh1OJqGLJlxySqvI","sync":false,"_synced":{"default":false,"serializable":false}},{"__type__":"cc.Node","_name":"(__autogen 22)","_objFlags":0,"_parent":{"__id__":9},"_children":[],"_active":true,"_components":[{"__id__":77}],"_prefab":{"__id__":78},"_lpos":{"__type__":"cc.Vec3","x":0,"y":0,"z":0},"_lrot":{"__type__":"cc.Quat","x":0,"y":0,"z":0,"w":1},"_lscale":{"__type__":"cc.Vec3","x":1,"y":1,"z":1},"_layer":1073741824,"_euler":{"__type__":"cc.Vec3","x":0,"y":0,"z":0},"_id":"98mU3liqFOk5Tee0+U8ZPU"},{"__type__":"cc.ModelComponent","_name":"","_objFlags":0,"node":{"__id__":76},"_enabled":true,"_materials":[{"__uuid__":"d6c0e20d-2f14-411f-9613-f7792eaaba76@7638b"}],"_visFlags":0,"_enableDynamicBatching":false,"_mesh":{"__uuid__":"d6c0e20d-2f14-411f-9613-f7792eaaba76@d2a53"},"_shadowCastingMode":0,"_receiveShadows":false,"_id":"e38ujo1udJRJGIDGnnY/EG"},{"__type__":"cc.PrefabInfo","root":{"__id__":6},"asset":{"__uuid__":"d6c0e20d-2f14-411f-9613-f7792eaaba76@d1932"},"fileId":"b9hx/OF8ZHipB7dCwoXF30","sync":false,"_synced":{"default":false,"serializable":false}},{"__type__":"cc.Node","_name":"(__autogen 23)","_objFlags":0,"_parent":{"__id__":9},"_children":[],"_active":true,"_components":[{"__id__":80}],"_prefab":{"__id__":81},"_lpos":{"__type__":"cc.Vec3","x":0,"y":0,"z":0},"_lrot":{"__type__":"cc.Quat","x":0,"y":0,"z":0,"w":1},"_lscale":{"__type__":"cc.Vec3","x":1,"y":1,"z":1},"_layer":1073741824,"_euler":{"__type__":"cc.Vec3","x":0,"y":0,"z":0},"_id":"61JWY1sBBGiZFdlHxXMEUM"},{"__type__":"cc.ModelComponent","_name":"","_objFlags":0,"node":{"__id__":79},"_enabled":true,"_materials":[{"__uuid__":"d6c0e20d-2f14-411f-9613-f7792eaaba76@6ff7e"}],"_visFlags":0,"_enableDynamicBatching":false,"_mesh":{"__uuid__":"d6c0e20d-2f14-411f-9613-f7792eaaba76@2e935"},"_shadowCastingMode":0,"_receiveShadows":false,"_id":"6cCc9F+Q1DJ4P77dyo3b4C"},{"__type__":"cc.PrefabInfo","root":{"__id__":6},"asset":{"__uuid__":"d6c0e20d-2f14-411f-9613-f7792eaaba76@d1932"},"fileId":"25As9qO+VNP6UZa+eX1M1Y","sync":false,"_synced":{"default":false,"serializable":false}},{"__type__":"cc.Node","_name":"(__autogen 24)","_objFlags":0,"_parent":{"__id__":9},"_children":[],"_active":true,"_components":[{"__id__":83}],"_prefab":{"__id__":84},"_lpos":{"__type__":"cc.Vec3","x":0,"y":0,"z":0},"_lrot":{"__type__":"cc.Quat","x":0,"y":0,"z":0,"w":1},"_lscale":{"__type__":"cc.Vec3","x":1,"y":1,"z":1},"_layer":1073741824,"_euler":{"__type__":"cc.Vec3","x":0,"y":0,"z":0},"_id":"7fzdYVTrtGkrG3tqIqIlFF"},{"__type__":"cc.ModelComponent","_name":"","_objFlags":0,"node":{"__id__":82},"_enabled":true,"_materials":[{"__uuid__":"d6c0e20d-2f14-411f-9613-f7792eaaba76@710bf"}],"_visFlags":0,"_enableDynamicBatching":false,"_mesh":{"__uuid__":"d6c0e20d-2f14-411f-9613-f7792eaaba76@0ba40"},"_shadowCastingMode":0,"_receiveShadows":false,"_id":"b6OD65aH9FA7z+snuUNKeC"},{"__type__":"cc.PrefabInfo","root":{"__id__":6},"asset":{"__uuid__":"d6c0e20d-2f14-411f-9613-f7792eaaba76@d1932"},"fileId":"43LRuq6NdOeZ9qPHXq+ukN","sync":false,"_synced":{"default":false,"serializable":false}},{"__type__":"cc.Node","_name":"(__autogen 25)","_objFlags":0,"_parent":{"__id__":9},"_children":[],"_active":true,"_components":[{"__id__":86}],"_prefab":{"__id__":87},"_lpos":{"__type__":"cc.Vec3","x":0,"y":0,"z":0},"_lrot":{"__type__":"cc.Quat","x":0,"y":0,"z":0,"w":1},"_lscale":{"__type__":"cc.Vec3","x":1,"y":1,"z":1},"_layer":1073741824,"_euler":{"__type__":"cc.Vec3","x":0,"y":0,"z":0},"_id":"d1f2P2jRxBJ7yrUr2WsMkP"},{"__type__":"cc.ModelComponent","_name":"","_objFlags":0,"node":{"__id__":85},"_enabled":true,"_materials":[{"__uuid__":"d6c0e20d-2f14-411f-9613-f7792eaaba76@222d4"}],"_visFlags":0,"_enableDynamicBatching":false,"_mesh":{"__uuid__":"d6c0e20d-2f14-411f-9613-f7792eaaba76@2ad7b"},"_shadowCastingMode":0,"_receiveShadows":false,"_id":"01T7+oCGRBhLeRLZQeojOf"},{"__type__":"cc.PrefabInfo","root":{"__id__":6},"asset":{"__uuid__":"d6c0e20d-2f14-411f-9613-f7792eaaba76@d1932"},"fileId":"76CHEtljNPgK20cT9w6Uiw","sync":false,"_synced":{"default":false,"serializable":false}},{"__type__":"cc.Node","_name":"(__autogen 26)","_objFlags":0,"_parent":{"__id__":9},"_children":[],"_active":true,"_components":[{"__id__":89}],"_prefab":{"__id__":90},"_lpos":{"__type__":"cc.Vec3","x":0,"y":0,"z":0},"_lrot":{"__type__":"cc.Quat","x":0,"y":0,"z":0,"w":1},"_lscale":{"__type__":"cc.Vec3","x":1,"y":1,"z":1},"_layer":1073741824,"_euler":{"__type__":"cc.Vec3","x":0,"y":0,"z":0},"_id":"42XrJdGBdF8LXH04vmbpVy"},{"__type__":"cc.ModelComponent","_name":"","_objFlags":0,"node":{"__id__":88},"_enabled":true,"_materials":[{"__uuid__":"d6c0e20d-2f14-411f-9613-f7792eaaba76@fc56a"}],"_visFlags":0,"_enableDynamicBatching":false,"_mesh":{"__uuid__":"d6c0e20d-2f14-411f-9613-f7792eaaba76@d5482"},"_shadowCastingMode":0,"_receiveShadows":false,"_id":"10G7H0q+VJd76P/RpZfjHZ"},{"__type__":"cc.PrefabInfo","root":{"__id__":6},"asset":{"__uuid__":"d6c0e20d-2f14-411f-9613-f7792eaaba76@d1932"},"fileId":"1eC6KngmxI5K1orP7i7nmz","sync":false,"_synced":{"default":false,"serializable":false}},{"__type__":"cc.Node","_name":"(__autogen 27)","_objFlags":0,"_parent":{"__id__":9},"_children":[],"_active":true,"_components":[{"__id__":92}],"_prefab":{"__id__":93},"_lpos":{"__type__":"cc.Vec3","x":0,"y":0,"z":0},"_lrot":{"__type__":"cc.Quat","x":0,"y":0,"z":0,"w":1},"_lscale":{"__type__":"cc.Vec3","x":1,"y":1,"z":1},"_layer":1073741824,"_euler":{"__type__":"cc.Vec3","x":0,"y":0,"z":0},"_id":"9fdlRL76hJnrHwwYDOcY8f"},{"__type__":"cc.ModelComponent","_name":"","_objFlags":0,"node":{"__id__":91},"_enabled":true,"_materials":[{"__uuid__":"d6c0e20d-2f14-411f-9613-f7792eaaba76@14199"}],"_visFlags":0,"_enableDynamicBatching":false,"_mesh":{"__uuid__":"d6c0e20d-2f14-411f-9613-f7792eaaba76@a225e"},"_shadowCastingMode":0,"_receiveShadows":false,"_id":"a9lhl1fRVJTa6k1QwW0nXh"},{"__type__":"cc.PrefabInfo","root":{"__id__":6},"asset":{"__uuid__":"d6c0e20d-2f14-411f-9613-f7792eaaba76@d1932"},"fileId":"29V3RrVkhKF71wHqTmahar","sync":false,"_synced":{"default":false,"serializable":false}},{"__type__":"cc.Node","_name":"(__autogen 28)","_objFlags":0,"_parent":{"__id__":9},"_children":[],"_active":true,"_components":[{"__id__":95}],"_prefab":{"__id__":96},"_lpos":{"__type__":"cc.Vec3","x":0,"y":0,"z":0},"_lrot":{"__type__":"cc.Quat","x":0,"y":0,"z":0,"w":1},"_lscale":{"__type__":"cc.Vec3","x":1,"y":1,"z":1},"_layer":1073741824,"_euler":{"__type__":"cc.Vec3","x":0,"y":0,"z":0},"_id":"b4l0c9/4VA/5uD6AiJFVXM"},{"__type__":"cc.ModelComponent","_name":"","_objFlags":0,"node":{"__id__":94},"_enabled":true,"_materials":[{"__uuid__":"d6c0e20d-2f14-411f-9613-f7792eaaba76@af8fc"}],"_visFlags":0,"_enableDynamicBatching":false,"_mesh":{"__uuid__":"d6c0e20d-2f14-411f-9613-f7792eaaba76@e7dcc"},"_shadowCastingMode":0,"_receiveShadows":false,"_id":"c42DEb5iRFJ5Qcq6aviEzq"},{"__type__":"cc.PrefabInfo","root":{"__id__":6},"asset":{"__uuid__":"d6c0e20d-2f14-411f-9613-f7792eaaba76@d1932"},"fileId":"03Yrx6QERICLxqUKDNBuWy","sync":false,"_synced":{"default":false,"serializable":false}},{"__type__":"cc.Node","_name":"(__autogen 29)","_objFlags":0,"_parent":{"__id__":9},"_children":[],"_active":true,"_components":[{"__id__":98}],"_prefab":{"__id__":99},"_lpos":{"__type__":"cc.Vec3","x":0,"y":0,"z":0},"_lrot":{"__type__":"cc.Quat","x":0,"y":0,"z":0,"w":1},"_lscale":{"__type__":"cc.Vec3","x":1,"y":1,"z":1},"_layer":1073741824,"_euler":{"__type__":"cc.Vec3","x":0,"y":0,"z":0},"_id":"58wVdUpT5LepV8Tdy+sfjz"},{"__type__":"cc.ModelComponent","_name":"","_objFlags":0,"node":{"__id__":97},"_enabled":true,"_materials":[{"__uuid__":"d6c0e20d-2f14-411f-9613-f7792eaaba76@f5cb8"}],"_visFlags":0,"_enableDynamicBatching":false,"_mesh":{"__uuid__":"d6c0e20d-2f14-411f-9613-f7792eaaba76@4797a"},"_shadowCastingMode":0,"_receiveShadows":false,"_id":"b9RAZCAehBipywlhtclnng"},{"__type__":"cc.PrefabInfo","root":{"__id__":6},"asset":{"__uuid__":"d6c0e20d-2f14-411f-9613-f7792eaaba76@d1932"},"fileId":"945YDHGiNOpa3A1ITvc5fJ","sync":false,"_synced":{"default":false,"serializable":false}},{"__type__":"cc.Node","_name":"(__autogen 30)","_objFlags":0,"_parent":{"__id__":9},"_children":[],"_active":true,"_components":[{"__id__":101}],"_prefab":{"__id__":102},"_lpos":{"__type__":"cc.Vec3","x":0,"y":0,"z":0},"_lrot":{"__type__":"cc.Quat","x":0,"y":0,"z":0,"w":1},"_lscale":{"__type__":"cc.Vec3","x":1,"y":1,"z":1},"_layer":1073741824,"_euler":{"__type__":"cc.Vec3","x":0,"y":0,"z":0},"_id":"d0LOxhvqlHdI4euuHUTCVl"},{"__type__":"cc.ModelComponent","_name":"","_objFlags":0,"node":{"__id__":100},"_enabled":true,"_materials":[{"__uuid__":"d6c0e20d-2f14-411f-9613-f7792eaaba76@d3207"}],"_visFlags":0,"_enableDynamicBatching":false,"_mesh":{"__uuid__":"d6c0e20d-2f14-411f-9613-f7792eaaba76@13594"},"_shadowCastingMode":0,"_receiveShadows":false,"_id":"8aWm1Wx7NGQ4GFCMmAjfhd"},{"__type__":"cc.PrefabInfo","root":{"__id__":6},"asset":{"__uuid__":"d6c0e20d-2f14-411f-9613-f7792eaaba76@d1932"},"fileId":"92mfsPOaFOCZyQ4swT/5PG","sync":false,"_synced":{"default":false,"serializable":false}},{"__type__":"cc.Node","_name":"(__autogen 31)","_objFlags":0,"_parent":{"__id__":9},"_children":[],"_active":true,"_components":[{"__id__":104}],"_prefab":{"__id__":105},"_lpos":{"__type__":"cc.Vec3","x":0,"y":0,"z":0},"_lrot":{"__type__":"cc.Quat","x":0,"y":0,"z":0,"w":1},"_lscale":{"__type__":"cc.Vec3","x":1,"y":1,"z":1},"_layer":1073741824,"_euler":{"__type__":"cc.Vec3","x":0,"y":0,"z":0},"_id":"76AXyq/RNMQIeGyhGlhnm6"},{"__type__":"cc.ModelComponent","_name":"","_objFlags":0,"node":{"__id__":103},"_enabled":true,"_materials":[{"__uuid__":"d6c0e20d-2f14-411f-9613-f7792eaaba76@901f2"}],"_visFlags":0,"_enableDynamicBatching":false,"_mesh":{"__uuid__":"d6c0e20d-2f14-411f-9613-f7792eaaba76@67697"},"_shadowCastingMode":0,"_receiveShadows":false,"_id":"3bpEfeN0JKHri48e1RDTIw"},{"__type__":"cc.PrefabInfo","root":{"__id__":6},"asset":{"__uuid__":"d6c0e20d-2f14-411f-9613-f7792eaaba76@d1932"},"fileId":"6c0WVMt0VPgK52ZGISw168","sync":false,"_synced":{"default":false,"serializable":false}},{"__type__":"cc.Node","_name":"(__autogen 32)","_objFlags":0,"_parent":{"__id__":9},"_children":[],"_active":true,"_components":[{"__id__":107}],"_prefab":{"__id__":108},"_lpos":{"__type__":"cc.Vec3","x":0,"y":0,"z":0},"_lrot":{"__type__":"cc.Quat","x":0,"y":0,"z":0,"w":1},"_lscale":{"__type__":"cc.Vec3","x":1,"y":1,"z":1},"_layer":1073741824,"_euler":{"__type__":"cc.Vec3","x":0,"y":0,"z":0},"_id":"0c3wwv159H7qreCIPj2P71"},{"__type__":"cc.ModelComponent","_name":"","_objFlags":0,"node":{"__id__":106},"_enabled":true,"_materials":[{"__uuid__":"d6c0e20d-2f14-411f-9613-f7792eaaba76@0423a"}],"_visFlags":0,"_enableDynamicBatching":false,"_mesh":{"__uuid__":"d6c0e20d-2f14-411f-9613-f7792eaaba76@d4b94"},"_shadowCastingMode":0,"_receiveShadows":false,"_id":"65JCYVNu5N3Yz8yz1w4QZm"},{"__type__":"cc.PrefabInfo","root":{"__id__":6},"asset":{"__uuid__":"d6c0e20d-2f14-411f-9613-f7792eaaba76@d1932"},"fileId":"8c/UT0MVJB37ZCmN/k6LWa","sync":false,"_synced":{"default":false,"serializable":false}},{"__type__":"cc.Node","_name":"(__autogen 33)","_objFlags":0,"_parent":{"__id__":9},"_children":[],"_active":true,"_components":[{"__id__":110}],"_prefab":{"__id__":111},"_lpos":{"__type__":"cc.Vec3","x":0,"y":0,"z":0},"_lrot":{"__type__":"cc.Quat","x":0,"y":0,"z":0,"w":1},"_lscale":{"__type__":"cc.Vec3","x":1,"y":1,"z":1},"_layer":1073741824,"_euler":{"__type__":"cc.Vec3","x":0,"y":0,"z":0},"_id":"1e5+uMbF5DtJJXNTAzyOI1"},{"__type__":"cc.ModelComponent","_name":"","_objFlags":0,"node":{"__id__":109},"_enabled":true,"_materials":[{"__uuid__":"d6c0e20d-2f14-411f-9613-f7792eaaba76@0423a"}],"_visFlags":0,"_enableDynamicBatching":false,"_mesh":{"__uuid__":"d6c0e20d-2f14-411f-9613-f7792eaaba76@9be36"},"_shadowCastingMode":0,"_receiveShadows":false,"_id":"03kLXA7ENDtJKndKZBg/R5"},{"__type__":"cc.PrefabInfo","root":{"__id__":6},"asset":{"__uuid__":"d6c0e20d-2f14-411f-9613-f7792eaaba76@d1932"},"fileId":"8e5QB+PWtE0YbmBjVLCGYR","sync":false,"_synced":{"default":false,"serializable":false}},{"__type__":"cc.Node","_name":"(__autogen 34)","_objFlags":0,"_parent":{"__id__":9},"_children":[],"_active":true,"_components":[{"__id__":113}],"_prefab":{"__id__":114},"_lpos":{"__type__":"cc.Vec3","x":0,"y":0,"z":0},"_lrot":{"__type__":"cc.Quat","x":0,"y":0,"z":0,"w":1},"_lscale":{"__type__":"cc.Vec3","x":1,"y":1,"z":1},"_layer":1073741824,"_euler":{"__type__":"cc.Vec3","x":0,"y":0,"z":0},"_id":"69JeCGx2pDQI4g03bBjmYt"},{"__type__":"cc.ModelComponent","_name":"","_objFlags":0,"node":{"__id__":112},"_enabled":true,"_materials":[{"__uuid__":"d6c0e20d-2f14-411f-9613-f7792eaaba76@84749"}],"_visFlags":0,"_enableDynamicBatching":false,"_mesh":{"__uuid__":"d6c0e20d-2f14-411f-9613-f7792eaaba76@70c3a"},"_shadowCastingMode":0,"_receiveShadows":false,"_id":"2f26KgIhpFSJRUeAi/9c/G"},{"__type__":"cc.PrefabInfo","root":{"__id__":6},"asset":{"__uuid__":"d6c0e20d-2f14-411f-9613-f7792eaaba76@d1932"},"fileId":"ef6aq65U1HFrxEa+1xvyf4","sync":false,"_synced":{"default":false,"serializable":false}},{"__type__":"cc.Node","_name":"(__autogen 35)","_objFlags":0,"_parent":{"__id__":9},"_children":[],"_active":true,"_components":[{"__id__":116}],"_prefab":{"__id__":117},"_lpos":{"__type__":"cc.Vec3","x":0,"y":0,"z":0},"_lrot":{"__type__":"cc.Quat","x":0,"y":0,"z":0,"w":1},"_lscale":{"__type__":"cc.Vec3","x":1,"y":1,"z":1},"_layer":1073741824,"_euler":{"__type__":"cc.Vec3","x":0,"y":0,"z":0},"_id":"cfMApwK0ROk4h+hrY3tZA1"},{"__type__":"cc.ModelComponent","_name":"","_objFlags":0,"node":{"__id__":115},"_enabled":true,"_materials":[{"__uuid__":"d6c0e20d-2f14-411f-9613-f7792eaaba76@9f269"}],"_visFlags":0,"_enableDynamicBatching":false,"_mesh":{"__uuid__":"d6c0e20d-2f14-411f-9613-f7792eaaba76@ef53b"},"_shadowCastingMode":0,"_receiveShadows":false,"_id":"d1Zl8K8R5JvbjRiAr5oKCH"},{"__type__":"cc.PrefabInfo","root":{"__id__":6},"asset":{"__uuid__":"d6c0e20d-2f14-411f-9613-f7792eaaba76@d1932"},"fileId":"6atoX6felBWqVZBazfvVHa","sync":false,"_synced":{"default":false,"serializable":false}},{"__type__":"cc.Node","_name":"(__autogen 36)","_objFlags":0,"_parent":{"__id__":9},"_children":[],"_active":true,"_components":[{"__id__":119}],"_prefab":{"__id__":120},"_lpos":{"__type__":"cc.Vec3","x":0,"y":0,"z":0},"_lrot":{"__type__":"cc.Quat","x":0,"y":0,"z":0,"w":1},"_lscale":{"__type__":"cc.Vec3","x":1,"y":1,"z":1},"_layer":1073741824,"_euler":{"__type__":"cc.Vec3","x":0,"y":0,"z":0},"_id":"13otOTTKlAfb7p+wzBasyU"},{"__type__":"cc.ModelComponent","_name":"","_objFlags":0,"node":{"__id__":118},"_enabled":true,"_materials":[{"__uuid__":"d6c0e20d-2f14-411f-9613-f7792eaaba76@1c252"}],"_visFlags":0,"_enableDynamicBatching":false,"_mesh":{"__uuid__":"d6c0e20d-2f14-411f-9613-f7792eaaba76@31685"},"_shadowCastingMode":0,"_receiveShadows":false,"_id":"99FX/cextOAqLy89gUoYzN"},{"__type__":"cc.PrefabInfo","root":{"__id__":6},"asset":{"__uuid__":"d6c0e20d-2f14-411f-9613-f7792eaaba76@d1932"},"fileId":"58QOCI/sNLjaq6SCIQL5Fe","sync":false,"_synced":{"default":false,"serializable":false}},{"__type__":"cc.Node","_name":"(__autogen 37)","_objFlags":0,"_parent":{"__id__":9},"_children":[],"_active":true,"_components":[{"__id__":122}],"_prefab":{"__id__":123},"_lpos":{"__type__":"cc.Vec3","x":0,"y":0,"z":0},"_lrot":{"__type__":"cc.Quat","x":0,"y":0,"z":0,"w":1},"_lscale":{"__type__":"cc.Vec3","x":1,"y":1,"z":1},"_layer":1073741824,"_euler":{"__type__":"cc.Vec3","x":0,"y":0,"z":0},"_id":"28nEO0htlH4IVyU2pkt+C9"},{"__type__":"cc.ModelComponent","_name":"","_objFlags":0,"node":{"__id__":121},"_enabled":true,"_materials":[{"__uuid__":"d6c0e20d-2f14-411f-9613-f7792eaaba76@caf43"}],"_visFlags":0,"_enableDynamicBatching":false,"_mesh":{"__uuid__":"d6c0e20d-2f14-411f-9613-f7792eaaba76@5057f"},"_shadowCastingMode":0,"_receiveShadows":false,"_id":"f4ac1UV8RAN7P8MeMnwQnT"},{"__type__":"cc.PrefabInfo","root":{"__id__":6},"asset":{"__uuid__":"d6c0e20d-2f14-411f-9613-f7792eaaba76@d1932"},"fileId":"49T2CHQPZNJbMh+AxnxBmT","sync":false,"_synced":{"default":false,"serializable":false}},{"__type__":"cc.Node","_name":"(__autogen 38)","_objFlags":0,"_parent":{"__id__":9},"_children":[],"_active":true,"_components":[{"__id__":125}],"_prefab":{"__id__":126},"_lpos":{"__type__":"cc.Vec3","x":0,"y":0,"z":0},"_lrot":{"__type__":"cc.Quat","x":0,"y":0,"z":0,"w":1},"_lscale":{"__type__":"cc.Vec3","x":1,"y":1,"z":1},"_layer":1073741824,"_euler":{"__type__":"cc.Vec3","x":0,"y":0,"z":0},"_id":"6dawLq22ZKvJTa/oROL89d"},{"__type__":"cc.ModelComponent","_name":"","_objFlags":0,"node":{"__id__":124},"_enabled":true,"_materials":[{"__uuid__":"d6c0e20d-2f14-411f-9613-f7792eaaba76@f5ce7"}],"_visFlags":0,"_enableDynamicBatching":false,"_mesh":{"__uuid__":"d6c0e20d-2f14-411f-9613-f7792eaaba76@c4d1c"},"_shadowCastingMode":0,"_receiveShadows":false,"_id":"99HvrXPkJGqaJa9w7Q2Mrg"},{"__type__":"cc.PrefabInfo","root":{"__id__":6},"asset":{"__uuid__":"d6c0e20d-2f14-411f-9613-f7792eaaba76@d1932"},"fileId":"49TVlWp0JAzKrc6IwZCRM0","sync":false,"_synced":{"default":false,"serializable":false}},{"__type__":"cc.Node","_name":"(__autogen 39)","_objFlags":0,"_parent":{"__id__":9},"_children":[],"_active":true,"_components":[{"__id__":128}],"_prefab":{"__id__":129},"_lpos":{"__type__":"cc.Vec3","x":0,"y":0,"z":0},"_lrot":{"__type__":"cc.Quat","x":0,"y":0,"z":0,"w":1},"_lscale":{"__type__":"cc.Vec3","x":1,"y":1,"z":1},"_layer":1073741824,"_euler":{"__type__":"cc.Vec3","x":0,"y":0,"z":0},"_id":"d6tgLxZRFFuL0SRRBFkBP9"},{"__type__":"cc.ModelComponent","_name":"","_objFlags":0,"node":{"__id__":127},"_enabled":true,"_materials":[{"__uuid__":"d6c0e20d-2f14-411f-9613-f7792eaaba76@a7159"}],"_visFlags":0,"_enableDynamicBatching":false,"_mesh":{"__uuid__":"d6c0e20d-2f14-411f-9613-f7792eaaba76@cbb63"},"_shadowCastingMode":0,"_receiveShadows":false,"_id":"63kwAkKhFCxKVcQco3HNpx"},{"__type__":"cc.PrefabInfo","root":{"__id__":6},"asset":{"__uuid__":"d6c0e20d-2f14-411f-9613-f7792eaaba76@d1932"},"fileId":"0eAd0o4PJPGYeukWvDhcVe","sync":false,"_synced":{"default":false,"serializable":false}},{"__type__":"cc.Node","_name":"(__autogen 40)","_objFlags":0,"_parent":{"__id__":9},"_children":[],"_active":true,"_components":[{"__id__":131}],"_prefab":{"__id__":132},"_lpos":{"__type__":"cc.Vec3","x":0,"y":0,"z":0},"_lrot":{"__type__":"cc.Quat","x":0,"y":0,"z":0,"w":1},"_lscale":{"__type__":"cc.Vec3","x":1,"y":1,"z":1},"_layer":1073741824,"_euler":{"__type__":"cc.Vec3","x":0,"y":0,"z":0},"_id":"30IcPGCWNBRJmYwBZ/JIDq"},{"__type__":"cc.ModelComponent","_name":"","_objFlags":0,"node":{"__id__":130},"_enabled":true,"_materials":[{"__uuid__":"d6c0e20d-2f14-411f-9613-f7792eaaba76@8ef6b"}],"_visFlags":0,"_enableDynamicBatching":false,"_mesh":{"__uuid__":"d6c0e20d-2f14-411f-9613-f7792eaaba76@eed9e"},"_shadowCastingMode":0,"_receiveShadows":false,"_id":"a5jeisBMFH0okmS+P9FWnC"},{"__type__":"cc.PrefabInfo","root":{"__id__":6},"asset":{"__uuid__":"d6c0e20d-2f14-411f-9613-f7792eaaba76@d1932"},"fileId":"142R2/e+JEJI7tGUu9xi4C","sync":false,"_synced":{"default":false,"serializable":false}},{"__type__":"cc.PrefabInfo","root":{"__id__":6},"asset":{"__uuid__":"d6c0e20d-2f14-411f-9613-f7792eaaba76@d1932"},"fileId":"e8QKsv619JYKN6SY3GY4rE","sync":false,"_synced":{"default":false,"serializable":false}},{"__type__":"cc.PrefabInfo","root":{"__id__":6},"asset":{"__uuid__":"d6c0e20d-2f14-411f-9613-f7792eaaba76@d1932"},"fileId":"47yIZpYdtBYaR88NQT1ZPd","sync":false,"_synced":{"default":false,"serializable":false}},{"__type__":"cc.PrefabInfo","root":{"__id__":6},"asset":{"__uuid__":"d6c0e20d-2f14-411f-9613-f7792eaaba76@d1932"},"fileId":"3b+uMjN8hPFIDCUnQ0Wn5E","sync":false,"_synced":{"default":false,"serializable":false}},{"__type__":"cc.AnimationComponent","_name":"","_objFlags":0,"node":{"__id__":6},"_enabled":true,"playOnLoad":false,"_clips":[],"_defaultClip":null,"_id":"8eWpWNUKFHfa9WQSS8F4pY"},{"__type__":"cc.PrefabInfo","root":{"__id__":6},"asset":{"__uuid__":"d6c0e20d-2f14-411f-9613-f7792eaaba76@d1932"},"fileId":"617C86fz1N2qMZh6H4OJk1","sync":false,"_synced":{}},{"__type__":"cc.Node","_name":"ball","_objFlags":0,"_parent":{"__id__":1},"_children":[{"__id__":139}],"_active":true,"_components":[{"__id__":150}],"_prefab":{"__id__":151},"_lpos":{"__type__":"cc.Vec3","x":80,"y":0,"z":0},"_lrot":{"__type__":"cc.Quat","x":0,"y":0,"z":0,"w":1},"_lscale":{"__type__":"cc.Vec3","x":1,"y":1,"z":1},"_layer":1073741824,"_euler":{"__type__":"cc.Vec3","x":0,"y":0,"z":0},"_id":"e2trCS0RJHgo+bgwW6ZNHE"},{"__type__":"cc.Node","_name":"RootNode (gltf orientation matrix)","_objFlags":0,"_parent":{"__id__":138},"_children":[{"__id__":140}],"_active":true,"_components":[],"_prefab":{"__id__":149},"_lpos":{"__type__":"cc.Vec3","x":0,"y":0,"z":0},"_lrot":{"__type__":"cc.Quat","x":-0.7071067811865475,"y":0,"z":0,"w":0.7071067811865476},"_lscale":{"__type__":"cc.Vec3","x":1,"y":1,"z":1},"_layer":1073741824,"_euler":{"__type__":"cc.Vec3","x":-90,"y":0,"z":0},"_id":"8f/FUwcapDO5aTMl84FJud"},{"__type__":"cc.Node","_name":"RootNode (model correction matrix)","_objFlags":0,"_parent":{"__id__":139},"_children":[{"__id__":141}],"_active":true,"_components":[],"_prefab":{"__id__":148},"_lpos":{"__type__":"cc.Vec3","x":0,"y":0,"z":0},"_lrot":{"__type__":"cc.Quat","x":0,"y":0,"z":0,"w":1},"_lscale":{"__type__":"cc.Vec3","x":1,"y":1,"z":1},"_layer":1073741824,"_euler":{"__type__":"cc.Vec3","x":0,"y":0,"z":0},"_id":"3bS7CcFPxOqIGjgyMJfYn5"},{"__type__":"cc.Node","_name":"Root","_objFlags":0,"_parent":{"__id__":140},"_children":[{"__id__":142}],"_active":true,"_components":[],"_prefab":{"__id__":147},"_lpos":{"__type__":"cc.Vec3","x":0,"y":0,"z":0},"_lrot":{"__type__":"cc.Quat","x":0,"y":0,"z":0,"w":1},"_lscale":{"__type__":"cc.Vec3","x":1,"y":1,"z":1},"_layer":1073741824,"_euler":{"__type__":"cc.Vec3","x":0,"y":0,"z":0},"_id":"94lu6cqT1J34ktDYiMpc55"},{"__type__":"cc.Node","_name":"Sphere","_objFlags":0,"_parent":{"__id__":141},"_children":[{"__id__":143}],"_active":true,"_components":[],"_prefab":{"__id__":146},"_lpos":{"__type__":"cc.Vec3","x":0,"y":0,"z":0},"_lrot":{"__type__":"cc.Quat","x":0,"y":0,"z":0,"w":1},"_lscale":{"__type__":"cc.Vec3","x":1,"y":1,"z":1},"_layer":1073741824,"_euler":{"__type__":"cc.Vec3","x":0,"y":0,"z":0},"_id":"2eCB83iHdC74f04cpynf60"},{"__type__":"cc.Node","_name":"Sphere_0","_objFlags":0,"_parent":{"__id__":142},"_children":[],"_active":true,"_components":[{"__id__":144}],"_prefab":{"__id__":145},"_lpos":{"__type__":"cc.Vec3","x":0,"y":0,"z":0},"_lrot":{"__type__":"cc.Quat","x":0,"y":0,"z":0,"w":1},"_lscale":{"__type__":"cc.Vec3","x":1,"y":1,"z":1},"_layer":1073741824,"_euler":{"__type__":"cc.Vec3","x":0,"y":0,"z":0},"_id":"a14IRV1ZpOvYAQJolpBvbM"},{"__type__":"cc.ModelComponent","_name":"","_objFlags":0,"node":{"__id__":143},"_enabled":true,"_materials":[{"__uuid__":"3e7fabca-ed91-4e13-9c84-e49736de0248@35b08"}],"_visFlags":0,"_enableDynamicBatching":false,"_mesh":{"__uuid__":"3e7fabca-ed91-4e13-9c84-e49736de0248@b63fb"},"_shadowCastingMode":0,"_receiveShadows":false,"_id":"bfjvuTN1FEHqlqeAQqiOmh"},{"__type__":"cc.PrefabInfo","root":{"__id__":138},"asset":{"__uuid__":"3e7fabca-ed91-4e13-9c84-e49736de0248@d1932"},"fileId":"cb+vHbCspMC7WJrzYfqJ1Q","sync":false,"_synced":{"default":false,"serializable":false}},{"__type__":"cc.PrefabInfo","root":{"__id__":138},"asset":{"__uuid__":"3e7fabca-ed91-4e13-9c84-e49736de0248@d1932"},"fileId":"05qCJmN2RBTZDGh/NnnY4s","sync":false,"_synced":{"default":false,"serializable":false}},{"__type__":"cc.PrefabInfo","root":{"__id__":138},"asset":{"__uuid__":"3e7fabca-ed91-4e13-9c84-e49736de0248@d1932"},"fileId":"08gj6euFBEaJq1Bq/Rj3aK","sync":false,"_synced":{"default":false,"serializable":false}},{"__type__":"cc.PrefabInfo","root":{"__id__":138},"asset":{"__uuid__":"3e7fabca-ed91-4e13-9c84-e49736de0248@d1932"},"fileId":"5b1QoxUANMjr56Jzxrg3yh","sync":false,"_synced":{"default":false,"serializable":false}},{"__type__":"cc.PrefabInfo","root":{"__id__":138},"asset":{"__uuid__":"3e7fabca-ed91-4e13-9c84-e49736de0248@d1932"},"fileId":"76Xp/oIk5AVJ48wSEUdkCe","sync":false,"_synced":{"default":false,"serializable":false}},{"__type__":"cc.AnimationComponent","_name":"ball<AnimationComponent>","_objFlags":0,"node":{"__id__":138},"_enabled":true,"playOnLoad":true,"_clips":[{"__uuid__":"704c60ae-0765-4d3c-9e41-4218e5253a97"},{"__uuid__":"3e7ceccd-0d1b-4f48-b32a-a0e032553b04"},{"__uuid__":"a4e585eb-56a3-4a40-9060-299b7b23afa2"}],"_defaultClip":{"__uuid__":"a4e585eb-56a3-4a40-9060-299b7b23afa2"},"_id":"6eW5gSkF9DSZ5jcYRloIfR"},{"__type__":"cc.PrefabInfo","root":{"__id__":138},"asset":{"__uuid__":"3e7fabca-ed91-4e13-9c84-e49736de0248@d1932"},"fileId":"73ntbJ1D1Cgb95ipeCta6d","sync":false,"_synced":{}},{"__type__":"cc.Node","_name":"chicken","_objFlags":0,"_parent":{"__id__":1},"_children":[{"__id__":153}],"_active":true,"_components":[{"__id__":191}],"_prefab":{"__id__":192},"_lpos":{"__type__":"cc.Vec3","x":50,"y":0,"z":0},"_lrot":{"__type__":"cc.Quat","x":0,"y":0.766044443118978,"z":0,"w":0.6427876096865394},"_lscale":{"__type__":"cc.Vec3","x":1,"y":1,"z":1},"_layer":1073741824,"_euler":{"__type__":"cc.Vec3","x":0,"y":100,"z":0},"_id":"63CS5FluxOML2o4/O1t24Y"},{"__type__":"cc.Node","_name":"RootNode (gltf orientation matrix)","_objFlags":0,"_parent":{"__id__":152},"_children":[{"__id__":154}],"_active":true,"_components":[],"_prefab":{"__id__":190},"_lpos":{"__type__":"cc.Vec3","x":0,"y":0,"z":0},"_lrot":{"__type__":"cc.Quat","x":-0.7071067811865475,"y":0,"z":0,"w":0.7071067811865476},"_lscale":{"__type__":"cc.Vec3","x":1,"y":1,"z":1},"_layer":1073741824,"_euler":{"__type__":"cc.Vec3","x":-90,"y":0,"z":0},"_id":"0050Z+BFhNS5+rIcx1dygh"},{"__type__":"cc.Node","_name":"RootNode (model correction matrix)","_objFlags":0,"_parent":{"__id__":153},"_children":[{"__id__":155}],"_active":true,"_components":[],"_prefab":{"__id__":189},"_lpos":{"__type__":"cc.Vec3","x":-0.36154448986053467,"y":0.13030292093753815,"z":0.09166998416185379},"_lrot":{"__type__":"cc.Quat","x":-0.06460585176331325,"y":-0.015499444951838076,"z":-0.23277267619814612,"w":0.9702591057667905},"_lscale":{"__type__":"cc.Vec3","x":0.9999999772611361,"y":1.0000000102610356,"z":1.0000000153462105},"_layer":1073741824,"_euler":{"__type__":"cc.Vec3","x":-8.53657889972755,"y":-3.8616753601240448,"z":-26.724239522286528},"_id":"e3oc8sEYxK3JEST+xjjpLc"},{"__type__":"cc.Node","_name":"Root","_objFlags":0,"_parent":{"__id__":154},"_children":[{"__id__":156},{"__id__":161}],"_active":true,"_components":[],"_prefab":{"__id__":188},"_lpos":{"__type__":"cc.Vec3","x":0,"y":0,"z":0},"_lrot":{"__type__":"cc.Quat","x":0,"y":0,"z":0,"w":1},"_lscale":{"__type__":"cc.Vec3","x":1,"y":1,"z":1},"_layer":1073741824,"_euler":{"__type__":"cc.Vec3","x":0,"y":0,"z":0},"_id":"43rSOttO1DXqu1ATgU5nNo"},{"__type__":"cc.Node","_name":"Cucco_wingspread","_objFlags":0,"_parent":{"__id__":155},"_children":[{"__id__":157}],"_active":true,"_components":[],"_prefab":{"__id__":160},"_lpos":{"__type__":"cc.Vec3","x":1.0241500000000001,"y":-0.46547000000000005,"z":0.31809000000000004},"_lrot":{"__type__":"cc.Quat","x":0,"y":0.766044443118978,"z":0,"w":0.6427876096865394},"_lscale":{"__type__":"cc.Vec3","x":1,"y":1,"z":0.78},"_layer":1073741824,"_euler":{"__type__":"cc.Vec3","x":0,"y":100,"z":0},"_id":"efETMrMa5IUK49k4c5Lr8p"},{"__type__":"cc.Node","_name":"Cucco_wingspread_0","_objFlags":0,"_parent":{"__id__":156},"_children":[],"_active":true,"_components":[{"__id__":158}],"_prefab":{"__id__":159},"_lpos":{"__type__":"cc.Vec3","x":0,"y":0,"z":0},"_lrot":{"__type__":"cc.Quat","x":0,"y":0,"z":0,"w":1},"_lscale":{"__type__":"cc.Vec3","x":1,"y":1,"z":1},"_layer":1073741824,"_euler":{"__type__":"cc.Vec3","x":0,"y":0,"z":0},"_id":"0aNB2oQFFC0ZQbDJs4THzB"},{"__type__":"cc.ModelComponent","_name":"","_objFlags":0,"node":{"__id__":157},"_enabled":true,"_materials":[{"__uuid__":"ff98f246-e140-4262-8c38-a6e72b4ef3bc@298a2"}],"_visFlags":0,"_enableDynamicBatching":false,"_mesh":{"__uuid__":"ff98f246-e140-4262-8c38-a6e72b4ef3bc@84602"},"_shadowCastingMode":0,"_receiveShadows":false,"_id":"15K7rhjP1Dbbd+8H+OW9sW"},{"__type__":"cc.PrefabInfo","root":{"__id__":152},"asset":{"__uuid__":"ff98f246-e140-4262-8c38-a6e72b4ef3bc@d1932"},"fileId":"06KjxV3YlMIovQQlN/9Lss","sync":false,"_synced":{"default":false,"serializable":false}},{"__type__":"cc.PrefabInfo","root":{"__id__":152},"asset":{"__uuid__":"ff98f246-e140-4262-8c38-a6e72b4ef3bc@d1932"},"fileId":"e3iHmGbf9CRJcytck7KvU2","sync":false,"_synced":{"default":false,"serializable":false}},{"__type__":"cc.Node","_name":"Cucco_body","_objFlags":0,"_parent":{"__id__":155},"_children":[{"__id__":162},{"__id__":165},{"__id__":168},{"__id__":171},{"__id__":179}],"_active":true,"_components":[],"_prefab":{"__id__":187},"_lpos":{"__type__":"cc.Vec3","x":0,"y":0,"z":0},"_lrot":{"__type__":"cc.Quat","x":0,"y":0,"z":0,"w":1},"_lscale":{"__type__":"cc.Vec3","x":1,"y":1,"z":1},"_layer":1073741824,"_euler":{"__type__":"cc.Vec3","x":0,"y":0,"z":0},"_id":"88FV/dknRIO7GPbTui86rp"},{"__type__":"cc.Node","_name":"Cucco_body_0","_objFlags":0,"_parent":{"__id__":161},"_children":[],"_active":true,"_components":[{"__id__":163}],"_prefab":{"__id__":164},"_lpos":{"__type__":"cc.Vec3","x":0,"y":0,"z":0},"_lrot":{"__type__":"cc.Quat","x":0,"y":0,"z":0,"w":1},"_lscale":{"__type__":"cc.Vec3","x":1,"y":1,"z":1},"_layer":1073741824,"_euler":{"__type__":"cc.Vec3","x":0,"y":0,"z":0},"_id":"e1FpfbyrlPn4vyPlCEn1/Q"},{"__type__":"cc.ModelComponent","_name":"","_objFlags":0,"node":{"__id__":162},"_enabled":true,"_materials":[{"__uuid__":"ff98f246-e140-4262-8c38-a6e72b4ef3bc@8668f"}],"_visFlags":0,"_enableDynamicBatching":false,"_mesh":{"__uuid__":"ff98f246-e140-4262-8c38-a6e72b4ef3bc@d9623"},"_shadowCastingMode":0,"_receiveShadows":false,"_id":"2fvd1HkaZG0I/8PKuGZ8jE"},{"__type__":"cc.PrefabInfo","root":{"__id__":152},"asset":{"__uuid__":"ff98f246-e140-4262-8c38-a6e72b4ef3bc@d1932"},"fileId":"a2WiAw5KVMkoerQN4uf+oD","sync":false,"_synced":{"default":false,"serializable":false}},{"__type__":"cc.Node","_name":"Cucco_body_1","_objFlags":0,"_parent":{"__id__":161},"_children":[],"_active":true,"_components":[{"__id__":166}],"_prefab":{"__id__":167},"_lpos":{"__type__":"cc.Vec3","x":0,"y":0,"z":0},"_lrot":{"__type__":"cc.Quat","x":0,"y":0,"z":0,"w":1},"_lscale":{"__type__":"cc.Vec3","x":1,"y":1,"z":1},"_layer":1073741824,"_euler":{"__type__":"cc.Vec3","x":0,"y":0,"z":0},"_id":"e9VztEc5RMnqgDEjzqIG1P"},{"__type__":"cc.ModelComponent","_name":"","_objFlags":0,"node":{"__id__":165},"_enabled":true,"_materials":[{"__uuid__":"ff98f246-e140-4262-8c38-a6e72b4ef3bc@298a2"}],"_visFlags":0,"_enableDynamicBatching":false,"_mesh":{"__uuid__":"ff98f246-e140-4262-8c38-a6e72b4ef3bc@1a15b"},"_shadowCastingMode":0,"_receiveShadows":false,"_id":"d81VvfkXlKvIQF/rG8cArg"},{"__type__":"cc.PrefabInfo","root":{"__id__":152},"asset":{"__uuid__":"ff98f246-e140-4262-8c38-a6e72b4ef3bc@d1932"},"fileId":"aehDUpO01Dp6pr4HLNiau8","sync":false,"_synced":{"default":false,"serializable":false}},{"__type__":"cc.Node","_name":"Cucco_body_2","_objFlags":0,"_parent":{"__id__":161},"_children":[],"_active":true,"_components":[{"__id__":169}],"_prefab":{"__id__":170},"_lpos":{"__type__":"cc.Vec3","x":0,"y":0,"z":0},"_lrot":{"__type__":"cc.Quat","x":0,"y":0,"z":0,"w":1},"_lscale":{"__type__":"cc.Vec3","x":1,"y":1,"z":1},"_layer":1073741824,"_euler":{"__type__":"cc.Vec3","x":0,"y":0,"z":0},"_id":"c037q2wkhFHrB9ZTHtq1Iu"},{"__type__":"cc.ModelComponent","_name":"","_objFlags":0,"node":{"__id__":168},"_enabled":true,"_materials":[{"__uuid__":"ff98f246-e140-4262-8c38-a6e72b4ef3bc@1d32d"}],"_visFlags":0,"_enableDynamicBatching":false,"_mesh":{"__uuid__":"ff98f246-e140-4262-8c38-a6e72b4ef3bc@803bb"},"_shadowCastingMode":0,"_receiveShadows":false,"_id":"05NH8hVnJLfY6OkAcKHsXm"},{"__type__":"cc.PrefabInfo","root":{"__id__":152},"asset":{"__uuid__":"ff98f246-e140-4262-8c38-a6e72b4ef3bc@d1932"},"fileId":"16wklJNqdPmaQJErDKNx/M","sync":false,"_synced":{"default":false,"serializable":false}},{"__type__":"cc.Node","_name":"Cucco_butt","_objFlags":0,"_parent":{"__id__":161},"_children":[{"__id__":172},{"__id__":175}],"_active":true,"_components":[],"_prefab":{"__id__":178},"_lpos":{"__type__":"cc.Vec3","x":0,"y":0,"z":0},"_lrot":{"__type__":"cc.Quat","x":0,"y":0,"z":0,"w":1},"_lscale":{"__type__":"cc.Vec3","x":1,"y":1,"z":1},"_layer":1073741824,"_euler":{"__type__":"cc.Vec3","x":0,"y":0,"z":0},"_id":"afDCReqdND85vdJ3foe2Ml"},{"__type__":"cc.Node","_name":"Cucco_butt_0","_objFlags":0,"_parent":{"__id__":171},"_children":[],"_active":true,"_components":[{"__id__":173}],"_prefab":{"__id__":174},"_lpos":{"__type__":"cc.Vec3","x":0,"y":0,"z":0},"_lrot":{"__type__":"cc.Quat","x":0,"y":0,"z":0,"w":1},"_lscale":{"__type__":"cc.Vec3","x":1,"y":1,"z":1},"_layer":1073741824,"_euler":{"__type__":"cc.Vec3","x":0,"y":0,"z":0},"_id":"f2NNT3Qa5AfYC3WX+/Irqo"},{"__type__":"cc.ModelComponent","_name":"","_objFlags":0,"node":{"__id__":172},"_enabled":true,"_materials":[{"__uuid__":"ff98f246-e140-4262-8c38-a6e72b4ef3bc@298a2"}],"_visFlags":0,"_enableDynamicBatching":false,"_mesh":{"__uuid__":"ff98f246-e140-4262-8c38-a6e72b4ef3bc@e5fc1"},"_shadowCastingMode":0,"_receiveShadows":false,"_id":"4dhrL5dRhET6ImTz0uU82i"},{"__type__":"cc.PrefabInfo","root":{"__id__":152},"asset":{"__uuid__":"ff98f246-e140-4262-8c38-a6e72b4ef3bc@d1932"},"fileId":"a7168ogKpP/5bqWucdenAO","sync":false,"_synced":{"default":false,"serializable":false}},{"__type__":"cc.Node","_name":"Cucco_butt_1","_objFlags":0,"_parent":{"__id__":171},"_children":[],"_active":true,"_components":[{"__id__":176}],"_prefab":{"__id__":177},"_lpos":{"__type__":"cc.Vec3","x":0,"y":0,"z":0},"_lrot":{"__type__":"cc.Quat","x":0,"y":0,"z":0,"w":1},"_lscale":{"__type__":"cc.Vec3","x":1,"y":1,"z":1},"_layer":1073741824,"_euler":{"__type__":"cc.Vec3","x":0,"y":0,"z":0},"_id":"61++2BbRlEIKMs5/O3Onzt"},{"__type__":"cc.ModelComponent","_name":"","_objFlags":0,"node":{"__id__":175},"_enabled":true,"_materials":[{"__uuid__":"ff98f246-e140-4262-8c38-a6e72b4ef3bc@1abfb"}],"_visFlags":0,"_enableDynamicBatching":false,"_mesh":{"__uuid__":"ff98f246-e140-4262-8c38-a6e72b4ef3bc@43738"},"_shadowCastingMode":0,"_receiveShadows":false,"_id":"96WkhcVe5MO41poB5Uj0Hv"},{"__type__":"cc.PrefabInfo","root":{"__id__":152},"asset":{"__uuid__":"ff98f246-e140-4262-8c38-a6e72b4ef3bc@d1932"},"fileId":"83tifpfmJF87ZX8XM5/3bv","sync":false,"_synced":{"default":false,"serializable":false}},{"__type__":"cc.PrefabInfo","root":{"__id__":152},"asset":{"__uuid__":"ff98f246-e140-4262-8c38-a6e72b4ef3bc@d1932"},"fileId":"90pJlLYchBM5pYwHWIEuav","sync":false,"_synced":{"default":false,"serializable":false}},{"__type__":"cc.Node","_name":"Cucco_eye","_objFlags":0,"_parent":{"__id__":161},"_children":[{"__id__":180},{"__id__":183}],"_active":true,"_components":[],"_prefab":{"__id__":186},"_lpos":{"__type__":"cc.Vec3","x":0,"y":0,"z":2.36631},"_lrot":{"__type__":"cc.Quat","x":0,"y":0,"z":0,"w":1},"_lscale":{"__type__":"cc.Vec3","x":1,"y":1,"z":1},"_layer":1073741824,"_euler":{"__type__":"cc.Vec3","x":0,"y":0,"z":0},"_id":"4a+j72deZNw7UAKNyK+JbD"},{"__type__":"cc.Node","_name":"Cucco_eye_0","_objFlags":0,"_parent":{"__id__":179},"_children":[],"_active":true,"_components":[{"__id__":181}],"_prefab":{"__id__":182},"_lpos":{"__type__":"cc.Vec3","x":0,"y":0,"z":0},"_lrot":{"__type__":"cc.Quat","x":0,"y":0,"z":0,"w":1},"_lscale":{"__type__":"cc.Vec3","x":1,"y":1,"z":1},"_layer":1073741824,"_euler":{"__type__":"cc.Vec3","x":0,"y":0,"z":0},"_id":"00QzORbGtKgZQefXq99maS"},{"__type__":"cc.ModelComponent","_name":"","_objFlags":0,"node":{"__id__":180},"_enabled":true,"_materials":[{"__uuid__":"ff98f246-e140-4262-8c38-a6e72b4ef3bc@1eac0"}],"_visFlags":0,"_enableDynamicBatching":false,"_mesh":{"__uuid__":"ff98f246-e140-4262-8c38-a6e72b4ef3bc@3b223"},"_shadowCastingMode":0,"_receiveShadows":false,"_id":"d0c2MAiQlBcqY9wjAyoOZQ"},{"__type__":"cc.PrefabInfo","root":{"__id__":152},"asset":{"__uuid__":"ff98f246-e140-4262-8c38-a6e72b4ef3bc@d1932"},"fileId":"dbpVgdEJ1N94JDt2IjZT8q","sync":false,"_synced":{"default":false,"serializable":false}},{"__type__":"cc.Node","_name":"Cucco_eye_1","_objFlags":0,"_parent":{"__id__":179},"_children":[],"_active":true,"_components":[{"__id__":184}],"_prefab":{"__id__":185},"_lpos":{"__type__":"cc.Vec3","x":0,"y":0,"z":0},"_lrot":{"__type__":"cc.Quat","x":0,"y":0,"z":0,"w":1},"_lscale":{"__type__":"cc.Vec3","x":1,"y":1,"z":1},"_layer":1073741824,"_euler":{"__type__":"cc.Vec3","x":0,"y":0,"z":0},"_id":"75KQFkO1dBjLK6xTLgoWij"},{"__type__":"cc.ModelComponent","_name":"","_objFlags":0,"node":{"__id__":183},"_enabled":true,"_materials":[{"__uuid__":"ff98f246-e140-4262-8c38-a6e72b4ef3bc@1043e"}],"_visFlags":0,"_enableDynamicBatching":false,"_mesh":{"__uuid__":"ff98f246-e140-4262-8c38-a6e72b4ef3bc@c092d"},"_shadowCastingMode":0,"_receiveShadows":false,"_id":"04O13qmmVGy5UIKwrXeW3z"},{"__type__":"cc.PrefabInfo","root":{"__id__":152},"asset":{"__uuid__":"ff98f246-e140-4262-8c38-a6e72b4ef3bc@d1932"},"fileId":"a5rk38+VVBgYaYQJekQhEw","sync":false,"_synced":{"default":false,"serializable":false}},{"__type__":"cc.PrefabInfo","root":{"__id__":152},"asset":{"__uuid__":"ff98f246-e140-4262-8c38-a6e72b4ef3bc@d1932"},"fileId":"6fw8eOrqFB36PVnhUbU2sz","sync":false,"_synced":{"default":false,"serializable":false}},{"__type__":"cc.PrefabInfo","root":{"__id__":152},"asset":{"__uuid__":"ff98f246-e140-4262-8c38-a6e72b4ef3bc@d1932"},"fileId":"e9KwpbGlREu6TXekZcqqMS","sync":false,"_synced":{"default":false,"serializable":false}},{"__type__":"cc.PrefabInfo","root":{"__id__":152},"asset":{"__uuid__":"ff98f246-e140-4262-8c38-a6e72b4ef3bc@d1932"},"fileId":"04hHqdnABBfLYrgh8W2hmi","sync":false,"_synced":{"default":false,"serializable":false}},{"__type__":"cc.PrefabInfo","root":{"__id__":152},"asset":{"__uuid__":"ff98f246-e140-4262-8c38-a6e72b4ef3bc@d1932"},"fileId":"9a7tY0NB9MX7xwAkTk9+8m","sync":false,"_synced":{"default":false,"serializable":false}},{"__type__":"cc.PrefabInfo","root":{"__id__":152},"asset":{"__uuid__":"ff98f246-e140-4262-8c38-a6e72b4ef3bc@d1932"},"fileId":"92Jpp9VyJGCLka9Jl6ml0F","sync":false,"_synced":{"default":false,"serializable":false}},{"__type__":"cc.AnimationComponent","_name":"chicken<AnimationComponent>","_objFlags":0,"node":{"__id__":152},"_enabled":true,"playOnLoad":true,"_clips":[{"__uuid__":"1e6f9d35-df10-433c-9bbb-872e942fc04e"},{"__uuid__":"0035130f-8d48-4d16-9496-97bb19f29f6d"}],"_defaultClip":{"__uuid__":"0035130f-8d48-4d16-9496-97bb19f29f6d"},"_id":"deN7eRK4xHfoAv6am7VPAc"},{"__type__":"cc.PrefabInfo","root":{"__id__":152},"asset":{"__uuid__":"ff98f246-e140-4262-8c38-a6e72b4ef3bc@d1932"},"fileId":"e14undg31Mv5aUFPgiUY3R","sync":false,"_synced":{}},{"__type__":"cc.Node","_name":"gameMgr","_objFlags":0,"_parent":{"__id__":1},"_children":[],"_active":true,"_components":[{"__id__":194}],"_prefab":null,"_lpos":{"__type__":"cc.Vec3","x":0,"y":0,"z":0},"_lrot":{"__type__":"cc.Quat","x":0,"y":0,"z":0,"w":1},"_lscale":{"__type__":"cc.Vec3","x":1,"y":1,"z":1},"_layer":1073741824,"_euler":{"__type__":"cc.Vec3","x":0,"y":0,"z":0},"_id":"0bdfSVWcNJ0ob38bjtvYRN"},{"__type__":"6adedwvgqlBOYzkqf31WL19","_name":"","_objFlags":0,"node":{"__id__":193},"_enabled":true,"camera":{"__id__":5},"node_gameover":{"__id__":195},"node_ball":{"__id__":138},"model_ball":{"__id__":144},"node_chicken":{"__id__":152},"lb_score":{"__id__":199},"_id":"9elmfZQRxPmKNczA2gEi4x"},{"__type__":"cc.Node","_name":"gameover","_objFlags":0,"_parent":{"__id__":196},"_children":[{"__id__":202},{"__id__":210}],"_active":true,"_components":[{"__id__":213}],"_prefab":null,"_lpos":{"__type__":"cc.Vec3","x":0,"y":0,"z":0},"_lrot":{"__type__":"cc.Quat","x":0,"y":0,"z":0,"w":1},"_lscale":{"__type__":"cc.Vec3","x":1,"y":1,"z":1},"_layer":1073741824,"_euler":{"__type__":"cc.Vec3","x":0,"y":0,"z":0},"_id":"51lDG5qfdM14He9oKGnhRB"},{"__type__":"cc.Node","_name":"New Canvas","_objFlags":0,"_parent":{"__id__":1},"_children":[{"__id__":197},{"__id__":195}],"_active":true,"_components":[{"__id__":200},{"__id__":201}],"_prefab":null,"_lpos":{"__type__":"cc.Vec3","x":480,"y":320,"z":1},"_lrot":{"__type__":"cc.Quat","x":0,"y":0,"z":0,"w":1},"_lscale":{"__type__":"cc.Vec3","x":1,"y":1,"z":1},"_layer":33554432,"_euler":{"__type__":"cc.Vec3","x":0,"y":0,"z":0},"_id":"d3z2rT9gNH0KlbCbU1vJFb"},{"__type__":"cc.Node","_name":"label_score","_objFlags":0,"_parent":{"__id__":196},"_children":[],"_active":true,"_components":[{"__id__":198},{"__id__":199}],"_prefab":null,"_lpos":{"__type__":"cc.Vec3","x":0,"y":371.798,"z":0},"_lrot":{"__type__":"cc.Quat","x":0,"y":0,"z":0,"w":1},"_lscale":{"__type__":"cc.Vec3","x":1,"y":1,"z":1},"_layer":33554432,"_euler":{"__type__":"cc.Vec3","x":0,"y":0,"z":0},"_id":"7aoQ4KQGpD87g2LwTDwxbo"},{"__type__":"cc.UITransformComponent","_name":"","_objFlags":0,"node":{"__id__":197},"_enabled":true,"_contentSize":{"__type__":"cc.Size","width":55.62,"height":100},"_anchorPoint":{"__type__":"cc.Vec2","x":0.5,"y":0.5},"_id":"4anVdXCMVI9bJCw34z1gKq"},{"__type__":"cc.LabelComponent","_name":"","_objFlags":0,"node":{"__id__":197},"_enabled":true,"_priority":0,"_srcBlendFactor":2,"_dstBlendFactor":4,"_color":{"__type__":"cc.Color","r":255,"g":255,"b":255,"a":255},"_sharedMaterial":null,"_useOriginalSize":true,"_string":"0","_horizontalAlign":0,"_verticalAlign":0,"_actualFontSize":100,"_fontSize":100,"_fontFamily":"Arial","_lineHeight":100,"_overflow":0,"_enableWrapText":true,"_font":null,"_isSystemFontUsed":true,"_isItalic":false,"_isBold":false,"_isUnderline":false,"_cacheMode":0,"_id":"2da86ngTlPSJq0yQxexLkj"},{"__type__":"cc.UITransformComponent","_name":"","_objFlags":0,"node":{"__id__":196},"_enabled":true,"_contentSize":{"__type__":"cc.Size","width":960,"height":640},"_anchorPoint":{"__type__":"cc.Vec2","x":0.5,"y":0.5},"_id":"e13jUx8p1NvaVrlixEmnqM"},{"__type__":"cc.CanvasComponent","_name":"","_objFlags":0,"node":{"__id__":196},"_enabled":true,"_priority":0,"_targetTexture":null,"_clearFlag":0,"_color":{"__type__":"cc.Color","r":0,"g":0,"b":0,"a":0},"_renderMode":0,"_id":"95XHmdMdNA0qjD4Yc9l7KW"},{"__type__":"cc.Node","_name":"New Button","_objFlags":0,"_parent":{"__id__":195},"_children":[{"__id__":203}],"_active":true,"_components":[{"__id__":206},{"__id__":207},{"__id__":208}],"_prefab":null,"_lpos":{"__type__":"cc.Vec3","x":0,"y":0,"z":0},"_lrot":{"__type__":"cc.Quat","x":0,"y":0,"z":0,"w":1},"_lscale":{"__type__":"cc.Vec3","x":1,"y":1,"z":1},"_layer":33554432,"_euler":{"__type__":"cc.Vec3","x":0,"y":0,"z":0},"_id":"deyFOvWqNNbZNkFnArGMNT"},{"__type__":"cc.Node","_name":"Label","_objFlags":0,"_parent":{"__id__":202},"_children":[],"_active":true,"_components":[{"__id__":204},{"__id__":205}],"_prefab":null,"_lpos":{"__type__":"cc.Vec3","x":0,"y":0,"z":0},"_lrot":{"__type__":"cc.Quat","x":0,"y":0,"z":0,"w":1},"_lscale":{"__type__":"cc.Vec3","x":1,"y":1,"z":1},"_layer":33554432,"_euler":{"__type__":"cc.Vec3","x":0,"y":0,"z":0},"_id":"1auFvvo9VDebMw51PlHORC"},{"__type__":"cc.UITransformComponent","_name":"","_objFlags":0,"node":{"__id__":203},"_enabled":true,"_contentSize":{"__type__":"cc.Size","width":160,"height":40},"_anchorPoint":{"__type__":"cc.Vec2","x":0.5,"y":0.5},"_id":"65ubRj1J5GY7GpxZN42Czl"},{"__type__":"cc.LabelComponent","_name":"","_objFlags":0,"node":{"__id__":203},"_enabled":true,"_priority":0,"_srcBlendFactor":2,"_dstBlendFactor":4,"_color":{"__type__":"cc.Color","r":0,"g":0,"b":0,"a":255},"_sharedMaterial":null,"_useOriginalSize":true,"_string":"开始游戏","_horizontalAlign":1,"_verticalAlign":1,"_actualFontSize":40,"_fontSize":40,"_fontFamily":"Arial","_lineHeight":40,"_overflow":0,"_enableWrapText":false,"_font":null,"_isSystemFontUsed":true,"_isItalic":false,"_isBold":false,"_isUnderline":false,"_cacheMode":0,"_id":"16hQt3JTtBELANZxAaP83/"},{"__type__":"cc.UITransformComponent","_name":"","_objFlags":0,"node":{"__id__":202},"_enabled":true,"_contentSize":{"__type__":"cc.Size","width":200,"height":100},"_anchorPoint":{"__type__":"cc.Vec2","x":0.5,"y":0.5},"_id":"4cLXn2NJdHCLir1ObWB0Y/"},{"__type__":"cc.SpriteComponent","_name":"","_objFlags":0,"node":{"__id__":202},"_enabled":true,"_priority":0,"_srcBlendFactor":2,"_dstBlendFactor":4,"_color":{"__type__":"cc.Color","r":255,"g":255,"b":255,"a":255},"_sharedMaterial":null,"_spriteFrame":{"__uuid__":"20835ba4-6145-4fbc-a58a-051ce700aa3e@f9941"},"_type":1,"_fillType":0,"_sizeMode":0,"_fillCenter":{"__type__":"cc.Vec2","x":0,"y":0},"_fillStart":0,"_fillRange":0,"_isTrimmedMode":true,"_useGrayscale":false,"_atlas":null,"_id":"90dfjO8pJOcqOf+LRAp1hi"},{"__type__":"cc.ButtonComponent","_name":"","_objFlags":0,"node":{"__id__":202},"_enabled":true,"clickEvents":[{"__id__":209}],"_interactable":true,"_transition":2,"_normalColor":{"__type__":"cc.Color","r":214,"g":214,"b":214,"a":255},"_hoverColor":{"__type__":"cc.Color","r":211,"g":211,"b":211,"a":255},"_pressColor":{"__type__":"cc.Color","r":255,"g":255,"b":255,"a":255},"_disabledColor":{"__type__":"cc.Color","r":124,"g":124,"b":124,"a":255},"_normalSprite":{"__uuid__":"20835ba4-6145-4fbc-a58a-051ce700aa3e@f9941"},"_hoverSprite":{"__uuid__":"20835ba4-6145-4fbc-a58a-051ce700aa3e@f9941"},"_pressedSprite":{"__uuid__":"544e49d6-3f05-4fa8-9a9e-091f98fc2ce8@f9941"},"_disabledSprite":{"__uuid__":"951249e0-9f16-456d-8b85-a6ca954da16b@f9941"},"_duration":0.1,"_zoomScale":1.2,"_target":{"__id__":202},"_id":"96pVo2ETdFEYEXBCcXmeT9"},{"__type__":"cc.ClickEvent","target":{"__id__":193},"component":"","_componentId":"6adedwvgqlBOYzkqf31WL19","handler":"resetGame","customEventData":""},{"__type__":"cc.Node","_name":"New Sprite","_objFlags":0,"_parent":{"__id__":195},"_children":[],"_active":true,"_components":[{"__id__":211},{"__id__":212}],"_prefab":null,"_lpos":{"__type__":"cc.Vec3","x":241.53300000000002,"y":-534.629,"z":0},"_lrot":{"__type__":"cc.Quat","x":0,"y":0,"z":0,"w":1},"_lscale":{"__type__":"cc.Vec3","x":1,"y":1,"z":1},"_layer":33554432,"_euler":{"__type__":"cc.Vec3","x":0,"y":0,"z":0},"_id":"75DL7BU8JL2avmxtVwsJaA"},{"__type__":"cc.UITransformComponent","_name":"","_objFlags":0,"node":{"__id__":210},"_enabled":true,"_contentSize":{"__type__":"cc.Size","width":258,"height":258},"_anchorPoint":{"__type__":"cc.Vec2","x":0.5,"y":0.5},"_id":"0brFe60g9DUrk3RpyIpuJg"},{"__type__":"cc.SpriteComponent","_name":"","_objFlags":0,"node":{"__id__":210},"_enabled":true,"_priority":0,"_srcBlendFactor":2,"_dstBlendFactor":4,"_color":{"__type__":"cc.Color","r":255,"g":255,"b":255,"a":255},"_sharedMaterial":null,"_spriteFrame":{"__uuid__":"def6d499-68df-4467-bd1e-840496a7c745@f9941"},"_type":0,"_fillType":0,"_sizeMode":2,"_fillCenter":{"__type__":"cc.Vec2","x":0,"y":0},"_fillStart":0,"_fillRange":0,"_isTrimmedMode":true,"_useGrayscale":false,"_atlas":null,"_id":"07a7J/6LREMILzxjJDd9Bo"},{"__type__":"cc.UITransformComponent","_name":"","_objFlags":0,"node":{"__id__":195},"_enabled":true,"_contentSize":{"__type__":"cc.Size","width":100,"height":100},"_anchorPoint":{"__type__":"cc.Vec2","x":0.5,"y":0.5},"_id":"6b/Sg5mzVJzqsn3Y7jJYFa"},{"__type__":"cc.SceneGlobals","ambient":{"__id__":215},"skybox":{"__id__":216},"planarShadows":{"__id__":217}},{"__type__":"cc.AmbientInfo","_skyColor":{"__type__":"cc.Color","r":51,"g":128,"b":204,"a":1},"_skyIllum":20000,"_groundAlbedo":{"__type__":"cc.Color","r":51,"g":51,"b":51,"a":255}},{"__type__":"cc.SkyboxInfo","_envmap":null,"_isRGBE":false,"_enabled":false,"_useIBL":false},{"__type__":"cc.PlanarShadowInfo","_enabled":false,"_normal":{"__type__":"cc.Vec3","x":0,"y":1,"z":0},"_distance":0,"_shadowColor":{"__type__":"cc.Color","r":0,"g":0,"b":0,"a":76}}]