{
  "excludeScenes": [],
  "orientation": {
    "landscapeLeft": true,
    "landscapeRight": true,
    "portrait": false,
    "upsideDown": false
  },
  "packageName": "org.cocos2d.helloworld",
  "startScene": "408b2dcc-e7a3-4d98-b746-dd7e0b68d416",
  "title": "lamyoung-com",
  "webOrientation": "auto",
  "includeSDKBox": false,
  "inlineSpriteFrames": true,
  "inlineSpriteFrames_native": true,
  "mergeStartScene": false,
  "optimizeHotUpdate": false,
  "md5Cache": true,
  "encryptJs": true,
  "xxteaKey": "d2ebce7e-4584-47",
  "zipCompressJs": true,
  "fb-instant-games": {},
  "android": {
    "packageName": "org.cocos2d.demo"
  },
  "ios": {
    "packageName": "org.cocos2d.demo"
  },
  "mac": {
    "packageName": "org.cocos2d.demo"
  },
  "win32": {},
  "android-instant": {
    "REMOTE_SERVER_ROOT": "",
    "host": "",
    "packageName": "org.cocos2d.demo",
    "pathPattern": "",
    "recordPath": "",
    "scheme": "https",
    "skipRecord": false
  },
  "appBundle": false
}
