[
  {
    "__type__": "cc.AnimationClip",
    "_name": "chicken_idle",
    "_objFlags": 0,
    "_native": "",
    "sample": 60,
    "speed": 0.5,
    "wrapMode": 22,
    "_curves": [
      {
        "modifiers": [
          {
            "__id__": 1
          },
          "eulerAngles"
        ],
        "data": {
          "keys": 0,
          "values": [
            {
              "__type__": "cc.Vec3",
              "x": -90,
              "y": -10,
              "z": 0
            },
            {
              "__type__": "cc.Vec3",
              "x": -90,
              "y": 10,
              "z": 0
            }
          ],
          "easingMethods": [
            null,
            null
          ]
        }
      }
    ],
    "events": [],
    "_duration": 0.16666666666666666,
    "_keys": [
      [
        0,
        0.16666666666666666
      ]
    ],
    "_stepness": 0
  },
  {
    "__type__": "cc.HierachyModifier",
    "path": "RootNode (gltf orientation matrix)"
  }
]