{
  "f8e6b000-5643-4b86-9080-aa680ce1f599": {
    "asset": 1536904917164,
    "meta": 1530695500000,
    "relativePath": "image"
  },
  "fc09f9bd-2cce-4605-b630-8145ef809ed6": {
    "asset": 1536904853889,
    "meta": 1530695500000,
    "relativePath": "misc"
  },
  "2be36297-9abb-4fee-8049-9ed5e271da8a": {
    "asset": 1530695500000,
    "meta": 1530695500000,
    "relativePath": "misc\\default_video.mp4"
  },
  "f6e6dd15-71d1-4ffe-ace7-24fd39942c05": {
    "asset": 1536904867155,
    "meta": 1530695500000,
    "relativePath": "obsolete"
  },
  "b8223619-7e38-47c4-841f-9160c232495a": {
    "asset": 1530695500000,
    "meta": 1530695500000,
    "relativePath": "obsolete\\atom.plist"
  },
  "f743d2b6-b7ea-4c14-a55b-547ed4d0a045": {
    "asset": 1536904853928,
    "meta": 1530695500000,
    "relativePath": "particle"
  },
  "b2687ac4-099e-403c-a192-ff477686f4f5": {
    "asset": 1530695500000,
    "meta": 1530695500000,
    "relativePath": "particle\\atom.plist"
  },
  "ae6c6c98-11e4-452f-8758-75f5c6a56e83": {
    "asset": 1536905018425,
    "meta": 1530695500000,
    "relativePath": "prefab"
  },
  "8de0600f-0d16-4c3d-9ab9-6f7fd267d4d0": {
    "asset": 1567665270545,
    "meta": 1519041796416,
    "relativePath": "FindGame"
  },
  "a3579c1b-1833-46ef-9566-966966bccbe4": {
    "asset": 1567665270534,
    "meta": 1519041817298,
    "relativePath": "FindGame\\scenes"
  },
  "24081a18-4201-4de3-836b-a4067be90187": {
    "asset": 1567666823235,
    "meta": 1567666823261,
    "relativePath": "FindGame\\scenes\\FindGame_Main.fire"
  },
  "79aad68a-6a75-4f09-9465-aeea75e3b716": {
    "asset": 1530771455486,
    "meta": 1530771455520,
    "relativePath": "FindGame\\scenes\\FindGame_Start.fire"
  },
  "2d069219-49d6-44b3-b3a9-1632377498d4": {
    "asset": 1567665270658,
    "meta": 1519041824248,
    "relativePath": "FindGame\\scripts"
  },
  "2b028058-0df0-4132-a155-31951221880a": {
    "asset": 1567665270639,
    "meta": 1519295886117,
    "relativePath": "FindGame\\scripts\\ai"
  },
  "b82cf42e-bc1f-4551-9419-5b532de319e7": {
    "asset": 1518439625976,
    "meta": 1519548420269,
    "relativePath": "FindGame\\scripts\\cb.js"
  },
  "09fbc802-9318-4031-8fa2-1245e8a0d25d": {
    "asset": 1519282828058,
    "meta": 1519548420521,
    "relativePath": "FindGame\\scripts\\ItemCell.js"
  },
  "3a899cae-c84d-410d-8245-ea31d103d079": {
    "asset": 1567665270656,
    "meta": 1519295886126,
    "relativePath": "FindGame\\scripts\\message"
  },
  "ac9391db-bee3-4375-bd17-6ded6e9edbcb": {
    "asset": 1519099410196,
    "meta": 1519548420559,
    "relativePath": "FindGame\\scripts\\Layer.js"
  },
  "934d1b5a-5c46-470f-afe3-9fa16ad104b9": {
    "asset": 1517646770000,
    "meta": 1519295886128,
    "relativePath": "FindGame\\scripts\\message\\games.message.proto"
  },
  "9aabb16d-e548-4a2a-b739-fc40a24c51ce": {
    "asset": 1517998898804,
    "meta": 1519548420571,
    "relativePath": "FindGame\\scripts\\message\\games.message.js"
  },
  "40252d8d-106e-4a5d-a6ee-fca7da906ef0": {
    "asset": 1567665270685,
    "meta": 1519046826667,
    "relativePath": "FindGame\\scripts\\tableView"
  },
  "b08457b8-ee83-429a-8018-3af58c0cc59e": {
    "asset": 1517999029435,
    "meta": 1519548420811,
    "relativePath": "FindGame\\scripts\\message\\msgdef.js"
  },
  "bcf36ed2-b56f-46ea-8668-0884a3b0c8b6": {
    "asset": 1519046826646,
    "meta": 1519548421024,
    "relativePath": "FindGame\\scripts\\tableView\\tableview.js"
  },
  "59266596-0f32-4ee7-9b8d-5ece1c08e2d4": {
    "asset": 1519046826641,
    "meta": 1519548421228,
    "relativePath": "FindGame\\scripts\\tableView\\tableview2.js"
  },
  "b5a06718-8805-4775-9a87-b7bd8788c047": {
    "asset": 1519046826647,
    "meta": 1519548421539,
    "relativePath": "FindGame\\scripts\\tableView\\tableview3.js"
  },
  "88ba15bc-555e-4116-a30e-f8290c3105e5": {
    "asset": 1519046826643,
    "meta": 1519548421682,
    "relativePath": "FindGame\\scripts\\tableView\\tableview4.js"
  },
  "2488e232-1b83-4692-aeb9-ea88a59f479b": {
    "asset": 1519046826648,
    "meta": 1519548421701,
    "relativePath": "FindGame\\scripts\\tableView\\tableview5.js"
  },
  "30f78bf9-ec3b-4325-a051-5494874132e5": {
    "asset": 1519046826654,
    "meta": 1519548421704,
    "relativePath": "FindGame\\scripts\\tableView\\viewCell.js"
  },
  "141f2354-b514-4758-9b9c-6a6af53bc2fe": {
    "asset": 1567665270695,
    "meta": 1519042041321,
    "relativePath": "resources"
  },
  "9690a742-e511-454c-8e08-eab5f8dfb2ba": {
    "asset": 1567665270754,
    "meta": 1519042075857,
    "relativePath": "resources\\FindGame"
  },
  "e1c647cb-189f-47c5-9739-acad763c6127": {
    "asset": 1567665270711,
    "meta": 1519042101884,
    "relativePath": "resources\\FindGame\\prefabs"
  },
  "f10b0be7-1c07-497c-9009-ef5b46e5ce8c": {
    "asset": 1567665270752,
    "meta": 1519042114018,
    "relativePath": "resources\\FindGame\\sounds"
  },
  "aeefc3c3-ee13-4a3c-93e3-7d4ce9d6524e": {
    "asset": 1567665271126,
    "meta": 1519181778731,
    "relativePath": "resources\\FindGame\\textures"
  },
  "09d33d23-9003-4a50-8f71-1878ce97f70d": {
    "asset": 1530775412834,
    "meta": 1530775412864,
    "relativePath": "resources\\FindGame\\prefabs\\item.prefab"
  },
  "2b236e46-8ac9-4fcc-9d96-70680f343df8": {
    "asset": 1519182060396,
    "meta": 1519548422167,
    "relativePath": "resources\\FindGame\\textures\\again.png"
  },
  "3861149f-780f-486a-a567-87d057393575": {
    "asset": 1519182060397,
    "meta": 1519548422195,
    "relativePath": "resources\\FindGame\\textures\\find.png"
  },
  "9952cb0b-ad29-4725-ae8d-ad65fcf81361": {
    "asset": 1519265579865,
    "meta": 1519548422210,
    "relativePath": "resources\\FindGame\\textures\\error.png"
  },
  "664eee68-b000-4439-adfa-9845c010a524": {
    "asset": 1519278511362,
    "meta": 1519548422225,
    "relativePath": "resources\\FindGame\\textures\\lose.png"
  },
  "05b0b22b-6610-47cc-b97e-688b14d8c4b9": {
    "asset": 1519213801677,
    "meta": 1519548422229,
    "relativePath": "resources\\FindGame\\textures\\findtools.png"
  },
  "0494842d-55b1-4388-9819-b7ddedd23d37": {
    "asset": 1519182060395,
    "meta": 1519548422257,
    "relativePath": "resources\\FindGame\\textures\\return.png"
  },
  "8e865863-e0b5-4900-a062-53dc4a28d571": {
    "asset": 1519278511362,
    "meta": 1519548422273,
    "relativePath": "resources\\FindGame\\textures\\win.png"
  },
  "e0040932-f732-4892-8751-52bb675013a0": {
    "asset": 1519264848728,
    "meta": 1519548422276,
    "relativePath": "resources\\FindGame\\textures\\selected.png"
  },
  "add1d6ea-b827-4c44-9e54-330bb966fe49": {
    "asset": 1519554135198,
    "meta": 1519554135227,
    "relativePath": "resources\\FindGame\\textures\\findbg.png"
  },
  "2cae2d99-c99e-4240-8aa3-386de2f864c0": {
    "asset": 1519555443396,
    "meta": 1519555443431,
    "relativePath": "resources\\FindGame\\textures\\dialog.png"
  },
  "47d3fcfe-9218-45e4-8d94-67b5b4a02d5e": {
    "asset": 1519555487359,
    "meta": 1519555754133,
    "relativePath": "FindGame\\scripts\\FindGame_Net.js"
  },
  "4f1aa1e7-e6c3-4e65-b6bc-7992d156f85d": {
    "asset": 1519556660479,
    "meta": 1519556660513,
    "relativePath": "resources\\FindGame\\textures\\dialoground.png"
  },
  "649e8503-1243-4ce2-9553-1a5c305ae253": {
    "asset": 1519739195534,
    "meta": 1519739195571,
    "relativePath": "resources\\FindGame\\textures\\myHerd.png"
  },
  "088aed38-8677-4636-9373-5d1ff2e21099": {
    "asset": 1519739230846,
    "meta": 1519739230886,
    "relativePath": "resources\\FindGame\\textures\\oppositeHerd.png"
  },
  "b2f451a1-d0a9-4335-ac52-ba3c53aaf56e": {
    "asset": 1519740707496,
    "meta": 1519740707540,
    "relativePath": "resources\\FindGame\\textures\\deuce.png"
  },
  "9ce82d63-23ce-4e37-8ac4-42ce563b009c": {
    "asset": 1521528778295,
    "meta": 1521528778386,
    "relativePath": "resources\\FindGame\\textures\\time.png"
  },
  "29bd99c3-75a0-4797-8052-f9c01df704ed": {
    "asset": 1521530120691,
    "meta": 1521530120974,
    "relativePath": "resources\\FindGame\\textures\\21.png"
  },
  "f3d81c70-9a78-44da-bafa-4856a80fecf2": {
    "asset": 1521530487739,
    "meta": 1521530487921,
    "relativePath": "resources\\FindGame\\textures\\24.png"
  },
  "526effaf-22e5-4e3b-86c6-22ab93b3a24f": {
    "asset": 1521530487740,
    "meta": 1521530487930,
    "relativePath": "resources\\FindGame\\textures\\22.png"
  },
  "eba17ef8-1706-4693-a9ee-cb1775b3732d": {
    "asset": 1521530487742,
    "meta": 1521530487954,
    "relativePath": "resources\\FindGame\\textures\\25.png"
  },
  "7658d000-4a23-4d4a-b1cf-4b0ad8428947": {
    "asset": 1521530487743,
    "meta": 1521530487959,
    "relativePath": "resources\\FindGame\\textures\\23.png"
  },
  "a75bf299-47ab-4a85-a6af-d8c4f90b71d8": {
    "asset": 1521530487735,
    "meta": 1521530487997,
    "relativePath": "resources\\FindGame\\textures\\26.png"
  },
  "9103ce60-a9bc-4484-b0d2-c4797a20a708": {
    "asset": 1521535560010,
    "meta": 1521535639123,
    "relativePath": "FindGame\\scripts\\ai\\FindGame_AI.js"
  },
  "71561142-4c83-4933-afca-cb7a17f67053": {
    "asset": 1530695500000,
    "meta": 1569376218043,
    "relativePath": "image\\default_btn_disabled.png"
  },
  "e851e89b-faa2-4484-bea6-5c01dd9f06e2": {
    "asset": 1530695500000,
    "meta": 1569376218046,
    "relativePath": "image\\default_btn_normal.png"
  },
  "b43ff3c2-02bb-4874-81f7-f2dea6970f18": {
    "asset": 1530695500000,
    "meta": 1569376218062,
    "relativePath": "image\\default_btn_pressed.png"
  },
  "d81ec8ad-247c-4e62-aa3c-d35c4193c7af": {
    "asset": 1530695500000,
    "meta": 1569376218061,
    "relativePath": "image\\default_panel.png"
  },
  "99170b0b-d210-46f1-b213-7d9e3f23098a": {
    "asset": 1530695500000,
    "meta": 1569376218076,
    "relativePath": "image\\default_progressbar_bg.png"
  },
  "cfef78f1-c8df-49b7-8ed0-4c953ace2621": {
    "asset": 1530695500000,
    "meta": 1569376218072,
    "relativePath": "image\\default_progressbar.png"
  },
  "567dcd80-8bf4-4535-8a5a-313f1caf078a": {
    "asset": 1530695500000,
    "meta": 1569376218088,
    "relativePath": "image\\default_radio_button_off.png"
  },
  "9d60001f-b5f4-4726-a629-2659e3ded0b8": {
    "asset": 1530695500000,
    "meta": 1569376218090,
    "relativePath": "image\\default_radio_button_on.png"
  },
  "617323dd-11f4-4dd3-8eec-0caf6b3b45b9": {
    "asset": 1530695500000,
    "meta": 1569376218103,
    "relativePath": "image\\default_scrollbar_vertical_bg.png"
  },
  "4bab67cb-18e6-4099-b840-355f0473f890": {
    "asset": 1530695500000,
    "meta": 1569376218099,
    "relativePath": "image\\default_scrollbar_bg.png"
  },
  "d6d3ca85-4681-47c1-b5dd-d036a9d39ea2": {
    "asset": 1530695500000,
    "meta": 1569376218113,
    "relativePath": "image\\default_scrollbar_vertical.png"
  },
  "0291c134-b3da-4098-b7b5-e397edbe947f": {
    "asset": 1530695500000,
    "meta": 1569376218118,
    "relativePath": "image\\default_scrollbar.png"
  },
  "0275e94c-56a7-410f-bd1a-fc7483f7d14a": {
    "asset": 1530695500000,
    "meta": 1569376218128,
    "relativePath": "image\\default_sprite_splash.png"
  },
  "6e056173-d285-473c-b206-40a7fff5386e": {
    "asset": 1530695500000,
    "meta": 1569376218131,
    "relativePath": "image\\default_sprite.png"
  },
  "c25b9d50-c8fc-4d27-beeb-6e7c1f2e5c0f": {
    "asset": 1530695500000,
    "meta": 1569376218143,
    "relativePath": "image\\default_toggle_disabled.png"
  },
  "73a0903d-d80e-4e3c-aa67-f999543c08f5": {
    "asset": 1530695500000,
    "meta": 1569376218140,
    "relativePath": "image\\default_toggle_checkmark.png"
  },
  "d29077ba-1627-4a72-9579-7b56a235340c": {
    "asset": 1530695500000,
    "meta": 1569376218153,
    "relativePath": "image\\default_toggle_normal.png"
  },
  "b181c1e4-0a72-4a91-bfb0-ae6f36ca60bd": {
    "asset": 1530695500000,
    "meta": 1569376218156,
    "relativePath": "image\\default_toggle_pressed.png"
  },
  "972b9a4d-47ee-4c74-b5c3-61d8a69bc29f": {
    "asset": 1530695500000,
    "meta": 1569376218163,
    "relativePath": "prefab\\button.prefab"
  },
  "2c937608-2562-40ea-b264-7395df6f0cea": {
    "asset": 1530695500000,
    "meta": 1569376218165,
    "relativePath": "prefab\\canvas.prefab"
  },
  "61aeb05b-3b32-452b-8eed-2b76deeed554": {
    "asset": 1530695500000,
    "meta": 1569376218169,
    "relativePath": "prefab\\editbox.prefab"
  },
  "27756ebb-3d33-44b0-9b96-e858fadd4dd4": {
    "asset": 1530695500000,
    "meta": 1569376218170,
    "relativePath": "prefab\\label.prefab"
  },
  "785a442c-3ceb-45be-a46e-7317f625f3b9": {
    "asset": 1530695500000,
    "meta": 1569376218175,
    "relativePath": "prefab\\layout.prefab"
  },
  "ca8401fe-ad6e-41a8-bd46-8e3e4e9945be": {
    "asset": 1530695500000,
    "meta": 1569376218177,
    "relativePath": "prefab\\pageview.prefab"
  },
  "cd33edea-55f5-46c2-958d-357a01384a36": {
    "asset": 1530695500000,
    "meta": 1569376218184,
    "relativePath": "prefab\\particlesystem.prefab"
  },
  "5965ffac-69da-4b55-bcde-9225d0613c28": {
    "asset": 1530695500000,
    "meta": 1569376218183,
    "relativePath": "prefab\\progressBar.prefab"
  },
  "4a37dd57-78cd-4cec-aad4-f11a73d12b63": {
    "asset": 1530695500000,
    "meta": 1569376218190,
    "relativePath": "prefab\\richtext.prefab"
  },
  "32044bd2-481f-4cf1-a656-e2b2fb1594eb": {
    "asset": 1530695500000,
    "meta": 1569376218191,
    "relativePath": "prefab\\scrollview.prefab"
  },
  "0004d1cf-a0ad-47d8-ab17-34d3db9d35a3": {
    "asset": 1530695500000,
    "meta": 1569376218198,
    "relativePath": "prefab\\slider.prefab"
  },
  "1f55e3be-b89b-4b79-88de-47fd31018044": {
    "asset": 1530695500000,
    "meta": 1569376218196,
    "relativePath": "prefab\\sprite_splash.prefab"
  },
  "96083d03-c332-4a3f-9386-d03e2d19e8ee": {
    "asset": 1530695500000,
    "meta": 1569376218204,
    "relativePath": "prefab\\sprite.prefab"
  },
  "7de03a80-4457-438d-95a7-3e7cdffd6086": {
    "asset": 1530695500000,
    "meta": 1569376218206,
    "relativePath": "prefab\\tiledmap.prefab"
  },
  "bf0a434c-84dd-4a8e-a08a-7a36f180cc75": {
    "asset": 1530695500000,
    "meta": 1569376218212,
    "relativePath": "prefab\\toggleContainer.prefab"
  },
  "0d784963-d024-4ea6-a7db-03be0ad63010": {
    "asset": 1530695500000,
    "meta": 1569376218210,
    "relativePath": "prefab\\toggle.prefab"
  },
  "d1b8be49-b0a0-435c-83b7-552bed4bbe35": {
    "asset": 1530695500000,
    "meta": 1569376218220,
    "relativePath": "prefab\\toggleGroup.prefab"
  },
  "232d2782-c4bd-4bb4-9e01-909f03d6d3b9": {
    "asset": 1530695500000,
    "meta": 1569376218218,
    "relativePath": "prefab\\videoplayer.prefab"
  },
  "8c5001fd-07ee-4a4b-a8a0-63e15195e94d": {
    "asset": 1530695500000,
    "meta": 1569376218223,
    "relativePath": "prefab\\webview.prefab"
  },
  "f05e713c-ab19-4321-bf95-e0aa091abd74": {
    "asset": 1530763612139,
    "meta": 1530763612264,
    "relativePath": "resources\\FindGame\\textures\\gamebg.jpg"
  },
  "4a60dd03-47b5-4287-ac0d-f72d35a1a819": {
    "asset": 1530769901609,
    "meta": 1530769901703,
    "relativePath": "resources\\FindGame\\textures\\begin.png"
  },
  "17dd4828-2654-43f3-b8db-8163860d46c5": {
    "asset": 1530771257274,
    "meta": 1530771257616,
    "relativePath": "resources\\FindGame\\textures\\rank.png"
  },
  "8d294c7f-68ad-47db-afbb-eb6257772e3d": {
    "asset": 1530771266233,
    "meta": 1530771266269,
    "relativePath": "resources\\FindGame\\textures\\share.png"
  },
  "2b74b5b8-59f9-4b55-b332-152123c80ff3": {
    "asset": 1530771646166,
    "meta": 1530771646223,
    "relativePath": "resources\\FindGame\\textures\\backgroud.jpg"
  },
  "75d69832-02b3-4776-b490-b41c7ae6132a": {
    "asset": 1530774318440,
    "meta": 1530774319176,
    "relativePath": "resources\\FindGame\\textures\\5.png"
  },
  "27ed4361-db5d-4392-994d-31420d9d01b7": {
    "asset": 1530774318440,
    "meta": 1530774319185,
    "relativePath": "resources\\FindGame\\textures\\2.png"
  },
  "008bfbd0-421a-47e4-a094-2579858812bc": {
    "asset": 1530774318439,
    "meta": 1530774319224,
    "relativePath": "resources\\FindGame\\textures\\1.png"
  },
  "50c749af-3ef2-4659-a8a6-778e86191fa7": {
    "asset": 1530774318442,
    "meta": 1530774319236,
    "relativePath": "resources\\FindGame\\textures\\6.png"
  },
  "e0f2e515-d279-44d2-a223-df548cc35b0c": {
    "asset": 1530774318444,
    "meta": 1530774319294,
    "relativePath": "resources\\FindGame\\textures\\4.png"
  },
  "6f3d6047-646d-49c7-9648-c9fad5016edd": {
    "asset": 1530774318446,
    "meta": 1530774319302,
    "relativePath": "resources\\FindGame\\textures\\9.png"
  },
  "ea177dae-a11d-497b-9f5a-632d4998afec": {
    "asset": 1530774318445,
    "meta": 1530774319340,
    "relativePath": "resources\\FindGame\\textures\\7.png"
  },
  "5aea3691-099f-4e32-adbb-a12a1b2c1125": {
    "asset": 1530774318446,
    "meta": 1530774319351,
    "relativePath": "resources\\FindGame\\textures\\8.png"
  },
  "72c5e5cb-2bf7-4667-8eb7-bee232fda536": {
    "asset": 1530774318449,
    "meta": 1530774319385,
    "relativePath": "resources\\FindGame\\textures\\12.png"
  },
  "dec0166c-47ab-40b2-af7c-d937013a11f4": {
    "asset": 1530774318448,
    "meta": 1530774319395,
    "relativePath": "resources\\FindGame\\textures\\17.png"
  },
  "5e795a77-11e1-4822-992c-c5859968c297": {
    "asset": 1530774318448,
    "meta": 1530774319429,
    "relativePath": "resources\\FindGame\\textures\\3.png"
  },
  "e7fa202e-650c-4c02-8229-258d7d9fae38": {
    "asset": 1530774318452,
    "meta": 1530774319442,
    "relativePath": "resources\\FindGame\\textures\\15.png"
  },
  "6847f626-477a-43fc-b0a0-8bcd46c4a53e": {
    "asset": 1530774318453,
    "meta": 1530774319491,
    "relativePath": "resources\\FindGame\\textures\\20.png"
  },
  "1400d920-f9c0-40f7-9577-d36598c3383d": {
    "asset": 1530774318450,
    "meta": 1530774319502,
    "relativePath": "resources\\FindGame\\textures\\11.png"
  },
  "a2676141-2f8a-4819-9592-3d4c1e3367c0": {
    "asset": 1530774318454,
    "meta": 1530774319572,
    "relativePath": "resources\\FindGame\\textures\\16.png"
  },
  "4066e58d-7e89-4e39-a66c-f9d22412216b": {
    "asset": 1530774318456,
    "meta": 1530774319579,
    "relativePath": "resources\\FindGame\\textures\\13.png"
  },
  "1ad25078-d3e1-4df6-a13e-ac8ba05634b5": {
    "asset": 1530774318456,
    "meta": 1530774319623,
    "relativePath": "resources\\FindGame\\textures\\10.png"
  },
  "420eb39e-5181-40d1-bf34-3af6b0ab15b9": {
    "asset": 1530774318455,
    "meta": 1530774319628,
    "relativePath": "resources\\FindGame\\textures\\14.png"
  },
  "f869e344-41d3-4ab0-8c54-40dc68c77560": {
    "asset": 1530774318458,
    "meta": 1530774319661,
    "relativePath": "resources\\FindGame\\textures\\19.png"
  },
  "6efc7e64-fa8a-4838-b167-587d3dba5df5": {
    "asset": 1530774318460,
    "meta": 1530774319669,
    "relativePath": "resources\\FindGame\\textures\\18.png"
  },
  "2116e1e1-a258-4535-99f1-6ebaa1e220fe": {
    "asset": 1531323173416,
    "meta": 1531323804448,
    "relativePath": "FindGame\\scripts\\FindGame_Start.js"
  },
  "65c15c3f-6796-4399-9dfb-a6c732795164": {
    "asset": 1531324237062,
    "meta": 1531324239409,
    "relativePath": "FindGame\\scripts\\FindGame_Main.js"
  },
  "d23d4b17-b565-409d-8d70-85210fee1099": {
    "asset": 1531635175483,
    "meta": 1567665615934,
    "relativePath": "FindGame\\scripts\\AudioMgr.js"
  },
  "815cb537-63a4-4867-9405-5ac88a80c27f": {
    "asset": 1531636832056,
    "meta": 1531636832066,
    "relativePath": "resources\\FindGame\\sounds\\main.mp3"
  },
  "18ed8e65-4d09-4e6e-8e8f-305b5474487d": {
    "asset": 1531636533432,
    "meta": 1531636533440,
    "relativePath": "resources\\FindGame\\sounds\\select.wav"
  },
  "ef4cfa98-2eea-416f-ad3e-8e0f74d5e81e": {
    "asset": 1531653180389,
    "meta": 1567665616009,
    "relativePath": "resources\\FindGame\\textures\\27.png"
  },
  "4dde7690-599f-42a5-830b-28e6fdb3f97f": {
    "asset": 1531653180389,
    "meta": 1567665616011,
    "relativePath": "resources\\FindGame\\textures\\28.png"
  },
  "c20c331b-5aee-41bc-99d2-abd93b31c246": {
    "asset": 1531653180382,
    "meta": 1567665616027,
    "relativePath": "resources\\FindGame\\textures\\30.png"
  },
  "b4911a43-427a-4b00-ba17-b192e651dbf9": {
    "asset": 1531653180390,
    "meta": 1567665616029,
    "relativePath": "resources\\FindGame\\textures\\29.png"
  },
  "dc853293-1c8f-40a4-a762-7514afe9599c": {
    "asset": 1531653180383,
    "meta": 1567665616046,
    "relativePath": "resources\\FindGame\\textures\\32.png"
  },
  "6c87d7ba-023e-4105-b4d1-46a1ca8a744d": {
    "asset": 1531653180383,
    "meta": 1567665616051,
    "relativePath": "resources\\FindGame\\textures\\31.png"
  },
  "95536378-ad8c-4719-9565-9babf5e03979": {
    "asset": 1531653180384,
    "meta": 1567665616067,
    "relativePath": "resources\\FindGame\\textures\\33.png"
  },
  "e34df918-c23c-40cc-9dca-aebf2ea18e41": {
    "asset": 1531653180385,
    "meta": 1567665616070,
    "relativePath": "resources\\FindGame\\textures\\34.png"
  },
  "fe9afbab-a257-44b5-a3b7-378d75f937fc": {
    "asset": 1531653180385,
    "meta": 1567665616085,
    "relativePath": "resources\\FindGame\\textures\\36.png"
  },
  "7f6376dd-b2b0-4a7e-9361-c3429eadfef8": {
    "asset": 1531653180385,
    "meta": 1567665616087,
    "relativePath": "resources\\FindGame\\textures\\35.png"
  },
  "b38b3d25-a679-420d-9b63-0a79a0167d22": {
    "asset": 1531653180386,
    "meta": 1567665616099,
    "relativePath": "resources\\FindGame\\textures\\37.png"
  },
  "36ef9327-8d0b-40d6-ae8c-b906a1b72ee8": {
    "asset": 1531653180387,
    "meta": 1567665616102,
    "relativePath": "resources\\FindGame\\textures\\38.png"
  },
  "4c9c69f0-9ca3-47af-bf37-e190f23cf73a": {
    "asset": 1531653180386,
    "meta": 1567665616111,
    "relativePath": "resources\\FindGame\\textures\\39.png"
  },
  "0323371d-a984-4d33-a002-6a39320aa310": {
    "asset": 1531653180387,
    "meta": 1567665616116,
    "relativePath": "resources\\FindGame\\textures\\40.png"
  },
  "11d8b228-3815-4dfb-bfe6-ccee6f0da808": {
    "asset": 1531653180387,
    "meta": 1567665616125,
    "relativePath": "resources\\FindGame\\textures\\41.png"
  },
  "07aa32f3-9453-4951-a204-32b98ab0561f": {
    "asset": 1531653180387,
    "meta": 1567665616129,
    "relativePath": "resources\\FindGame\\textures\\42.png"
  },
  "2b588361-2698-461c-92f2-ebba0a326cf4": {
    "asset": 1531653180387,
    "meta": 1567665616136,
    "relativePath": "resources\\FindGame\\textures\\43.png"
  },
  "4c081b3a-ec69-4ca5-824a-575d619f098c": {
    "asset": 1531653180388,
    "meta": 1567665616145,
    "relativePath": "resources\\FindGame\\textures\\44.png"
  },
  "c4fcf6cf-9774-436d-a055-2c060ed5fdf2": {
    "asset": 1531653180388,
    "meta": 1567665616148,
    "relativePath": "resources\\FindGame\\textures\\45.png"
  },
  "ebf9cb92-a225-468c-b155-f10ae0d4086c": {
    "asset": 1531653180390,
    "meta": 1567665616164,
    "relativePath": "resources\\FindGame\\textures\\46.png"
  },
  "e01d2ca7-e4e0-42df-9c3d-4613cf3cb011": {
    "asset": 1531665640124,
    "meta": 1567665616173,
    "relativePath": "resources\\FindGame\\textures\\bg.jpg"
  },
  "26765523-d26d-45e4-a422-c5fb4226bd99": {
    "asset": 1531327110622,
    "meta": 1567665616190,
    "relativePath": "resources\\FindGame\\textures\\showsocre.png"
  },
  "20c7f123-9371-4bdc-93da-19041342ea91": {
    "asset": 1531554560494,
    "meta": 1567665616205,
    "relativePath": "resources\\FindGame\\textures\\home.png"
  },
  "b55a182e-87aa-4a42-9a86-581a8db6a0e3": {
    "asset": 1531540263167,
    "meta": 1567665616217,
    "relativePath": "resources\\FindGame\\textures\\teaching.jpg"
  }
}