{
  "__type__": "cc.AnimationClip",
  "_name": "bianda",
  "_objFlags": 0,
  "_duration": 0.67,
  "sample": 60,
  "speed": 1,
  "wrapMode": 2,
  "curveData": {
    "props": {
      "scaleX": [
        {
          "frame": 0,
          "value": 1,
          "curve": [
            0.19,
            1.19,
            0.56,
            1.35
          ]
        },
        {
          "frame": 0.25,
          "value": 1.5,
          "curve": "linear"
        },
        {
          "frame": 0.4166666666666667,
          "value": 1
        }
      ],
      "scaleY": [
        {
          "frame": 0,
          "value": 1,
          "curve": [
            0.05,
            0.89,
            0.31,
            1.21
          ]
        },
        {
          "frame": 0.16666666666666666,
          "value": 1
        },
        {
          "frame": 0.25,
          "value": 0.8
        },
        {
          "frame": 0.4166666666666667,
          "value": 1
        },
        {
          "frame": 0.6666666666666666,
          "value": 1
        }
      ],
      "y": [
        {
          "frame": 0,
          "value": 0
        },
        {
          "frame": 0.25,
          "value": 20
        },
        {
          "frame": 0.6666666666666666,
          "value": 0
        }
      ]
    }
  },
  "events": []
}