{
  "appKey": "",
  "appSecret": "",
  "encryptJs": true,
  "excludeScenes": [],
  "fb-instant-games": {},
  "includeAnySDK": false,
  "includeSDKBox": false,
  "inlineSpriteFrames": true,
  "inlineSpriteFrames_native": true,
  "jailbreakPlatform": false,
  "md5Cache": false,
  "mergeStartScene": false,
  "oauthLoginServer": "",
  "optimizeHotUpdate": false,
  "orientation": {
    "landscapeLeft": true,
    "landscapeRight": true,
    "portrait": false,
    "upsideDown": false
  },
  "packageName": "org.cocos2d.FishingCat",
  "privateKey": "",
  "qqplay": {
    "REMOTE_SERVER_ROOT": "",
    "orientation": "portrait"
  },
  "startScene": "89478af4-4ece-48d7-a2af-fbd11880071e",
  "title": "FishingCat",
  "webOrientation": "auto",
  "wechatgame": {
    "REMOTE_SERVER_ROOT": "https://www.zzxgame.com.cn/Fishing",
    "appid": "wx6ac3f5090a6b99c5",
    "isSubdomain": false,
    "orientation": "portrait",
    "subContext": "FishingCatSub"
  },
  "xxteaKey": "0e16dc01-9716-4d",
  "zipCompressJs": true,
  "android": {
    "packageName": "org.cocos2d.FishingCat"
  },
  "ios": {
    "packageName": "org.cocos2d.FishingCat"
  },
  "mac": {
    "packageName": "org.cocos2d.FishingCat"
  },
  "win32": {},
  "android-instant": {
    "REMOTE_SERVER_ROOT": "",
    "host": "",
    "packageName": "org.cocos2d.FishingCat",
    "pathPattern": "",
    "recordPath": "",
    "scheme": "https",
    "skipRecord": false
  },
  "appBundle": false
}
