[
  {
    "__type__": "cc.Prefab",
    "_name": "",
    "_objFlags": 0,
    "_native": "",
    "data": {
      "__id__": 1
    },
    "optimizationPolicy": 0,
    "asyncLoadAssets": false
  },
  {
    "__type__": "cc.Node",
    "_name": "scene",
    "_objFlags": 0,
    "_parent": null,
    "_children": [
      {
        "__id__": 2
      }
    ],
    "_active": true,
    "_components": [
      {
        "__id__": 13
      }
    ],
    "_prefab": {
      "__id__": 14
    },
    "_lpos": {
      "__type__": "cc.Vec3",
      "x": 0,
      "y": 0,
      "z": 0
    },
    "_lrot": {
      "__type__": "cc.Quat",
      "x": 0,
      "y": 0,
      "z": 0,
      "w": 1
    },
    "_lscale": {
      "__type__": "cc.Vec3",
      "x": 1,
      "y": 1,
      "z": 1
    },
    "_layer": 1073741824,
    "_euler": {
      "__type__": "cc.Vec3",
      "x": 0,
      "y": 0,
      "z": 0
    },
    "_id": ""
  },
  {
    "__type__": "cc.Node",
    "_name": "RootNode (gltf orientation matrix)",
    "_objFlags": 0,
    "_parent": {
      "__id__": 1
    },
    "_children": [
      {
        "__id__": 3
      }
    ],
    "_active": true,
    "_components": [],
    "_prefab": {
      "__id__": 12
    },
    "_lpos": {
      "__type__": "cc.Vec3",
      "x": 0,
      "y": 0,
      "z": 0
    },
    "_lrot": {
      "__type__": "cc.Quat",
      "x": -0.7071067811865475,
      "y": 0,
      "z": 0,
      "w": 0.7071067811865476
    },
    "_lscale": {
      "__type__": "cc.Vec3",
      "x": 1,
      "y": 1,
      "z": 1
    },
    "_layer": 1073741824,
    "_euler": {
      "__type__": "cc.Vec3",
      "x": -89.99999999999999,
      "y": 0,
      "z": 0
    },
    "_id": ""
  },
  {
    "__type__": "cc.Node",
    "_name": "RootNode (model correction matrix)",
    "_objFlags": 0,
    "_parent": {
      "__id__": 2
    },
    "_children": [
      {
        "__id__": 4
      }
    ],
    "_active": true,
    "_components": [],
    "_prefab": {
      "__id__": 11
    },
    "_lpos": {
      "__type__": "cc.Vec3",
      "x": 0,
      "y": 0,
      "z": 0
    },
    "_lrot": {
      "__type__": "cc.Quat",
      "x": 0,
      "y": 0,
      "z": 0,
      "w": 1
    },
    "_lscale": {
      "__type__": "cc.Vec3",
      "x": 1,
      "y": 1,
      "z": 1
    },
    "_layer": 1073741824,
    "_euler": {
      "__type__": "cc.Vec3",
      "x": 0,
      "y": 0,
      "z": 0
    },
    "_id": ""
  },
  {
    "__type__": "cc.Node",
    "_name": "basketball.obj.cleaner.gles",
    "_objFlags": 0,
    "_parent": {
      "__id__": 3
    },
    "_children": [
      {
        "__id__": 5
      }
    ],
    "_active": true,
    "_components": [],
    "_prefab": {
      "__id__": 10
    },
    "_lpos": {
      "__type__": "cc.Vec3",
      "x": -11.89348316192627,
      "y": -11.891868591308594,
      "z": -11.954103469848633
    },
    "_lrot": {
      "__type__": "cc.Quat",
      "x": 0,
      "y": 0,
      "z": 0,
      "w": 1
    },
    "_lscale": {
      "__type__": "cc.Vec3",
      "x": 1,
      "y": 1,
      "z": 1
    },
    "_layer": 1073741824,
    "_euler": {
      "__type__": "cc.Vec3",
      "x": 0,
      "y": 0,
      "z": 0
    },
    "_id": ""
  },
  {
    "__type__": "cc.Node",
    "_name": "(__autogen 0)",
    "_objFlags": 0,
    "_parent": {
      "__id__": 4
    },
    "_children": [
      {
        "__id__": 6
      }
    ],
    "_active": true,
    "_components": [],
    "_prefab": {
      "__id__": 9
    },
    "_lpos": {
      "__type__": "cc.Vec3",
      "x": 0,
      "y": 0,
      "z": 0
    },
    "_lrot": {
      "__type__": "cc.Quat",
      "x": 0,
      "y": 0,
      "z": 0,
      "w": 1
    },
    "_lscale": {
      "__type__": "cc.Vec3",
      "x": 1,
      "y": 1,
      "z": 1
    },
    "_layer": 1073741824,
    "_euler": {
      "__type__": "cc.Vec3",
      "x": 0,
      "y": 0,
      "z": 0
    },
    "_id": ""
  },
  {
    "__type__": "cc.Node",
    "_name": "(__autogen 0)",
    "_objFlags": 0,
    "_parent": {
      "__id__": 5
    },
    "_children": [],
    "_active": true,
    "_components": [
      {
        "__id__": 7
      }
    ],
    "_prefab": {
      "__id__": 8
    },
    "_lpos": {
      "__type__": "cc.Vec3",
      "x": 0,
      "y": 0,
      "z": 0
    },
    "_lrot": {
      "__type__": "cc.Quat",
      "x": 0,
      "y": 0,
      "z": 0,
      "w": 1
    },
    "_lscale": {
      "__type__": "cc.Vec3",
      "x": 1,
      "y": 1,
      "z": 1
    },
    "_layer": 1073741824,
    "_euler": {
      "__type__": "cc.Vec3",
      "x": 0,
      "y": 0,
      "z": 0
    },
    "_id": ""
  },
  {
    "__type__": "cc.ModelComponent",
    "_name": "",
    "_objFlags": 0,
    "node": {
      "__id__": 6
    },
    "_enabled": true,
    "_materials": [
      {
        "__uuid__": "f1637361-10a0-4655-82f8-d815331c562d@b4e6b"
      }
    ],
    "_visFlags": 0,
    "_enableDynamicBatching": false,
    "_mesh": {
      "__uuid__": "f1637361-10a0-4655-82f8-d815331c562d@bcca5"
    },
    "_shadowCastingMode": 0,
    "_receiveShadows": false,
    "_id": ""
  },
  {
    "__type__": "cc.PrefabInfo",
    "root": {
      "__id__": 1
    },
    "asset": {
      "__id__": 0
    },
    "fileId": "c5JKZywshPNbUkw/gc7Bwd",
    "sync": false,
    "_synced": {
      "default": false,
      "serializable": false
    }
  },
  {
    "__type__": "cc.PrefabInfo",
    "root": {
      "__id__": 1
    },
    "asset": {
      "__id__": 0
    },
    "fileId": "5cXVpF/w9OWIrfHsxnEvWs",
    "sync": false,
    "_synced": {
      "default": false,
      "serializable": false
    }
  },
  {
    "__type__": "cc.PrefabInfo",
    "root": {
      "__id__": 1
    },
    "asset": {
      "__id__": 0
    },
    "fileId": "01/GZPyZVBM4ZDUj3MvEzi",
    "sync": false,
    "_synced": {
      "default": false,
      "serializable": false
    }
  },
  {
    "__type__": "cc.PrefabInfo",
    "root": {
      "__id__": 1
    },
    "asset": {
      "__id__": 0
    },
    "fileId": "c62bI3LsxId7k+Hyuz09m1",
    "sync": false,
    "_synced": {
      "default": false,
      "serializable": false
    }
  },
  {
    "__type__": "cc.PrefabInfo",
    "root": {
      "__id__": 1
    },
    "asset": {
      "__id__": 0
    },
    "fileId": "26ZInfD55MFYCHLgEv4m59",
    "sync": false,
    "_synced": {
      "default": false,
      "serializable": false
    }
  },
  {
    "__type__": "cc.AnimationComponent",
    "_name": "",
    "_objFlags": 0,
    "node": {
      "__id__": 1
    },
    "_enabled": true,
    "playOnLoad": false,
    "_clips": [],
    "_defaultClip": null,
    "_id": ""
  },
  {
    "__type__": "cc.PrefabInfo",
    "root": {
      "__id__": 1
    },
    "asset": {
      "__id__": 0
    },
    "fileId": "f3Am21pJtB9qXOg7DdpWCK",
    "sync": false,
    "_synced": {
      "default": false,
      "serializable": false
    }
  }
]