{"SubTexture":[{"width":102,"y":554,"height":105,"name":"cai","x":216},{"width":109,"y":225,"height":108,"name":"man","x":227},{"width":108,"y":227,"height":108,"name":"xue","x":1},{"width":111,"y":1,"height":110,"name":"lu","x":115},{"width":100,"y":659,"height":107,"name":"dou","x":108},{"width":103,"y":550,"height":106,"name":"chu","x":333},{"width":106,"y":551,"height":106,"name":"hua","x":108},{"width":112,"y":1,"height":111,"name":"fuu","x":1},{"width":108,"y":114,"height":111,"name":"lei","x":1},{"width":110,"y":113,"height":109,"name":"gao","x":115},{"width":105,"y":444,"height":108,"name":"fu","x":224},{"width":103,"y":449,"height":109,"name":"nan","x":1},{"width":109,"y":219,"height":107,"name":"hai","x":338},{"width":105,"y":668,"height":34,"name":"yi","x":1},{"width":108,"y":114,"height":109,"name":"pan","x":227},{"width":111,"y":328,"height":104,"name":"wu","x":338},{"width":111,"y":333,"height":106,"name":"jing","x":111},{"width":107,"y":335,"height":107,"name":"baa","x":224},{"width":110,"y":224,"height":107,"name":"gai","x":111},{"width":112,"y":1,"height":107,"name":"ba","x":340},{"width":110,"y":1,"height":111,"name":"cui","x":228},{"width":105,"y":337,"height":110,"name":"che","x":1},{"width":105,"y":441,"height":108,"name":"shi","x":108},{"width":105,"y":560,"height":106,"name":"ren","x":1},{"width":111,"y":110,"height":107,"name":"lun","x":340},{"width":107,"y":444,"height":104,"name":"jiang","x":331},{"width":36,"y":219,"height":103,"name":"symbol","x":449}],"width":487,"height":768,"name":"DailyChallenge","imagePath":"DailyChallenge_tex.png"}