{"frameRate":24,"name":"DailyChallenge","version":"5.5","compatibleVersion":"5.5","armature":[{"type":"Armature","frameRate":24,"name":"root","aabb":{"x":-250.72,"y":-64.74,"width":511.2,"height":109},"bone":[{"name":"root"},{"length":32,"name":"txt1","parent":"root","transform":{"x":-199.7191,"y":-9.115,"skX":-90,"skY":-90}},{"length":32,"name":"txt2","parent":"root","transform":{"x":-88.3572,"y":-10.2445,"skX":-90,"skY":-90}},{"length":32,"name":"txt3","parent":"root","transform":{"x":22.2584,"y":-10.8787,"skX":-90,"skY":-90}},{"length":32,"name":"txt4","parent":"root","transform":{"x":132.851,"y":-9.7045,"skX":-90,"skY":-90}},{"length":32,"name":"txt5","parent":"root","transform":{"x":242.4799,"y":-10.8624,"skX":-90,"skY":-90}}],"slot":[{"name":"txt1","parent":"txt1"},{"name":"txt2","parent":"txt2"},{"name":"txt3","parent":"txt3"},{"name":"txt4","parent":"txt4"},{"name":"symbol","parent":"txt5"}],"skin":[{"slot":[{"name":"txt4","display":[{"name":"dou","transform":{"skX":90,"skY":90}},{"name":"che","transform":{"skX":90,"skY":90}},{"name":"jiang","transform":{"skX":90,"skY":90}},{"name":"lun","transform":{"skX":90,"skY":90}},{"name":"shi","transform":{"skX":90,"skY":90}},{"name":"cui","transform":{"skX":90,"skY":90}},{"name":"ren","transform":{"skX":90,"skY":90}}]},{"name":"txt2","display":[{"name":"gao","transform":{"skX":90,"skY":90}},{"name":"fu","transform":{"skX":90,"skY":90}},{"name":"hai","transform":{"skX":90,"skY":90}},{"name":"fuu","transform":{"skX":90,"skY":90}},{"name":"hua","transform":{"skX":90,"skY":90}},{"name":"lei","transform":{"skX":90,"skY":90}},{"name":"nan","transform":{"skX":90,"skY":90}}]},{"name":"symbol","display":[{"name":"symbol","transform":{"skX":90,"skY":90}}]},{"name":"txt1","display":[{"name":"cai","transform":{"skX":90,"skY":90}},{"name":"xue","transform":{"skX":90,"skY":90}},{"name":"lu","transform":{"skX":90,"skY":90}},{"name":"man","transform":{"skX":90,"skY":90}},{"name":"chu","transform":{"skX":90,"skY":90}},{"name":"dou","transform":{"skX":90,"skY":90}}]},{"name":"txt3","display":[{"name":"baa","transform":{"skX":90,"skY":90}},{"name":"wu","transform":{"skX":90,"skY":90}},{"name":"pan","transform":{"skX":90,"skY":90}},{"name":"jing","transform":{"skX":90,"skY":90}},{"name":"gai","transform":{"skX":90,"skY":90}},{"name":"ba","transform":{"skX":90,"skY":90}},{"name":"dou","transform":{"skX":90,"skY":90}},{"name":"yi","transform":{"skX":90,"skY":90}}]}]}],"animation":[{"duration":21,"playTimes":0,"name":"dailyChanllenge_1","bone":[{"name":"txt1","translateFrame":[{"duration":5,"tweenEasing":0},{"duration":4,"tweenEasing":0,"y":-9.68},{"duration":12}],"scaleFrame":[{"duration":5,"curve":[0,0,0.5,1],"x":0.8,"y":0.8},{"duration":4,"tweenEasing":0,"x":1.5,"y":1.5},{"duration":4,"tweenEasing":0,"x":0.9,"y":0.9},{"duration":8}]},{"name":"txt2","translateFrame":[{"duration":2},{"duration":5,"tweenEasing":0},{"duration":4,"tweenEasing":0,"y":-17.23},{"duration":10}],"scaleFrame":[{"duration":2},{"duration":5,"curve":[0,0,0.5,1],"x":0.8,"y":0.8},{"duration":4,"tweenEasing":0,"x":1.5,"y":1.5},{"duration":4,"tweenEasing":0,"x":0.9,"y":0.9},{"duration":6}]},{"name":"txt3","translateFrame":[{"duration":4},{"duration":5,"tweenEasing":0},{"duration":4,"tweenEasing":0,"y":-13.83},{"duration":8}],"scaleFrame":[{"duration":4},{"duration":5,"curve":[0,0,0.5,1],"x":0.8,"y":0.8},{"duration":4,"tweenEasing":0,"x":1.5,"y":1.5},{"duration":4,"tweenEasing":0,"x":0.9,"y":0.9},{"duration":4}]},{"name":"txt4","translateFrame":[{"duration":6},{"duration":5,"tweenEasing":0},{"duration":4,"tweenEasing":0,"y":-13.83},{"duration":6}],"scaleFrame":[{"duration":6},{"duration":5,"curve":[0,0,0.5,1],"x":0.8,"y":0.8},{"duration":4,"tweenEasing":0,"x":1.5,"y":1.5},{"duration":4,"tweenEasing":0,"x":0.9,"y":0.9},{"duration":2}]},{"name":"txt5","translateFrame":[{"duration":8},{"duration":5,"tweenEasing":0},{"duration":4,"tweenEasing":0,"y":-16.6},{"duration":4}],"scaleFrame":[{"duration":8},{"duration":5,"curve":[0,0,0.5,1],"x":0.8,"y":0.8},{"duration":4,"tweenEasing":0,"x":1.6,"y":1.6},{"duration":4,"tweenEasing":0,"x":0.9,"y":0.9},{"duration":0}]}],"slot":[{"name":"txt2","displayFrame":[{"duration":2,"value":-1},{"duration":19}]},{"name":"txt3","displayFrame":[{"duration":4,"value":-1},{"duration":17}]},{"name":"txt4","displayFrame":[{"duration":6,"value":-1},{"duration":15}]},{"name":"symbol","displayFrame":[{"duration":8,"value":-1},{"duration":13}]}]},{"duration":21,"playTimes":0,"name":"dailyChanllenge_2","bone":[{"name":"txt1","translateFrame":[{"duration":5,"tweenEasing":0},{"duration":4,"tweenEasing":0,"y":-9.68},{"duration":12}],"scaleFrame":[{"duration":5,"curve":[0,0,0.5,1],"x":0.8,"y":0.8},{"duration":4,"tweenEasing":0,"x":1.5,"y":1.5},{"duration":4,"tweenEasing":0,"x":0.9,"y":0.9},{"duration":8}]},{"name":"txt2","translateFrame":[{"duration":2},{"duration":5,"tweenEasing":0},{"duration":4,"tweenEasing":0,"y":-17.23},{"duration":10}],"scaleFrame":[{"duration":2},{"duration":5,"curve":[0,0,0.5,1],"x":0.8,"y":0.8},{"duration":4,"tweenEasing":0,"x":1.5,"y":1.5},{"duration":4,"tweenEasing":0,"x":0.9,"y":0.9},{"duration":6}]},{"name":"txt3","translateFrame":[{"duration":4},{"duration":5,"tweenEasing":0},{"duration":4,"tweenEasing":0,"y":-13.83},{"duration":8}],"scaleFrame":[{"duration":4},{"duration":5,"curve":[0,0,0.5,1],"x":0.8,"y":0.8},{"duration":4,"tweenEasing":0,"x":1.5,"y":1.5},{"duration":4,"tweenEasing":0,"x":0.9,"y":0.9},{"duration":4}]},{"name":"txt4","translateFrame":[{"duration":6},{"duration":5,"tweenEasing":0},{"duration":4,"tweenEasing":0,"y":-13.83},{"duration":6}],"scaleFrame":[{"duration":6},{"duration":5,"curve":[0,0,0.5,1],"x":0.8,"y":0.8},{"duration":4,"tweenEasing":0,"x":1.5,"y":1.5},{"duration":4,"tweenEasing":0,"x":0.9,"y":0.9},{"duration":2}]},{"name":"txt5","translateFrame":[{"duration":8},{"duration":5,"tweenEasing":0},{"duration":4,"tweenEasing":0,"y":-16.6},{"duration":4}],"scaleFrame":[{"duration":8},{"duration":5,"curve":[0,0,0.5,1],"x":0.8,"y":0.8},{"duration":4,"tweenEasing":0,"x":1.6,"y":1.6},{"duration":4,"tweenEasing":0,"x":0.9,"y":0.9},{"duration":0}]}],"slot":[{"name":"txt1","displayFrame":[{"duration":21,"value":1}]},{"name":"txt2","displayFrame":[{"duration":2,"value":-1},{"duration":19,"value":1}]},{"name":"txt3","displayFrame":[{"duration":4,"value":-1},{"duration":17,"value":1}]},{"name":"txt4","displayFrame":[{"duration":6,"value":-1},{"duration":15,"value":1}]},{"name":"symbol","displayFrame":[{"duration":8,"value":-1},{"duration":13}]}]},{"duration":21,"playTimes":0,"name":"dailyChanllenge_3","bone":[{"name":"txt1","translateFrame":[{"duration":5,"tweenEasing":0},{"duration":4,"tweenEasing":0,"y":-9.68},{"duration":12}],"scaleFrame":[{"duration":5,"curve":[0,0,0.5,1],"x":0.8,"y":0.8},{"duration":4,"tweenEasing":0,"x":1.5,"y":1.5},{"duration":4,"tweenEasing":0,"x":0.9,"y":0.9},{"duration":8}]},{"name":"txt2","translateFrame":[{"duration":2},{"duration":5,"tweenEasing":0},{"duration":4,"tweenEasing":0,"y":-17.23},{"duration":10}],"scaleFrame":[{"duration":2},{"duration":5,"curve":[0,0,0.5,1],"x":0.8,"y":0.8},{"duration":4,"tweenEasing":0,"x":1.5,"y":1.5},{"duration":4,"tweenEasing":0,"x":0.9,"y":0.9},{"duration":6}]},{"name":"txt3","translateFrame":[{"duration":4},{"duration":5,"tweenEasing":0},{"duration":4,"tweenEasing":0,"y":-13.83},{"duration":8}],"scaleFrame":[{"duration":4},{"duration":5,"curve":[0,0,0.5,1],"x":0.8,"y":0.8},{"duration":4,"tweenEasing":0,"x":1.5,"y":1.5},{"duration":4,"tweenEasing":0,"x":0.9,"y":0.9},{"duration":4}]},{"name":"txt4","translateFrame":[{"duration":6},{"duration":5,"tweenEasing":0},{"duration":4,"tweenEasing":0,"y":-13.83},{"duration":6}],"scaleFrame":[{"duration":6},{"duration":5,"curve":[0,0,0.5,1],"x":0.8,"y":0.8},{"duration":4,"tweenEasing":0,"x":1.5,"y":1.5},{"duration":4,"tweenEasing":0,"x":0.9,"y":0.9},{"duration":2}]},{"name":"txt5","translateFrame":[{"duration":8},{"duration":5,"tweenEasing":0},{"duration":4,"tweenEasing":0,"y":-16.6},{"duration":4}],"scaleFrame":[{"duration":8},{"duration":5,"curve":[0,0,0.5,1],"x":0.8,"y":0.8},{"duration":4,"tweenEasing":0,"x":1.6,"y":1.6},{"duration":4,"tweenEasing":0,"x":0.9,"y":0.9},{"duration":0}]}],"slot":[{"name":"txt1","displayFrame":[{"duration":21,"value":2}]},{"name":"txt2","displayFrame":[{"duration":2,"value":-1},{"duration":19,"value":2}]},{"name":"txt3","displayFrame":[{"duration":4,"value":-1},{"duration":17,"value":2}]},{"name":"txt4","displayFrame":[{"duration":6,"value":-1},{"duration":15,"value":2}]},{"name":"symbol","displayFrame":[{"duration":8,"value":-1},{"duration":13}]}]},{"duration":21,"playTimes":0,"name":"dailyChanllenge_4","bone":[{"name":"txt1","translateFrame":[{"duration":5,"tweenEasing":0},{"duration":4,"tweenEasing":0,"y":-9.68},{"duration":12}],"scaleFrame":[{"duration":5,"curve":[0,0,0.5,1],"x":0.8,"y":0.8},{"duration":4,"tweenEasing":0,"x":1.5,"y":1.5},{"duration":4,"tweenEasing":0,"x":0.9,"y":0.9},{"duration":8}]},{"name":"txt2","translateFrame":[{"duration":2},{"duration":5,"tweenEasing":0},{"duration":4,"tweenEasing":0,"y":-17.23},{"duration":10}],"scaleFrame":[{"duration":2},{"duration":5,"curve":[0,0,0.5,1],"x":0.8,"y":0.8},{"duration":4,"tweenEasing":0,"x":1.5,"y":1.5},{"duration":4,"tweenEasing":0,"x":0.9,"y":0.9},{"duration":6}]},{"name":"txt3","translateFrame":[{"duration":4},{"duration":5,"tweenEasing":0},{"duration":4,"tweenEasing":0,"y":-13.83},{"duration":8}],"scaleFrame":[{"duration":4},{"duration":5,"curve":[0,0,0.5,1],"x":0.8,"y":0.8},{"duration":4,"tweenEasing":0,"x":1.5,"y":1.5},{"duration":4,"tweenEasing":0,"x":0.9,"y":0.9},{"duration":4}]},{"name":"txt4","translateFrame":[{"duration":6},{"duration":5,"tweenEasing":0},{"duration":4,"tweenEasing":0,"y":-13.83},{"duration":6}],"scaleFrame":[{"duration":6},{"duration":5,"curve":[0,0,0.5,1],"x":0.8,"y":0.8},{"duration":4,"tweenEasing":0,"x":1.5,"y":1.5},{"duration":4,"tweenEasing":0,"x":0.9,"y":0.9},{"duration":2}]},{"name":"txt5","translateFrame":[{"duration":8},{"duration":5,"tweenEasing":0},{"duration":4,"tweenEasing":0,"y":-16.6},{"duration":4}],"scaleFrame":[{"duration":8},{"duration":5,"curve":[0,0,0.5,1],"x":0.8,"y":0.8},{"duration":4,"tweenEasing":0,"x":1.6,"y":1.6},{"duration":4,"tweenEasing":0,"x":0.9,"y":0.9},{"duration":0}]}],"slot":[{"name":"txt1","displayFrame":[{"duration":21,"value":3}]},{"name":"txt2","displayFrame":[{"duration":2,"value":-1},{"duration":19,"value":3}]},{"name":"txt3","displayFrame":[{"duration":4,"value":-1},{"duration":17,"value":3}]},{"name":"txt4","displayFrame":[{"duration":6,"value":-1},{"duration":15,"value":3}]},{"name":"symbol","displayFrame":[{"duration":8,"value":-1},{"duration":13}]}]},{"duration":21,"playTimes":0,"name":"dailyChanllenge_5","bone":[{"name":"txt1","translateFrame":[{"duration":5,"tweenEasing":0},{"duration":4,"tweenEasing":0,"y":-9.68},{"duration":12}],"scaleFrame":[{"duration":5,"curve":[0,0,0.5,1],"x":0.8,"y":0.8},{"duration":4,"tweenEasing":0,"x":1.5,"y":1.5},{"duration":4,"tweenEasing":0,"x":0.9,"y":0.9},{"duration":8}]},{"name":"txt2","translateFrame":[{"duration":2},{"duration":5,"tweenEasing":0},{"duration":4,"tweenEasing":0,"y":-17.23},{"duration":10}],"scaleFrame":[{"duration":2},{"duration":5,"curve":[0,0,0.5,1],"x":0.8,"y":0.8},{"duration":4,"tweenEasing":0,"x":1.5,"y":1.5},{"duration":4,"tweenEasing":0,"x":0.9,"y":0.9},{"duration":6}]},{"name":"txt3","translateFrame":[{"duration":4},{"duration":5,"tweenEasing":0},{"duration":4,"tweenEasing":0,"y":-13.83},{"duration":8}],"scaleFrame":[{"duration":4},{"duration":5,"curve":[0,0,0.5,1],"x":0.8,"y":0.8},{"duration":4,"tweenEasing":0,"x":1.5,"y":1.5},{"duration":4,"tweenEasing":0,"x":0.9,"y":0.9},{"duration":4}]},{"name":"txt4","translateFrame":[{"duration":6},{"duration":5,"tweenEasing":0},{"duration":4,"tweenEasing":0,"y":-13.83},{"duration":6}],"scaleFrame":[{"duration":6},{"duration":5,"curve":[0,0,0.5,1],"x":0.8,"y":0.8},{"duration":4,"tweenEasing":0,"x":1.5,"y":1.5},{"duration":4,"tweenEasing":0,"x":0.9,"y":0.9},{"duration":2}]},{"name":"txt5","translateFrame":[{"duration":8},{"duration":5,"tweenEasing":0},{"duration":4,"tweenEasing":0,"y":-16.6},{"duration":4}],"scaleFrame":[{"duration":8},{"duration":5,"curve":[0,0,0.5,1],"x":0.8,"y":0.8},{"duration":4,"tweenEasing":0,"x":1.6,"y":1.6},{"duration":4,"tweenEasing":0,"x":0.9,"y":0.9},{"duration":0}]}],"slot":[{"name":"txt2","displayFrame":[{"duration":2,"value":-1},{"duration":19,"value":4}]},{"name":"txt3","displayFrame":[{"duration":4,"value":-1},{"duration":17,"value":4}]},{"name":"txt4","displayFrame":[{"duration":6,"value":-1},{"duration":15,"value":4}]},{"name":"symbol","displayFrame":[{"duration":8,"value":-1},{"duration":13}]}]},{"duration":21,"playTimes":0,"name":"dailyChanllenge_6","bone":[{"name":"txt1","translateFrame":[{"duration":5,"tweenEasing":0},{"duration":4,"tweenEasing":0,"y":-9.68},{"duration":12}],"scaleFrame":[{"duration":5,"curve":[0,0,0.5,1],"x":0.8,"y":0.8},{"duration":4,"tweenEasing":0,"x":1.5,"y":1.5},{"duration":4,"tweenEasing":0,"x":0.9,"y":0.9},{"duration":8}]},{"name":"txt2","translateFrame":[{"duration":2},{"duration":5,"tweenEasing":0},{"duration":4,"tweenEasing":0,"y":-17.23},{"duration":10}],"scaleFrame":[{"duration":2},{"duration":5,"curve":[0,0,0.5,1],"x":0.8,"y":0.8},{"duration":4,"tweenEasing":0,"x":1.5,"y":1.5},{"duration":4,"tweenEasing":0,"x":0.9,"y":0.9},{"duration":6}]},{"name":"txt3","translateFrame":[{"duration":4},{"duration":5,"tweenEasing":0},{"duration":4,"tweenEasing":0,"y":-13.83},{"duration":8}],"scaleFrame":[{"duration":4},{"duration":5,"curve":[0,0,0.5,1],"x":0.8,"y":0.8},{"duration":4,"tweenEasing":0,"x":1.5,"y":1.5},{"duration":4,"tweenEasing":0,"x":0.9,"y":0.9},{"duration":4}]},{"name":"txt4","translateFrame":[{"duration":6},{"duration":5,"tweenEasing":0},{"duration":4,"tweenEasing":0,"y":-13.83},{"duration":6}],"scaleFrame":[{"duration":6},{"duration":5,"curve":[0,0,0.5,1],"x":0.8,"y":0.8},{"duration":4,"tweenEasing":0,"x":1.5,"y":1.5},{"duration":4,"tweenEasing":0,"x":0.9,"y":0.9},{"duration":2}]},{"name":"txt5","translateFrame":[{"duration":8},{"duration":5,"tweenEasing":0},{"duration":4,"tweenEasing":0,"y":-16.6},{"duration":4}],"scaleFrame":[{"duration":8},{"duration":5,"curve":[0,0,0.5,1],"x":0.8,"y":0.8},{"duration":4,"tweenEasing":0,"x":1.6,"y":1.6},{"duration":4,"tweenEasing":0,"x":0.9,"y":0.9},{"duration":0}]}],"slot":[{"name":"txt1","displayFrame":[{"duration":21,"value":4}]},{"name":"txt2","displayFrame":[{"duration":2,"value":-1},{"duration":19,"value":5}]},{"name":"txt3","displayFrame":[{"duration":4,"value":-1},{"duration":17,"value":5}]},{"name":"txt4","displayFrame":[{"duration":6,"value":-1},{"duration":15,"value":5}]},{"name":"symbol","displayFrame":[{"duration":8,"value":-1},{"duration":13}]}]},{"duration":21,"playTimes":0,"name":"dailyChanllenge_7","bone":[{"name":"txt1","translateFrame":[{"duration":5,"tweenEasing":0},{"duration":4,"tweenEasing":0,"y":-9.68},{"duration":12}],"scaleFrame":[{"duration":5,"curve":[0,0,0.5,1],"x":0.8,"y":0.8},{"duration":4,"tweenEasing":0,"x":1.5,"y":1.5},{"duration":4,"tweenEasing":0,"x":0.9,"y":0.9},{"duration":8}]},{"name":"txt2","translateFrame":[{"duration":2},{"duration":5,"tweenEasing":0},{"duration":4,"tweenEasing":0,"y":-17.23},{"duration":10}],"scaleFrame":[{"duration":2},{"duration":5,"curve":[0,0,0.5,1],"x":0.8,"y":0.8},{"duration":4,"tweenEasing":0,"x":1.5,"y":1.5},{"duration":4,"tweenEasing":0,"x":0.9,"y":0.9},{"duration":6}]},{"name":"txt3","translateFrame":[{"duration":4},{"duration":5,"tweenEasing":0},{"duration":4,"tweenEasing":0,"y":-13.83},{"duration":8}],"scaleFrame":[{"duration":4},{"duration":5,"curve":[0,0,0.5,1],"x":0.8,"y":0.8},{"duration":4,"tweenEasing":0,"x":1.5,"y":1.5},{"duration":4,"tweenEasing":0,"x":0.9,"y":0.9},{"duration":4}]},{"name":"txt4","translateFrame":[{"duration":6},{"duration":5,"tweenEasing":0},{"duration":4,"tweenEasing":0,"y":-13.83},{"duration":6}],"scaleFrame":[{"duration":6},{"duration":5,"curve":[0,0,0.5,1],"x":0.8,"y":0.8},{"duration":4,"tweenEasing":0,"x":1.5,"y":1.5},{"duration":4,"tweenEasing":0,"x":0.9,"y":0.9},{"duration":2}]},{"name":"txt5","translateFrame":[{"duration":8},{"duration":5,"tweenEasing":0},{"duration":4,"tweenEasing":0,"y":-16.6},{"duration":4}],"scaleFrame":[{"duration":8},{"duration":5,"curve":[0,0,0.5,1],"x":0.8,"y":0.8},{"duration":4,"tweenEasing":0,"x":1.6,"y":1.6},{"duration":4,"tweenEasing":0,"x":0.9,"y":0.9},{"duration":0}]}],"slot":[{"name":"txt1","displayFrame":[{"duration":21,"value":5}]},{"name":"txt2","displayFrame":[{"duration":2,"value":-1},{"duration":19,"value":6}]},{"name":"txt3","displayFrame":[{"duration":4,"value":-1},{"duration":17,"value":7}]},{"name":"txt4","displayFrame":[{"duration":6,"value":-1},{"duration":15,"value":6}]},{"name":"symbol","displayFrame":[{"duration":8,"value":-1},{"duration":13}]}]}],"defaultActions":[{"gotoAndPlay":"dailyChanllenge_1"}],"canvas":{"width":640,"height":1400}}]}