{
  "f8e6b000-5643-4b86-9080-aa680ce1f599": {
    "asset": 1549769688000,
    "meta": 1549769688000,
    "relativePath": "image"
  },
  "71561142-4c83-4933-afca-cb7a17f67053": {
    "asset": 1549769688000,
    "meta": 1572936106000,
    "relativePath": "image/default_btn_disabled.png"
  },
  "e851e89b-faa2-4484-bea6-5c01dd9f06e2": {
    "asset": 1549769688000,
    "meta": 1572936106000,
    "relativePath": "image/default_btn_normal.png"
  },
  "b43ff3c2-02bb-4874-81f7-f2dea6970f18": {
    "asset": 1549769688000,
    "meta": 1572936106000,
    "relativePath": "image/default_btn_pressed.png"
  },
  "edd215b9-2796-4a05-aaf5-81f96c9281ce": {
    "asset": 1549769688000,
    "meta": 1572936106000,
    "relativePath": "image/default_editbox_bg.png"
  },
  "d81ec8ad-247c-4e62-aa3c-d35c4193c7af": {
    "asset": 1549769688000,
    "meta": 1572936106000,
    "relativePath": "image/default_panel.png"
  },
  "99170b0b-d210-46f1-b213-7d9e3f23098a": {
    "asset": 1549769688000,
    "meta": 1572936106000,
    "relativePath": "image/default_progressbar_bg.png"
  },
  "cfef78f1-c8df-49b7-8ed0-4c953ace2621": {
    "asset": 1549769688000,
    "meta": 1572936106000,
    "relativePath": "image/default_progressbar.png"
  },
  "567dcd80-8bf4-4535-8a5a-313f1caf078a": {
    "asset": 1549769688000,
    "meta": 1572936106000,
    "relativePath": "image/default_radio_button_off.png"
  },
  "9d60001f-b5f4-4726-a629-2659e3ded0b8": {
    "asset": 1549769688000,
    "meta": 1572936106000,
    "relativePath": "image/default_radio_button_on.png"
  },
  "4bab67cb-18e6-4099-b840-355f0473f890": {
    "asset": 1549769688000,
    "meta": 1572936106000,
    "relativePath": "image/default_scrollbar_bg.png"
  },
  "617323dd-11f4-4dd3-8eec-0caf6b3b45b9": {
    "asset": 1549769688000,
    "meta": 1572936106000,
    "relativePath": "image/default_scrollbar_vertical_bg.png"
  },
  "d6d3ca85-4681-47c1-b5dd-d036a9d39ea2": {
    "asset": 1549769688000,
    "meta": 1572936106000,
    "relativePath": "image/default_scrollbar_vertical.png"
  },
  "0291c134-b3da-4098-b7b5-e397edbe947f": {
    "asset": 1549769688000,
    "meta": 1572936106000,
    "relativePath": "image/default_scrollbar.png"
  },
  "0275e94c-56a7-410f-bd1a-fc7483f7d14a": {
    "asset": 1549769688000,
    "meta": 1572936106000,
    "relativePath": "image/default_sprite_splash.png"
  },
  "6e056173-d285-473c-b206-40a7fff5386e": {
    "asset": 1549769688000,
    "meta": 1572936106000,
    "relativePath": "image/default_sprite.png"
  },
  "73a0903d-d80e-4e3c-aa67-f999543c08f5": {
    "asset": 1549769688000,
    "meta": 1572936106000,
    "relativePath": "image/default_toggle_checkmark.png"
  },
  "c25b9d50-c8fc-4d27-beeb-6e7c1f2e5c0f": {
    "asset": 1549769688000,
    "meta": 1572936106000,
    "relativePath": "image/default_toggle_disabled.png"
  },
  "d29077ba-1627-4a72-9579-7b56a235340c": {
    "asset": 1549769688000,
    "meta": 1572936106000,
    "relativePath": "image/default_toggle_normal.png"
  },
  "fc09f9bd-2cce-4605-b630-8145ef809ed6": {
    "asset": 1549769688000,
    "meta": 1549769688000,
    "relativePath": "misc"
  },
  "b181c1e4-0a72-4a91-bfb0-ae6f36ca60bd": {
    "asset": 1549769688000,
    "meta": 1572936106000,
    "relativePath": "image/default_toggle_pressed.png"
  },
  "f6e6dd15-71d1-4ffe-ace7-24fd39942c05": {
    "asset": 1549769688000,
    "meta": 1549769688000,
    "relativePath": "obsolete"
  },
  "2be36297-9abb-4fee-8049-9ed5e271da8a": {
    "asset": 1549769688000,
    "meta": 1572936106000,
    "relativePath": "misc/default_video.mp4"
  },
  "f743d2b6-b7ea-4c14-a55b-547ed4d0a045": {
    "asset": 1549769688000,
    "meta": 1549769688000,
    "relativePath": "particle"
  },
  "b8223619-7e38-47c4-841f-9160c232495a": {
    "asset": 1549769688000,
    "meta": 1572936106000,
    "relativePath": "obsolete/atom.plist"
  },
  "8a96b965-2dc0-4e03-aa90-3b79cb93b5b4": {
    "asset": 1549769688000,
    "meta": 1572936106000,
    "relativePath": "obsolete/atom.png"
  },
  "b2687ac4-099e-403c-a192-ff477686f4f5": {
    "asset": 1549769688000,
    "meta": 1572936106000,
    "relativePath": "particle/atom.plist"
  },
  "ae6c6c98-11e4-452f-8758-75f5c6a56e83": {
    "asset": 1549769688000,
    "meta": 1549769688000,
    "relativePath": "prefab"
  },
  "d0a82d39-bede-46c4-b698-c81ff0dedfff": {
    "asset": 1549769688000,
    "meta": 1572936106000,
    "relativePath": "particle/atom.png"
  },
  "972b9a4d-47ee-4c74-b5c3-61d8a69bc29f": {
    "asset": 1549769688000,
    "meta": 1572936106000,
    "relativePath": "prefab/button.prefab"
  },
  "2c937608-2562-40ea-b264-7395df6f0cea": {
    "asset": 1549769688000,
    "meta": 1572936106000,
    "relativePath": "prefab/canvas.prefab"
  },
  "61aeb05b-3b32-452b-8eed-2b76deeed554": {
    "asset": 1549769688000,
    "meta": 1572936106000,
    "relativePath": "prefab/editbox.prefab"
  },
  "27756ebb-3d33-44b0-9b96-e858fadd4dd4": {
    "asset": 1549769688000,
    "meta": 1572936106000,
    "relativePath": "prefab/label.prefab"
  },
  "785a442c-3ceb-45be-a46e-7317f625f3b9": {
    "asset": 1549769688000,
    "meta": 1572936106000,
    "relativePath": "prefab/layout.prefab"
  },
  "ca8401fe-ad6e-41a8-bd46-8e3e4e9945be": {
    "asset": 1549769688000,
    "meta": 1572936106000,
    "relativePath": "prefab/pageview.prefab"
  },
  "cd33edea-55f5-46c2-958d-357a01384a36": {
    "asset": 1549769688000,
    "meta": 1572936106000,
    "relativePath": "prefab/particlesystem.prefab"
  },
  "5965ffac-69da-4b55-bcde-9225d0613c28": {
    "asset": 1549769688000,
    "meta": 1572936106000,
    "relativePath": "prefab/progressBar.prefab"
  },
  "4a37dd57-78cd-4cec-aad4-f11a73d12b63": {
    "asset": 1549769688000,
    "meta": 1572936106000,
    "relativePath": "prefab/richtext.prefab"
  },
  "32044bd2-481f-4cf1-a656-e2b2fb1594eb": {
    "asset": 1549769688000,
    "meta": 1572936106000,
    "relativePath": "prefab/scrollview.prefab"
  },
  "0004d1cf-a0ad-47d8-ab17-34d3db9d35a3": {
    "asset": 1549769688000,
    "meta": 1572936106000,
    "relativePath": "prefab/slider.prefab"
  },
  "1f55e3be-b89b-4b79-88de-47fd31018044": {
    "asset": 1549769688000,
    "meta": 1572936106000,
    "relativePath": "prefab/sprite_splash.prefab"
  },
  "96083d03-c332-4a3f-9386-d03e2d19e8ee": {
    "asset": 1549769688000,
    "meta": 1572936106000,
    "relativePath": "prefab/sprite.prefab"
  },
  "7de03a80-4457-438d-95a7-3e7cdffd6086": {
    "asset": 1549769688000,
    "meta": 1572936106000,
    "relativePath": "prefab/tiledmap.prefab"
  },
  "0e42ba95-1fa1-46aa-b2cf-143cd1bcee2c": {
    "asset": 1549769688000,
    "meta": 1572936106000,
    "relativePath": "prefab/tiledtile.prefab"
  },
  "0d784963-d024-4ea6-a7db-03be0ad63010": {
    "asset": 1549769688000,
    "meta": 1572936106000,
    "relativePath": "prefab/toggle.prefab"
  },
  "bf0a434c-84dd-4a8e-a08a-7a36f180cc75": {
    "asset": 1549769688000,
    "meta": 1572936106000,
    "relativePath": "prefab/toggleContainer.prefab"
  },
  "d1b8be49-b0a0-435c-83b7-552bed4bbe35": {
    "asset": 1549769688000,
    "meta": 1572936106000,
    "relativePath": "prefab/toggleGroup.prefab"
  },
  "232d2782-c4bd-4bb4-9e01-909f03d6d3b9": {
    "asset": 1549769688000,
    "meta": 1572936106000,
    "relativePath": "prefab/videoplayer.prefab"
  },
  "8c5001fd-07ee-4a4b-a8a0-63e15195e94d": {
    "asset": 1549769688000,
    "meta": 1572936106000,
    "relativePath": "prefab/webview.prefab"
  },
  "cf10c1c1-a32e-4245-bd14-241e8de76ee9": {
    "asset": 1571381880000,
    "meta": 1571381880000,
    "relativePath": "res"
  },
  "02d78747-ba51-4acb-b7a9-72972ccf4b2f": {
    "asset": 1571381880000,
    "meta": 1571381880000,
    "relativePath": "res/AudioClip"
  },
  "38839cac-8d68-41ad-9bb4-61a719cd8a99": {
    "asset": 1571381880000,
    "meta": 1572936107000,
    "relativePath": "res/AudioClip/sound_click.mp3"
  },
  "36257a50-d35a-4ead-ae6c-48724b4c900a": {
    "asset": 1571381880000,
    "meta": 1572936107000,
    "relativePath": "res/AudioClip/sound_move.mp3"
  },
  "5ec4534f-c11d-4752-ae63-09167f8abcf8": {
    "asset": 1571381880000,
    "meta": 1571381880000,
    "relativePath": "res/fnt"
  },
  "3b9f0614-0356-4ec4-b9df-934bc0883d67": {
    "asset": 1571381880000,
    "meta": 1572936107000,
    "relativePath": "res/AudioClip/sound_win.mp3"
  },
  "7fbfe47e-9fdf-4fdc-a0e3-704db36c431e": {
    "asset": 1571381880000,
    "meta": 1572936108000,
    "relativePath": "res/fnt/font.fnt"
  },
  "62288fb7-05b8-4491-99ad-4b8a1f49fdf6": {
    "asset": 1571381880000,
    "meta": 1572936107000,
    "relativePath": "res/fnt/font_0.png"
  },
  "46a5b6da-0568-4003-8a51-bdcc9d85bcf1": {
    "asset": 1571381880000,
    "meta": 1572936107000,
    "relativePath": "res/fnt/font1_0.png"
  },
  "ace42da7-1bcc-4a3f-9c9a-6dfa9797d1b8": {
    "asset": 1571381880000,
    "meta": 1572936108000,
    "relativePath": "res/fnt/font1.fnt"
  },
  "371b0b62-97f0-4de0-86ce-b77bc2b04e56": {
    "asset": 1572935675000,
    "meta": 1571381880000,
    "relativePath": "res/images"
  },
  "03f75301-0eec-4bd4-9030-ed345df7c832": {
    "asset": 1571381880000,
    "meta": 1572936107000,
    "relativePath": "res/images/an1_1.png"
  },
  "2d442db6-a3d3-4fc5-8b19-eb7641013a97": {
    "asset": 1571381880000,
    "meta": 1572936107000,
    "relativePath": "res/images/an1.png"
  },
  "88672057-f5ba-4f2a-9bcb-162ee3ce16a0": {
    "asset": 1571381880000,
    "meta": 1572936107000,
    "relativePath": "res/images/an2.png"
  },
  "5e5f7c45-c599-494e-a20b-bf9bf99a9e3f": {
    "asset": 1571381880000,
    "meta": 1572936107000,
    "relativePath": "res/images/an2_1.png"
  },
  "9db1fe5b-3bf7-4a9e-ad13-a3a48bf762c0": {
    "asset": 1571381880000,
    "meta": 1572936107000,
    "relativePath": "res/images/an3_1.png"
  },
  "de4c196c-b61f-4eac-8d20-09c36289bdd6": {
    "asset": 1571381880000,
    "meta": 1572936107000,
    "relativePath": "res/images/an3.png"
  },
  "252d67b0-7384-4d12-a2b6-9b51d4b35c69": {
    "asset": 1571381880000,
    "meta": 1572936107000,
    "relativePath": "res/images/an4_1.png"
  },
  "147d9a1d-ee36-43eb-8130-c1739e750f0d": {
    "asset": 1571381880000,
    "meta": 1572936107000,
    "relativePath": "res/images/an4.png"
  },
  "90507106-cbc7-44c7-a618-235f126597e8": {
    "asset": 1571381880000,
    "meta": 1572936107000,
    "relativePath": "res/images/an5.png"
  },
  "1331b202-be35-4fc3-b9a5-3ba707cb05e8": {
    "asset": 1571381880000,
    "meta": 1572936107000,
    "relativePath": "res/images/an5_1.png"
  },
  "bd15419d-9db4-445d-9152-48ab2c9c5c27": {
    "asset": 1571381880000,
    "meta": 1572936107000,
    "relativePath": "res/images/back(2).png"
  },
  "3df8324a-2965-4a52-8996-9c734f59e2b5": {
    "asset": 1571381880000,
    "meta": 1572936107000,
    "relativePath": "res/images/bcys.png"
  },
  "b26bfc10-9482-4ab6-bb2c-11d20be34a17": {
    "asset": 1571381880000,
    "meta": 1572936107000,
    "relativePath": "res/images/bg_2.png"
  },
  "f08dfd64-62de-4374-88ab-8a0e844fd61c": {
    "asset": 1571381880000,
    "meta": 1572936107000,
    "relativePath": "res/images/bg_1.png"
  },
  "487eedce-0f85-4a27-a263-bf533c30f5cf": {
    "asset": 1571381880000,
    "meta": 1572936107000,
    "relativePath": "res/images/bg.png"
  },
  "7d24ff57-b154-4210-9d8a-ccac2a934313": {
    "asset": 1571381880000,
    "meta": 1572936107000,
    "relativePath": "res/images/bg2.png"
  },
  "ab281dd5-e360-4a55-914b-a9bbda4fe215": {
    "asset": 1571381880000,
    "meta": 1572936107000,
    "relativePath": "res/images/bg3.png"
  },
  "9dd41031-6636-411c-a4d9-cf3972691cec": {
    "asset": 1571381880000,
    "meta": 1572936107000,
    "relativePath": "res/images/bs.png"
  },
  "25c4502d-6fa2-435d-a041-4056bbd46108": {
    "asset": 1571381880000,
    "meta": 1572936107000,
    "relativePath": "res/images/bz.png"
  },
  "7f1e4967-a0f9-4e8f-aa15-9ff502fdb528": {
    "asset": 1571381880000,
    "meta": 1572936107000,
    "relativePath": "res/images/close.png"
  },
  "78ab2589-0098-4d25-b456-2845089be96a": {
    "asset": 1571381880000,
    "meta": 1572936107000,
    "relativePath": "res/images/cw.png"
  },
  "23ebdb33-1148-4f83-9642-1b8980801ab4": {
    "asset": 1571381880000,
    "meta": 1572936107000,
    "relativePath": "res/images/cw2.png"
  },
  "b3f707aa-cf5c-4512-a45c-c1bea1c80a6b": {
    "asset": 1571381880000,
    "meta": 1572936107000,
    "relativePath": "res/images/cw3.png"
  },
  "707bfeb2-ecd5-41b0-aed7-3e8814f2c5bd": {
    "asset": 1571381880000,
    "meta": 1572936107000,
    "relativePath": "res/images/cxks.png"
  },
  "6f5389be-f7b3-4841-86d5-9c6bbe2c932f": {
    "asset": 1571381880000,
    "meta": 1572936107000,
    "relativePath": "res/images/d.png"
  },
  "e16b4218-32c6-4983-9a6d-19115d3854e8": {
    "asset": 1571381880000,
    "meta": 1572936107000,
    "relativePath": "res/images/d1.png"
  },
  "87ae14fb-b075-47aa-a424-4d8db3177545": {
    "asset": 1571381880000,
    "meta": 1572936107000,
    "relativePath": "res/images/fh.png"
  },
  "cc75761d-cb25-4837-8106-c3378fd780e3": {
    "asset": 1571381880000,
    "meta": 1572936107000,
    "relativePath": "res/images/fh3.png"
  },
  "98d12ee0-2a6f-4df1-8db4-6dad2cc3d61f": {
    "asset": 1571381880000,
    "meta": 1572936107000,
    "relativePath": "res/images/fx.png"
  },
  "6a7b9de4-0b53-4ea7-b7d4-0c706961c3f5": {
    "asset": 1571381880000,
    "meta": 1572936107000,
    "relativePath": "res/images/gd.png"
  },
  "8a2f8fe7-6e78-4cb0-a538-53e95b6e8be9": {
    "asset": 1571381880000,
    "meta": 1572936107000,
    "relativePath": "res/images/hg.png"
  },
  "3055d3c9-3bb9-4621-844c-c430bfe41aab": {
    "asset": 1571381880000,
    "meta": 1572936107000,
    "relativePath": "res/images/js.png"
  },
  "d3487e74-2337-4cb3-b0c5-99a30cc29b43": {
    "asset": 1571381880000,
    "meta": 1572936107000,
    "relativePath": "res/images/jxyx.png"
  },
  "8ea66386-8201-4fd8-9b47-759c2aa52abc": {
    "asset": 1571381880000,
    "meta": 1572936107000,
    "relativePath": "res/images/ks.png"
  },
  "1790e449-b772-4e8a-9abf-28d23ed0146b": {
    "asset": 1571381880000,
    "meta": 1572936107000,
    "relativePath": "res/images/ks2.png"
  },
  "ba068096-bf60-4434-aec2-96bfe7d4e638": {
    "asset": 1571381880000,
    "meta": 1572936107000,
    "relativePath": "res/images/ksyx.png"
  },
  "0e14fc71-0357-4d83-9757-e4f58aed55de": {
    "asset": 1571381880000,
    "meta": 1572936107000,
    "relativePath": "res/images/line.png"
  },
  "7f6ee544-122e-469f-8876-7832a9a4299e": {
    "asset": 1571381880000,
    "meta": 1572936107000,
    "relativePath": "res/images/mb.png"
  },
  "91494416-644e-423d-83f6-dacf4e510f51": {
    "asset": 1571381880000,
    "meta": 1572936107000,
    "relativePath": "res/images/nd.png"
  },
  "edbef56b-8385-40bd-a1ad-f695d278814f": {
    "asset": 1571381880000,
    "meta": 1572936107000,
    "relativePath": "res/images/new.png"
  },
  "735a01f5-3a41-4258-95b3-d4ea95211d10": {
    "asset": 1571381880000,
    "meta": 1572936107000,
    "relativePath": "res/images/phb.png"
  },
  "26610fdb-b35c-467c-b633-06ff08e18f1b": {
    "asset": 1571381880000,
    "meta": 1572936107000,
    "relativePath": "res/images/share1.png"
  },
  "42622daa-75c9-4df8-aa19-c25a31482b61": {
    "asset": 1571381880000,
    "meta": 1572936107000,
    "relativePath": "res/images/share2.png"
  },
  "e727b047-3f95-4fba-8468-d7d453f21a05": {
    "asset": 1571381880000,
    "meta": 1572936107000,
    "relativePath": "res/images/share3.png"
  },
  "cd71bcd9-7076-4660-8d82-60e4b5dea33d": {
    "asset": 1571381880000,
    "meta": 1572936107000,
    "relativePath": "res/images/share4.png"
  },
  "34e71d40-c13e-4ab4-90f6-1e3ea8a42f49": {
    "asset": 1571381880000,
    "meta": 1572936107000,
    "relativePath": "res/images/silent.png"
  },
  "6e92025d-c000-4b1c-8950-bd9d62a7cc34": {
    "asset": 1571381880000,
    "meta": 1572936107000,
    "relativePath": "res/images/singleColor.png"
  },
  "65272527-aa50-4a67-af89-1fddbcff201d": {
    "asset": 1571381880000,
    "meta": 1572936107000,
    "relativePath": "res/images/start.png"
  },
  "2750ec27-b6ce-4213-8751-1566599a8ba3": {
    "asset": 1571381880000,
    "meta": 1572936107000,
    "relativePath": "res/images/sy.png"
  },
  "aaeb8296-889d-420c-af4e-d9e82cbf02ea": {
    "asset": 1572935675000,
    "meta": 1572936107000,
    "relativePath": "res/images/start_bg.png"
  },
  "e3fc52c0-8137-4c43-a03c-4e2a71d23a26": {
    "asset": 1571381880000,
    "meta": 1572936107000,
    "relativePath": "res/images/tg.png"
  },
  "0f64f774-060f-4590-8d22-facb535e2031": {
    "asset": 1571381880000,
    "meta": 1572936107000,
    "relativePath": "res/images/title3.png"
  },
  "56827da8-bc0f-46f1-8705-035f35469977": {
    "asset": 1571381880000,
    "meta": 1572936107000,
    "relativePath": "res/images/tj.png"
  },
  "623fb9ec-ee9e-40bb-8627-34794c1579e0": {
    "asset": 1571381880000,
    "meta": 1572936107000,
    "relativePath": "res/images/x1.png"
  },
  "26500d4c-6f41-4ac3-9d64-916951c3a588": {
    "asset": 1571381880000,
    "meta": 1572936107000,
    "relativePath": "res/images/x2.png"
  },
  "79db1c45-7f91-4c72-90cf-54f3577ea26d": {
    "asset": 1571381880000,
    "meta": 1572936107000,
    "relativePath": "res/images/zy.png"
  },
  "a970ebc4-1579-4e55-8caf-9af5e9e5ed03": {
    "asset": 1571381880000,
    "meta": 1572936107000,
    "relativePath": "res/images/xy.png"
  },
  "7d5920cd-11f6-4402-9eab-9be7b3796b70": {
    "asset": 1571381880000,
    "meta": 1572936107000,
    "relativePath": "res/images/和好友一起来玩吧.png"
  },
  "3fe8412a-8fe5-44d8-b6e6-63900bc94763": {
    "asset": 1572933204000,
    "meta": 1571381880000,
    "relativePath": "res/Prefab"
  },
  "7abaeddd-6900-4fd8-b583-73534c4e267d": {
    "asset": 1571381880000,
    "meta": 1572936107000,
    "relativePath": "res/Prefab/num.prefab"
  },
  "cc92fa15-fe1f-4388-a774-c6932939fb0b": {
    "asset": 1571381880000,
    "meta": 1572936107000,
    "relativePath": "res/Prefab/selectBar.prefab"
  },
  "93e76d8b-91cd-4497-a7ee-b9d029369713": {
    "asset": 1571381880000,
    "meta": 1571381880000,
    "relativePath": "scene"
  },
  "e1e3d599-252f-4248-b2f6-4dd0ff2a6517": {
    "asset": 1572935727000,
    "meta": 1572936107000,
    "relativePath": "scene/Puzzle.fire"
  },
  "a86a05f9-ede9-4ec9-98f7-4ee1cfe86940": {
    "asset": 1572935738000,
    "meta": 1572936107000,
    "relativePath": "scene/SelectLevel.fire"
  },
  "ec08c1c5-7859-4aae-8063-a03f6fde3c23": {
    "asset": 1572935690000,
    "meta": 1572936107000,
    "relativePath": "scene/Start.fire"
  },
  "58a41ff6-e669-4ef1-a556-cc1a2d79632f": {
    "asset": 1572935497000,
    "meta": 1572936107000,
    "relativePath": "res/images/未标题-1.png"
  },
  "f0c40d29-c180-4d26-8ea3-41a1ea657b47": {
    "asset": 1572934704000,
    "meta": 1571381880000,
    "relativePath": "src"
  },
  "ddfaa538-255e-445b-8908-30df7b09b8c0": {
    "asset": 1572934237000,
    "meta": 1572936107000,
    "relativePath": "src/AddTag.js"
  },
  "b807b8dd-43a9-4b42-b37f-1835a5a000e5": {
    "asset": 1572934026000,
    "meta": 1572936107000,
    "relativePath": "src/Adjust.js"
  },
  "c4ae226a-0632-45f7-bcc5-52fba5297e87": {
    "asset": 1572933099000,
    "meta": 1572936107000,
    "relativePath": "src/Bespread.js"
  },
  "8bb3e004-c1dc-4ca4-bb3d-23fb58f6999b": {
    "asset": 1572933103000,
    "meta": 1572936107000,
    "relativePath": "src/Block.js"
  },
  "405921be-a4be-4a9c-81dc-addcda8c1af9": {
    "asset": 1572933107000,
    "meta": 1572936107000,
    "relativePath": "src/Breathe.js"
  },
  "57eee84d-c3f0-4103-b516-5f4f1924c179": {
    "asset": 1572933567000,
    "meta": 1572936107000,
    "relativePath": "src/FitWidth.js"
  },
  "4ff1bf09-9747-42fe-a3fd-1d695fb74edb": {
    "asset": 1572933584000,
    "meta": 1572936107000,
    "relativePath": "src/GameDataManagerJS.js"
  },
  "022dcd46-d82e-4715-a7a1-45a8fe34dd5b": {
    "asset": 1572934842000,
    "meta": 1572936107000,
    "relativePath": "src/Global.js"
  },
  "4f00356d-07c8-4ffe-8b62-af32475ce227": {
    "asset": 1572933643000,
    "meta": 1572936107000,
    "relativePath": "src/LocalStorage.js"
  },
  "c1b904d2-b580-4885-af8e-d7734b4cf390": {
    "asset": 1572933653000,
    "meta": 1572936108000,
    "relativePath": "src/Pause.js"
  },
  "149b9432-5c28-4772-8773-f84838cf795a": {
    "asset": 1572934901000,
    "meta": 1572936108000,
    "relativePath": "src/Puzzle.js"
  },
  "70a7b70e-2564-4bee-88f8-665d4e065c09": {
    "asset": 1572934904000,
    "meta": 1572936108000,
    "relativePath": "src/RankingButton.js"
  },
  "7e639f14-f83e-413b-bfa5-6b16681d9568": {
    "asset": 1572933797000,
    "meta": 1572936108000,
    "relativePath": "src/Select.js"
  },
  "f6174852-c5f8-4345-92b6-703dc31cb3eb": {
    "asset": 1572933803000,
    "meta": 1572936108000,
    "relativePath": "src/SelectBar.js"
  },
  "d0df49eb-c32b-4303-bb24-68e7b647c4c3": {
    "asset": 1572934760000,
    "meta": 1572936108000,
    "relativePath": "src/Start.js"
  },
  "38413c25-f791-4598-a9db-58ca436cc542": {
    "asset": 1572934907000,
    "meta": 1572936108000,
    "relativePath": "src/Tip.js"
  },
  "2588c095-dde1-4f24-9043-ae6157bb5319": {
    "asset": 1572934912000,
    "meta": 1572936108000,
    "relativePath": "src/Win.js"
  }
}