{
    "bullet000": {
        "name":"透明",
        "resName": "bullet000",
        "lightName": "bulletlight001",
        "lightColor": "#FFFFFF",
        "speed": 200,
        "isRect": 0,
        "isRotate": 0,
        "size": 1,
        "damage": {
        }
    },
    "bullet001": {
        "name":"普通红色圆形",
        "resName": "bullet001",
        "lightName": "bulletlight001",
        "lightColor": "#C72C2C",
        "speed": 200,
        "isRect": 0,
        "isRotate": 0,
        "size": 1,
        "damage": {
            "physicalDamage": 1
        }
    },
    "bullet002": {
        "name":"金色长条子弹",
        "resName": "bullet002",
        "lightName": "bulletlight002",
        "lightColor": "#ffffff",
        "speed": 300,
        "isRect": 1,
        "isRotate": 0,
        "size": 1,
        "damage": {
            "physicalDamage": 1
        }
    },
    "bullet003": {
        "name":"普通箭矢",
        "resName": "bullet003",
        "lightName": "bulletlight003",
        "lightColor": "#ffffff",
        "speed": 600,
        "isRect": 1,
        "isRotate": 0,
        "size": 1,
        "damage": {
            "physicalDamage": 1
        }
    },
    "bullet103": {
        "name":"普通箭矢",
        "resName": "bullet003",
        "lightName": "bulletlight003",
        "lightColor": "#ffffff",
        "speed": 600,
        "isRect": 1,
        "isRotate": 0,
        "size": 2,
        "damage": {
            "physicalDamage": 1
        }
    },
    "bullet004": {
        "name":"泡泡",
        "resName": "bullet004",
        "lightName": "bulletlight004",
        "lightColor": "#ffffff",
        "speed": 150,
        "isRect": 0,
        "isRotate": 0,
        "size": 2,
        "damage": {
            "physicalDamage": 2
        }
    },
    "bullet005": {
        "name":"圆形冰",
        "resName": "bullet005",
        "lightName": "bulletlight001",
        "lightColor": "#9DCBF0",
        "speed": 500,
        "isRect": 0,
        "isRotate": 0,
        "size": 1,
        "damage": {
            "physicalDamage": 1
        }
    },
    "bullet006": {
        "name":"圆形火",
        "resName": "bullet006",
        "lightName": "bulletlight001",
        "lightColor": "#C7762C",
        "speed": 500,
        "isRect": 0,
        "isRotate": 0,
        "size": 1,
        "damage": {
            "physicalDamage": 1
        }
    },
    "bullet007": {
        "name":"圆形雷",
        "resName": "bullet007",
        "lightName": "bulletlight001",
        "lightColor": "#5D77B8",
        "speed": 500,
        "isRect": 0,
        "isRotate": 0,
        "size": 1,
        "damage": {
            "physicalDamage": 1
        }
    },
    "bullet008": {
        "name":"圆形毒",
        "resName": "bullet008",
        "lightName": "bulletlight001",
        "lightColor": "#3EAF4C",
        "speed": 500,
        "isRect": 0,
        "isRotate": 0,
        "size": 1,
        "damage": {
            "physicalDamage": 1
        }
    },
    "bullet009": {
        "name":"圆形诅咒",
        "resName": "bullet009",
        "lightName": "bulletlight001",
        "lightColor": "#623EAF",
        "speed": 500,
        "isRect": 0,
        "isRotate": 0,
        "size": 1,
        "damage": {
            "physicalDamage": 1
        }
    },
    "bullet010": {
        "name":"圆形大炮子弹",
        "resName": "bullet010",
        "lightName": "bulletlight001",
        "lightColor": "#333333",
        "speed": 500,
        "isRect": 0,
        "isRotate": 0,
        "size": 1.5,
        "damage": {
            "physicalDamage": 1
        }
    },
    "bullet011": {
        "name":"霰弹",
        "speed": 500,
        "isLaser":0,
        "isRect": 1,
        "isRotate": 0,
        "size": 1,
        "resName":"bullet011",
        "lightName": "bulletlight001",
        "lightColor": "#FFFF00",
        "damage": {
            "physicalDamage": 1
        }
    },
    "bullet012": {
        "name":"小型震荡导弹",
        "speed": 700,
        "isLaser":0,
        "isRect": 1,
        "isRotate": 0,
        "lifeTime":5,
        "size": 3,
        "resName":"bullet012",
        "lightName": "bulletlight001",
        "lightColor": "#00cffe",
        "damage": {
            "physicalDamage": 1,
            "lighteningRate":100
        }
    },
    "bullet013": {
        "name":"毒箭",
        "speed": 500,
        "isLaser":0,
        "isRect": 1,
        "isRotate": 0,
        "lifeTime":5,
        "size": 2,
        "isTracking":0,
        "resName":"bullet013",
        "lightName": "bulletlight001",
        "lightColor": "#3EAF4C",
        "damage": {
            "physicalDamage": 1,
            "toxicRate":100
        }
    },
    "bullet014": {
        "name":"毒蛇",
        "speed": 500,
        "isLaser":0,
        "isRect": 1,
        "isRotate": 0,
        "lifeTime":5,
        "size": 2,
        "isTracking":0,
        "resName":"bullet014",
        "lightName": "bulletlight001",
        "lightColor": "#2F4F4F",
        "damage": {
            "physicalDamage": 1,
            "toxicRate":100
        }
    },
    "bullet015": {
        "name":"战争机器追踪导弹",
        "speed": 300,
        "isLaser":0,
        "isRect": 1,
        "isRotate": 0,
        "lifeTime":5,
        "size": 2,
        "isTracking":1,
        "resName":"bullet015",
        "lightName": "bulletlight001",
        "lightColor": "#C72C2C",
        "damage": {
            "physicalDamage": 1
        }
    },
    "bullet016": {
        "name":"战争机器爆炸导弹",
        "speed": 600,
        "isLaser":0,
        "isRect": 1,
        "isRotate": 0,
        "lifeTime":1,
        "size": 3,
        "isBoom":1,
        "resName":"bullet016",
        "lightName": "bulletlight001",
        "lightColor": "#FFFFE0",
        "damage": {
            "physicalDamage": 0
        }
    },
    "bullet017": {
        "name":"蝗虫",
        "speed": 160,
        "isLaser":0,
        "isRect": 0,
        "isRotate": 0,
        "lifeTime":5,
        "size": 1,
        "isTracking":1,
        "delaytrack":1,
        "isPhysical":0,
        "resName":"bullet017",
        "lightName": "bulletlight001",
        "lightColor": "#2F4F4F",
        "damage": {
            "physicalDamage": 1
        }
    },
    "bullet018": {
        "name":"长矛",
        "speed": 600,
        "isLaser":0,
        "isRect": 1,
        "isRotate": 0,
        "lifeTime":2,
        "size": 2,
        "isTracking":0,
        "isPhysical":0,
        "resName":"bullet018",
        "lightName": "bulletlight003",
        "lightColor": "#ffffff",
        "damage": {
            "physicalDamage": 1
        }
    },
    "bullet019": {
        "name":"闪电",
        "speed": 300,
        "isLaser":0,
        "isRect": 1,
        "isRotate": 0,
        "lifeTime":1,
        "size": 1.5,
        "isTracking":0,
        "isPhysical":0,
        "resName":"bullet019",
        "lightName": "bulletlight001",
        "lightColor": "#cbdbfc",
        "damage": {
            "physicalDamage": 0,
            "lighteningDamage":1,
            "lighteningRate":100
        }
    },
    "bullet020": {
        "name":"鸡蛋",
        "resName": "bullet020",
        "lightName": "bulletlight001",
        "lightColor": "#ffffff",
        "speed": 200,
        "isRect": 0,
        "isRotate": 1,
        "lifeTime":10,
        "isPhysical":1,
        "isDecelerate":1,
        "size": 0.8,
        "isBoom":1,
        "damage": {
            "physicalDamage": 1
        }
    },
    "bullet021": {
        "name":"花瓣",
        "resName": "bullet021",
        "lightName": "bulletlight001",
        "lightColor": "#ffffff",
        "speed": 200,
        "isRect": 0,
        "isRotate": 0,
        "lifeTime":10,
        "isPhysical":0,
        "isDecelerate":2,
        "isTracking":0,
        "delaytrack":3,
        "size": 1,
        "isBoom":0,
        "damage": {
            "physicalDamage": 1
        }
    },
    "bullet022": {
        "name":"石头",
        "resName": "bullet022",
        "lightName": "bulletlight001",
        "lightColor": "#708090",
        "speed": 300,
        "isRect": 1,
        "isRotate": 0,
        "lifeTime":5,
        "isPhysical":0,
        "isDecelerate":0,
        "isTracking":0,
        "delaytrack":0,
        "size": 7,
        "isBoom":0,
        "damage": {
            "physicalDamage": 5
        }
    },
    "bullet023": {
        "name":"风暴",
        "resName": "bullet023",
        "lightName": "bulletlight001",
        "lightColor": "#708090",
        "speed": 200,
        "isRect": 0,
        "isRotate": 0,
        "lifeTime":15,
        "isPhysical":0,
        "isDecelerate":0,
        "isTracking":1,
        "fixedRotation":1,
        "delaytrack":1,
        "size": 5,
        "isBoom":0,
        "damage": {
            "physicalDamage": 5
        }
    },
    "bullet123": {
        "name":"风暴",
        "resName": "bullet023",
        "lightName": "bulletlight001",
        "lightColor": "#708090",
        "speed": 250,
        "isRect": 0,
        "isRotate": 0,
        "lifeTime":15,
        "isPhysical":0,
        "isDecelerate":0,
        "isTracking":1,
        "fixedRotation":1,
        "delaytrack":1,
        "size": 4,
        "isBoom":0,
        "damage": {
            "physicalDamage": 5
        }
    },
    "bullet223": {
        "name":"风暴",
        "resName": "bullet023",
        "lightName": "bulletlight001",
        "lightColor": "#708090",
        "speed": 150,
        "isRect": 0,
        "isRotate": 0,
        "lifeTime":15,
        "isPhysical":0,
        "isDecelerate":0,
        "isTracking":1,
        "fixedRotation":1,
        "delaytrack":1,
        "size": 6,
        "isBoom":0,
        "damage": {
            "physicalDamage": 5
        }
    },
    "bullet100": {
        "name":"火球",
        "resName": "bullet025",
        "lightName": "bulletlight001",
        "lightColor": "#ffad00",
        "speed": 300,
        "isRect": 0,
        "isRotate": 0,
        "size": 1.5,
        "fixedRotation":1,
        "damage": {
            "fireRate": 100,
            "fireDamage":1
        }
    },
    "bullet200": {
        "name":"大火球",
        "resName": "bullet025",
        "lightName": "bulletlight001",
        "lightColor": "#ffad00",
        "speed": 350,
        "isRect": 0,
        "isRotate": 0,
        "size": 3,
        "fixedRotation":1,
        "damage": {
            "fireRate": 100,
            "fireDamage":1
        }
    },
    "bullet024": {
        "name":"蛛网",
        "resName": "bullet024",
        "lightName": "bulletlight003",
        "lightColor": "#ffffff",
        "speed": 500,
        "isRect": 1,
        "isRotate": 0,
        "size": 1,
        "statusType":"status014",
        "statusRate":100,
        "damage": {
            "physicalDamage": 1
        }
    },
    "bullet025": {
        "name":"火焰（路径）",
        "resName": "bullet025",
        "lightName": "bulletlight001",
        "lightColor": "#ffad00",
        "speed": 1,
        "isRect": 0,
        "isRotate": 0,
        "size": 2,
        "lifeTime":3,
        "isPhysical":0,
        "isDecelerate":1,
        "fixedRotation":1,
        "statusType":"status002",
        "statusRate":100,
        "damage": {
            "physicalDamage": 1
        }
    },
    "bullet026": {
        "name":"冰柱（路径）",
        "resName": "bullet026",
        "lightName": "bulletlight001",
        "lightColor": "#ffffff",
        "speed": 1,
        "isRect": 0,
        "isRotate": 0,
        "size": 2,
        "lifeTime":3,
        "isPhysical":0,
        "isDecelerate":1,
        "fixedRotation":1,
        "statusType":"status001",
        "statusRate":100,
        "damage": {
            "physicalDamage": 1
        }
    },
    "bullet027": {
        "name":"手里剑",
        "resName": "bullet027",
        "lightName": "bulletlight001",
        "lightColor": "#708090",
        "speed": 600,
        "isRect": 0,
        "isRotate": 1,
        "rotateAngle":150,
        "lifeTime":1,
        "isPhysical":0,
        "isDecelerate":0,
        "isTracking":0,
        "fixedRotation":0,
        "delaytrack":0,
        "size": 2,
        "isBoom":0,
        "damage": {
            "physicalDamage": 1
        }
    },
    "bullet028": {
        "name":"炸弹",
        "resName": "bullet028",
        "lightName": "bulletlight001",
        "lightColor": "#ffffff",
        "speed": 400,
        "isRect": 0,
        "isRotate": 1,
        "lifeTime":2,
        "isPhysical":1,
        "isDecelerate":1,
        "size": 1,
        "isBoom":1,
        "damage": {
            "physicalDamage": 1
        }
    },
    "bullet029": {
        "name":"圆形种子",
        "resName": "bullet029",
        "lightName": "bulletlight001",
        "lightColor": "#3EAF4C",
        "speed": 500,
        "isRect": 0,
        "isRotate": 0,
        "size": 1,
        "statusType":"status014",
        "statusRate":100,
        "damage": {
            "physicalDamage": 1
        }
    },
    "bullet030": {
        "name":"千本",
        "resName": "bullet030",
        "lightName": "bulletlight003",
        "lightColor": "#ffffff",
        "speed": 500,
        "isRect": 0,
        "isRotate": 0,
        "size": 1,
        "damage": {
            "physicalDamage": 1
        }
    },
    "bullet031": {
        "name":"墨汁",
        "resName": "bullet031",
        "lightName": "bulletlight003",
        "lightColor": "#000000",
        "speed": 300,
        "isRect": 1,
        "isRotate": 0,
        "size": 2,
        "damage": {
            "physicalDamage": 2
        }
    },
    "bullet032": {
        "name":"刀气",
        "resName": "bullet032",
        "lightName": "bulletlight003",
        "lightColor": "#333333",
        "speed": 700,
        "isRect": 1,
        "isRotate": 0,
        "lifeTime":0.5,
        "size": 7,
        "damage": {
            "physicalDamage": 2
        }
    },
    "bullet033": {
        "name":"浪花",
        "resName": "bullet033",
        "lightName": "bulletlight003",
        "lightColor": "#ffffff",
        "speed": 400,
        "isRect": 0,
        "isRotate": 0,
        "lifeTime":2,
        "isPhysical":0,
        "isDecelerate":1,
        "size": 2,
        "isBoom":0,
        "statusType":"status001",
        "statusRate":100,
        "damage": {
            "physicalDamage": 1
        }
    },
    "bullet034": {
        "name":"剑影",
        "resName": "bullet034",
        "lightName": "bulletlight003",
        "lightColor": "#000000",
        "speed": 800,
        "isRect": 1,
        "isRotate": 0,
        "lifeTime":1,
        "isPhysical":0,
        "isDecelerate":1,
        "isTracking":1,
        "size": 4,
        "isBoom":0,
        "damage": {
            "physicalDamage": 1
        }
    },
    "bullet035": {
        "name":"元素飞弹",
        "resName": "bullet035",
        "lightName": "bulletlight003",
        "lightColor": "#ffffff",
        "speed": 500,
        "isRect": 1,
        "isRotate": 0,
        "lifeTime":5,
        "isPhysical":0,
        "isDecelerate":0,
        "isTracking":0,
        "size": 5,
        "isBoom":0,
        "damage": {
            "physicalDamage": 3
        }
    },
    "bullet135": {
        "name":"强力元素飞弹",
        "resName": "bullet035",
        "lightName": "bulletlight003",
        "lightColor": "#ffffff",
        "speed": 600,
        "isRect": 1,
        "isRotate": 0,
        "lifeTime":5,
        "isPhysical":0,
        "isDecelerate":0,
        "isTracking":0,
        "size": 6,
        "isBoom":0,
        "damage": {
            "physicalDamage": 5
        }
    },
    "bullet036": {
        "name":"冰锥",
        "resName": "bullet036",
        "lightName": "bulletlight003",
        "lightColor": "#ffffff",
        "speed": 700,
        "isRect": 1,
        "isRotate": 0,
        "lifeTime":5,
        "isPhysical":0,
        "isDecelerate":0,
        "isTracking":0,
        "size": 5,
        "isBoom":0,
        "statusType":"status001",
        "statusRate":100,
        "damage": {
            "iceDamage": 3
        }
    },
    "bullet136": {
        "name":"加强冰锥",
        "resName": "bullet036",
        "lightName": "bulletlight003",
        "lightColor": "#ffffff",
        "speed": 700,
        "isRect": 1,
        "isRotate": 0,
        "lifeTime":5,
        "isPhysical":0,
        "isDecelerate":0,
        "isTracking":0,
        "size": 6,
        "isBoom":0,
        "statusType":"status001",
        "statusRate":100,
        "damage": {
            "iceDamage": 5
        }
    },
    "bullet037": {
        "name":"大冰锥",
        "resName": "bullet037",
        "lightName": "bulletlight003",
        "lightColor": "#ffffff",
        "speed": 700,
        "isRect": 1,
        "isRotate": 0,
        "lifeTime":5,
        "isPhysical":0,
        "isDecelerate":0,
        "isTracking":0,
        "size": 5,
        "isBoom":0,
        "statusType":"status027",
        "statusRate":100,
        "damage": {
            "iceDamage": 4
        }
    },
    "bullet137": {
        "name":"加强大冰锥",
        "resName": "bullet037",
        "lightName": "bulletlight003",
        "lightColor": "#ffffff",
        "speed": 700,
        "isRect": 1,
        "isRotate": 0,
        "lifeTime":5,
        "isPhysical":0,
        "isDecelerate":0,
        "isTracking":0,
        "size": 6,
        "isBoom":0,
        "statusType":"status027",
        "statusRate":100,
        "damage": {
            "iceDamage": 5
        }
    },
    "bullet038": {
        "name":"大号霰弹",
        "speed": 300,
        "isLaser":0,
        "isRect": 1,
        "lifeTime":0.5,
        "isRotate": 0,
        "size": 2,
        "resName":"bullet038",
        "lightName": "bulletlight001",
        "lightColor": "#ff787f",
        "damage": {
            "physicalDamage": 2
        }
    },
    "bullet039": {
        "name":"混合光圈",
        "resName": "bullet039",
        "lightName": "bulletlight001",
        "lightColor": "#ffffff",
        "speed": 300,
        "isRect": 0,
        "isRotate": 1,
        "rotateAngle":180,
        "lifeTime":5,
        "isPhysical":0,
        "isDecelerate":1,
        "isTracking":0,
        "size": 3,
        "isBoom":0,
        "damage": {
            "physicalDamage": 2
        }
    },
    "laser001": {
        "name":"红色激光",
        "speed": 5000,
        "isLaser":1,
        "resNameLaser":"laser001",
        "damage": {
            "physicalDamage": 1
        }
    },
    "laser002": {
        "name":"灰色激光",
        "speed": 5000,
        "isLaser":1,
        "lifeTime":2,
        "size": 2,
        "resNameLaser":"laser002",
        "damage": {
            "physicalDamage": 1,
            "fireRate":100
        }
    },
    "laser003": {
        "name":"紫色激光",
        "speed": 5000,
        "isLaser":1,
        "lifeTime":2,
        "size": 2,
        "resNameLaser":"laser003",
        "damage": {
            "physicalDamage": 1,
            "stoneRate":100
        }
    },
    "laser101": {
        "name":"短暂红色激光",
        "speed": 1000,
        "isLaser":1,
        "lifeTime":0.3,
        "resNameLaser":"laser001",
        "damage": {
            "physicalDamage": 1
        }
    }
    
}