{
    "emptyequipment": {
        "nameCn": "emptyequipment",
        "nameEn": "emptyequipment",
        "equipmetType": "empty",
        "prefix": "",
        "color": "#ffffff",
        "titlecolor": "#ffffff",
        "img": "emptyequipment",
        "common": {
            "damageMin": 0,
            "damageMax": 0,
            "criticalStrikeRate": 0,
            "defence": 0,
            "lifeDrain": 0,
            "damageBack": 0,
            "moveSpeed": 0,
            "attackSpeed": 0,
            "dodge": 0,
            "maxHealth": 0
        },
        "desc": "nothing is here"
    },
    "weapon000": {
        "nameCn": "餐叉",
        "nameEn": "dinner fork",
        "equipmetType": "weapon",
        "equipmetTypeCn": "",
        "prefix": "",
        "color": "#ffffff",
        "titlecolor": "#ffffff",
        "lightcolor": "#ffffff",
        "img": "weapon000",
        "stab": 1,
        "common": {
            "damageMin": 1,
            "damageMax": 5,
            "criticalStrikeRate": 0,
            "defence": 0,
            "lifeDrain": 0,
            "damageBack": 2,
            "moveSpeed": 0,
            "attackSpeed": 0,
            "dodge": 0,
            "maxHealth": 0
        },
        "desc": "It's just a fork"
    },
    "weapon001": {
        "nameCn": "餐刀",
        "nameEn": "dinner knife",
        "equipmetType": "weapon",
        "equipmetTypeCn": "",
        "prefix": "",
        "color": "#ffffff",
        "titlecolor": "#ffffff",
        "lightcolor": "#ffffff",
        "img": "weapon001",
        "common": {
            "damageMin": 1,
            "damageMax": 2,
            "criticalStrikeRate": 0,
            "defence": 0,
            "lifeDrain": 0,
            "damageBack": 0,
            "moveSpeed": 0,
            "attackSpeed": 0,
            "dodge": 0,
            "maxHealth": 0
        },
        "desc": "It seems good"
    },
    "weapon002": {
        "nameCn": "砍刀",
        "nameEn": "Chopper",
        "equipmetType": "weapon",
        "equipmetTypeCn": "",
        "prefix": "",
        "color": "#ffffff",
        "titlecolor": "#ffffff",
        "lightcolor": "#ffffff",
        "img": "weapon002",
        "common": {
            "damageMin": 2,
            "damageMax": 1,
            "criticalStrikeRate": 0,
            "defence": 0,
            "lifeDrain": 0,
            "damageBack": 0,
            "moveSpeed": 0,
            "attackSpeed": 0,
            "dodge": 0,
            "maxHealth": 0
        },
        "desc": "It smells good"
    },
    "weapon003": {
        "nameCn": "大刀",
        "nameEn": "HugeBlade",
        "equipmetType": "weapon",
        "equipmetTypeCn": "",
        "prefix": "",
        "color": "#ffffff",
        "titlecolor": "#ffffff",
        "lightcolor": "#ffffff",
        "img": "weapon003",
        "common": {
            "damageMin": 3,
            "damageMax": 2,
            "criticalStrikeRate": 0,
            "defence": 0,
            "lifeDrain": 0,
            "damageBack": 0,
            "moveSpeed": -50,
            "attackSpeed": 0,
            "dodge": 0,
            "maxHealth": 0
        },
        "desc": "It's awesome!'",
        "far": 1
    },
    "weapon004": {
        "nameCn": "草叉",
        "nameEn": "Pitchfork",
        "equipmetType": "weapon",
        "equipmetTypeCn": "",
        "prefix": "",
        "color": "#ffffff",
        "titlecolor": "#ffffff",
        "lightcolor": "#ffffff",
        "img": "weapon004",
        "common": {
            "damageMin": 1,
            "damageMax": 2,
            "criticalStrikeRate": 0,
            "defence": 0,
            "lifeDrain": 0,
            "damageBack": 0,
            "moveSpeed": 0,
            "attackSpeed": 0,
            "dodge": 0,
            "maxHealth": 0
        },
        "stab":1,
        "desc": "stab!!!",
        "far": 1
    },
    "weapon005": {
        "nameCn": "巨斧",
        "nameEn": "HugeAxe",
        "equipmetType": "weapon",
        "equipmetTypeCn": "",
        "prefix": "",
        "color": "#ffffff",
        "titlecolor": "#ffffff",
        "lightcolor": "#ffffff",
        "img": "weapon005",
        "common": {
            "damageMin": 4,
            "damageMax": 1,
            "criticalStrikeRate": 0,
            "defence": 0,
            "lifeDrain": 0,
            "damageBack": 0,
            "moveSpeed": -50,
            "attackSpeed": 0,
            "dodge": 0,
            "maxHealth": 0
        },
        "desc": "It's awesome!'",
        "far": 1
    },
    "weapon006": {
        "nameCn": "撬棍",
        "nameEn": "Crowbar",
        "equipmetType": "weapon",
        "equipmetTypeCn": "",
        "prefix": "",
        "color": "#ffffff",
        "titlecolor": "#ffffff",
        "lightcolor": "#ffffff",
        "img": "weapon006",
        "common": {
            "damageMin": 1,
            "damageMax": 3,
            "criticalStrikeRate": 10,
            "defence": 0,
            "lifeDrain": 0,
            "damageBack": 0,
            "moveSpeed": 0,
            "attackSpeed": 0,
            "dodge": 0,
            "maxHealth": 0,
            "realDamage":1,
            "realRate":30
        },
        "desc": "物理学圣剑!!!"
    },
    "weapon007": {
        "nameCn": "武士刀",
        "nameEn": "KATANA",
        "equipmetType": "weapon",
        "equipmetTypeCn": "",
        "prefix": "",
        "color": "#ffffff",
        "titlecolor": "#ffffff",
        "lightcolor": "#ffffff",
        "img": "weapon007",
        "isReflect":1,
        "common": {
            "damageMin": 1,
            "damageMax": 2,
            "criticalStrikeRate": 0,
            "defence": 0,
            "lifeDrain": 0,
            "damageBack": 0,
            "moveSpeed": 20,
            "attackSpeed": 50,
            "dodge": 0,
            "maxHealth": 0
        },
        "desc": "ninininini ninja!!!"
    },
    "weapon008": {
        "nameCn": "水果刀",
        "nameEn": "Fruit knife",
        "equipmetType": "weapon",
        "equipmetTypeCn": "",
        "prefix": "",
        "color": "#ffffff",
        "titlecolor": "#ffffff",
        "lightcolor": "#ffffff",
        "img": "weapon008",
        "common": {
            "damageMin": 1,
            "damageMax": 2,
            "criticalStrikeRate": 0,
            "defence": 0,
            "lifeDrain": 0,
            "damageBack": 2,
            "moveSpeed": 0,
            "attackSpeed": 10,
            "dodge": 0,
            "maxHealth": 0
        },
        "stab":1,
        "desc": "十分轻巧的水果刀"
    },
    "weapon009": {
        "nameCn": "火之高兴",
        "nameEn": "Happy Fire",
        "equipmetType": "weapon",
        "equipmetTypeCn": "",
        "prefix": "",
        "color": "#ffffff",
        "titlecolor": "#ffffff",
        "lightcolor": "#ff5800",
        "img": "weapon009",
        "common": {
            "damageMin": 0,
            "damageMax": 2,
            "criticalStrikeRate": 0,
            "defence": 0,
            "lifeDrain": 0,
            "damageBack": 0,
            "moveSpeed": 0,
            "attackSpeed": 10,
            "fireDamage": 2,
            "fireRate":80,
            "maxHealth": 0
        },
        "desc": "很高兴很开心"
    },
    "weapon010": {
        "nameCn": "霜之悲伤",
        "nameEn": "Sad Ice",
        "equipmetType": "weapon",
        "equipmetTypeCn": "",
        "prefix": "",
        "color": "#ffffff",
        "titlecolor": "#ffffff",
        "lightcolor": "#e0f0ec",
        "img": "weapon010",
        "common": {
            "damageMin": 0,
            "damageMax": 2,
            "criticalStrikeRate": 0,
            "defence": 0,
            "lifeDrain": 0,
            "damageBack": 0,
            "moveSpeed": 0,
            "attackSpeed": 10,
            "iceDamage": 2,
            "iceRate":20,
            "maxHealth": 0
        },
        "desc": "这个肯定是山寨货"
    },
    "weapon011": {
        "nameCn": "埃及长杖",
        "nameEn": "Egypt Wand",
        "equipmetType": "weapon",
        "equipmetTypeCn": "",
        "prefix": "",
        "color": "#ffffff",
        "titlecolor": "#ffffff",
        "lightcolor": "#fdcc00",
        "img": "weapon011",
        "common": {
            "damageMin": 1,
            "damageMax": 2,
            "criticalStrikeRate": 0,
            "defence": 0,
            "lifeDrain": 0,
            "damageBack": 0,
            "moveSpeed": 0,
            "curseDamage":1,
            "curseRate":20,
            "attackSpeed": -100,
            "dodge": 0,
            "maxHealth": 0
        },
        "stab":1,
        "desc": "Immortal!!!",
        "far": 1
    },
    "weapon012": {
        "nameCn": "淬毒匕首",
        "nameEn": "ToxicDagger",
        "equipmetType": "weapon",
        "equipmetTypeCn": "",
        "prefix": "",
        "color": "#ffffff",
        "titlecolor": "#ffffff",
        "lightcolor": "#7f7963",
        "img": "weapon012",
        "common": {
            "damageMin": 1,
            "damageMax": 5,
            "criticalStrikeRate": 10,
            "defence": 0,
            "lifeDrain": 0,
            "damageBack": 2,
            "moveSpeed": 0,
            "attackSpeed": 0,
            "toxicRate":20,
            "toxicDamage":1,
            "dodge": 0,
            "maxHealth": 0
        },
        "stab":1,
        "desc": "toxic!!!",
        "far": 0
    },
    "weapon013": {
        "nameCn": "老树根",
        "nameEn": "OldRootDagger",
        "equipmetType": "weapon",
        "equipmetTypeCn": "",
        "prefix": "",
        "color": "#ffffff",
        "titlecolor": "#ffffff",
        "lightcolor": "#86726d",
        "img": "weapon013",
        "common": {
            "damageMin": 1,
            "damageMax": 5,
            "criticalStrikeRate": 0,
            "defence": 0,
            "lifeDrain": 20,
            "damageBack": 3,
            "moveSpeed": 0,
            "attackSpeed": 0,
            "dodge": 0,
            "maxHealth": 0
        },
        "stab":1,
        "desc": "old tree root",
        "far": 0
    },
    "weapon014": {
        "nameCn": " 杀猪刀",
        "nameEn": "Cook Chopper",
        "equipmetType": "weapon",
        "equipmetTypeCn": "",
        "prefix": "",
        "color": "#ffffff",
        "titlecolor": "#ffffff",
        "lightcolor": "#ffffff",
        "img": "weapon014",
        "common": {
            "damageMin": 1,
            "damageMax": 5,
            "criticalStrikeRate": 0,
            "defence": 0,
            "lifeDrain": 10,
            "damageBack": 4,
            "moveSpeed": 0,
            "attackSpeed": 0,
            "dodge": 0,
            "realDamage":1,
            "realRate":5,
            "maxHealth": 0
        },
        "stab":1,
        "desc": "Cook Chopper",
        "far": 0
    },
    "weapon015": {
        "nameCn": "雷刀",
        "nameEn": "Lightening Blade",
        "equipmetType": "weapon",
        "equipmetTypeCn": "",
        "prefix": "",
        "color": "#ffffff",
        "titlecolor": "#ffffff",
        "lightcolor": "#cbdbfc",
        "img": "weapon015",
        "common": {
            "damageMin": 1,
            "damageMax": 2,
            "criticalStrikeRate": 0,
            "defence": 0,
            "lifeDrain": 0,
            "damageBack": 0,
            "moveSpeed": 0,
            "attackSpeed": -100,
            "lighteningDamage": 1,
            "lighteningRate":20,
            "maxHealth": 0
        },
        "desc": "雷刀"
    },
    "weapon016": {
        "nameCn": "丛林叉",
        "nameEn": "Jungle Fork",
        "equipmetType": "weapon",
        "equipmetTypeCn": "",
        "prefix": "",
        "color": "#ffffff",
        "titlecolor": "#ffffff",
        "lightcolor": "#6d492e",
        "img": "weapon016",
        "bulletArcExNum":2,
        "exBulletTypeAttack":"bullet029",
        "exBulletRate":100,
        "exBulletCombo1":0,
        "exBulletCombo2":1,
        "exBulletCombo3":0,
        "exBulletOffsetX":32,
        "common": {
            "damageMin": 1,
            "damageMax": 2,
            "criticalStrikeRate": 0,
            "defence": 0,
            "lifeDrain": 0,
            "damageBack": 0,
            "moveSpeed": 0,
            "attackSpeed": 0,
            "dodge": 0,
            "maxHealth": 0
        },
        "stab":1,
        "extraInfo":"丛林种子",
        "desc": "树!!!",
        "far": 1
    },
    "weapon017": {
        "nameCn": "苦无",
        "nameEn": "Kunai",
        "equipmetType": "weapon",
        "equipmetTypeCn": "",
        "prefix": "",
        "color": "#ffffff",
        "titlecolor": "#ffffff",
        "lightcolor": "#ffffff",
        "img": "weapon017",
        "exBulletCombo3":1,
        "exBulletTypeAttack":"bullet030",
        "exBulletRate":100,
        "bulletArcExNum":80,
        "common": {
            "damageMin": 1,
            "damageMax": 1,
            "criticalStrikeRate": 0,
            "defence": 0,
            "lifeDrain": 0,
            "damageBack": 2,
            "moveSpeed": 0,
            "attackSpeed": 40,
            "dodge": 0,
            "maxHealth": 0
        },
        "stab":1,
        "extraInfo":"四面八方千本针",
        "desc": "nininininja",
        "far": 0
    },
    "weapon018": {
        "nameCn": "死神镰刀",
        "nameEn": "Kunai",
        "equipmetType": "weapon",
        "equipmetTypeCn": "",
        "prefix": "",
        "color": "#ffffff",
        "titlecolor": "#ffffff",
        "lightcolor": "#ffffff",
        "img": "weapon018",
        "exBulletCombo2":1,
        "exBulletTypeAttack":"bullet032",
        "exBulletOffsetX":48,
        "exBulletRate":100,
        "common": {
            "damageMin": 3,
            "damageMax": 3,
            "criticalStrikeRate": 20,
            "defence": 0,
            "lifeDrain": 0,
            "damageBack": 0,
            "moveSpeed": 0,
            "attackSpeed": 0,
            "dodge": 0,
            "maxHealth": 0
        },
        "stab":0,
        "extraInfo":"死亡的气息",
        "desc": "死亡",
        "far": 1
    },
    "weapon019": {
        "nameCn": "影剑",
        "nameEn": "Shadow Sword",
        "equipmetType": "weapon",
        "equipmetTypeCn": "",
        "prefix": "",
        "color": "#ffffff",
        "titlecolor": "#ffffff",
        "lightcolor": "#333333",
        "img": "weapon019",
        "exBulletCombo1":1,
        "exBulletTypeAttack":"bullet034",
        "exBulletOffsetX":16,
        "exBulletRate":100,
        "common": {
            "damageMin": 1,
            "damageMax": 0,
            "criticalStrikeRate": 0,
            "defence": 0,
            "lifeDrain": 0,
            "damageBack": 0,
            "moveSpeed": 0,
            "attackSpeed": 0,
            "dodge": 0,
            "maxHealth": 0
        },
        "stab":0,
        "extraInfo":"剑影",
        "desc": "影子",
        "far": 0
    },
    "weapon020": {
        "nameCn": "血刀",
        "nameEn": "Blood Blade",
        "equipmetType": "weapon",
        "equipmetTypeCn": "",
        "prefix": "",
        "color": "#ffffff",
        "titlecolor": "#ffffff",
        "lightcolor": "#991212",
        "img": "weapon020",
        "common": {
            "damageMin": 3,
            "damageMax": 0,
            "criticalStrikeRate": 0,
            "defence": 0,
            "lifeDrain": 30,
            "damageBack": 0,
            "moveSpeed": 0,
            "attackSpeed": 0,
            "dodge": 0,
            "maxHealth": 5
        },
        "stab":0,
        "desc": "死亡",
        "far": 0
    },
    "weapon021": {
        "nameCn": "石中剑",
        "nameEn": "Stone Sword",
        "equipmetType": "weapon",
        "equipmetTypeCn": "",
        "prefix": "",
        "color": "#ffffff",
        "titlecolor": "#ffffff",
        "lightcolor": "#cad1c8",
        "img": "weapon021",
        "exBulletCombo2":0,
        "exBulletOffsetX":0,
        "exBulletRate":0,
        "common": {
            "damageMin": 3,
            "damageMax": 0,
            "criticalStrikeRate": 0,
            "defence": 0,
            "lifeDrain": 0,
            "damageBack": 0,
            "moveSpeed": 0,
            "attackSpeed": 0,
            "dodge": 0,
            "maxHealth": 0
        },
        "stab":0,
        "desc": "被水泥冻住了",
        "far": 1
    },
    "weapon022": {
        "nameCn": "火鸡腿",
        "nameEn": "Chicken Leg",
        "equipmetType": "weapon",
        "equipmetTypeCn": "",
        "prefix": "",
        "color": "#ffffff",
        "titlecolor": "#ffffff",
        "lightcolor": "#fe931f",
        "img": "weapon022",
        "exBulletCombo2":0,
        "exBulletOffsetX":0,
        "exBulletRate":0,
        "common": {
            "damageMin": 5,
            "damageMax": 0,
            "criticalStrikeRate": 0,
            "defence": 0,
            "lifeDrain": 0,
            "damageBack": 0,
            "moveSpeed": 0,
            "attackSpeed": -200,
            "dodge": 0,
            "maxHealth": 0
        },
        "stab":0,
        "desc": "真正的火鸡腿",
        "far": 1
    },
    "weapon023": {
        "nameCn": "头槌",
        "nameEn": "big hammer",
        "equipmetType": "weapon",
        "equipmetTypeCn": "",
        "prefix": "",
        "color": "#ffffff",
        "titlecolor": "#ffffff",
        "lightcolor": "#303311",
        "img": "weapon023",
        "exBulletCombo2":0,
        "exBulletOffsetX":0,
        "exBulletRate":0,
        "common": {
            "damageMin": 2,
            "damageMax": 0,
            "criticalStrikeRate": 0,
            "defence": 0,
            "lifeDrain": 0,
            "damageBack": 0,
            "moveSpeed": 0,
            "attackSpeed": -100,
            "dodge": 0,
            "lighteningDamage": 2,
            "lighteningRate":30,
            "maxHealth": 0
        },
        "stab":0,
        "desc": "砸西瓜",
        "far": 1
    },
    "weapon024": {
        "nameCn": "冰刺",
        "nameEn": "ice thron",
        "equipmetType": "weapon",
        "equipmetTypeCn": "",
        "prefix": "",
        "color": "#ffffff",
        "titlecolor": "#ffffff",
        "lightcolor": "#cbdbfc",
        "img": "weapon024",
        "exBulletCombo2":0,
        "exBulletOffsetX":0,
        "exBulletRate":0,
        "common": {
            "damageMin": 2,
            "damageMax": 0,
            "criticalStrikeRate": 0,
            "defence": 0,
            "lifeDrain": 0,
            "damageBack": 0,
            "moveSpeed": 0,
            "attackSpeed": 0,
            "dodge": 0,
            "iceDamage": 2,
            "iceRate":30,
            "maxHealth": 0
        },
        "stab":1,
        "desc": "寒冷",
        "far": 1
    },
    "weapon025": {
        "nameCn": "镰刀刃",
        "nameEn": "Sickle",
        "equipmetType": "weapon",
        "equipmetTypeCn": "",
        "prefix": "",
        "color": "#ffffff",
        "titlecolor": "#ffffff",
        "lightcolor": "#cbda2c",
        "img": "weapon025",
        "exBulletCombo2":0,
        "exBulletOffsetX":0,
        "exBulletRate":0,
        "common": {
            "damageMin": 2,
            "damageMax": 0,
            "criticalStrikeRate": 0,
            "defence": 0,
            "lifeDrain": 0,
            "damageBack": 0,
            "moveSpeed": 0,
            "attackSpeed": 0,
            "dodge": 0,
            "realDamage": 2,
            "realRate":30,
            "maxHealth": 0
        },
        "stab":0,
        "desc": "镰刀一样的武器",
        "far": 0
    },
    "weapon026": {
        "nameCn": "埃及长剑",
        "nameEn": "Sickle",
        "equipmetType": "weapon",
        "equipmetTypeCn": "",
        "prefix": "",
        "color": "#ffffff",
        "titlecolor": "#ffffff",
        "lightcolor": "#cbda2c",
        "img": "weapon026",
        "exBulletCombo2":0,
        "exBulletOffsetX":0,
        "exBulletRate":0,
        "common": {
            "damageMin": 2,
            "damageMax": 2,
            "criticalStrikeRate": 10,
            "defence": 0,
            "lifeDrain": 0,
            "damageBack": 0,
            "moveSpeed": 0,
            "attackSpeed": 50,
            "dodge": 0,
            "maxHealth": 0
        },
        "stab":0,
        "desc": "几乎都生锈了,但是很轻巧",
        "far": 0
    },
    "remote001": {
        "nameCn": "十字弩",
        "nameEn": "Cross Bow",
        "equipmetType": "remote",
        "equipmetTypeCn": "",
        "prefix": "",
        "color": "#ffffff",
        "titlecolor": "#ffffff",
        "img": "remote001",
        "bulletType":"bullet003",
        "common": {
            "remoteDamage":1,
            "damageMin": 0,
            "damageMax": 0,
            "criticalStrikeRate": 0,
            "defence": 0,
            "lifeDrain": 0,
            "damageBack": 0,
            "moveSpeed": 0,
            "attackSpeed": 0,
            "remoteSpeed":-300,
            "dodge": 0,
            "maxHealth": 0
        },
        "stab":1,
        "desc": "猎魔人必备"
    },
    "remote002": {
        "nameCn": "长弓",
        "nameEn": "Long Bow",
        "equipmetType": "remote",
        "equipmetTypeCn": "",
        "prefix": "",
        "color": "#ffffff",
        "titlecolor": "#ffffff",
        "img": "remote002",
        "bulletType":"bullet103",
        "common": {
            "remoteDamage":1,
            "damageMin": 0,
            "damageMax": 0,
            "criticalStrikeRate": 0,
            "remoteCritRate":30,
            "defence": 0,
            "lifeDrain": 0,
            "damageBack": 0,
            "moveSpeed": 0,
            "attackSpeed": 0,
            "remoteSpeed":-200,
            "dodge": 0,
            "maxHealth": 0
        },
        "stab":1,
        "far":1,
        "desc": "普通的长弓"
    },
    "remote003": {
        "nameCn": "法杖",
        "nameEn": "Wand",
        "equipmetType": "remote",
        "equipmetTypeCn": "",
        "prefix": "",
        "color": "#ffffff",
        "titlecolor": "#ffffff",
        "img": "remote003",
        "bulletType":"bullet006",
        "common": {
            "remoteDamage":1,
            "damageMin": 0,
            "damageMax": 0,
            "criticalStrikeRate": 0,
            "defence": 0,
            "lifeDrain": 0,
            "damageBack": 0,
            "moveSpeed": 0,
            "attackSpeed": 0,
            "dodge": 0,
            "maxHealth": 0
        },
        "stab":1,
        "far": 1,
        "desc": "普通的法杖"
    },
    "remote004": {
        "nameCn": "激光枪",
        "nameEn": "Alien Gun",
        "equipmetType": "remote",
        "equipmetTypeCn": "",
        "prefix": "",
        "color": "#ffffff",
        "titlecolor": "#ffffff",
        "img": "remote004",
        "bulletType":"laser001",
        "bulletArcExNum":0,
        "isHeavy":1,
        "common": {
            "remoteDamage":1,
            "damageMin": 0,
            "damageMax": 0,
            "criticalStrikeRate": 0,
            "defence": 0,
            "lifeDrain": 0,
            "damageBack": 0,
            "moveSpeed": 0,
            "attackSpeed": 0,
            "dodge": 0,
            "maxHealth": 0
        },
        "stab":1,
        "desc": "激光枪"
    },
    "remote005": {
        "nameCn": "Winchester",
        "nameEn": "Winchester Gun",
        "equipmetType": "remote",
        "equipmetTypeCn": "",
        "prefix": "",
        "color": "#ffffff",
        "titlecolor": "#ffffff",
        "img": "remote005",
        "bulletType":"bullet011",
        "bulletArcExNum":2,
        "isHeavy":0,
        "common": {
            "remoteDamage":1,
            "damageMin": 0,
            "damageMax": 0,
            "criticalStrikeRate": 0,
            "defence": 0,
            "lifeDrain": 0,
            "damageBack": 0,
            "moveSpeed": 0,
            "attackSpeed": 0,
            "remoteSpeed":-500,
            "dodge": 0,
            "maxHealth": 0
        },
        "stab":1,
        "far":1,
        "desc": "Family Business"
    },
    "remote006": {
        "nameCn": "R P G",
        "nameEn": "R P G",
        "equipmetType": "remote",
        "equipmetTypeCn": "",
        "prefix": "",
        "color": "#ffffff",
        "titlecolor": "#ffffff",
        "img": "remote006",
        "bulletType":"bullet012",
        "isHeavy":1,
        "common": {
            "remoteDamage":1,
            "damageMin": 0,
            "damageMax": 0,
            "criticalStrikeRate": 0,
            "defence": 0,
            "lifeDrain": 0,
            "damageBack": 0,
            "moveSpeed": 0,
            "attackSpeed": 0,
            "remoteSpeed":-500,
            "dodge": 0,
            "maxHealth": 0
        },
        "stab":1,
        "far":1,
        "desc": "R P G"
    },
    "remote007": {
        "nameCn": "手里剑",
        "nameEn": "Shuriken",
        "equipmetType": "remote",
        "equipmetTypeCn": "",
        "prefix": "",
        "color": "#ffffff",
        "titlecolor": "#ffffff",
        "img": "remote007",
        "bulletType":"bullet027",
        "isHeavy":0,
        "common": {
            "remoteDamage":1,
            "damageMin": 0,
            "damageMax": 0,
            "criticalStrikeRate": 0,
            "defence": 0,
            "lifeDrain": 0,
            "damageBack": 0,
            "moveSpeed": 0,
            "attackSpeed": 0,
            "remoteSpeed":100,
            "dodge": 0,
            "maxHealth": 0
        },
        "stab":1,
        "desc": "手里剑"
    },
    "remote008": {
        "nameCn": "鸡蛋发射器",
        "nameEn": "Egg Shooter",
        "equipmetType": "remote",
        "equipmetTypeCn": "",
        "prefix": "",
        "color": "#ffffff",
        "titlecolor": "#ffffff",
        "img": "remote008",
        "bulletType":"bullet020",
        "isHeavy":0,
        "common": {
            "remoteDamage":1,
            "damageMin": 0,
            "damageMax": 0,
            "criticalStrikeRate": 0,
            "defence": 0,
            "lifeDrain": 0,
            "damageBack": 0,
            "moveSpeed": 0,
            "attackSpeed": 0,
            "remoteSpeed":-400,
            "dodge": 0,
            "maxHealth": 0
        },
        "stab":1,
        "far":1,
        "desc": "这好像是一只母鸡"
    },
    "helmet002": {
        "nameCn": "渔夫帽",
        "nameEn": "Bucket Hat",
        "equipmetType": "helmet",
        "prefix": "",
        "color": "#ffffff",
        "titlecolor": "#ffffff",
        "img": "helmet002",
        "common": {
            "damageMin": 0,
            "damageMax": 0,
            "criticalStrikeRate": 0,
            "defence": 0,
            "lifeDrain": 0,
            "damageBack": 0,
            "moveSpeed": 0,
            "attackSpeed": 0,
            "dodge": 0,
            "maxHealth": 1
        },
        "desc": "你就像一个渔夫"
    },
    "helmet003": {
        "nameCn": "海盗帽",
        "nameEn": "Pirate Hat",
        "equipmetType": "helmet",
        "prefix": "",
        "color": "#ffffff",
        "titlecolor": "#ffffff",
        "img": "helmet003",
        "common": {
            "damageMin": 0,
            "damageMax": 0,
            "criticalStrikeRate": 0,
            "defence": 0,
            "lifeDrain": 0,
            "damageBack": 0,
            "moveSpeed": 0,
            "attackSpeed": 50,
            "dodge": 0,
            "maxHealth": 0
        },
        "desc": "海盗!"
    },
    "helmet004": {
        "nameCn": "红袍帽",
        "nameEn": "Red Hat",
        "equipmetType": "helmet",
        "prefix": "",
        "color": "#ffffff",
        "titlecolor": "#ffffff",
        "img": "helmet004",
        "hideHair":1,
        "common": {
            "damageMin": 0,
            "damageMax": 0,
            "criticalStrikeRate": 0,
            "defence": 0,
            "lifeDrain": 0,
            "damageBack": 0,
            "moveSpeed": 50,
            "attackSpeed": 0,
            "dodge": 0,
            "maxHealth": 0
        },
        "desc": "你好,小红帽"
    },
    "helmet005": {
        "nameCn": "白袍帽",
        "nameEn": "White Hat",
        "equipmetType": "helmet",
        "prefix": "",
        "color": "#ffffff",
        "titlecolor": "#ffffff",
        "img": "helmet005",
        "hideHair":1,
        "common": {
            "damageMin": 0,
            "damageMax": 0,
            "criticalStrikeRate": 0,
            "defence": 0,
            "lifeDrain": 0,
            "damageBack": 1,
            "moveSpeed": 0,
            "attackSpeed": 0,
            "dodge": 0,
            "maxHealth": 0
        },
        "desc": "很显眼的白色兜帽"
    },
    "helmet006": {
        "nameCn": "法老面具",
        "nameEn": "Pharaoh Mask",
        "equipmetType": "helmet",
        "prefix": "",
        "color": "#ffffff",
        "titlecolor": "#ffffff",
        "img": "helmet006",
        "hideHair":0,
        "exBulletTypeHurt":"bullet014",
        "exBulletRate":50,
        "common": {
            "damageMin": 0,
            "damageMax": 0,
            "criticalStrikeRate": 0,
            "defence": 0,
            "lifeDrain": 0,
            "damageBack": 0,
            "moveSpeed": 0,
            "attackSpeed": 0,
            "dodge": 0,
            "curseRate":20,
            "curseDefence":20,
            "maxHealth": 0
        },
        "extraInfo":"反击毒蛇",
        "desc": "啊..不朽"
    },
    "helmet007": {
        "nameCn": "猫咪面具",
        "nameEn": "Cat Mask",
        "equipmetType": "helmet",
        "prefix": "",
        "color": "#ffffff",
        "titlecolor": "#ffffff",
        "img": "helmet007",
        "hideHair":0,
        "common": {
            "damageMin": 0,
            "damageMax": 0,
            "criticalStrikeRate": 10,
            "defence": 0,
            "lifeDrain": 0,
            "damageBack": 0,
            "moveSpeed": 0,
            "attackSpeed": 0,
            "dodge": 20,
            "maxHealth": 0
        },
        "desc": "猫咪"
    },
    "helmet008": {
        "nameCn": "厨师帽",
        "nameEn": "Chief Hat",
        "equipmetType": "helmet",
        "prefix": "",
        "color": "#ffffff",
        "titlecolor": "#ffffff",
        "img": "helmet008",
        "hideHair":0,
        "common": {
            "damageMin": 0,
            "damageMax": 0,
            "criticalStrikeRate": 0,
            "defence": 0,
            "lifeDrain": 0,
            "damageBack": 0,
            "moveSpeed": 0,
            "attackSpeed": 20,
            "dodge": 0,
            "maxHealth": 2
        },
        "desc": "厨艺精湛"
    },
    "helmet009": {
        "nameCn": "荷鲁斯之眼",
        "nameEn": "The Eye of Horus",
        "equipmetType": "helmet",
        "prefix": "",
        "color": "#ffffff",
        "titlecolor": "#ffffff",
        "img": "helmet009",
        "hideHair":0,
        "common": {
            "damageMin": 0,
            "damageMax": 2,
            "criticalStrikeRate": 50,
            "defence": 0,
            "lifeDrain": 0,
            "damageBack": 0,
            "moveSpeed": 0,
            "attackSpeed": 0,
            "dodge": 0,
            "maxHealth": 0
        },
        "desc": "复仇"
    },
    "helmet010": {
        "nameCn": "绅士帽",
        "nameEn": "Gentleman Hat",
        "equipmetType": "helmet",
        "prefix": "",
        "color": "#ffffff",
        "titlecolor": "#ffffff",
        "img": "helmet010",
        "hideHair":0,
        "common": {
            "damageMin": 0,
            "damageMax": 0,
            "criticalStrikeRate": 0,
            "defence": 0,
            "lifeDrain": 0,
            "damageBack": 0,
            "moveSpeed": 0,
            "attackSpeed": 0,
            "dodge": 0,
            "maxHealth": 3
        },
        "desc": "嗯...绅士"
    },
    "helmet011": {
        "nameCn": "小鸡帽",
        "nameEn": "Chicken Hat",
        "equipmetType": "helmet",
        "prefix": "",
        "color": "#ffffff",
        "titlecolor": "#ffffff",
        "img": "helmet011",
        "hideHair":0,
        "common": {
            "damageMin": 1,
            "damageMax": 0,
            "criticalStrikeRate": 0,
            "defence": 0,
            "lifeDrain": 0,
            "damageBack": 0,
            "moveSpeed": 0,
            "attackSpeed": 0,
            "dodge": 0,
            "maxHealth": 0
        },
        "desc": "小鸡小鸡"
    },
    "helmet012": {
        "nameCn": "小鸭帽",
        "nameEn": "Duck Hat",
        "equipmetType": "helmet",
        "prefix": "",
        "color": "#ffffff",
        "titlecolor": "#ffffff",
        "img": "helmet012",
        "hideHair":0,
        "common": {
            "damageMin": 2,
            "damageMax": 0,
            "criticalStrikeRate": 0,
            "defence": 0,
            "lifeDrain": 0,
            "damageBack": 0,
            "moveSpeed": 0,
            "attackSpeed": 0,
            "dodge": 0,
            "maxHealth": 0
        },
        "desc": "小鸭小鸭"
    },
    "helmet013": {
        "nameCn": "小鹅帽",
        "nameEn": "Goose Hat",
        "equipmetType": "helmet",
        "prefix": "",
        "color": "#ffffff",
        "titlecolor": "#ffffff",
        "img": "helmet013",
        "hideHair":0,
        "common": {
            "damageMin": 3,
            "damageMax": 0,
            "criticalStrikeRate": 0,
            "defence": 0,
            "lifeDrain": 0,
            "damageBack": 0,
            "moveSpeed": 0,
            "attackSpeed": 0,
            "dodge": 0,
            "maxHealth": 0
        },
        "desc": "小鹅小鹅"
    },
    "helmet014": {
        "nameCn": "绝缘防辐射头盔",
        "nameEn": "Radiation Proof Helmet",
        "equipmetType": "helmet",
        "prefix": "",
        "color": "#ffffff",
        "titlecolor": "#ffffff",
        "img": "helmet014",
        "hideHair":1,
        "common": {
            "damageMin": 0,
            "damageMax": 0,
            "criticalStrikeRate": 0,
            "defence": 5,
            "lifeDrain": 0,
            "damageBack": 0,
            "moveSpeed": -20,
            "attackSpeed": -20,
            "toxicDefence":20,
            "lighteningDefence":20,
            "dodge": 0,
            "maxHealth": 0
        },
        "desc": "十分笨重"
    },
    "helmet015": {
        "nameCn": "丛林头冠",
        "nameEn": "Jungle Hat",
        "equipmetType": "helmet",
        "prefix": "",
        "color": "#ffffff",
        "titlecolor": "#ffffff",
        "img": "helmet015",
        "hideHair":0,
        "common": {
            "remoteDamage":1,
            "damageMin": 0,
            "damageMax": 0,
            "criticalStrikeRate": 0,
            "defence": 0,
            "lifeDrain": 0,
            "damageBack": 0,
            "moveSpeed": 0,
            "attackSpeed": 0,
            "dodge": 0,
            "maxHealth": 0
        },
        "desc": "树..."
    },
    "helmet016": {
        "nameCn": "阿努比斯面具",
        "nameEn": "Anubis Mask",
        "equipmetType": "helmet",
        "prefix": "",
        "color": "#ffffff",
        "titlecolor": "#ffffff",
        "img": "helmet016",
        "hideHair":0,
        "common": {
            "damageMin": 0,
            "damageMax": 0,
            "criticalStrikeRate": 0,
            "defence": 0,
            "lifeDrain": 0,
            "damageBack": 0,
            "moveSpeed": 0,
            "attackSpeed": 0,
            "dodge": 30,
            "maxHealth": 0
        },
        "desc": "不朽"
    },
    "helmet017": {
        "nameCn": "骑士头盔",
        "nameEn": "Knight Helmet",
        "equipmetType": "helmet",
        "prefix": "",
        "color": "#ffffff",
        "titlecolor": "#ffffff",
        "img": "helmet017",
        "hideHair":1,
        "common": {
            "damageMin": 0,
            "damageMax": 0,
            "criticalStrikeRate": 0,
            "defence": 4,
            "lifeDrain": 0,
            "damageBack": 0,
            "moveSpeed": -10,
            "attackSpeed": -10,
            "curseDefence":20,
            "dodge": 0,
            "maxHealth": 0
        },
        "desc": "骑士精神"
    },
    "helmet018": {
        "nameCn": "死神面具",
        "nameEn": "Death Mask",
        "equipmetType": "helmet",
        "prefix": "",
        "color": "#ffffff",
        "titlecolor": "#ffffff",
        "img": "helmet018",
        "hideHair":1,
        "common": {
            "damageMin": 0,
            "damageMax": 0,
            "criticalStrikeRate": 30,
            "defence": 0,
            "lifeDrain": 0,
            "damageBack": 0,
            "moveSpeed": 0,
            "attackSpeed": 0,
            "dodge": 0,
            "maxHealth": 0
        },
        "desc": "死亡"
    },
    "helmet019": {
        "nameCn": "动力头盔",
        "nameEn": "Energy Helmet",
        "equipmetType": "helmet",
        "prefix": "",
        "color": "#ffffff",
        "titlecolor": "#ffffff",
        "img": "helmet019",
        "hideHair":1,
        "common": {
            "remoteDamage":1,
            "remoteCritRate":20,
            "damageMin": 0,
            "damageMax": 0,
            "criticalStrikeRate": 0,
            "defence": 0,
            "lifeDrain": 0,
            "damageBack": 0,
            "moveSpeed": 0,
            "attackSpeed": 0,
            "dodge": 0,
            "maxHealth": 0
        },
        "desc": "看着眼熟"
    },
    "helmet020": {
        "nameCn": "忍者护额",
        "nameEn": "Ninja Helmet",
        "equipmetType": "helmet",
        "prefix": "",
        "color": "#ffffff",
        "titlecolor": "#ffffff",
        "img": "helmet020",
        "hideHair":0,
        "common": {
            "remoteDamage":0,
            "remoteCritRate":0,
            "damageMin": 0,
            "damageMax": 0,
            "criticalStrikeRate": 0,
            "defence": 3,
            "lifeDrain": 0,
            "damageBack": 0,
            "moveSpeed": 20,
            "attackSpeed": 0,
            "dodge": 0,
            "maxHealth": 0
        },
        "desc": "上面有螺旋纹图案"
    },
    "helmet021": {
        "nameCn": "进喜头盔",
        "nameEn": "Iron Helmet",
        "equipmetType": "helmet",
        "prefix": "",
        "color": "#ffffff",
        "titlecolor": "#ffffff",
        "img": "helmet021",
        "hideHair":1,
        "common": {
            "remoteDamage":0,
            "remoteCritRate":0,
            "damageMin": 1,
            "damageMax": 0,
            "criticalStrikeRate": 0,
            "defence": 2,
            "lifeDrain": 0,
            "damageBack": 0,
            "moveSpeed": 0,
            "attackSpeed": 0,
            "dodge": 0,
            "maxHealth": 0
        },
        "desc": "咱们工人有力量"
    },
    "helmet022": {
        "nameCn": "斗笠",
        "nameEn": "Akatsuki Helmet",
        "equipmetType": "helmet",
        "prefix": "",
        "color": "#ffffff",
        "titlecolor": "#ffffff",
        "img": "helmet022",
        "hideHair":1,
        "common": {
            "remoteDamage":1,
            "remoteCritRate":0,
            "damageMin": 1,
            "damageMax": 0,
            "criticalStrikeRate": 0,
            "defence": 2,
            "lifeDrain": 0,
            "damageBack": 0,
            "moveSpeed": 0,
            "attackSpeed": 0,
            "dodge": 0,
            "maxHealth": 0
        },
        "desc": "看起来神神秘秘，略显中二"
    },
    "helmet023": {
        "nameCn": "维京人头盔",
        "nameEn": "Viking Helmet",
        "equipmetType": "helmet",
        "prefix": "",
        "color": "#ffffff",
        "titlecolor": "#ffffff",
        "img": "helmet023",
        "hideHair":1,
        "common": {
            "remoteDamage":0,
            "remoteCritRate":0,
            "damageMin": 1,
            "damageMax": 0,
            "criticalStrikeRate": 0,
            "defence": 4,
            "lifeDrain": 0,
            "damageBack": 0,
            "moveSpeed": 0,
            "attackSpeed": 0,
            "dodge": 0,
            "maxHealth": 1
        },
        "desc": "很普通的头盔"
    },
    "clothes001": {
        "nameCn": "背心",
        "nameEn": "Vest",
        "equipmetType": "clothes",
        "prefix": "",
        "color": "#ffffff",
        "titlecolor": "#ffffff",
        "img": "clothes001",
        "common": {
            "damageMin": 0,
            "damageMax": 0,
            "criticalStrikeRate": 7,
            "defence": 0,
            "lifeDrain": 0,
            "damageBack": 0,
            "moveSpeed": 0,
            "attackSpeed": 0,
            "dodge": 0,
            "maxHealth": 1
        },
        "desc": "凉爽的小背心"
    },
    "clothes002": {
        "nameCn": "衬衫",
        "nameEn": "Shirt",
        "equipmetType": "clothes",
        "prefix": "",
        "color": "#ffffff",
        "titlecolor": "#ffffff",
        "img": "clothes002",
        "common": {
            "damageMin": 0,
            "damageMax": 0,
            "criticalStrikeRate": 0,
            "defence": 2,
            "lifeDrain": 0,
            "damageBack": 0,
            "moveSpeed": 0,
            "attackSpeed": 0,
            "dodge": 0,
            "maxHealth": 2
        },
        "desc": "普通的衬衫"
    },
    "clothes003": {
        "nameCn": "海军服",
        "nameEn": "Navy Suit",
        "equipmetType": "clothes",
        "prefix": "",
        "color": "#ffffff",
        "titlecolor": "#ffffff",
        "img": "clothes003",
        "common": {
            "damageMin": 0,
            "damageMax": 0,
            "criticalStrikeRate": 0,
            "defence": 3,
            "lifeDrain": 0,
            "damageBack": 0,
            "moveSpeed": 0,
            "attackSpeed": 0,
            "dodge": 0,
            "maxHealth": 3
        },
        "desc": "看起来不错"
    },
    "clothes004": {
        "nameCn": "海盗服",
        "nameEn": "Pirate Suit",
        "equipmetType": "clothes",
        "prefix": "",
        "color": "#ffffff",
        "titlecolor": "#ffffff",
        "img": "clothes004",
        "common": {
            "damageMin": 0,
            "damageMax": 0,
            "criticalStrikeRate": 0,
            "defence": 0,
            "lifeDrain": 0,
            "damageBack": 0,
            "moveSpeed": 0,
            "attackSpeed": 0,
            "dodge": 0,
            "maxHealth": 3
        },
        "desc": "死得其所"
    },
    "clothes005": {
        "nameCn": "渔夫服",
        "nameEn": "Bucket Suit",
        "equipmetType": "clothes",
        "prefix": "",
        "color": "#ffffff",
        "titlecolor": "#ffffff",
        "img": "clothes005",
        "common": {
            "damageMin": 0,
            "damageMax": 0,
            "criticalStrikeRate": 0,
            "defence": 0,
            "lifeDrain": 0,
            "damageBack": 0,
            "moveSpeed": 0,
            "attackSpeed": 30,
            "dodge": 0,
            "maxHealth": 2
        },
        "desc": "你就像一个渔夫"
    },
    "clothes006": {
        "nameCn": "红袍",
        "nameEn": "Red Robe",
        "equipmetType": "clothes",
        "prefix": "",
        "color": "#ffffff",
        "titlecolor": "#ffffff",
        "img": "clothes006",
        "common": {
            "damageMin": 0,
            "damageMax": 0,
            "criticalStrikeRate": 30,
            "defence": 0,
            "lifeDrain": 0,
            "damageBack": 0,
            "moveSpeed": 0,
            "attackSpeed": 30,
            "dodge": 0,
            "maxHealth": 0
        },
        "desc": "你不是雷斯林"
    },
    "clothes007": {
        "nameCn": "白袍",
        "nameEn": "White Robe",
        "equipmetType": "clothes",
        "prefix": "",
        "color": "#ffffff",
        "titlecolor": "#ffffff",
        "img": "clothes007",
        "common": {
            "damageMin": 0,
            "damageMax": 0,
            "criticalStrikeRate": 0,
            "defence": 1,
            "lifeDrain": 0,
            "damageBack": 0,
            "moveSpeed": 50,
            "attackSpeed": 0,
            "dodge": 10,
            "maxHealth": 1
        },
        "desc": "你不是甘道夫"
    },
    "clothes008": {
        "nameCn": "绅士服",
        "nameEn": "Gentleman Clothes",
        "equipmetType": "clothes",
        "prefix": "",
        "color": "#ffffff",
        "titlecolor": "#ffffff",
        "img": "clothes008",
        "common": {
            "damageMin": 0,
            "damageMax": 0,
            "criticalStrikeRate": 0,
            "defence": 3,
            "lifeDrain": 0,
            "damageBack": 0,
            "moveSpeed": 0,
            "attackSpeed": 40,
            "dodge": 0,
            "maxHealth": 1
        },
        "desc": "嗯...绅士"
    },
    "clothes009": {
        "nameCn": "绝缘防辐射服",
        "nameEn": "Radiation Proof Clothes",
        "equipmetType": "clothes",
        "prefix": "",
        "color": "#ffffff",
        "titlecolor": "#ffffff",
        "img": "clothes009",
        "common": {
            "damageMin": 0,
            "damageMax": 0,
            "criticalStrikeRate": 0,
            "defence": 7,
            "lifeDrain": 0,
            "damageBack": 0,
            "moveSpeed": -20,
            "attackSpeed": -20,
            "toxicDefence":20,
            "lighteningDefence":20,
            "dodge": 0,
            "maxHealth": 0
        },
        "desc": "十分笨重"
    },
    "clothes010": {
        "nameCn": "丛林上衣",
        "nameEn": "Jungle Clothes",
        "equipmetType": "clothes",
        "prefix": "",
        "color": "#ffffff",
        "titlecolor": "#ffffff",
        "img": "clothes010",
        "statusName":"status020",
        "statusInterval":999,
        "common": {
            "damageMin": 0,
            "damageMax": 0,
            "criticalStrikeRate": 0,
            "defence": 1,
            "lifeDrain": 0,
            "damageBack": 0,
            "moveSpeed": 0,
            "attackSpeed": 0,
            "dodge": 0,
            "maxHealth": 2
        },
        "extraInfo":"生命缓慢的回复",
        "desc": "绿色的丛林衣服"
    },
    "clothes011": {
        "nameCn": "法老上衣",
        "nameEn": "Pharaoh Clothes",
        "equipmetType": "clothes",
        "prefix": "",
        "color": "#ffffff",
        "titlecolor": "#ffffff",
        "img": "clothes011",
        "common": {
            "damageMin": 0,
            "damageMax": 0,
            "criticalStrikeRate": 0,
            "defence": 3,
            "lifeDrain": 0,
            "damageBack": 0,
            "moveSpeed": 0,
            "attackSpeed": 0,
            "dodge": 10,
            "curseRate":20,
            "maxHealth": 0
        },
        "desc": "吟唱不朽"
    },
    "clothes012": {
        "nameCn": "骑士盔甲",
        "nameEn": "Knight Armor",
        "equipmetType": "clothes",
        "prefix": "",
        "color": "#ffffff",
        "titlecolor": "#ffffff",
        "img": "clothes012",
        "common": {
            "damageMin": 0,
            "damageMax": 0,
            "criticalStrikeRate": 0,
            "defence": 5,
            "lifeDrain": 0,
            "damageBack": 0,
            "moveSpeed": -20,
            "attackSpeed": 0,
            "dodge": 0,
            "curseDefence":20,
            "maxHealth": 1
        },
        "desc": "骑士精神"
    },
    "clothes013": {
        "nameCn": "死神风衣",
        "nameEn": "Death Wind Coat",
        "equipmetType": "clothes",
        "prefix": "",
        "color": "#ffffff",
        "titlecolor": "#ffffff",
        "img": "clothes013",
        "common": {
            "damageMin": 0,
            "damageMax": 5,
            "criticalStrikeRate": 0,
            "defence": 1,
            "lifeDrain": 0,
            "damageBack": 0,
            "moveSpeed": 0,
            "attackSpeed": 0,
            "dodge": 0,
            "maxHealth": 0
        },
        "desc": "死亡"
    },
    "clothes014": {
        "nameCn": "动力甲",
        "nameEn": "Energy Armor",
        "equipmetType": "clothes",
        "prefix": "",
        "color": "#ffffff",
        "titlecolor": "#ffffff",
        "img": "clothes014",
        "common": {
            "damageMin": 0,
            "damageMax": 0,
            "criticalStrikeRate": 0,
            "defence": 3,
            "lifeDrain": 0,
            "damageBack": 0,
            "moveSpeed": 0,
            "attackSpeed": 0,
            "dodge": 0,
            "maxHealth": 1
        },
        "desc": "看着眼熟"
    },
    "clothes015": {
        "nameCn": "橘色衣服",
        "nameEn": "Orange Clothes",
        "equipmetType": "clothes",
        "prefix": "",
        "color": "#ffffff",
        "titlecolor": "#ffffff",
        "img": "clothes015",
        "common": {
            "damageMin": 0,
            "damageMax": 0,
            "criticalStrikeRate": 0,
            "defence": 2,
            "lifeDrain": 0,
            "damageBack": 0,
            "moveSpeed": 0,
            "attackSpeed": 0,
            "dodge": 0,
            "maxHealth": 1
        },
        "desc": "看起来很中二"
    },
    "clothes016": {
        "nameCn": "蓝色衣服",
        "nameEn": "Blue Clothes",
        "equipmetType": "clothes",
        "prefix": "",
        "color": "#ffffff",
        "titlecolor": "#ffffff",
        "img": "clothes016",
        "common": {
            "damageMin": 0,
            "damageMax": 0,
            "criticalStrikeRate": 0,
            "defence": 2,
            "lifeDrain": 0,
            "damageBack": 0,
            "moveSpeed": 0,
            "attackSpeed": 0,
            "dodge": 0,
            "maxHealth": 1
        },
        "desc": "看起来还行"
    },
    "clothes017": {
        "nameCn": "进喜装甲",
        "nameEn": "Iron Armor",
        "equipmetType": "clothes",
        "prefix": "",
        "color": "#ffffff",
        "titlecolor": "#ffffff",
        "img": "clothes017",
        "common": {
            "damageMin": 0,
            "damageMax": 0,
            "criticalStrikeRate": 0,
            "defence": 5,
            "lifeDrain": 0,
            "damageBack": 0,
            "moveSpeed": 0,
            "attackSpeed": 0,
            "dodge": 0,
            "maxHealth": 1
        },
        "desc": "咱们工人有力量"
    },
    "clothes018": {
        "nameCn": "黑色袍子",
        "nameEn": "Akatsuki Clothes",
        "equipmetType": "clothes",
        "prefix": "",
        "color": "#ffffff",
        "titlecolor": "#ffffff",
        "img": "clothes018",
        "common": {
            "damageMin": 0,
            "damageMax": 0,
            "criticalStrikeRate": 0,
            "defence": 2,
            "lifeDrain": 0,
            "damageBack": 0,
            "moveSpeed": 0,
            "attackSpeed": 0,
            "dodge": 0,
            "maxHealth": 1
        },
        "desc": "看起来很神秘很中二"
    },
    "cloak001": {
        "nameCn": "战袍",
        "nameEn": "Warrior Cloak",
        "equipmetType": "cloak",
        "prefix": "",
        "color": "#ffffff",
        "titlecolor": "#ffffff",
        "img": "cloak001",
        "common": {
            "damageMin": 0,
            "damageMax": 0,
            "criticalStrikeRate": 0,
            "defence": 1,
            "lifeDrain": 0,
            "damageBack": 0,
            "moveSpeed": 80,
            "attackSpeed": 0,
            "dodge": 0,
            "maxHealth": 0
        },
        "desc": "勇士需要一件战袍"
    },
    "trousers001": {
        "nameCn": "裤子",
        "nameEn": "Long Trousers",
        "equipmetType": "trousers",
        "prefix": "",
        "color": "#323c39",
        "titlecolor": "#ffffff",
        "img": "trousers001",
        "common": {
            "damageMin": 0,
            "damageMax": 0,
            "criticalStrikeRate": 0,
            "defence": 1,
            "lifeDrain": 0,
            "damageBack": 0,
            "moveSpeed": 10,
            "attackSpeed": 0,
            "dodge": 0,
            "maxHealth": 0
        },
        "desc": "裤子而已",
        "trouserslong": 1
    },
    "trousers002": {
        "nameCn": "短裤",
        "nameEn": "Short Trousers",
        "equipmetType": "trousers",
        "prefix": "",
        "color": "#ffffff",
        "titlecolor": "#ffffff",
        "img": "trousers002",
        "common": {
            "damageMin": 0,
            "damageMax": 0,
            "criticalStrikeRate": 0,
            "defence": 1,
            "lifeDrain": 0,
            "damageBack": 0,
            "moveSpeed": 5,
            "attackSpeed": 0,
            "dodge": 0,
            "maxHealth": 0
        },
        "desc": "小短裤",
        "trouserslong": 0
    },
    "trousers003": {
        "nameCn": "绝缘防辐射裤",
        "nameEn": "Radiation Proof Trousers",
        "equipmetType": "trousers",
        "prefix": "",
        "color": "#dbd12f",
        "titlecolor": "#ffffff",
        "img": "trousers003",
        "common": {
            "damageMin": 0,
            "damageMax": 0,
            "criticalStrikeRate": 0,
            "dodge": 0,
            "defence": 5,
            "lifeDrain": 0,
            "damageBack": 0,
            "moveSpeed": -20,
            "attackSpeed": -20,
            "toxicDefence":20,
            "lighteningDefence":20,
            "maxHealth": 0
        },
        "desc": "十分笨重",
        "trouserslong": 1
    },
    "trousers004": {
        "nameCn": "丛林裤",
        "nameEn": "Jungle Trousers",
        "equipmetType": "trousers",
        "prefix": "",
        "color": "#25e85e",
        "titlecolor": "#ffffff",
        "img": "trousers004",
        "common": {
            "damageMin": 0,
            "damageMax": 0,
            "criticalStrikeRate": 0,
            "defence": 0,
            "lifeDrain": 0,
            "damageBack": 0,
            "moveSpeed": 0,
            "attackSpeed": 0,
            "dodge": 10,
            "maxHealth": 1
        },
        "desc": "树...",
        "trouserslong": 1
    },
    "trousers005": {
        "nameCn": "法老短裤",
        "nameEn": "Pharaoh Trousers",
        "equipmetType": "trousers",
        "prefix": "",
        "color": "#ffffff",
        "titlecolor": "#ffffff",
        "img": "trousers005",
        "common": {
            "damageMin": 0,
            "damageMax": 0,
            "criticalStrikeRate": 0,
            "defence": 1,
            "lifeDrain": 0,
            "damageBack": 0,
            "moveSpeed": 0,
            "attackSpeed": 0,
            "curseRate":20,
            "dodge": 10,
            "maxHealth": 0
        },
        "desc": "嗯...不朽的短裤",
        "trouserslong": 0
    },
    "trousers006": {
        "nameCn": "骑士长裤",
        "nameEn": "Knight Trousers",
        "equipmetType": "trousers",
        "prefix": "",
        "color": "#66737a",
        "titlecolor": "#ffffff",
        "img": "trousers006",
        "common": {
            "damageMin": 0,
            "damageMax": 0,
            "criticalStrikeRate": 0,
            "defence": 4,
            "lifeDrain": 0,
            "damageBack": 0,
            "moveSpeed": -20,
            "attackSpeed": 0,
            "curseDefence":20,
            "dodge": 0,
            "maxHealth": 1
        },
        "desc": "骑士长裤",
        "trouserslong": 1
    },
    "trousers007": {
        "nameCn": "死神短裙",
        "nameEn": "Short Trousers",
        "equipmetType": "trousers",
        "prefix": "",
        "color": "#ffffff",
        "titlecolor": "#ffffff",
        "img": "trousers007",
        "common": {
            "damageMin": 0,
            "damageMax": 0,
            "criticalStrikeRate": 0,
            "defence": 1,
            "lifeDrain": 10,
            "damageBack": 0,
            "moveSpeed": 40,
            "attackSpeed": 0,
            "dodge": 0,
            "maxHealth": 0
        },
        "desc": "死亡的味道",
        "trouserslong": 0
    },
    "trousers008": {
        "nameCn": "动力裤",
        "nameEn": "Energy Trousers",
        "equipmetType": "trousers",
        "prefix": "",
        "color": "#6e9284",
        "titlecolor": "#ffffff",
        "img": "trousers008",
        "common": {
            "damageMin": 0,
            "damageMax": 0,
            "criticalStrikeRate": 0,
            "defence": 2,
            "lifeDrain": 0,
            "damageBack": 0,
            "moveSpeed": 20,
            "attackSpeed": 0,
            "dodge": 0,
            "maxHealth": 1
        },
        "desc": "看着眼熟",
        "trouserslong": 1
    },
    "trousers009": {
        "nameCn": "橘色裤子",
        "nameEn": "Energy Trousers",
        "equipmetType": "trousers",
        "prefix": "",
        "color": "#bf4017",
        "titlecolor": "#ffffff",
        "img": "trousers009",
        "common": {
            "damageMin": 0,
            "damageMax": 0,
            "criticalStrikeRate": 0,
            "defence": 0,
            "lifeDrain": 0,
            "damageBack": 0,
            "moveSpeed": 30,
            "attackSpeed": 0,
            "dodge": 0,
            "maxHealth": 1
        },
        "desc": "看着还行",
        "trouserslong": 1
    },
    "trousers010": {
        "nameCn": "进喜裤子",
        "nameEn": "Energy Trousers",
        "equipmetType": "trousers",
        "prefix": "",
        "color": "#5c0808",
        "titlecolor": "#ffffff",
        "img": "trousers010",
        "common": {
            "damageMin": 0,
            "damageMax": 0,
            "criticalStrikeRate": 0,
            "defence": 3,
            "lifeDrain": 0,
            "damageBack": 0,
            "moveSpeed": 0,
            "attackSpeed": 0,
            "dodge": 0,
            "maxHealth": 0
        },
        "desc": "咱们工人有力量",
        "trouserslong": 1
    },
    "gloves001": {
        "nameCn": "战士手套",
        "nameEn": "Warrior Gloves",
        "equipmetType": "gloves",
        "prefix": "",
        "color": "#ffffff",
        "titlecolor": "#ffffff",
        "img": "gloves001",
        "common": {
            "damageMin": 1,
            "damageMax": 0,
            "criticalStrikeRate": 10,
            "defence": 0,
            "lifeDrain": 0,
            "damageBack": 0,
            "moveSpeed": 0,
            "attackSpeed": 20,
            "dodge": 0,
            "maxHealth": 0
        },
        "desc": "勇士需要一双手套",
        "trouserslong": 0
    },
    "gloves002": {
        "nameCn": "恶魔手套",
        "nameEn": "Demon Gloves",
        "equipmetType": "gloves",
        "prefix": "",
        "color": "#ffffff",
        "titlecolor": "#ffffff",
        "img": "gloves002",
        "common": {
            "damageMin": 0,
            "damageMax": 1,
            "criticalStrikeRate": 10,
            "defence": 0,
            "lifeDrain": 0,
            "damageBack": 1,
            "moveSpeed": 0,
            "attackSpeed": 60,
            "dodge": 0,
            "maxHealth": 0
        },
        "desc": "恶魔手套",
        "trouserslong": 0
    },
    "gloves003": {
        "nameCn": "猩红爪",
        "nameEn": "Blood Claw",
        "equipmetType": "gloves",
        "prefix": "",
        "color": "#ffffff",
        "titlecolor": "#ffffff",
        "img": "gloves002",
        "common": {
            "damageMin": 0,
            "damageMax": 1,
            "criticalStrikeRate": 10,
            "defence": 0,
            "lifeDrain": 0,
            "damageBack": 3,
            "moveSpeed": 0,
            "attackSpeed": 60,
            "dodge": 0,
            "maxHealth": 0
        },
        "desc": "想挠人",
        "trouserslong": 0
    },
    "gloves004": {
        "nameCn": "绝缘防辐射手套",
        "nameEn": "Radiation Proof Gloves",
        "equipmetType": "gloves",
        "prefix": "",
        "color": "#ffffff",
        "titlecolor": "#ffffff",
        "img": "gloves004",
        "common": {
            "damageMin": 0,
            "damageMax": 0,
            "criticalStrikeRate": 0,
            "defence": 4,
            "lifeDrain": 0,
            "damageBack": 0,
            "moveSpeed": 0,
            "attackSpeed": -20,
            "lighteningDefence":20,
            "toxicDefence":20,
            "dodge": 0,
            "maxHealth": 0
        },
        "desc": "十分笨重"
    },
    "gloves005": {
        "nameCn": "丛林手套",
        "nameEn": "Jungle Shoes",
        "equipmetType": "gloves",
        "prefix": "",
        "color": "#ffffff",
        "titlecolor": "#ffffff",
        "img": "gloves005",
        "common": {
            "damageMin": 0,
            "damageMax": 0,
            "criticalStrikeRate": 0,
            "defence": 0,
            "lifeDrain": 0,
            "damageBack": 0,
            "moveSpeed": 0,
            "attackSpeed": 40,
            "dodge": 0,
            "maxHealth": 0
        },
        "desc": "树..."
    },
    "gloves006": {
        "nameCn": "法老护手",
        "nameEn": "Pharaoh Gloves",
        "equipmetType": "gloves",
        "prefix": "",
        "color": "#ffffff",
        "titlecolor": "#ffffff",
        "img": "gloves006",
        "common": {
            "damageMin": 0,
            "damageMax": 0,
            "criticalStrikeRate": 0,
            "defence": 0,
            "lifeDrain": 0,
            "damageBack": 0,
            "moveSpeed": 20,
            "curseRate":20,
            "attackSpeed": 0,
            "dodge": 10,
            "maxHealth": 0
        },
        "desc": "啊...不朽"
    },
    "gloves007": {
        "nameCn": "骑士护手",
        "nameEn": "Knight Gloves",
        "equipmetType": "gloves",
        "prefix": "",
        "color": "#ffffff",
        "titlecolor": "#ffffff",
        "img": "gloves007",
        "common": {
            "damageMin": 0,
            "damageMax": 0,
            "criticalStrikeRate": 0,
            "defence": 3,
            "lifeDrain": 0,
            "damageBack": 0,
            "moveSpeed": -20,
            "attackSpeed": 20,
            "dodge": 0,
            "curseDefence":20,
            "maxHealth": 0
        },
        "desc": "骑士精神"
    },
    "gloves008": {
        "nameCn": "死神手套",
        "nameEn": "Death Gloves",
        "equipmetType": "gloves",
        "prefix": "",
        "color": "#ffffff",
        "titlecolor": "#ffffff",
        "img": "gloves008",
        "common": {
            "damageMin": 0,
            "damageMax": 3,
            "criticalStrikeRate": 20,
            "defence": 0,
            "lifeDrain": 0,
            "damageBack": 2,
            "moveSpeed": 0,
            "attackSpeed": 20,
            "dodge": 0,
            "maxHealth": 0
        },
        "desc": "死亡"
    },
    "gloves009": {
        "nameCn": "动力手套",
        "nameEn": "Energy Gloves",
        "equipmetType": "gloves",
        "prefix": "",
        "color": "#ffffff",
        "titlecolor": "#ffffff",
        "img": "gloves009",
        "common": {
            "damageMin": 0,
            "damageMax": 0,
            "criticalStrikeRate": 0,
            "defence": 0,
            "lifeDrain": 0,
            "damageBack": 0,
            "moveSpeed": 0,
            "attackSpeed": 0,
            "remoteSpeed":100,
            "dodge": 0,
            "maxHealth": 0
        },
        "desc": "看着眼熟"
    },
    "shoes001": {
        "nameCn": "战士靴子",
        "nameEn": "Warrior Shoes",
        "equipmetType": "shoes",
        "prefix": "",
        "color": "#ffffff",
        "titlecolor": "#ffffff",
        "img": "shoes001",
        "common": {
            "damageMin": 0,
            "damageMax": 0,
            "criticalStrikeRate": 10,
            "defence": 0,
            "lifeDrain": 0,
            "damageBack": 0,
            "moveSpeed": 30,
            "attackSpeed": 0,
            "dodge": 0,
            "maxHealth": 0
        },
        "desc": "勇士需求一双靴子"
    },
    "shoes002": {
        "nameCn": "滑板鞋",
        "nameEn": "Skateboard Shoes",
        "equipmetType": "shoes",
        "prefix": "",
        "color": "#ffffff",
        "titlecolor": "#ffffff",
        "img": "shoes002",
        "common": {
            "damageMin": 0,
            "damageMax": 0,
            "criticalStrikeRate": 0,
            "defence": 0,
            "lifeDrain": 0,
            "damageBack": 0,
            "moveSpeed": 70,
            "attackSpeed": 0,
            "dodge": 20,
            "maxHealth": 0
        },
        "desc": "摩擦 摩擦 ... "
    },
    "shoes003": {
        "nameCn": "恶魔靴子",
        "nameEn": "Demon Shoes",
        "equipmetType": "shoes",
        "prefix": "",
        "color": "#ffffff",
        "titlecolor": "#ffffff",
        "img": "shoes003",
        "statusInterval":5,
        "statusName":"status019",
        "common": {
            "damageMin": 0,
            "damageMax": 1,
            "criticalStrikeRate": 40,
            "defence": 0,
            "lifeDrain": 0,
            "damageBack": 0,
            "moveSpeed": 40,
            "attackSpeed": 0,
            "dodge": 0,
            "maxHealth": 0
        },
        "extraInfo":"短暂加速",
        "desc": "恶魔靴子..."
    },
    "shoes004": {
        "nameCn": "绝缘防辐射鞋",
        "nameEn": "Radiation Proof Shoes",
        "equipmetType": "shoes",
        "prefix": "",
        "color": "#ffffff",
        "titlecolor": "#ffffff",
        "img": "shoes004",
        "common": {
            "damageMin": 0,
            "damageMax": 0,
            "criticalStrikeRate": 0,
            "defence": 0,
            "lifeDrain": 0,
            "damageBack": 0,
            "moveSpeed": -10,
            "attackSpeed": 0,
            "dodge": 0,
            "lighteningDefence":20,
            "toxicDefence":20,
            "maxHealth": 0
        },
        "desc": "十分笨重"
    },
    "shoes005": {
        "nameCn": "丛林鞋",
        "nameEn": "Jungle Shoes",
        "equipmetType": "shoes",
        "prefix": "",
        "color": "#ffffff",
        "titlecolor": "#ffffff",
        "img": "shoes005",
        "common": {
            "damageMin": 0,
            "damageMax": 0,
            "criticalStrikeRate": 0,
            "defence": 0,
            "lifeDrain": 0,
            "damageBack": 0,
            "moveSpeed": 40,
            "attackSpeed": 0,
            "dodge": 0,
            "maxHealth": 0
        },
        "desc": "树..."
    },
    "shoes006": {
        "nameCn": "法老鞋",
        "nameEn": "Pharaoh Shoes",
        "equipmetType": "shoes",
        "prefix": "",
        "color": "#ffffff",
        "titlecolor": "#ffffff",
        "img": "shoes006",
        "common": {
            "damageMin": 0,
            "damageMax": 0,
            "criticalStrikeRate": 0,
            "defence": 0,
            "lifeDrain": 0,
            "damageBack": 0,
            "moveSpeed": 10,
            "attackSpeed": 0,
            "dodge": 10,
            "curseRate":20,
            "maxHealth": 0
        },
        "desc": "嗯...不朽"
    },
    "shoes007": {
        "nameCn": "骑士靴",
        "nameEn": "Knight Shoes",
        "equipmetType": "shoes",
        "prefix": "",
        "color": "#ffffff",
        "titlecolor": "#ffffff",
        "img": "shoes007",
        "common": {
            "damageMin": 0,
            "damageMax": 0,
            "criticalStrikeRate": 0,
            "defence": 4,
            "lifeDrain": 0,
            "damageBack": 0,
            "moveSpeed": -20,
            "attackSpeed": 0,
            "curseDefence":20,
            "dodge": 0,
            "maxHealth": 0
        },
        "desc": "骑士精神...无视尖刺伤害"
    },
    "shoes008": {
        "nameCn": "死神鞋",
        "nameEn": "Death Shoes",
        "equipmetType": "shoes",
        "prefix": "",
        "color": "#ffffff",
        "titlecolor": "#ffffff",
        "img": "shoes008",
        "common": {
            "damageMin": 0,
            "damageMax": 2,
            "criticalStrikeRate": 30,
            "defence": 0,
            "lifeDrain": 0,
            "damageBack": 0,
            "moveSpeed": 0,
            "attackSpeed": 0,
            "dodge": 0,
            "maxHealth": 0
        },
        "desc": "死亡"
    },
    "shoes009": {
        "nameCn": "动力鞋",
        "nameEn": "Energy Shoes",
        "equipmetType": "shoes",
        "prefix": "",
        "color": "#ffffff",
        "titlecolor": "#ffffff",
        "img": "shoes009",
        "common": {
            "damageMin": 0,
            "damageMax": 0,
            "criticalStrikeRate": 0,
            "defence": 0,
            "lifeDrain": 0,
            "damageBack": 0,
            "moveSpeed": 80,
            "attackSpeed": 0,
            "dodge": 10,
            "maxHealth": 0
        },
        "desc": "看着眼熟"
    }
}