{
    "emptyitem": {
        "nameCn": "空",
        "nameEn": "empty",
        "resName": "emptyitem",
        "info":"",
        "desc":"",
        "price": 0
    },
    "heart": {
        "nameCn": "红心",
        "nameEn": "heart",
        "resName": "heart",
        "price": 20
    },
    "ammo": {
        "nameCn": "子弹",
        "nameEn": "ammo",
        "resName": "ammo",
        "info":"",
        "desc":"",
        "price": 30
    },
    "redcapsule": {
        "nameCn": "红色攻击药丸",
        "nameEn": "red capsule",
        "resName": "redcapsule",
        "info":"",
        "desc":"",
        "price": 10
    },
    "bluecapsule": {
        "nameCn": "蓝色加速药丸",
        "nameEn": "blue capsule",
        "resName": "bluecapsule",
        "info":"",
        "desc":"",
        "price": 10
    },
    "bottle001": {
        "nameCn": "回复瓶",
        "nameEn": "attack speed bottle",
        "resName": "bottle001",
        "canSave":1,
        "info":"回复3点生命",
        "desc":"像油湖水一样的诡异绿色，感受到一丝生命力",
        "price": 30
    },
    "bottle002": {
        "nameCn": "移速瓶",
        "nameEn": "move speed bottle",
        "resName": "bottle002",
        "canSave":1,
        "info":"移动速度加200",
        "desc":"脚步轻盈",
        "price": 20
    },
    "bottle003": {
        "nameCn": "攻击瓶",
        "nameEn": "attack bottle",
        "resName": "bottle003",
        "canSave":1,
        "info":"攻击力+5",
        "desc":"神欲使之灭亡,必先使之疯狂",
        "price": 30
    },
    "bottle004": {
        "nameCn": "隐身瓶",
        "nameEn": "hide bottle",
        "resName": "bottle004",
        "canSave":1,
        "info":"隐身30秒，破隐一击",
        "desc":"真正的刺客大师",
        "price": 30
    }
}