{
    "monster000": {
        "nameCn": "史莱姆",
        "nameEn": "slime",
        "resName": "monster000",
        "chapter": 0,
        "stageLevel": 0,
        "common": {
            "moveSpeed": 400,
            "maxHealth": 30,
            "damageMin": 1
        },
        "currentHealth": 30,
        "invisible": 0,
        "remote": 0,
        "melee": 15,
        "boxType":0,
        "dash": 5
    },
    "monster001": {
        "nameCn": "哥布林",
        "nameEn": "goblin",
        "resName": "monster001",
        "chapter": 0,
        "stageLevel": 0,
        "common": {
            "moveSpeed": 500,
            "maxHealth": 35,
            "damageMin": 1
        },
        "currentHealth": 35,
        "invisible": 0,
        "remote": 0,
        "melee": 1,
        "boxType":1,
        "dash": 0
    },
    "monster002": {
        "nameCn": "木乃伊",
        "nameEn": "mummy",
        "resName": "monster002",
        "chapter": 0,
        "stageLevel": 0,
        "bulletType":"bullet017",
        "bulletArcExNum":1,
        "common": {
            "moveSpeed": 100,
            "maxHealth": 50,
            "curseRate":100,
            "damageMin": 3
        },
        "currentHealth": 50,
        "invisible": 0,
        "remote": 2,
        "melee": 1,
        "boxType":1,
        "dash": 5
    },
    "monster003": {
        "nameCn": "阿努比斯",
        "nameEn": "anubis",
        "resName": "monster003",
        "chapter": 0,
        "stageLevel": 0,
        "common": {
            "moveSpeed": 200,
            "maxHealth": 45,
            "damageMin": 3
        },
        "currentHealth": 45,
        "invisible": 1,
        "remote": 0,
        "melee": 1,
        "boxType":1,
        "dash": 0
    },
    "monster004": {
        "nameCn": "海盗",
        "nameEn": "pirate",
        "resName": "monster004",
        "chapter": 0,
        "stageLevel": 0,
        "common": {
            "moveSpeed": 200,
            "maxHealth": 25,
            "damageMin": 1
        },
        "currentHealth": 25,
        "invisible": 0,
        "remote": 0,
        "melee": 0.5,
        "boxType":1,
        "dash": 0
    },
    "monster005": {
        "nameCn": "水手",
        "nameEn": "sailor",
        "resName": "monster005",
        "chapter": 0,
        "stageLevel": 0,
        "common": {
            "moveSpeed": 400,
            "maxHealth": 25,
            "damageMin": 1
        },
        "currentHealth": 25,
        "invisible": 0,
        "remote": 0,
        "melee": 1,
        "boxType":1,
        "dash": 5
    },
    "monster006": {
        "nameCn": "章鱼",
        "nameEn": "octopus",
        "resName": "monster006",
        "chapter": 0,
        "stageLevel": 0,
        "bulletType":"bullet031",
        "common": {
            "moveSpeed": 200,
            "maxHealth": 30,
            "damageMin": 1
        },
        "currentHealth": 30,
        "invisible": 0,
        "remote": 1,
        "melee": 0,
        "boxType":2,
        "dash": 0
    },
    "monster007": {
        "nameCn": "杀手",
        "nameEn": "killer",
        "resName": "monster007",
        "chapter": 0,
        "stageLevel": 0,
        "specialBulletLineExNum":1,
        "specialAttack":10,
        "common": {
            "moveSpeed": 300,
            "maxHealth": 15,
            "damageMin": 1
        },
        "currentHealth": 15,
        "invisible": 0,
        "remote": 2,
        "melee": 1,
        "boxType":1,
        "dash": 0
    },
    "monster008": {
        "nameCn": "强壮的水手",
        "nameEn": "strongsailor",
        "resName": "monster008",
        "chapter": 0,
        "stageLevel": 0,
        "specialAttack":5,
        "specialType":"special008",
        "specialDistance":64,
        "common": {
            "moveSpeed": 400,
            "maxHealth": 30,
            "damageMin": 1
        },
        "currentHealth": 30,
        "invisible": 0,
        "remote": 0,
        "melee": 1,
        "boxType":1,
        "dash": 4
    },
    "monster009": {
        "nameCn": "宝箱怪",
        "nameEn": "ChestMonster",
        "resName": "monster009",
        "chapter": 0,
        "stageLevel": 0,
        "sizeType":0.7,
        "common": {
            "moveSpeed": 400,
            "maxHealth": 30,
            "damageMin": 1
        },
        "currentHealth": 30,
        "invisible": 0,
        "remote": 0,
        "remoterate": 0,
        "melee": 0.5,
        "dash": 0,
        "boxType":2,
        "disguise": 80
    },
    "monster010": {
        "nameCn": "石像鬼",
        "nameEn": "Gargoyle",
        "resName": "monster010",
        "chapter": 0,
        "stageLevel": 0,
        "common": {
            "moveSpeed": 450,
            "maxHealth": 60,
            "damageMin": 1
        },
        "currentHealth": 60,
        "invisible": 0,
        "remote": 0,
        "melee": 3,
        "dash": 0,
        "boxType":2,
        "attackType":1,
        "disguise": 200
    },
    "monster011": {
        "nameCn": "小鸡",
        "nameEn": "Chicken",
        "resName": "monster011",
        "chapter": 0,
        "stageLevel": 0,
        "sizeType":0.5,
        "bulletType":"bullet020",
        "common": {
            "moveSpeed": 50,
            "maxHealth": 30,
            "damageMin": 1
        },
        "currentHealth": 30,
        "invisible": 0,
        "remote": 3,
        "melee": 0,
        "dash": 0,
        "boxType":2,
        "disguise": 0
    },
    "monster012": {
        "nameCn": "圣甲虫",
        "nameEn": "Scarab",
        "resName": "monster012",
        "chapter": 0,
        "stageLevel": 0,
        "sizeType":0.3,
        "common": {
            "moveSpeed": 400,
            "maxHealth": 10,
            "damageMin": 0.1,
            "curseRate":10
        },
        "currentHealth": 10,
        "invisible": 0,
        "remote": 0,
        "melee": 1,
        "dash": 0,
        "boxType":0,
        "disguise": 0
    },
    "monster013": {
        "nameCn": "哥布林长矛手",
        "nameEn": "Goblin Archer",
        "resName": "monster013",
        "bulletType":"bullet018",
        "chapter": 0,
        "stageLevel": 0,
        "common": {
            "moveSpeed": 200,
            "maxHealth": 30,
            "damageMin": 1
        },
        "currentHealth": 30,
        "invisible": 0,
        "remote": 5,
        "melee": 0,
        "boxType":1,
        "dash": 0
    },
    "monster014": {
        "nameCn": "恐怖机器人",
        "nameEn": "Terror Drone",
        "resName": "monster014",
        "chapter": 0,
        "stageLevel": 0,
        "bulletType":"laser101",
        "specialAttack":10,
        "specialBulletArcExNum":2,
        "common": {
            "moveSpeed": 500,
            "maxHealth": 10,
            "damageMin": 1
        },
        "currentHealth": 10,
        "isLineAim":1,
        "invisible": 0,
        "remote": 3,
        "melee": 0,
        "boxType":0,
        "dash": 0
    },
    "monster015": {
        "nameCn": "狼人",
        "nameEn": "Werewolf",
        "resName": "monster015",
        "chapter": 0,
        "stageLevel": 0,
        "specialAttack":10,
        "specialType":"special015",
        "common": {
            "moveSpeed": 300,
            "maxHealth": 40,
            "realRate":50,
            "damageMin": 1
        },
        "currentHealth": 40,
        "invisible": 0,
        "remote": 0,
        "melee": 1,
        "sizeType":1,
        "boxType":3,
        "isRecovery":1,
        "dash": 0
    },
    "monster016": {
        "nameCn": "训练假人",
        "nameEn": "Dummy",
        "resName": "monster016",
        "chapter": 0,
        "stageLevel": 0,
        "isHeavy":1,
        "common": {
            "moveSpeed": 0,
            "maxHealth": 9999,
            "defence":0,
            "damageMin": 1
        },
        "currentHealth": 9999,
        "invisible": 0,
        "remote": 0,
        "melee": 0,
        "boxType":1,
        "dash": 0
    },
    "monster017": {
        "nameCn": "斑马",
        "nameEn": "zebra",
        "resName": "monster017",
        "chapter": 0,
        "stageLevel": 0,
        "bulletType":"bullet038",
        "specialBulletArcExNum":2,
        "specialAttack":10,
        "common": {
            "moveSpeed": 300,
            "maxHealth": 15,
            "damageMin": 1
        },
        "currentHealth": 15,
        "invisible": 0,
        "remote": 2,
        "melee": 0,
        "boxType":1,
        "dash": 0
    },
    "monster018": {
        "nameCn": "长颈鹿",
        "nameEn": "giraffe",
        "resName": "monster018",
        "chapter": 0,
        "stageLevel": 0,
        "common": {
            "moveSpeed": 300,
            "maxHealth": 20,
            "damageMin": 1
        },
        "bulletType":"bullet039",
        "specialAttack":10,
        "specialBulletArcExNum":2,
        "currentHealth": 20,
        "invisible": 0,
        "remote": 3,
        "melee": 0,
        "boxType":3,
        "dash": 0
    },
    "monster019": {
        "nameCn": "僵尸",
        "nameEn": "Zombie",
        "resName": "monster019",
        "chapter": 0,
        "stageLevel": 0,
        "specialAttack":10,
        "specialType":"special019",
        "specialDistance":64,
        "common": {
            "moveSpeed": 200,
            "maxHealth": 15,
            "toxicRate":100,
            "damageMin": 2
        },
        "currentHealth": 15,
        "invisible": 0,
        "remote": 0,
        "melee": 2,
        "boxType":1,
        "dash": 0
    },
    "monster020": {
        "nameCn": "电眼",
        "nameEn": "Electric eye",
        "resName": "monster020",
        "chapter": 0,
        "stageLevel": 0,
        "common": {
            "moveSpeed": 200,
            "maxHealth": 20,
            "lighteningRate":100,
            "damageMin": 2
        },
        "bulletArcExNum":2,
        "bulletLineExNum":0,
        "specialAttack":10,
        "specialBulletArcExNum":4,
        "currentHealth": 20,
        "bulletType":"bullet019",
        "invisible": 0,
        "remote": 2,
        "melee": 0,
        "sizeType":1,
        "boxType":2,
        "dash": 0
    },
    "monster021": {
        "nameCn": "鱼人",
        "nameEn": "fish",
        "resName": "monster021",
        "chapter": 0,
        "stageLevel": 0,
        "common": {
            "moveSpeed": 400,
            "maxHealth": 25,
            "damageMin": 1
        },
        "currentHealth": 25,
        "invisible": 0,
        "remote": 0,
        "melee": 2,
        "boxType":1,
        "dash": 5
    },
    "monster022": {
        "nameCn": "鳄鱼",
        "nameEn": "Crocodile",
        "resName": "monster022",
        "chapter": 0,
        "stageLevel": 0,
        "isLineAim":1,
        "bulletType":"laser002",
        "specialAttack":10,
        "specialBulletArcExNum":2,
        "common": {
            "moveSpeed": 200,
            "maxHealth": 50,
            "damageMin": 2
        },
        "currentHealth": 50,
        "invisible": 0,
        "remote": 4,
        "melee": 2,
        "sizeType":1,
        "boxType":4,
        "dash": 0
    },
    "monster023": {
        "nameCn": "毒蛇",
        "nameEn": "Snake",
        "resName": "monster023",
        "chapter": 0,
        "stageLevel": 0,
        "isLineAim":0,
        "common": {
            "moveSpeed": 200,
            "maxHealth": 35,
            "toxicRate":100,
            "damageMin": 2
        },
        "currentHealth": 35,
        "invisible": 0,
        "remote": 0,
        "melee": 2,
        "sizeType":1,
        "boxType":5,
        "dash": 0
    },
    "monster024": {
        "nameCn": "恶魔",
        "nameEn": "Demon",
        "resName": "monster024",
        "chapter": 0,
        "stageLevel": 0,
        "specialAttack":10,
        "specialDistance":64,
        "specialType":"special024",
        "common": {
            "moveSpeed": 100,
            "maxHealth": 60,
            "damageMin": 5
        },
        "currentHealth": 60,
        "invisible": 0,
        "remote": 0,
        "melee": 2,
        "blink":3,
        "sizeType":1,
        "boxType":3,
        "dash": 0
    },
    "monster025": {
        "nameCn": "巫师",
        "nameEn": "Warlock",
        "resName": "monster025",
        "chapter": 0,
        "stageLevel": 0,
        "isLineAim":0,
        "bulletType":"bullet100",
        "common": {
            "moveSpeed": 200,
            "maxHealth": 55,
            "damageMin": 2
        },
        "currentHealth": 55,
        "invisible": 0,
        "remote": 4,
        "melee": 0,
        "sizeType":1,
        "boxType":1,
        "dash": 0
    },
    "monster026": {
        "nameCn": "蜘蛛",
        "nameEn": "Spider",
        "resName": "monster026",
        "chapter": 0,
        "stageLevel": 0,
        "bulletType":"bullet024",
        "common": {
            "moveSpeed": 300,
            "maxHealth": 55,
            "toxicRate":100,
            "toxicDamage":1,
            "damageMin": 1
        },
        "currentHealth": 55,
        "invisible": 0,
        "remote": 3,
        "melee": 2,
        "sizeType":1,
        "boxType":0,
        "dash": 0
    },
    "monster027": {
        "nameCn": "炸弹猴",
        "nameEn": "Boomer",
        "resName": "monster027",
        "chapter": 0,
        "stageLevel": 0,
        "sizeType":0.75,
        "bulletType":"bullet028",
        "specialAttack":10,
        "specialBulletArcExNum":2,
        "common": {
            "moveSpeed": 500,
            "maxHealth": 20,
            "damageMin": 1
        },
        "isBoom":1,
        "currentHealth": 20,
        "invisible": 0,
        "remote": 3,
        "melee": 0,
        "dash": 0,
        "boxType":1,
        "disguise": 0
    },
    "monster028": {
        "nameCn": "沙雕",
        "nameEn": "SandStatue",
        "resName": "monster028",
        "chapter": 0,
        "stageLevel": 0,
        "common": {
            "moveSpeed": 300,
            "maxHealth": 50,
            "damageMin": 2,
            "curseRate":100,
            "curseDamage":1
        },
        "currentHealth": 50,
        "invisible": 0,
        "remote": 0,
        "melee": 1,
        "dash": 0,
        "boxType":1,
        "disguise": 200
    },
    "monster029": {
        "nameCn": "河马",
        "nameEn": "hippo",
        "resName": "monster029",
        "chapter": 0,
        "stageLevel": 0,
        "specialAttack":10,
        "common": {
            "moveSpeed": 300,
            "maxHealth": 40,
            "damageMin": 2
        },
        "currentHealth": 40,
        "invisible": 0,
        "remote": 0,
        "melee": 3,
        "sizeType":1.5,
        "boxType":4,
        "dash": 10
    }
}