{
    "status001": {
        "nameCn": "冰冻",
        "nameEn": "frozen",
        "spriteFrameName": "status001",
        "statusType": 1,
        "desc": "",
        "duration": 3,
        "common": {
            "moveSpeed": -150
        }
    },
    "status002": {
        "nameCn": "燃烧",
        "nameEn": "burning",
        "spriteFrameName": "status002",
        "statusType": 2,
        "desc": "",
        "duration": 3,
        "common": {
            "defence": -50
        }
    },
    "status003": {
        "nameCn": "眩晕",
        "nameEn": "dizz",
        "spriteFrameName": "status003",
        "statusType": 3,
        "desc": "",
        "duration": 3,
        "dizzDurationDirect":1,
        "common": {
            "attackSpeed": -200
        }
    },
    "status004": {
        "nameCn": "中毒",
        "nameEn": "toxicosis",
        "spriteFrameName": "status004",
        "statusType": 4,
        "desc": "",
        "toxicDamageOvertime": 1,
        "duration": 3,
        "common": {
        }
    },
    "status005": {
        "nameCn": "诅咒",
        "nameEn": "cursing",
        "spriteFrameName": "status005",
        "statusType": 5,
        "desc": "",
        "duration": 5,
        "missRate": 80,
        "common": {
            "maxHealth": -5
        }
    },
    "status006": {
        "nameCn": "流血",
        "nameEn": "bleeding",
        "spriteFrameName": "status006",
        "statusType": 6,
        "desc": "",
        "duration": 3,
        "realDamageOvertime": 1,
        "common": {}
    },
    "status007": {
        "nameCn": "攻击增加",
        "nameEn": "attack more",
        "spriteFrameName": "iconattack",
        "statusType": 7,
        "desc": "",
        "duration": 15,
        "common": {
            "damageMin": 5
        }
    },
    "status008": {
        "nameCn": "移动加速",
        "nameEn": "moving faster",
        "spriteFrameName": "iconmovespeed",
        "statusType": 8,
        "desc": "",
        "duration": 15,
        "common": {
            "moveSpeed": 200
        }
    },
    "status009": {
        "nameCn": "攻击加速",
        "nameEn": "attacking faster",
        "spriteFrameName": "iconattackspeed",
        "statusType": 9,
        "desc": "",
        "duration": 15,
        "common": {
            "attackSpeed": 200
        }
    },
    "status010": {
        "nameCn": "完美防御",
        "nameEn": "defence perfect",
        "spriteFrameName": "icondefence",
        "statusType": 10,
        "desc": "",
        "duration": 15,
        "common": {
            "defence": 9999,
            "dodge": 100
        }
    },
    "status011": {
        "nameCn": "恢复",
        "nameEn": "healing",
        "spriteFrameName": "iconhealthrecovery",
        "statusType": 11,
        "desc": "",
        "duration": 0,
        "realDamageDirect": -1,
        "common": {}
    },
    "status012": {
        "nameCn": "回复(狼人)",
        "nameEn": "recovery",
        "spriteFrameName": "iconhealthrecovery",
        "statusType": 12,
        "desc": "",
        "duration": 15,
        "realDamageOvertime": -2,
        "common": {}
    },
    "status013": {
        "nameCn": "石化",
        "nameEn": "stone",
        "spriteFrameName": "stone",
        "statusType": 13,
        "desc": "",
        "duration": 5,
        "common": {
            "moveSpeed": -9999
        }
    },
    "status014": {
        "nameCn": "缠绕",
        "nameEn": "twine",
        "spriteFrameName": "status014",
        "statusType": 14,
        "desc": "",
        "duration": 3,
        "common": {
            "moveSpeed": -9999
        }
    },
    "status015": {
        "nameCn": "普通盾牌防御",
        "nameEn": "defence perfect",
        "spriteFrameName": "icondefence",
        "statusType": 15,
        "desc": "",
        "duration": 2,
        "common": {
            "defence": 9999,
            "iceDefence": 100,
            "fireDefence": 100,
            "lighteningDefence": 100,
            "toxicDefence": 100,
            "curseDefence": 100
        }
    },
    "status016": {
        "nameCn": "加长盾牌防御",
        "nameEn": "defence perfect",
        "spriteFrameName": "icondefence",
        "statusType": 16,
        "desc": "",
        "duration": 4,
        "common": {
            "defence": 9999,
            "iceDefence": 100,
            "fireDefence": 100,
            "lighteningDefence": 100,
            "toxicDefence": 100,
            "curseDefence": 100
        }
    },
    "status017": {
        "nameCn": "药瓶恢复",
        "nameEn": "healing",
        "spriteFrameName": "iconhealthrecovery",
        "statusType": 17,
        "desc": "",
        "duration": 3,
        "realDamageOvertime": -1,
        "common": {}
    },
    "status018": {
        "nameCn": "加长盾牌防御(废弃)",
        "nameEn": "defence perfect",
        "spriteFrameName": "icondefence",
        "statusType": 18,
        "desc": "",
        "duration": 2,
        "common": {
            "defence": 9999,
            "iceDefence": 100,
            "fireDefence": 100,
            "lighteningDefence": 100,
            "toxicDefence": 100,
            "curseDefence": 100
        }
    },
    "status019": {
        "nameCn": "1s加速移动",
        "nameEn": "moving faster",
        "spriteFrameName": "iconmovespeed",
        "statusType": 19,
        "desc": "",
        "duration": 1,
        "common": {
            "moveSpeed": 100
        }
    },
    "status020": {
        "nameCn": "回复(丛林上衣)",
        "nameEn": "recovery",
        "spriteFrameName": "iconhealthrecovery",
        "statusType": 20,
        "desc": "",
        "duration": 999,
        "realDamageOvertime": -0.1,
        "common": {}
    },
    "status021": {
        "nameCn": "防御(狼人)",
        "nameEn": "defence perfect",
        "spriteFrameName": "icondefence",
        "statusType": 21,
        "desc": "",
        "duration": 1,
        "common": {
            "defence": 9999,
            "dodge": 100
        }
    },
    "status022": {
        "nameCn": "金苹果完全恢复",
        "nameEn": "healing",
        "spriteFrameName": "iconhealthrecovery",
        "statusType": 22,
        "desc": "",
        "duration": 0,
        "realDamageDirect": -100,
        "common": {}
    },
    "status023": {
        "nameCn": "武器附魔",
        "nameEn": "weapon magic",
        "spriteFrameName": "status024",
        "statusType": 23,
        "desc": "",
        "duration": 999,
        "common": {
            "realDamage": 2
        }
    },
    "status024": {
        "nameCn": "强力武器附魔",
        "nameEn": "weapon magic",
        "spriteFrameName": "status024",
        "statusType": 24,
        "desc": "",
        "duration": 999,
        "common": {
            "realDamage": 2,
            "realRate":100
        }
    },
    "status025": {
        "nameCn": "冻结",
        "nameEn": "frozen",
        "spriteFrameName": "status001",
        "statusType": 25,
        "desc": "",
        "duration": 15,
        "common": {
            "moveSpeed": -500
        }
    },
    "status026": {
        "nameCn": "隐身",
        "nameEn": "hide",
        "spriteFrameName": "bottle004",
        "statusType": 26,
        "desc": "",
        "duration": 30,
        "invisibleDuratonDirect":30,
        "common": {
            "moveSpeed": 50,
            "criticalStrikeRate":100,
            "remoteCritRate":100
        }
    }
}