{
  "__type__": "cc.Mesh",
  "_name": "",
  "_objFlags": 0,
  "_native": ".bin",
  "_struct": {
    "primitives": [
      {
        "primitiveMode": 7,
        "vertexBundelIndices": [
          0
        ],
        "geometricInfo": {
          "view": {
            "offset": 53400,
            "length": 10680,
            "count": 2670,
            "stride": 4
          }
        },
        "indexView": {
          "offset": 64080,
          "length": 17712,
          "count": 4428,
          "stride": 4
        }
      }
    ],
    "vertexBundles": [
      {
        "view": {
          "offset": 0,
          "length": 53400,
          "count": 890,
          "stride": 60
        },
        "attributes": [
          {
            "name": "a_position",
            "format": 32,
            "isNormalized": false
          },
          {
            "name": "a_normal",
            "format": 32,
            "isNormalized": false
          },
          {
            "name": "a_texCoord",
            "format": 21,
            "isNormalized": false
          },
          {
            "name": "a_tangent",
            "format": 43,
            "isNormalized": false
          },
          {
            "name": "a_color",
            "format": 32,
            "isNormalized": false
          }
        ]
      }
    ],
    "minPosition": {
      "__type__": "cc.Vec3",
      "x": -0.9945200085639954,
      "y": -1,
      "z": -1
    },
    "maxPosition": {
      "__type__": "cc.Vec3",
      "x": 0.9945200085639954,
      "y": 1,
      "z": 1
    }
  },
  "_dataLength": 81792
}