{
  "item-states": [
    {
      "folded": false,
      "id": "mount-assets"
    },
    {
      "folded": true,
      "id": "15e523fc-17cb-4cbb-8413-321a5aa78416"
    },
    {
      "folded": true,
      "id": "d6360d99-0a0a-4e98-8fcf-f00c7fba935d"
    },
    {
      "folded": true,
      "id": "ee5efb20-8e00-40d5-bc01-1b273fd9a33c"
    },
    {
      "folded": true,
      "id": "92332af9-974c-4ff6-b940-dd807534d91d"
    },
    {
      "folded": true,
      "id": "c7438766-d7bb-425e-99c6-023d33c67a70"
    },
    {
      "folded": true,
      "id": "3bc5719b-053a-4edb-9a21-cf1dcbb68fe1"
    },
    {
      "folded": true,
      "id": "75f16c3f-6d4b-4a36-b9c3-691db9f176ca"
    },
    {
      "folded": true,
      "id": "e590e67b-56fa-42be-bc87-e0dbe6521b5c"
    },
    {
      "folded": true,
      "id": "086d447f-9f82-41e9-974a-7215c63a07eb"
    },
    {
      "folded": true,
      "id": "676eaec7-f394-4249-977b-57df8649cd5a"
    },
    {
      "folded": true,
      "id": "56898187-43da-4c72-8a8b-d6587657af84"
    },
    {
      "folded": true,
      "id": "528a1a2e-41cc-407b-b511-1259f271c6d9"
    },
    {
      "folded": true,
      "id": "255fe942-736b-40c6-905a-d216f9bb0224"
    },
    {
      "folded": true,
      "id": "155c8099-ec14-462f-810a-082ef4357838"
    },
    {
      "folded": true,
      "id": "0afee2bc-6a8c-4566-8d95-f28c2f77769b"
    },
    {
      "folded": true,
      "id": "195d0331-11e3-4dfc-8d32-00211967b680"
    },
    {
      "folded": true,
      "id": "48990d95-4996-403d-9407-1039329b1096"
    },
    {
      "folded": true,
      "id": "5589de99-d9b7-406c-ba58-876e15f5f1b5"
    },
    {
      "folded": true,
      "id": "69f1a80e-72bd-4055-91ef-4bf2aad552dc"
    },
    {
      "folded": true,
      "id": "948a93ff-713e-4835-a0a3-03ab45ef009a"
    },
    {
      "folded": true,
      "id": "2b21e9d0-d613-4b3e-af55-97cbed90ee92"
    },
    {
      "folded": true,
      "id": "abefc837-12ae-4b2f-bad6-912b2ae05127"
    },
    {
      "folded": true,
      "id": "5bbb78c4-0620-44ce-af65-73b302b0bfe4"
    },
    {
      "folded": true,
      "id": "4ec0825f-5264-4e9a-94af-97c68a755386"
    },
    {
      "folded": true,
      "id": "a9659c9d-661a-4824-ba47-a6839a731dd9"
    },
    {
      "folded": true,
      "id": "ac71f433-fcdf-44d7-bcca-cdcdbfe9d517"
    },
    {
      "folded": true,
      "id": "b792be07-11b6-41ff-bf7b-7b51b4f41ee5"
    },
    {
      "folded": true,
      "id": "abc01fdf-1b79-4b94-bcd4-d57f181b94b9"
    },
    {
      "folded": true,
      "id": "de252998-b49c-433b-891c-45f7f48199fa"
    },
    {
      "folded": true,
      "id": "3b032739-613d-4876-818f-f3f4ca26a757"
    },
    {
      "folded": true,
      "id": "66b7b86e-9918-4d98-8f1e-8d43c5b80f71"
    },
    {
      "folded": true,
      "id": "cd9bce4f-c449-4d70-a349-f2b32103c7e7"
    },
    {
      "folded": true,
      "id": "48354fc3-f20f-49c9-8dcd-0d80be2393bf"
    },
    {
      "folded": true,
      "id": "7203edc4-afab-4533-abb9-e1c856ae46c1"
    },
    {
      "folded": true,
      "id": "cafe4d3b-a56e-4acb-a600-8d82438800aa"
    },
    {
      "folded": true,
      "id": "75047255-a9db-4fb8-9f26-78f0c23b1086"
    },
    {
      "folded": true,
      "id": "cb9877dd-79af-4a3f-bee5-2c32f15d3d72"
    }
  ]
}