{
  "item-states": [
    {
      "folded": false,
      "id": "b2mw5TMcJElanib4MFXkwK"
    },
    {
      "folded": false,
      "id": "cc05ecMPVM77cvOums+5KO"
    },
    {
      "folded": false,
      "id": "a2ZIkck9ZJCbrVB1o22l/F"
    },
    {
      "folded": false,
      "id": "caCbKw9LBItbORVykf2yDw"
    },
    {
      "folded": false,
      "id": "aejUkLe7ZFPIrfBELItg/Q"
    },
    {
      "folded": false,
      "id": "e0Pj129aVPEqNkuiHo84DP"
    },
    {
      "folded": false,
      "id": "23Ea8swfFGa5rCTkFuib7i"
    },
    {
      "folded": false,
      "id": "25BTvfcOFOO7QC3T5hV2OW"
    },
    {
      "folded": false,
      "id": "57KaEJ6lBHdp10AWfHrgmn"
    },
    {
      "folded": false,
      "id": "9bAi3yTORHOIo90VOU0YFB"
    },
    {
      "folded": false,
      "id": "27Cu1hAQVAsbz7aBkU9Icr"
    },
    {
      "folded": false,
      "id": "8cBZvHd+9D9Zci61Dcoa4X"
    },
    {
      "folded": false,
      "id": "54E8bf/VVAkYaL4ngdrrWc"
    }
  ]
}