{"frameRate":24,"name":"giftbox","version":"5.5","compatibleVersion":"5.5","armature":[{"type":"MovieClip","frameRate":24,"name":"root","bone":[{"name":"root"},{"name":"thunder","parent":"root"},{"name":"box","parent":"root"}],"slot":[{"displayIndex":-1,"name":"box","parent":"box"},{"displayIndex":-1,"name":"thunder","parent":"thunder"}],"skin":[{"slot":[{"name":"thunder","display":[{"name":"thunder"}]},{"name":"box","display":[{"name":"box"}]}]}],"animation":[{"duration":60,"playTimes":0,"name":"giftbox","bone":[{"name":"thunder","translateFrame":[{"duration":60,"x":17.93,"y":12.2}],"rotateFrame":[{"duration":3,"tweenEasing":0},{"duration":4,"tweenEasing":0,"rotate":-21.94},{"duration":5,"tweenEasing":0,"rotate":24.84},{"duration":4,"tweenEasing":0,"rotate":-21.94},{"duration":4,"tweenEasing":0,"rotate":24.84},{"duration":3,"tweenEasing":0,"rotate":-8.36},{"duration":37}]},{"name":"box","translateFrame":[{"duration":60,"x":0.01}]}],"slot":[{"name":"thunder","displayFrame":[{"duration":60}]},{"name":"box","displayFrame":[{"duration":60}]}]}],"defaultActions":[{"gotoAndPlay":"giftbox"}]}]}