{
  "android-instant": {
    "REMOTE_SERVER_ROOT": "",
    "host": "",
    "pathPattern": "",
    "recordPath": "",
    "scheme": "https",
    "skipRecord": false
  },
  "appBundle": false,
  "baidugame": {
    "REMOTE_SERVER_ROOT": "",
    "appid": "testappid",
    "orientation": "portrait",
    "subContext": ""
  },
  "encryptJs": true,
  "excludeScenes": [
    "2d9da9a0-9423-4a04-9b34-abeb32209184"
  ],
  "fb-instant-games": {},
  "includeSDKBox": false,
  "inlineSpriteFrames": true,
  "inlineSpriteFrames_native": true,
  "md5Cache": true,
  "mergeStartScene": false,
  "optimizeHotUpdate": true,
  "orientation": {
    "landscapeLeft": false,
    "landscapeRight": false,
    "portrait": true,
    "upsideDown": false
  },
  "packageName": "com.nine00.swingblock",
  "qqplay": {
    "REMOTE_SERVER_ROOT": "",
    "orientation": "portrait"
  },
  "startScene": "c7cef2d8-92bc-4c1b-ab79-94e57c44e7a2",
  "title": "SwingBlocks",
  "webOrientation": "auto",
  "wechatgame": {
    "REMOTE_SERVER_ROOT": "https://sb-1253542371.file.myqcloud.com",
    "appid": "wx509db572c7eb4ca3",
    "isSubdomain": false,
    "orientation": "portrait",
    "subContext": "swingblock_subcontext"
  },
  "xxteaKey": "c6c72bfd-b066-41",
  "zipCompressJs": true
}