{"frameRate":24,"name":"upgrade","version":"5.5","compatibleVersion":"5.5","armature":[{"type":"Armature","frameRate":24,"name":"root","bone":[{"name":"root"},{"name":"bone","parent":"root","transform":{"x":2.35,"y":55.0846,"scX":0.6,"scY":0.6}},{"length":13,"name":"sp211","parent":"bone","transform":{"x":60.8043,"y":-53.9447,"skX":107.4467,"skY":107.4467,"scX":1.6991,"scY":1.6991}},{"length":13,"name":"sp21","parent":"bone","transform":{"x":60.8043,"y":-210.3902,"skX":-64.0702,"skY":-64.0702,"scX":1.6991,"scY":1.6991}},{"length":13,"name":"sp111","parent":"bone","transform":{"x":5.0909,"y":-238.91,"skX":-105.1371,"skY":-105.1371,"scX":1.6991,"scY":1.6991}},{"length":13,"name":"sp","parent":"bone","transform":{"x":-86.8166,"y":-186.3648,"skX":-114.0559,"skY":-114.0559,"scX":1.6991,"scY":1.6991}},{"length":13,"name":"sp11","parent":"bone","transform":{"x":5.0909,"y":-238.91,"skX":-105.1371,"skY":-105.1371,"scX":1.6991,"scY":1.6991}},{"length":13,"name":"sp1","parent":"bone","transform":{"x":75.7567,"y":-194.0975,"skX":-41.7714,"skY":-41.7714,"scX":1.6991,"scY":1.6991}},{"length":13,"name":"sp2","parent":"bone","transform":{"x":-51.9262,"y":-128.6223,"skX":168.3286,"skY":168.3286,"scX":1.6991,"scY":1.6991}},{"length":110,"name":"light051","parent":"bone","transform":{"x":422.05,"y":-304.85,"skX":92.8147,"skY":92.8147}},{"name":"star111","parent":"bone","transform":{"x":173.3,"y":-114.65}},{"name":"star11","parent":"bone","transform":{"x":173.3,"y":-114.65}},{"length":28,"name":"light04","parent":"bone","transform":{"x":181.3,"y":-182.05,"skX":-58.5994,"skY":-58.5994}},{"name":"star2","parent":"bone","transform":{"x":169.9,"y":-99.2}},{"name":"star1","parent":"bone","transform":{"x":173.3,"y":-114.65}},{"length":18,"name":"caidai111112","parent":"bone","transform":{"x":-42.0338,"y":-159.0479,"skX":-161.3322,"skY":-161.3322,"scX":1.8809,"scY":1.8809}},{"length":18,"name":"caidai111111","parent":"bone","transform":{"x":-8.3218,"y":-98.0759,"skX":78.1815,"skY":78.1815,"scX":2.3646,"scY":2.3646}},{"length":18,"name":"caidai11111","parent":"bone","transform":{"x":-49.2158,"y":-121.59,"skX":127.7035,"skY":127.7035,"scX":1.8809,"scY":1.8809}},{"length":18,"name":"caidai111","parent":"bone","transform":{"x":24.4306,"y":-281.3264,"skX":-80.8888,"skY":-80.8888,"scX":1.3114,"scY":1.3114}},{"length":18,"name":"caidai1111","parent":"bone","transform":{"x":91.5431,"y":-94.5442,"skX":47.8493,"skY":47.8493,"scX":1.3114,"scY":1.3114}},{"length":18,"name":"caidai11","parent":"bone","transform":{"x":137.6465,"y":-190.9047,"skX":-28.9161,"skY":-28.9161,"scX":1.3114,"scY":1.3114}},{"length":18,"name":"caidai1","parent":"bone","transform":{"x":-45.3595,"y":-188.1584,"skX":-87.084,"skY":-87.084,"scX":1.3114,"scY":1.3114}},{"length":90,"name":"light1","parent":"bone","transform":{"x":1.2648,"y":-144.4395,"skX":-90.8912,"skY":-90.8912,"scX":1.7033,"scY":1.7033}}],"slot":[{"blendMode":"add","displayIndex":-1,"name":"light1","parent":"light1"},{"blendMode":"add","displayIndex":-1,"name":"light051","parent":"light051"},{"blendMode":"add","displayIndex":-1,"name":"caidai1","parent":"caidai1"},{"blendMode":"add","displayIndex":-1,"name":"caidai11","parent":"caidai11"},{"blendMode":"add","displayIndex":-1,"name":"caidai111","parent":"caidai111"},{"displayIndex":-1,"name":"caidai1111","parent":"caidai1111"},{"displayIndex":-1,"name":"caidai11111","parent":"caidai11111"},{"displayIndex":-1,"name":"caidai111111","parent":"caidai111111"},{"displayIndex":-1,"name":"caidai111112","parent":"caidai111112"},{"displayIndex":-1,"name":"star1","parent":"star1"},{"displayIndex":-1,"name":"star2","parent":"star2"},{"blendMode":"add","displayIndex":-1,"name":"light04","parent":"light04"},{"blendMode":"add","displayIndex":-1,"name":"sp","parent":"sp"},{"displayIndex":-1,"name":"sp1","parent":"sp1"},{"displayIndex":-1,"name":"sp11","parent":"sp11"},{"blendMode":"add","displayIndex":-1,"name":"sp2","parent":"sp2"},{"displayIndex":-1,"name":"sp21","parent":"sp21"},{"blendMode":"add","displayIndex":-1,"name":"sp211","parent":"sp211"},{"blendMode":"add","displayIndex":-1,"name":"sp111","parent":"sp111"},{"displayIndex":-1,"name":"star11","parent":"star11"},{"displayIndex":-1,"name":"star111","parent":"star111"}],"skin":[{"slot":[{"name":"caidai1111","display":[{"name":"caidai1","transform":{"x":4.26,"y":0.68,"skX":87.08,"skY":87.08},"path":"sp"}]},{"name":"light1","display":[{"name":"light1","transform":{"x":52.19,"y":-1.31,"skX":90.89,"skY":90.89,"scX":3.0202,"scY":3.0202}}]},{"name":"caidai111112","display":[{"name":"caidai1","transform":{"x":4.26,"y":0.68,"skX":87.08,"skY":87.08},"path":"sp"}]},{"name":"sp21","display":[{"name":"sp","transform":{"x":2.18,"y":-2.26,"skX":86.1,"skY":86.1},"path":"caidai1"}]},{"name":"star2","display":[{"name":"star2","transform":{"x":0.4,"y":2.87}}]},{"name":"sp","display":[{"name":"sp","transform":{"x":2.18,"y":-2.26,"skX":86.1,"skY":86.1},"path":"caidai1"}]},{"name":"sp2","display":[{"name":"sp","transform":{"x":2.18,"y":-2.26,"skX":86.1,"skY":86.1},"path":"caidai1"}]},{"name":"star111","display":[{"name":"star1","transform":{"x":-0.07,"y":-0.51},"path":"star2"}]},{"name":"caidai11111","display":[{"name":"caidai1","transform":{"x":4.26,"y":0.68,"skX":87.08,"skY":87.08},"path":"sp"}]},{"name":"light051","display":[{"name":"light05","transform":{"x":25.85,"y":-10.74,"skX":-92.81,"skY":-92.81,"scX":6.412,"scY":6.412}}]},{"name":"star1","display":[{"name":"star1","transform":{"x":-0.07,"y":-0.51},"path":"star2"}]},{"name":"star11","display":[{"name":"star1","transform":{"x":-0.07,"y":-0.51},"path":"star2"}]},{"name":"light04","display":[{"name":"light04","transform":{"x":4.7,"y":0.12,"skX":58.6,"skY":58.6}}]},{"name":"caidai1","display":[{"name":"caidai1","transform":{"x":4.26,"y":0.68,"skX":87.08,"skY":87.08},"path":"sp"}]},{"name":"caidai111111","display":[{"name":"caidai1","transform":{"x":4.26,"y":0.68,"skX":87.08,"skY":87.08},"path":"sp"}]},{"name":"sp111","display":[{"name":"sp","transform":{"x":2.18,"y":-2.26,"skX":86.1,"skY":86.1},"path":"caidai1"}]},{"name":"caidai11","display":[{"name":"caidai1","transform":{"x":4.26,"y":0.68,"skX":87.08,"skY":87.08},"path":"sp"}]},{"name":"sp1","display":[{"name":"sp","transform":{"x":2.18,"y":-2.26,"skX":86.1,"skY":86.1},"path":"caidai1"}]},{"name":"sp11","display":[{"name":"sp","transform":{"x":2.18,"y":-2.26,"skX":86.1,"skY":86.1},"path":"caidai1"}]},{"name":"sp211","display":[{"name":"sp","transform":{"x":2.18,"y":-2.26,"skX":86.1,"skY":86.1},"path":"caidai1"}]},{"name":"caidai111","display":[{"name":"caidai1","transform":{"x":4.26,"y":0.68,"skX":87.08,"skY":87.08},"path":"sp"}]}]}],"animation":[{"duration":38,"playTimes":0,"name":"upgrade","bone":[{"name":"light1","translateFrame":[{"duration":3,"tweenEasing":0,"x":-6.51,"y":26.22},{"duration":6,"tweenEasing":0,"x":-36.72,"y":44.3},{"duration":29,"x":-34.47,"y":63.26}],"scaleFrame":[{"duration":3,"tweenEasing":0},{"duration":6,"tweenEasing":0,"x":2.01,"y":2.71},{"duration":29,"x":2.15,"y":1.61}]},{"name":"caidai1","translateFrame":[{"duration":4},{"duration":4,"tweenEasing":0,"x":47.08,"y":-267.47},{"duration":22,"tweenEasing":0,"x":36.43,"y":-280.79},{"duration":8,"x":19.97,"y":-39.94}],"rotateFrame":[{"duration":4},{"duration":4,"tweenEasing":0,"rotate":-88.69},{"duration":22,"tweenEasing":0,"rotate":-111.65},{"duration":8,"rotate":-166.5}],"scaleFrame":[{"duration":4},{"duration":4,"tweenEasing":0,"x":1.56,"y":1.56},{"duration":7,"tweenEasing":0,"x":-1.53,"y":1.56},{"duration":8,"tweenEasing":0,"x":1.53,"y":1.56},{"duration":7,"tweenEasing":0,"x":-1.53,"y":1.56},{"duration":8,"x":0.22,"y":0.22}]},{"name":"caidai11","translateFrame":[{},{"duration":3,"tweenEasing":0,"x":-63.18,"y":-87.39},{"duration":3,"tweenEasing":0,"x":8.71,"y":-223.8},{"duration":6,"tweenEasing":0,"x":89.04,"y":-276.65},{"duration":6,"tweenEasing":0,"x":111.65,"y":-85},{"duration":19,"x":196.31,"y":74.7}],"rotateFrame":[{},{"duration":3,"tweenEasing":0,"rotate":-14.38},{"duration":3,"tweenEasing":0,"rotate":74.86},{"duration":12,"tweenEasing":0,"rotate":167.95},{"duration":19,"rotate":-39.88}],"scaleFrame":[{},{"duration":6,"tweenEasing":0,"x":1.68,"y":1.68},{"duration":3,"tweenEasing":0,"x":1.68,"y":1.68},{"duration":3,"tweenEasing":0,"x":-1.18,"y":1.18},{"duration":6,"tweenEasing":0,"x":1.08,"y":0.87},{"duration":19,"x":0.56,"y":-0.56}]},{"name":"caidai1111","translateFrame":[{"duration":4},{"duration":16,"tweenEasing":0,"x":-47.87,"y":-237.76},{"duration":18,"x":-116.36,"y":120.96}],"rotateFrame":[{"duration":4},{"duration":16,"tweenEasing":0},{"duration":18,"rotate":77.62}],"scaleFrame":[{"duration":4},{"duration":5,"tweenEasing":0,"x":1.91,"y":1.91},{"duration":6,"tweenEasing":0,"x":-1.98,"y":1.91},{"duration":5,"tweenEasing":0,"x":1.91,"y":1.91},{"duration":18,"x":-0.38,"y":0.38}]},{"name":"caidai111","translateFrame":[{},{"duration":2,"tweenEasing":0,"x":-73.2,"y":-130.53},{"duration":2,"tweenEasing":0,"x":-131.56,"y":-201.07},{"duration":14,"tweenEasing":0,"x":-153.87,"y":-159.7},{"duration":19,"x":-319.67,"y":342.24}],"rotateFrame":[{},{"duration":2,"tweenEasing":0,"rotate":-55.65},{"duration":2,"tweenEasing":0,"rotate":-167.14},{"duration":14,"tweenEasing":0,"rotate":144.36},{"duration":19,"rotate":47.88}],"scaleFrame":[{},{"duration":4,"tweenEasing":0,"x":2.47,"y":2.47},{"duration":3,"tweenEasing":0,"x":2.47,"y":2.47},{"duration":4,"tweenEasing":0,"x":-2.47,"y":2.43},{"duration":4,"tweenEasing":0,"x":2.29,"y":2.39},{"duration":3,"tweenEasing":0,"x":2.28,"y":-2.29},{"duration":19,"x":0.66,"y":0.66}]},{"name":"caidai11111","translateFrame":[{},{"duration":4,"tweenEasing":0,"x":37.06,"y":-233.01},{"duration":4,"tweenEasing":0,"x":94.8,"y":-403.4},{"duration":29,"x":150.79,"y":-441.28}],"rotateFrame":[{},{"duration":4,"tweenEasing":0,"rotate":-43.43},{"duration":4,"tweenEasing":0,"rotate":-1.53},{"duration":29,"rotate":75.64}],"scaleFrame":[{},{"duration":4,"tweenEasing":0},{"duration":4,"tweenEasing":0,"y":-1.06},{"duration":29,"x":0.28,"y":0.28}]},{"name":"caidai111111","translateFrame":[{"duration":7},{"duration":12,"tweenEasing":0},{"duration":19,"x":198.23,"y":273.87}],"rotateFrame":[{"duration":7},{"duration":12,"tweenEasing":0},{"duration":19,"rotate":-53.36}],"scaleFrame":[{"duration":7},{"duration":4,"tweenEasing":0},{"duration":4,"tweenEasing":0,"x":0.86,"y":-0.85},{"duration":4,"tweenEasing":0,"x":0.73,"y":0.85},{"duration":19,"x":0,"y":-0.01}]},{"name":"caidai111112","translateFrame":[{"duration":3},{"duration":3,"tweenEasing":0,"x":-146.2,"y":-210.03},{"duration":3,"tweenEasing":0,"x":-196.2,"y":-268.3},{"duration":4,"tweenEasing":0,"x":-202.92,"y":-262.93},{"duration":4,"tweenEasing":0,"x":-233.71,"y":-175.94},{"duration":4,"tweenEasing":0,"x":-186.89,"y":-88.96},{"duration":17,"x":-244.95,"y":3.05}],"rotateFrame":[{"duration":3},{"duration":3,"tweenEasing":0,"rotate":82.81},{"duration":3,"tweenEasing":0,"rotate":43.48},{"duration":4,"tweenEasing":0,"rotate":13.48},{"duration":8,"tweenEasing":0,"rotate":-13.66},{"duration":17,"rotate":-67.92}],"scaleFrame":[{"duration":3},{"duration":3,"tweenEasing":0},{"duration":3,"tweenEasing":0,"x":-1.06},{"duration":4,"tweenEasing":0},{"duration":4,"tweenEasing":0,"y":-1.06},{"duration":4,"tweenEasing":0,"y":1.06},{"duration":17,"x":0.2,"y":-0.16}]},{"name":"star1","translateFrame":[{"duration":13},{"duration":24,"tweenEasing":0,"x":-76.71,"y":-153.22},{"x":-25.24,"y":-200.65}],"rotateFrame":[{"duration":13},{"duration":24,"tweenEasing":0,"rotate":16},{"rotate":85}],"scaleFrame":[{"duration":13},{"duration":7,"tweenEasing":0},{"duration":8,"tweenEasing":0,"y":-1},{"duration":9,"tweenEasing":0},{"x":0.2,"y":-0.2}]},{"name":"star2","translateFrame":[{"duration":11},{"duration":17,"tweenEasing":0,"x":-247.12,"y":-145.79},{"duration":10,"x":-278.92,"y":-182.2}],"rotateFrame":[{"duration":11},{"duration":17,"tweenEasing":0,"rotate":-19.08},{"duration":10,"rotate":-89.44}],"scaleFrame":[{"duration":11},{"duration":5,"tweenEasing":0},{"duration":6,"tweenEasing":0,"y":-1},{"duration":6,"tweenEasing":0},{"duration":10,"x":-0.27,"y":0.27}]},{"name":"light04","translateFrame":[{},{"duration":37,"x":-151.99,"y":36.4}],"rotateFrame":[{},{"duration":2,"tweenEasing":0,"rotate":-111.18},{"duration":35,"rotate":-140.5}],"scaleFrame":[{},{"duration":2,"tweenEasing":0,"x":4.28,"y":4.28},{"duration":14,"tweenEasing":0,"x":4.39,"y":4.39},{"duration":21,"x":0.27,"y":0.27}]},{"name":"star11","translateFrame":[{"duration":13},{"duration":25,"tweenEasing":0,"x":-101.75,"y":-14.35},{"duration":0,"x":-63.2,"y":76.51}],"rotateFrame":[{"duration":13},{"duration":25,"tweenEasing":0,"rotate":-22.69},{"duration":0,"rotate":-18.45}],"scaleFrame":[{"duration":13},{"duration":8,"tweenEasing":0,"x":1.17,"y":1.17},{"duration":8,"tweenEasing":0,"x":1.13,"y":-1.13},{"duration":9,"tweenEasing":0,"x":1.08,"y":1.08},{"duration":0,"x":0.3,"y":-0.3}]},{"name":"star111","translateFrame":[{"duration":11},{"duration":24,"tweenEasing":0,"x":-215.33,"y":38.39},{"duration":3,"x":-234.28,"y":126.6}],"rotateFrame":[{"duration":11},{"duration":24,"tweenEasing":0,"rotate":-22.69},{"duration":3,"rotate":61.67}],"scaleFrame":[{"duration":11},{"duration":8,"tweenEasing":0,"x":0.85,"y":0.85},{"duration":9,"tweenEasing":0,"x":-0.85,"y":0.85},{"duration":7,"tweenEasing":0,"x":0.85,"y":0.85},{"duration":3,"x":-0.2,"y":0.2}]},{"name":"light051","translateFrame":[{"duration":38,"x":-416.28,"y":140.71}],"rotateFrame":[{"duration":2,"tweenEasing":0,"rotate":-13.88},{"duration":15,"tweenEasing":0,"rotate":-2.81},{"duration":21,"rotate":19.59}],"scaleFrame":[{"duration":2,"tweenEasing":0,"x":0.66,"y":0.66},{"duration":15,"tweenEasing":0,"x":1.03,"y":1.03},{"duration":21,"x":0.88,"y":0.88}]},{"name":"sp2","translateFrame":[{"duration":12},{"duration":17,"tweenEasing":0,"x":-8.75,"y":62.32},{"duration":9,"x":-15.52,"y":181.93}],"rotateFrame":[{"duration":12},{"duration":17,"tweenEasing":0,"rotate":-56.48},{"duration":9,"rotate":14.8}],"scaleFrame":[{"duration":12},{"duration":5,"tweenEasing":0},{"duration":6,"tweenEasing":0,"x":-0.73},{"duration":6,"tweenEasing":0,"x":0.61},{"duration":9,"x":-0.36,"y":0.52}]},{"name":"sp1","translateFrame":[{"duration":8},{"duration":17,"tweenEasing":0,"x":97.37,"y":-29.37},{"duration":13,"x":175.55,"y":36.87}],"rotateFrame":[{"duration":8},{"duration":17,"tweenEasing":0,"rotate":-79.65},{"duration":13,"rotate":-76.05}],"scaleFrame":[{"duration":8},{"duration":6,"tweenEasing":0,"x":0.85,"y":0.85},{"duration":6,"tweenEasing":0,"x":-0.53},{"duration":5,"tweenEasing":0,"x":0.85,"y":0.85},{"duration":13,"x":-0.35,"y":0.3}]},{"name":"sp11","translateFrame":[{"duration":7},{"duration":16,"tweenEasing":0,"x":35.57,"y":-156.25},{"duration":15,"x":55.21,"y":-212.15}],"rotateFrame":[{"duration":7},{"duration":31,"rotate":25.57}],"scaleFrame":[{"duration":7},{"duration":5,"tweenEasing":0,"x":0.93,"y":0.93},{"duration":5,"tweenEasing":0,"x":-0.73,"y":0.93},{"duration":6,"tweenEasing":0,"x":0.93,"y":0.93},{"duration":15,"x":-0.25,"y":0.32}]},{"name":"sp","translateFrame":[{"duration":6},{"duration":17,"tweenEasing":0,"x":-16.86,"y":-95.73},{"duration":3,"tweenEasing":0,"x":-86.28,"y":-38.1},{"duration":12,"tweenEasing":0,"x":40.4,"y":-4.14},{"duration":0,"x":57.72,"y":41.49}],"rotateFrame":[{"duration":6},{"duration":17,"tweenEasing":0,"rotate":52.81},{"duration":3,"tweenEasing":0,"rotate":50.98},{"duration":12,"tweenEasing":0,"rotate":-25.36},{"duration":0,"rotate":-28.74}],"scaleFrame":[{"duration":6},{"duration":5,"tweenEasing":0},{"duration":6,"tweenEasing":0,"x":-0.99},{"duration":6,"tweenEasing":0},{"duration":3,"tweenEasing":0,"x":-0.36,"y":0.52},{"duration":5,"tweenEasing":0,"x":0.27,"y":0.49},{"duration":7,"tweenEasing":0,"x":-0.42,"y":0.73},{"duration":0,"x":0.56,"y":0.73}]},{"name":"sp111","translateFrame":[{"duration":14},{"duration":16,"tweenEasing":0,"x":122.34,"y":23.43},{"duration":8,"x":147.61,"y":66.9}],"rotateFrame":[{"duration":14},{"duration":24,"rotate":11.55}],"scaleFrame":[{"duration":14},{"duration":5,"tweenEasing":0,"x":0.7,"y":0.93},{"duration":5,"tweenEasing":0,"x":-0.58,"y":0.93},{"duration":6,"tweenEasing":0,"x":0.58,"y":0.93},{"duration":8,"x":-0.25,"y":0.32}]},{"name":"sp21","translateFrame":[{"duration":6},{"duration":19,"tweenEasing":0,"x":-6.81,"y":53.74},{"duration":13,"x":19.53,"y":146.64}],"rotateFrame":[{"duration":6},{"duration":19,"tweenEasing":0,"rotate":-27.19},{"duration":13,"rotate":-29.02}],"scaleFrame":[{"duration":6},{"duration":6,"tweenEasing":0},{"duration":7,"tweenEasing":0,"x":-0.99},{"duration":6,"tweenEasing":0},{"duration":13,"x":-0.36,"y":0.52}]},{"name":"sp211","translateFrame":[{"duration":9},{"duration":17,"tweenEasing":0,"x":-122.28,"y":-292.39},{"duration":12,"x":-148.73,"y":-226.82}],"rotateFrame":[{"duration":9},{"duration":17,"tweenEasing":0,"rotate":15.34},{"duration":12,"rotate":8.17}],"scaleFrame":[{"duration":9},{"duration":6,"tweenEasing":0,"x":0.81},{"duration":6,"tweenEasing":0,"x":-0.59},{"duration":5,"tweenEasing":0,"x":0.88},{"duration":12,"x":-0.23,"y":0.27}]}],"slot":[{"name":"light1","colorFrame":[{"duration":4},{"duration":5,"tweenEasing":0},{"duration":29,"value":{"aM":0}}]},{"name":"light051","displayFrame":[{"duration":38}],"colorFrame":[{"duration":2,"tweenEasing":0},{"duration":15,"tweenEasing":0},{"duration":21,"value":{"aM":0}}]},{"name":"caidai1","displayFrame":[{"duration":4,"value":-1},{"duration":26},{"duration":8,"value":-1}],"colorFrame":[{"duration":4},{"duration":34,"value":{"rM":61,"gM":99,"bM":11}}]},{"name":"caidai11","displayFrame":[{"value":-1},{"duration":18},{"duration":19,"value":-1}],"colorFrame":[{},{"duration":37,"value":{"rM":11,"gM":86,"bM":99}}]},{"name":"caidai111","displayFrame":[{"value":-1},{"duration":18},{"duration":19,"value":-1}],"colorFrame":[{},{"duration":37,"value":{"rM":12,"gM":86}}]},{"name":"caidai1111","displayFrame":[{"duration":4,"value":-1},{"duration":16},{"duration":18,"value":-1}],"colorFrame":[{"duration":4},{"duration":34,"value":{"rM":61,"gM":99,"bM":11}}]},{"name":"caidai11111","displayFrame":[{"value":-1},{"duration":8},{"duration":29,"value":-1}],"colorFrame":[{},{"duration":37,"value":{"gM":94,"bM":0}}]},{"name":"caidai111111","displayFrame":[{"duration":7,"value":-1},{"duration":12},{"duration":19,"value":-1}],"colorFrame":[{"duration":7},{"duration":31,"value":{"rM":60,"gM":99,"bM":11}}]},{"name":"caidai111112","displayFrame":[{"duration":3,"value":-1},{"duration":18},{"duration":17,"value":-1}],"colorFrame":[{"duration":3},{"duration":35,"value":{"rM":61,"gM":99,"bM":11}}]},{"name":"star1","displayFrame":[{"duration":13,"value":-1},{"duration":24},{"value":-1}]},{"name":"star2","displayFrame":[{"duration":11,"value":-1},{"duration":17},{"duration":10,"value":-1}]},{"name":"light04","displayFrame":[{"value":-1},{"duration":16},{"duration":21,"value":-1}],"colorFrame":[{"duration":10},{"duration":7,"tweenEasing":0},{"duration":21,"value":{"aM":0}}]},{"name":"sp","displayFrame":[{"duration":6,"value":-1},{"duration":17},{"duration":3,"value":-1},{"duration":12},{"duration":0,"value":-1}],"colorFrame":[{"duration":6},{"duration":17,"tweenEasing":0,"value":{"rM":47,"gM":90}},{"duration":3,"tweenEasing":0,"value":{"rM":47,"gM":90}},{"duration":3,"tweenEasing":0,"value":{"aM":0,"rM":47,"gM":90}},{"duration":9,"value":{"rM":47,"gM":90}}]},{"name":"sp1","displayFrame":[{"duration":8,"value":-1},{"duration":17},{"duration":13,"value":-1}],"colorFrame":[{"duration":8},{"duration":30,"value":{"rM":47,"gM":90,"bM":99}}]},{"name":"sp11","displayFrame":[{"duration":7,"value":-1},{"duration":16},{"duration":15,"value":-1}],"colorFrame":[{"duration":7},{"duration":31,"value":{"gM":93,"bM":0}}]},{"name":"sp2","displayFrame":[{"duration":12,"value":-1},{"duration":17},{"duration":9,"value":-1}],"colorFrame":[{"duration":12},{"duration":26,"value":{"bM":21}}]},{"name":"sp21","displayFrame":[{"duration":6,"value":-1},{"duration":19},{"duration":13,"value":-1}],"colorFrame":[{"duration":6},{"duration":32,"value":{"rM":47,"gM":90}}]},{"name":"sp211","displayFrame":[{"duration":9,"value":-1},{"duration":17},{"duration":12,"value":-1}],"colorFrame":[{"duration":9},{"duration":29,"value":{"bM":16}}]},{"name":"sp111","displayFrame":[{"duration":14,"value":-1},{"duration":16},{"duration":8,"value":-1}],"colorFrame":[{"duration":14},{"duration":24,"value":{"bM":17}}]},{"name":"star11","displayFrame":[{"duration":13,"value":-1},{"duration":25},{"duration":0,"value":-1}]},{"name":"star111","displayFrame":[{"duration":11,"value":-1},{"duration":24},{"duration":3,"value":-1}]}]}],"defaultActions":[{"gotoAndPlay":"upgrade"}],"canvas":{"width":640,"height":1136}}]}