{
  "android-instant": {
    "REMOTE_SERVER_ROOT": "",
    "host": "",
    "pathPattern": "",
    "recordPath": "",
    "scheme": "https",
    "skipRecord": false
  },
  "encryptJs": true,
  "excludeScenes": [],
  "fb-instant-games": {},
  "includeSDKBox": false,
  "inlineSpriteFrames": true,
  "inlineSpriteFrames_native": true,
  "md5Cache": false,
  "mergeStartScene": false,
  "optimizeHotUpdate": false,
  "orientation": {
    "landscapeLeft": true,
    "landscapeRight": true,
    "portrait": false,
    "upsideDown": false
  },
  "packageName": "org.cocos2d.lbxGame",
  "qqplay": {
    "REMOTE_SERVER_ROOT": "",
    "orientation": "portrait",
    "zip": false
  },
  "startScene": "c8967c94-2e53-4d13-8619-d3d6a045d5b7",
  "title": "lbxGame",
  "webOrientation": "portrait",
  "wechatgame": {
    "REMOTE_SERVER_ROOT": "",
    "appid": "wxce80b1b40bc9b288",
    "orientation": "portrait",
    "subContext": ""
  },
  "xxteaKey": "c8dd6f6c-f84a-4e",
  "zipCompressJs": true
}