[
  {
    "__type__": "cc.Prefab",
    "_name": "tip",
    "_objFlags": 0,
    "_rawFiles": null,
    "data": {
      "__id__": 1
    },
    "optimizationPolicy": 0,
    "asyncLoadAssets": false
  },
  {
    "__type__": "cc.Node",
    "_name": "tip",
    "_objFlags": 0,
    "_opacity": 255,
    "_color": {
      "__type__": "cc.Color",
      "r": 211,
      "g": 175,
      "b": 50,
      "a": 255
    },
    "_cascadeOpacityEnabled": true,
    "_parent": null,
    "_anchorPoint": {
      "__type__": "cc.Vec2",
      "x": 0.5,
      "y": 0.5
    },
    "_contentSize": {
      "__type__": "cc.Size",
      "width": 16.67,
      "height": 22.22
    },
    "_children": [],
    "_rotationX": 0,
    "_rotationY": 0,
    "_scaleX": 1,
    "_scaleY": 1,
    "_position": {
      "__type__": "cc.Vec2",
      "x": 320,
      "y": 480
    },
    "_skewX": 0,
    "_skewY": 0,
    "_localZOrder": 0,
    "_globalZOrder": 0,
    "_tag": -1,
    "_opacityModifyRGB": false,
    "_reorderChildDirty": false,
    "_id": "",
    "_active": true,
    "_components": [
      {
        "__id__": 2
      },
      {
        "__id__": 3
      }
    ],
    "_prefab": {
      "__id__": 4
    },
    "groupIndex": 0
  },
  {
    "__type__": "cc.Label",
    "_name": "",
    "_objFlags": 0,
    "node": {
      "__id__": 1
    },
    "_enabled": true,
    "_useOriginalSize": false,
    "_fontSize": 20,
    "_lineHeight": 40,
    "_enableWrapText": true,
    "_N$file": {
      "__uuid__": "a4756760-f98b-4e09-b3c5-12002cc39028"
    },
    "_isSystemFontUsed": false,
    "_N$string": "0",
    "_N$horizontalAlign": 1,
    "_N$verticalAlign": 1,
    "_N$overflow": 0
  },
  {
    "__type__": "2da59+FgkRFGqzGIbcv57tI",
    "_name": "",
    "_objFlags": 0,
    "node": {
      "__id__": 1
    },
    "_enabled": true
  },
  {
    "__type__": "cc.PrefabInfo",
    "root": {
      "__id__": 1
    },
    "asset": {
      "__uuid__": "c394b75e-a079-49aa-8fde-616758790d9a"
    },
    "fileId": "55e61UFQF1MAKpji5yETbll"
  }
]