{
  "android-instant": {
    "REMOTE_SERVER_ROOT": "",
    "host": "",
    "packageName": "org.cocos2d.sinkdungeon",
    "pathPattern": "",
    "recordPath": "",
    "scheme": "https",
    "skipRecord": false
  },
  "appBundle": false,
  "baidugame": {
    "REMOTE_SERVER_ROOT": "",
    "appid": "testappid",
    "orientation": "portrait",
    "subContext": ""
  },
  "encryptJs": true,
  "excludeScenes": [],
  "fb-instant-games": {},
  "includeSDKBox": false,
  "inlineSpriteFrames": true,
  "inlineSpriteFrames_native": true,
  "md5Cache": true,
  "mergeStartScene": false,
  "optimizeHotUpdate": false,
  "orientation": {
    "landscapeLeft": true,
    "landscapeRight": true,
    "portrait": false,
    "upsideDown": false
  },
  "packageName": "org.cocos2d.sinkdungeon",
  "qqplay": {
    "REMOTE_SERVER_ROOT": "",
    "orientation": "portrait"
  },
  "startScene": "2d2f792f-a40c-49bb-a189-ed176a246e49",
  "title": "SinkDungeon",
  "webOrientation": "landscape",
  "wechatgame": {
    "REMOTE_SERVER_ROOT": "",
    "appid": "wx48c583ff7f015fb6",
    "isSubdomain": false,
    "orientation": "landscape",
    "subContext": "wx-open-data-project"
  },
  "xxteaKey": "2d1fdad3-d4ec-43",
  "zipCompressJs": true,
  "android": {
    "packageName": "org.cocos2d.sinkdungeon"
  },
  "ios": {
    "packageName": "org.cocos2d.sinkdungeon"
  },
  "mac": {
    "packageName": "org.cocos2d.sinkdungeon"
  },
  "win32": {}
}
