{
  "f8e6b000-5643-4b86-9080-aa680ce1f599": {
    "asset": 1530695668000,
    "meta": 1530695668000,
    "relativePath": "image"
  },
  "71561142-4c83-4933-afca-cb7a17f67053": {
    "asset": 1530695668000,
    "meta": 1575267462000,
    "relativePath": "image/default_btn_disabled.png"
  },
  "e851e89b-faa2-4484-bea6-5c01dd9f06e2": {
    "asset": 1530695668000,
    "meta": 1575267462000,
    "relativePath": "image/default_btn_normal.png"
  },
  "b43ff3c2-02bb-4874-81f7-f2dea6970f18": {
    "asset": 1530695668000,
    "meta": 1575267462000,
    "relativePath": "image/default_btn_pressed.png"
  },
  "d81ec8ad-247c-4e62-aa3c-d35c4193c7af": {
    "asset": 1530695668000,
    "meta": 1575267462000,
    "relativePath": "image/default_panel.png"
  },
  "99170b0b-d210-46f1-b213-7d9e3f23098a": {
    "asset": 1530695668000,
    "meta": 1575267462000,
    "relativePath": "image/default_progressbar_bg.png"
  },
  "cfef78f1-c8df-49b7-8ed0-4c953ace2621": {
    "asset": 1530695668000,
    "meta": 1575267462000,
    "relativePath": "image/default_progressbar.png"
  },
  "567dcd80-8bf4-4535-8a5a-313f1caf078a": {
    "asset": 1530695668000,
    "meta": 1575267462000,
    "relativePath": "image/default_radio_button_off.png"
  },
  "9d60001f-b5f4-4726-a629-2659e3ded0b8": {
    "asset": 1530695668000,
    "meta": 1575267462000,
    "relativePath": "image/default_radio_button_on.png"
  },
  "4bab67cb-18e6-4099-b840-355f0473f890": {
    "asset": 1530695668000,
    "meta": 1575267462000,
    "relativePath": "image/default_scrollbar_bg.png"
  },
  "617323dd-11f4-4dd3-8eec-0caf6b3b45b9": {
    "asset": 1530695668000,
    "meta": 1575267462000,
    "relativePath": "image/default_scrollbar_vertical_bg.png"
  },
  "d6d3ca85-4681-47c1-b5dd-d036a9d39ea2": {
    "asset": 1530695668000,
    "meta": 1575267462000,
    "relativePath": "image/default_scrollbar_vertical.png"
  },
  "0275e94c-56a7-410f-bd1a-fc7483f7d14a": {
    "asset": 1530695668000,
    "meta": 1575267462000,
    "relativePath": "image/default_sprite_splash.png"
  },
  "0291c134-b3da-4098-b7b5-e397edbe947f": {
    "asset": 1530695668000,
    "meta": 1575267462000,
    "relativePath": "image/default_scrollbar.png"
  },
  "6e056173-d285-473c-b206-40a7fff5386e": {
    "asset": 1530695668000,
    "meta": 1575267462000,
    "relativePath": "image/default_sprite.png"
  },
  "73a0903d-d80e-4e3c-aa67-f999543c08f5": {
    "asset": 1530695668000,
    "meta": 1575267462000,
    "relativePath": "image/default_toggle_checkmark.png"
  },
  "c25b9d50-c8fc-4d27-beeb-6e7c1f2e5c0f": {
    "asset": 1530695668000,
    "meta": 1575267462000,
    "relativePath": "image/default_toggle_disabled.png"
  },
  "d29077ba-1627-4a72-9579-7b56a235340c": {
    "asset": 1530695668000,
    "meta": 1575267462000,
    "relativePath": "image/default_toggle_normal.png"
  },
  "fc09f9bd-2cce-4605-b630-8145ef809ed6": {
    "asset": 1530695668000,
    "meta": 1530695668000,
    "relativePath": "misc"
  },
  "2be36297-9abb-4fee-8049-9ed5e271da8a": {
    "asset": 1530695668000,
    "meta": 1530695668000,
    "relativePath": "misc/default_video.mp4"
  },
  "f6e6dd15-71d1-4ffe-ace7-24fd39942c05": {
    "asset": 1530695668000,
    "meta": 1530695668000,
    "relativePath": "obsolete"
  },
  "b8223619-7e38-47c4-841f-9160c232495a": {
    "asset": 1530695668000,
    "meta": 1530695668000,
    "relativePath": "obsolete/atom.plist"
  },
  "f743d2b6-b7ea-4c14-a55b-547ed4d0a045": {
    "asset": 1530695668000,
    "meta": 1530695668000,
    "relativePath": "particle"
  },
  "b2687ac4-099e-403c-a192-ff477686f4f5": {
    "asset": 1530695668000,
    "meta": 1530695668000,
    "relativePath": "particle/atom.plist"
  },
  "ae6c6c98-11e4-452f-8758-75f5c6a56e83": {
    "asset": 1530695668000,
    "meta": 1530695668000,
    "relativePath": "prefab"
  },
  "b181c1e4-0a72-4a91-bfb0-ae6f36ca60bd": {
    "asset": 1530695668000,
    "meta": 1575267462000,
    "relativePath": "image/default_toggle_pressed.png"
  },
  "972b9a4d-47ee-4c74-b5c3-61d8a69bc29f": {
    "asset": 1530695668000,
    "meta": 1575267462000,
    "relativePath": "prefab/button.prefab"
  },
  "2c937608-2562-40ea-b264-7395df6f0cea": {
    "asset": 1530695668000,
    "meta": 1575267462000,
    "relativePath": "prefab/canvas.prefab"
  },
  "61aeb05b-3b32-452b-8eed-2b76deeed554": {
    "asset": 1530695668000,
    "meta": 1575267462000,
    "relativePath": "prefab/editbox.prefab"
  },
  "27756ebb-3d33-44b0-9b96-e858fadd4dd4": {
    "asset": 1530695668000,
    "meta": 1575267462000,
    "relativePath": "prefab/label.prefab"
  },
  "785a442c-3ceb-45be-a46e-7317f625f3b9": {
    "asset": 1530695668000,
    "meta": 1575267462000,
    "relativePath": "prefab/layout.prefab"
  },
  "ca8401fe-ad6e-41a8-bd46-8e3e4e9945be": {
    "asset": 1530695668000,
    "meta": 1575267462000,
    "relativePath": "prefab/pageview.prefab"
  },
  "cd33edea-55f5-46c2-958d-357a01384a36": {
    "asset": 1530695668000,
    "meta": 1575267462000,
    "relativePath": "prefab/particlesystem.prefab"
  },
  "5965ffac-69da-4b55-bcde-9225d0613c28": {
    "asset": 1530695668000,
    "meta": 1575267462000,
    "relativePath": "prefab/progressBar.prefab"
  },
  "4a37dd57-78cd-4cec-aad4-f11a73d12b63": {
    "asset": 1530695668000,
    "meta": 1575267462000,
    "relativePath": "prefab/richtext.prefab"
  },
  "32044bd2-481f-4cf1-a656-e2b2fb1594eb": {
    "asset": 1530695668000,
    "meta": 1575267462000,
    "relativePath": "prefab/scrollview.prefab"
  },
  "0004d1cf-a0ad-47d8-ab17-34d3db9d35a3": {
    "asset": 1530695668000,
    "meta": 1575267462000,
    "relativePath": "prefab/slider.prefab"
  },
  "1f55e3be-b89b-4b79-88de-47fd31018044": {
    "asset": 1530695668000,
    "meta": 1575267462000,
    "relativePath": "prefab/sprite_splash.prefab"
  },
  "96083d03-c332-4a3f-9386-d03e2d19e8ee": {
    "asset": 1530695668000,
    "meta": 1575267462000,
    "relativePath": "prefab/sprite.prefab"
  },
  "7de03a80-4457-438d-95a7-3e7cdffd6086": {
    "asset": 1530695668000,
    "meta": 1575267462000,
    "relativePath": "prefab/tiledmap.prefab"
  },
  "0d784963-d024-4ea6-a7db-03be0ad63010": {
    "asset": 1530695668000,
    "meta": 1575267462000,
    "relativePath": "prefab/toggle.prefab"
  },
  "bf0a434c-84dd-4a8e-a08a-7a36f180cc75": {
    "asset": 1530695668000,
    "meta": 1575267462000,
    "relativePath": "prefab/toggleContainer.prefab"
  },
  "d1b8be49-b0a0-435c-83b7-552bed4bbe35": {
    "asset": 1530695668000,
    "meta": 1575267462000,
    "relativePath": "prefab/toggleGroup.prefab"
  },
  "232d2782-c4bd-4bb4-9e01-909f03d6d3b9": {
    "asset": 1530695668000,
    "meta": 1575267462000,
    "relativePath": "prefab/videoplayer.prefab"
  },
  "8c5001fd-07ee-4a4b-a8a0-63e15195e94d": {
    "asset": 1530695668000,
    "meta": 1575267462000,
    "relativePath": "prefab/webview.prefab"
  },
  "28e36ea7-d046-4253-b063-3c596f1db650": {
    "asset": 1515090810000,
    "meta": 1515090810000,
    "relativePath": "audio"
  },
  "50b0cc5c-8951-4245-b74f-81335c79ae3a": {
    "asset": 1515090810000,
    "meta": 1515090810000,
    "relativePath": "audio/ballin.mp3"
  },
  "e1994c28-52cf-4896-87cc-52f9149b6d69": {
    "asset": 1515090810000,
    "meta": 1515090810000,
    "relativePath": "audio/fly.mp3"
  },
  "b269023a-f612-4937-8df8-acdf35faa5d0": {
    "asset": 1515090810000,
    "meta": 1515090810000,
    "relativePath": "audio/hitboard.mp3"
  },
  "ba477178-7499-4290-816f-d687e652b319": {
    "asset": 1515090810000,
    "meta": 1515090810000,
    "relativePath": "audio/hitboardin.mp3"
  },
  "252290b4-26d6-4a9f-a2df-26f681b031d4": {
    "asset": 1515090810000,
    "meta": 1515090810000,
    "relativePath": "audio/score.mp3"
  },
  "aedfec9d-0b28-4874-af38-59e4da1a397c": {
    "asset": 1515090810000,
    "meta": 1515090810000,
    "relativePath": "font"
  },
  "efeaba4f-2504-4697-8d07-9e3af2446556": {
    "asset": 1515090810000,
    "meta": 1575267462000,
    "relativePath": "font/mikado_outline_shadow.fnt"
  },
  "bbb8e11b-4e63-45cb-bee5-9f41d96a1271": {
    "asset": 1515090810000,
    "meta": 1575267462000,
    "relativePath": "Game.fire"
  },
  "61988428-f3ec-42d6-990d-7e805b8b9cac": {
    "asset": 1515090810000,
    "meta": 1515090810000,
    "relativePath": "prefab"
  },
  "1a0c6b8f-0e87-458b-b3b5-1883407bd152": {
    "asset": 1515090810000,
    "meta": 1575267462000,
    "relativePath": "prefab/ball.prefab"
  },
  "6c06dcfd-5838-43be-a8e2-b1d5dee08572": {
    "asset": 1515090810000,
    "meta": 1575267462000,
    "relativePath": "prefab/line.prefab"
  },
  "1bbb19a9-7123-4517-a59b-3f05fb71799d": {
    "asset": 1515090810000,
    "meta": 1575267462000,
    "relativePath": "prefab/shadow.prefab"
  },
  "3cff102f-249a-4540-b6c0-28c4bf2a8626": {
    "asset": 1515090810000,
    "meta": 1515090810000,
    "relativePath": "res"
  },
  "36019977-3b67-426c-b1c8-a68b3058a1c1": {
    "asset": 1515090810000,
    "meta": 1575267462000,
    "relativePath": "font/mikado_outline_shadow.png"
  },
  "6c8dc04e-15f1-4c9e-9129-68adda918385": {
    "asset": 1515090810000,
    "meta": 1575267462000,
    "relativePath": "res/basket_bg.png"
  },
  "1194854a-127d-4ba8-a8c2-bec726f58cc1": {
    "asset": 1515090810000,
    "meta": 1575267462000,
    "relativePath": "res/basketball.png"
  },
  "1ba38ecb-b23e-4674-9fe2-cdc134c5ba81": {
    "asset": 1515090810000,
    "meta": 1575267462000,
    "relativePath": "res/line.png"
  },
  "3980df36-92b7-47f8-9d1d-2b1149034a0f": {
    "asset": 1515090810000,
    "meta": 1575267462000,
    "relativePath": "res/net.png"
  },
  "04d77f54-161a-4e8c-92cb-83b8d3fc738c": {
    "asset": 1515090810000,
    "meta": 1575267462000,
    "relativePath": "res/game_bg.png"
  },
  "68596970-9f22-488c-96a5-cedb8e5285fd": {
    "asset": 1515090810000,
    "meta": 1575267462000,
    "relativePath": "res/shadow.png"
  },
  "73ecbdd3-28b9-4098-bdb9-73a5add90e83": {
    "asset": 1515090810000,
    "meta": 1575267462000,
    "relativePath": "res/score_bg.png"
  },
  "163c3cf5-1033-450f-bbe6-80403f273c90": {
    "asset": 1515090810000,
    "meta": 1575267462000,
    "relativePath": "res/shadow2.png"
  },
  "88791b56-d07f-4871-be59-471592a79609": {
    "asset": 1515090810000,
    "meta": 1575267462000,
    "relativePath": "res/star.png"
  },
  "93ce77a0-bc61-43d8-9824-35428af144c2": {
    "asset": 1515090810000,
    "meta": 1515090810000,
    "relativePath": "script"
  },
  "a757c0c7-f41f-4544-8e79-76ba5c320a88": {
    "asset": 1515090810000,
    "meta": 1575267462000,
    "relativePath": "res/time.png"
  },
  "05d61f79-77df-41d3-acf3-d08222e9cb2f": {
    "asset": 1515090810000,
    "meta": 1575267462000,
    "relativePath": "script/Ball.js"
  },
  "ac9fd172-a78f-4654-a1d4-824f7f155962": {
    "asset": 1515090810000,
    "meta": 1575267462000,
    "relativePath": "script/Basket.js"
  },
  "7c4c6470-8b8b-480b-850c-06060be36df5": {
    "asset": 1515090810000,
    "meta": 1575267462000,
    "relativePath": "script/CollisionBox.js"
  },
  "7b0661f7-e8ac-4256-bd12-3436646bdd7f": {
    "asset": 1515090810000,
    "meta": 1575267462000,
    "relativePath": "script/GameManager.js"
  },
  "00dcbcb9-15c6-4887-93f5-d303dc7d51ad": {
    "asset": 1515090810000,
    "meta": 1575267462000,
    "relativePath": "script/Line.js"
  },
  "0dbadf27-b8c0-4af0-be18-5a56b9d118d3": {
    "asset": 1515090810000,
    "meta": 1575267462000,
    "relativePath": "script/Score.js"
  },
  "403b5186-46de-4b61-834d-f3b2ea96733b": {
    "asset": 1515090810000,
    "meta": 1575267462000,
    "relativePath": "script/Shadow.js"
  },
  "3495e071-fa2d-4f96-b38a-71b4daa940fa": {
    "asset": 1515090810000,
    "meta": 1575267462000,
    "relativePath": "script/SoundManager.js"
  },
  "f81cd637-8653-40cd-afc9-c0bb6c5a4d8e": {
    "asset": 1515090810000,
    "meta": 1575267462000,
    "relativePath": "script/TimeManager.js"
  }
}