{
  "item-states": [
    {
      "folded": false,
      "id": "mount-assets"
    },
    {
      "folded": false,
      "id": "3d79db46-4e40-46f7-8725-66e7c355613d"
    },
    {
      "folded": false,
      "id": "87f42256-da0e-4dac-b5fa-71b561201c37"
    },
    {
      "folded": false,
      "id": "6c50cc80-5eae-428c-8094-d962aefc9f4a"
    },
    {
      "folded": true,
      "id": "0d0180d9-e0d1-4691-9d78-1979f971a0c3"
    },
    {
      "folded": false,
      "id": "3ea369d0-0ecd-4151-89b9-94dcb4fd1544"
    },
    {
      "folded": false,
      "id": "e49a76b2-9c27-494c-b7e1-d9ac20e24b24"
    },
    {
      "folded": false,
      "id": "2a8e0d71-f46f-4489-a06e-87f65ed4d654"
    },
    {
      "folded": false,
      "id": "1bd42cc5-25a0-4500-9f92-b5cd1762e3f2"
    },
    {
      "folded": false,
      "id": "1fd99520-f8fc-487e-9e92-15ded0e13d56"
    },
    {
      "folded": false,
      "id": "602b6e0a-aee4-460c-bb24-867b21131a75"
    },
    {
      "folded": false,
      "id": "e36e580c-6d22-4358-b82b-a69eda0ffd9a"
    },
    {
      "folded": true,
      "id": "3c9f824c-633f-40b8-bf09-3d3eaf0a0189"
    },
    {
      "folded": true,
      "id": "c2b02cc2-b296-43f1-a550-d40fd3f8ce67"
    },
    {
      "folded": false,
      "id": "8aa7b037-3cb3-4275-bbf9-8be24c333fab"
    },
    {
      "folded": true,
      "id": "5abd5e23-7c2b-47e3-9106-fcbab8193128"
    },
    {
      "folded": true,
      "id": "e024f2c2-a92e-4b5a-8364-d40037f89fe3"
    },
    {
      "folded": true,
      "id": "941b11e3-43bd-4eda-bc46-a38826da033d"
    },
    {
      "folded": true,
      "id": "99a54240-9356-489c-a594-3f789e8ed543"
    },
    {
      "folded": true,
      "id": "0236df8b-779a-4772-9aa9-829d052aff11"
    },
    {
      "folded": true,
      "id": "6c8f892e-f3c3-47f4-8103-72625200149f"
    },
    {
      "folded": true,
      "id": "c1ff3948-5cf6-4ccd-94dc-910d8f42acc2"
    },
    {
      "folded": true,
      "id": "ba3d3ffd-eac9-4164-be40-e9c6982b0cdb"
    },
    {
      "folded": true,
      "id": "b8126681-85c5-473c-b85f-0f1648d1ebb4"
    },
    {
      "folded": true,
      "id": "a583b58a-6a66-4743-abfb-c665e07ab5fb"
    },
    {
      "folded": true,
      "id": "338df0ae-db6e-4955-84ee-115fc733149c"
    },
    {
      "folded": true,
      "id": "584318e2-b44c-42a9-9d57-434ecd01527c"
    },
    {
      "folded": true,
      "id": "cc987d9d-4d0c-47e4-8a50-3e3102e4e198"
    },
    {
      "folded": true,
      "id": "39606d0e-2a7a-40b1-b727-0ca6e5491c36"
    },
    {
      "folded": true,
      "id": "8c57a3d9-fbd9-486b-9233-a898f9c0a5cd"
    },
    {
      "folded": true,
      "id": "1d0fd3a6-438f-4f0d-8ab3-021958daf9de"
    },
    {
      "folded": true,
      "id": "7e870d6b-6b70-4d78-a101-05d2269c7a56"
    },
    {
      "folded": true,
      "id": "6b7bf5b9-31f4-45cd-ae8d-f149be03ce2c"
    },
    {
      "folded": true,
      "id": "a8d2424f-d78b-4614-b095-2c5c91027a44"
    },
    {
      "folded": true,
      "id": "ddbcf305-a1ab-4cc8-9749-6119828c5aea"
    },
    {
      "folded": true,
      "id": "58fb5dc7-ae72-4d2e-a134-1397592b0ca7"
    },
    {
      "folded": true,
      "id": "9884b41a-6fb6-47a9-9c97-925f94e83482"
    },
    {
      "folded": true,
      "id": "03a30767-2deb-4869-b254-4bdcbfb76a7e"
    },
    {
      "folded": true,
      "id": "7e61e3de-4dd3-405d-b44b-589c3d5538a4"
    },
    {
      "folded": true,
      "id": "f2d07fbe-4ed3-470a-85b2-a76cda1b88dc"
    },
    {
      "folded": true,
      "id": "c55b0422-3c83-49be-ba2d-695acf2f1ba3"
    },
    {
      "folded": true,
      "id": "ec1ce6e2-9311-43a2-9802-5b53ae2e71f9"
    },
    {
      "folded": true,
      "id": "31740ef3-106d-4231-becb-e84c246ae08e"
    },
    {
      "folded": true,
      "id": "3133be43-fc52-4c4e-90ac-163e50fc7747"
    },
    {
      "folded": true,
      "id": "97addb58-1b29-43cb-a32c-b680eadc0701"
    },
    {
      "folded": true,
      "id": "806ced97-70bc-4d07-bd1d-66829dfca322"
    },
    {
      "folded": true,
      "id": "440fe87a-1e3e-439c-843f-43bff22a112e"
    }
  ]
}