{
  "version": "1.1.1",
  "windows": {
    "main": {
      "main": true,
      "url": "app://editor/index.html",
      "windowType": "dockable",
      "x": -75,
      "y": 23,
      "width": 1860,
      "height": 1096,
      "layout": {
        "children": [
          {
            "children": [
              {
                "active": 0,
                "children": [
                  "hierarchy"
                ],
                "height": 434,
                "type": "panel",
                "width": 400
              },
              {
                "active": 0,
                "children": [
                  "assets"
                ],
                "height": 531,
                "type": "panel",
                "width": 400
              }
            ],
            "height": 968,
            "type": "dock-v",
            "width": 400
          },
          {
            "children": [
              {
                "children": [
                  {
                    "active": 0,
                    "children": [
                      "scene"
                    ],
                    "height": 645,
                    "type": "panel",
                    "width": 786.984375
                  },
                  {
                    "active": 0,
                    "children": [
                      "node-library"
                    ],
                    "height": 645,
                    "type": "panel",
                    "width": 338
                  }
                ],
                "height": 645,
                "type": "dock-h",
                "width": 1127.984375
              },
              {
                "active": 0,
                "children": [
                  "console",
                  "timeline"
                ],
                "height": 320,
                "type": "panel",
                "width": 1127.984375
              }
            ],
            "height": 968,
            "type": "dock-v",
            "width": 1127.984375
          },
          {
            "active": 0,
            "children": [
              "inspector"
            ],
            "height": 968,
            "type": "panel",
            "width": 304
          }
        ],
        "type": "dock-h"
      },
      "panels": [
        "node-library",
        "console",
        "timeline",
        "inspector",
        "hierarchy",
        "assets",
        "scene"
      ]
    }
  },
  "panels": {
    "project-settings": {
      "x": 310,
      "y": 80,
      "width": 600,
      "height": 566
    },
    "builder": {
      "x": 175,
      "y": 177,
      "width": 558,
      "height": 776
    },
    "clean": {
      "x": 662,
      "y": 361,
      "width": 516,
      "height": 338
    }
  }
}