{"skeleton":{"hash":"WkRDj026IZd5EBXzRkVHQs69NUE","spine":"3.6.37","width":0,"height":0,"images":""},"bones":[{"name":"root"},{"name":"bone","parent":"root"}],"slots":[{"name":"sucai/huochairen/01","bone":"bone"},{"name":"sucai/huochairen/02","bone":"bone"},{"name":"sucai/huochairen/03","bone":"bone"},{"name":"sucai/huochairen/04","bone":"bone"},{"name":"sucai/huochairen/05","bone":"bone"},{"name":"sucai/huochairen/06","bone":"bone"},{"name":"sucai/huochairen/07","bone":"bone"},{"name":"sucai/huochairen/08","bone":"bone"},{"name":"sucai/huochairen/09","bone":"bone"},{"name":"sucai/huochairen/10","bone":"bone"},{"name":"sucai/huochairen/11","bone":"bone"},{"name":"sucai/huochairen/12","bone":"bone"},{"name":"sucai/huochairen/13","bone":"bone"},{"name":"sucai/huochairen/14","bone":"bone"},{"name":"sucai/huochairen/15","bone":"bone"},{"name":"sucai/huochairen/16","bone":"bone"},{"name":"sucai/huochairen/17","bone":"bone"},{"name":"sucai/huochairen/18","bone":"bone"},{"name":"sucai/huochairen/19","bone":"bone"},{"name":"sucai/huochairen/20","bone":"bone"}],"skins":{"default":{"sucai/huochairen/01":{"sucai/huochairen/01":{"width":150,"height":150}},"sucai/huochairen/02":{"sucai/huochairen/02":{"width":150,"height":150}},"sucai/huochairen/03":{"sucai/huochairen/03":{"width":150,"height":150}},"sucai/huochairen/04":{"sucai/huochairen/04":{"width":150,"height":150}},"sucai/huochairen/05":{"sucai/huochairen/05":{"width":150,"height":150}},"sucai/huochairen/06":{"sucai/huochairen/06":{"width":150,"height":150}},"sucai/huochairen/07":{"sucai/huochairen/07":{"width":150,"height":150}},"sucai/huochairen/08":{"sucai/huochairen/08":{"width":150,"height":150}},"sucai/huochairen/09":{"sucai/huochairen/09":{"width":150,"height":150}},"sucai/huochairen/10":{"sucai/huochairen/10":{"width":150,"height":150}},"sucai/huochairen/11":{"sucai/huochairen/11":{"width":150,"height":150}},"sucai/huochairen/12":{"sucai/huochairen/12":{"width":150,"height":150}},"sucai/huochairen/13":{"sucai/huochairen/13":{"width":150,"height":150}},"sucai/huochairen/14":{"sucai/huochairen/14":{"width":150,"height":150}},"sucai/huochairen/15":{"sucai/huochairen/15":{"width":150,"height":150}},"sucai/huochairen/16":{"sucai/huochairen/16":{"width":150,"height":150}},"sucai/huochairen/17":{"sucai/huochairen/17":{"x":0.22,"width":150,"height":150}},"sucai/huochairen/18":{"sucai/huochairen/18":{"width":150,"height":150}},"sucai/huochairen/19":{"sucai/huochairen/19":{"width":150,"height":150}},"sucai/huochairen/20":{"sucai/huochairen/20":{"width":150,"height":150}}}},"animations":{"dongzuo_01":{"slots":{"sucai/huochairen/03":{"color":[{"time":0,"color":"ffffffff","curve":"stepped"},{"time":0.0667,"color":"ffffffff","curve":"stepped"},{"time":0.1,"color":"ffffff00"}],"attachment":[{"time":0,"name":"sucai/huochairen/03"}]},"sucai/huochairen/04":{"color":[{"time":0,"color":"ffffff00","curve":"stepped"},{"time":0.0667,"color":"ffffff00","curve":"stepped"},{"time":0.1,"color":"ffffffff","curve":"stepped"},{"time":0.1667,"color":"ffffffff","curve":"stepped"},{"time":0.2,"color":"ffffff00"}],"attachment":[{"time":0,"name":"sucai/huochairen/04"}]},"sucai/huochairen/05":{"color":[{"time":0,"color":"ffffff00","curve":"stepped"},{"time":0.1667,"color":"ffffff00","curve":"stepped"},{"time":0.2,"color":"ffffffff","curve":"stepped"},{"time":0.2667,"color":"ffffffff","curve":"stepped"},{"time":0.3,"color":"ffffff00"}],"attachment":[{"time":0,"name":"sucai/huochairen/05"}]},"sucai/huochairen/06":{"color":[{"time":0,"color":"ffffff00","curve":"stepped"},{"time":0.2667,"color":"ffffff00","curve":"stepped"},{"time":0.3,"color":"ffffffff","curve":"stepped"},{"time":0.3667,"color":"ffffffff","curve":"stepped"},{"time":0.4,"color":"ffffff00"}],"attachment":[{"time":0,"name":"sucai/huochairen/06"}]},"sucai/huochairen/07":{"color":[{"time":0,"color":"ffffff00","curve":"stepped"},{"time":0.3667,"color":"ffffff00","curve":"stepped"},{"time":0.4,"color":"ffffffff","curve":"stepped"},{"time":0.4667,"color":"ffffffff"}],"attachment":[{"time":0,"name":"sucai/huochairen/07"}]}}},"dongzuo_02":{"slots":{"sucai/huochairen/01":{"attachment":[{"time":0,"name":"sucai/huochairen/01"}]}}},"dongzuo_03":{"slots":{"sucai/huochairen/08":{"attachment":[{"time":0,"name":"sucai/huochairen/08"}]}}},"dongzuo_04":{"slots":{"sucai/huochairen/09":{"attachment":[{"time":0,"name":"sucai/huochairen/09"}]}}},"dongzuo_05":{"slots":{"sucai/huochairen/10":{"attachment":[{"time":0,"name":"sucai/huochairen/10"}]}}},"dongzuo_06":{"slots":{"sucai/huochairen/11":{"attachment":[{"time":0,"name":"sucai/huochairen/11"}]}}},"dongzuo_07":{"slots":{"sucai/huochairen/12":{"attachment":[{"time":0,"name":"sucai/huochairen/12"}]}}},"dongzuo_08":{"slots":{"sucai/huochairen/13":{"attachment":[{"time":0,"name":"sucai/huochairen/13"}]}}},"dongzuo_09":{"slots":{"sucai/huochairen/14":{"attachment":[{"time":0,"name":"sucai/huochairen/14"}]}}},"dongzuo_10":{"slots":{"sucai/huochairen/15":{"attachment":[{"time":0,"name":"sucai/huochairen/15"}]}}},"dongzuo_11":{"slots":{"sucai/huochairen/16":{"attachment":[{"time":0,"name":"sucai/huochairen/16"}]}}},"dongzuo_12":{"slots":{"sucai/huochairen/17":{"color":[{"time":0,"color":"ffffffff","curve":"stepped"},{"time":0.1333,"color":"ffffffff","curve":"stepped"},{"time":0.1667,"color":"ffffff00"}],"attachment":[{"time":0,"name":"sucai/huochairen/17"}]},"sucai/huochairen/18":{"color":[{"time":0,"color":"ffffff00","curve":"stepped"},{"time":0.1333,"color":"ffffff00","curve":"stepped"},{"time":0.1667,"color":"ffffffff","curve":"stepped"},{"time":0.3,"color":"ffffffff"}],"attachment":[{"time":0,"name":"sucai/huochairen/18"}]}}},"dongzuo_13":{"slots":{"sucai/huochairen/19":{"attachment":[{"time":0,"name":"sucai/huochairen/19"}]}}},"dongzuo_14":{"slots":{"sucai/huochairen/20":{"attachment":[{"time":0,"name":"sucai/huochairen/20"}]}}}}}