{
  "__type__": "cc.AnimationClip",
  "_name": "betCoin",
  "_objFlags": 0,
  "_native": "",
  "_duration": 0.6833333333333333,
  "sample": 60,
  "speed": 2,
  "wrapMode": 1,
  "curveData": {
    "paths": {
      "CoinEffect/effect": {
        "comps": {
          "cc.Sprite": {
            "spriteFrame": [
              {
                "frame": 0,
                "value": {
                  "__uuid__": "50676070-2aad-456d-a223-db47c8e24f4e"
                }
              },
              {
                "frame": 0.16666666666666666,
                "value": {
                  "__uuid__": "29a6fac7-812a-47dc-9a94-3cef74aef171"
                }
              },
              {
                "frame": 0.3333333333333333,
                "value": {
                  "__uuid__": "49e3dd9a-0c93-4bd7-b28c-55dfa2dc630f"
                }
              },
              {
                "frame": 0.5,
                "value": {
                  "__uuid__": "7cd31d78-b3c3-42ba-ae6c-523cf309a3de"
                }
              },
              {
                "frame": 0.6666666666666666,
                "value": {
                  "__uuid__": "d0759f32-2556-4d3d-bcbc-c35fd2524591"
                }
              }
            ]
          }
        }
      }
    }
  },
  "events": [
    {
      "frame": 0.6666666666666666,
      "func": "EndCoinEffect",
      "params": []
    }
  ]
}