{"width":488,"SubTexture":[{"width":77,"y":175,"height":78,"name":"bg_1","x":196},{"width":76,"y":86,"height":78,"name":"bg_5","x":203},{"width":39,"y":203,"height":37,"name":"hua_g","x":406},{"width":39,"y":121,"height":37,"name":"hua_w","x":406},{"width":76,"y":1,"height":77,"name":"bg_3","x":275},{"width":82,"y":1,"height":83,"name":"bg_4","x":190},{"width":40,"y":204,"height":40,"name":"dian_w","x":1},{"width":40,"y":208,"height":40,"name":"dian_g","x":281},{"width":40,"y":204,"height":40,"name":"long_w","x":43},{"width":39,"y":205,"height":40,"name":"jing_w","x":365},{"width":40,"y":164,"height":39,"name":"loong_r","x":317},{"width":39,"y":121,"height":37,"name":"sheng_w","x":447},{"width":39,"y":122,"height":39,"name":"huo_w","x":323},{"width":39,"y":121,"height":39,"name":"hu_w","x":364},{"width":40,"y":208,"height":40,"name":"zhi_g","x":323},{"width":40,"y":166,"height":40,"name":"zhi_w","x":275},{"width":40,"y":164,"height":39,"name":"bi_g","x":359},{"width":40,"y":80,"height":39,"name":"bi_w","x":401},{"width":114,"y":127,"height":75,"name":"correct","x":1},{"width":84,"y":89,"height":84,"name":"wrong","x":117},{"width":86,"y":1,"height":86,"name":"edge","x":102},{"width":77,"y":175,"height":78,"name":"bg_2","x":117},{"width":40,"y":122,"height":40,"name":"long_g","x":281},{"width":38,"y":162,"height":39,"name":"jing_r","x":401},{"width":39,"y":80,"height":40,"name":"jing_g","x":323},{"width":37,"y":160,"height":38,"name":"jing_b","x":441},{"width":40,"y":80,"height":40,"name":"pot","x":281},{"frameWidth":99,"y":1,"frameHeight":125,"width":99,"frameX":0,"height":124,"name":"hand","frameY":0,"x":1}],"height":255,"name":"teaching","imagePath":"teaching_tex.png"}