{"frameRate":24,"name":"teaching","version":"5.5","compatibleVersion":"5.5","armature":[{"type":"Armature","frameRate":24,"name":"root","aabb":{"x":-174.03,"y":63.8,"width":349.82,"height":333.14},"bone":[{"name":"root","transform":{"y":344.1708}},{"name":"word_bg","parent":"root","transform":{"x":-136.027,"y":-241.3689}},{"name":"word_bg11","parent":"root","transform":{"x":47.3323,"y":-241.3689}},{"name":"word_bg111","parent":"root","transform":{"x":137.7956,"y":-241.3689}},{"name":"word_bg2","parent":"root","transform":{"x":-44.3154,"y":-67.442}},{"name":"word_bg21","parent":"root","transform":{"x":47.2034,"y":-67.442}},{"length":79,"name":"hand","parent":"root","transform":{"x":-18.922,"y":42.1019,"skX":-91.4375,"skY":-91.4375}},{"name":"word_bg1","parent":"root","transform":{"x":-43.3273,"y":-241.3689}},{"length":16,"name":"pot","parent":"root","transform":{"x":214.9,"y":-137.65}},{"name":"bg_11","parent":"root","transform":{"x":-252.0323,"y":-185.0276}},{"name":"bg_111","parent":"root","transform":{"x":-252.0323,"y":-69.9407}},{"name":"word_bg112","parent":"root","transform":{"x":136.6866,"y":-325.3549}},{"name":"word_bg1121","parent":"root","transform":{"x":140.2359,"y":-154.8541}},{"name":"word_bg11211","parent":"root","transform":{"x":137.4408,"y":-65.3667}},{"length":45,"name":"correct","parent":"root","transform":{"x":290.2,"skX":-88.9239,"skY":-88.9239}},{"name":"edge","parent":"root","transform":{"x":229.5683,"y":-241.5086}},{"name":"bg_1","parent":"root","transform":{"x":-250.5682,"y":-327.888}}],"slot":[{"name":"word_bg","parent":"word_bg"},{"name":"hua","parent":"word_bg"},{"displayIndex":-1,"name":"word_bg1","parent":"word_bg1"},{"name":"word_bg11","parent":"word_bg11"},{"name":"word_bg111","parent":"word_bg111"},{"name":"dian_g","parent":"word_bg11"},{"displayIndex":-1,"name":"long_g","parent":"word_bg1"},{"displayIndex":-1,"name":"bg_1","parent":"bg_1"},{"displayIndex":-1,"name":"jing_g","parent":"word_bg111"},{"displayIndex":-1,"name":"sheng_w","parent":"bg_1"},{"displayIndex":-1,"name":"word_bg112","parent":"word_bg112"},{"displayIndex":-1,"name":"word_bg1121","parent":"word_bg1121"},{"displayIndex":-1,"name":"word_bg11211","parent":"word_bg11211"},{"displayIndex":-1,"name":"bg_11","parent":"bg_11"},{"displayIndex":-1,"name":"bg_111","parent":"bg_111"},{"displayIndex":-1,"name":"huo_w","parent":"bg_11"},{"displayIndex":-1,"name":"hu_w","parent":"bg_111"},{"displayIndex":-1,"name":"dian_g1","parent":"word_bg112"},{"displayIndex":-1,"name":"zhi_g","parent":"word_bg1121"},{"displayIndex":-1,"name":"bi_g","parent":"word_bg11211"},{"displayIndex":-1,"name":"correct","parent":"correct"},{"displayIndex":-1,"name":"edge","parent":"edge"},{"name":"bg_2","parent":"word_bg2"},{"name":"long_b","parent":"word_bg2"},{"name":"bg_21","parent":"word_bg21"},{"displayIndex":1,"name":"jing_b","parent":"word_bg21"},{"displayIndex":-1,"name":"pot","parent":"pot"},{"name":"hand","parent":"hand"}],"skin":[{"slot":[{"name":"bg_11","display":[{"name":"bg_1"}]},{"name":"dian_g","display":[{"name":"dian_g"},{"name":"dian_w"}]},{"name":"hua","display":[{"name":"hua_g"},{"name":"hua_w"}]},{"name":"correct","display":[{"name":"correct","transform":{"x":23.75,"y":12.81,"skX":88.92,"skY":88.92}},{"name":"wrong","transform":{"skX":88.92,"skY":88.92}}]},{"name":"word_bg1121","display":[{"name":"bg_5"},{"name":"bg_1"}]},{"name":"word_bg111","display":[{"name":"bg_3"},{"name":"bg_4"}]},{"name":"hu_w","display":[{"name":"hu_w"}]},{"name":"bi_g","display":[{"name":"bi_g"},{"name":"bi_w"}]},{"name":"long_g","display":[{"name":"long_w"}]},{"name":"edge","display":[{"name":"edge"}]},{"name":"word_bg1","display":[{"name":"bg_3"},{"name":"bg_1"}]},{"name":"huo_w","display":[{"name":"huo_w"}]},{"name":"word_bg11211","display":[{"name":"bg_5"},{"name":"bg_1"}]},{"name":"bg_1","display":[{"name":"bg_1"}]},{"name":"jing_b","display":[{"name":"jing_b"},{"name":"jing_g"},{"name":"jing_w"},{"name":"jing_r"}]},{"name":"zhi_g","display":[{"name":"zhi_g"},{"name":"zhi_w"}]},{"name":"sheng_w","display":[{"name":"sheng_w"}]},{"name":"word_bg112","display":[{"name":"bg_5"},{"name":"bg_1"}]},{"name":"pot","display":[{"name":"pot"}]},{"name":"word_bg11","display":[{"name":"bg_5"},{"name":"bg_1"}]},{"name":"bg_111","display":[{"name":"bg_1"}]},{"name":"jing_g","display":[{"name":"jing_w"},{"name":"loong_r"}]},{"name":"long_b","display":[{"name":"long_g"},{"name":"long_w"},{"name":"loong_r"}]},{"name":"bg_2","display":[{"name":"bg_2"},{"name":"bg_1"}]},{"name":"dian_g1","display":[{"name":"dian_g"},{"name":"dian_w"}]},{"name":"word_bg","display":[{"name":"bg_5"},{"name":"bg_1"}]},{"name":"hand","display":[{"name":"hand","transform":{"x":51.99,"y":-5.61,"skX":91.44,"skY":91.44}}]},{"name":"bg_21","display":[{"name":"bg_2"},{"name":"bg_1"}]}]}],"animation":[{"duration":81,"playTimes":0,"name":"page_2","bone":[{"name":"hand","translateFrame":[{"duration":6,"tweenEasing":0,"x":15.8,"y":-180.09},{"duration":6,"tweenEasing":0,"x":116.06,"y":-195.08},{"duration":5,"curve":[0.5439024390243903,0.20284697508896796,1,1],"x":211.32,"y":-202.86},{"duration":21,"tweenEasing":0,"x":196.41,"y":-184.29},{"duration":3,"tweenEasing":0,"x":196.41,"y":-184.29},{"duration":10,"tweenEasing":0,"x":203.59,"y":-194.33},{"duration":5,"tweenEasing":0,"x":38.58,"y":-201.53},{"duration":25,"x":15.8,"y":-180.09}],"rotateFrame":[{"duration":12,"tweenEasing":0,"rotate":-7.39},{"duration":5,"tweenEasing":0,"rotate":-3.5},{"duration":4,"tweenEasing":0,"rotate":-12.27},{"duration":17,"tweenEasing":0,"rotate":-11.41},{"duration":11,"tweenEasing":0,"rotate":-11.41},{"duration":7,"tweenEasing":0,"rotate":-8.53},{"duration":4,"tweenEasing":0,"rotate":-9.25},{"duration":21,"rotate":-7.39}]},{"name":"pot","translateFrame":[{"duration":17,"tweenEasing":0},{"duration":11,"curve":[0,0,0.5,1],"x":-76.31,"y":-105.12},{"duration":30,"tweenEasing":0,"x":-76.31,"y":-105.12},{"duration":23,"x":-257.88,"y":-105.12}],"scaleFrame":[{"duration":17,"tweenEasing":0},{"duration":11,"curve":[0,0,0.5,1],"x":1.2,"y":1.2},{"duration":30,"tweenEasing":0,"x":2.7,"y":2.7},{"duration":11,"curve":[0,0,0.5,1],"x":1.2,"y":1.2},{"duration":12,"x":2.7,"y":2.7}]},{"name":"edge","translateFrame":[{"duration":19,"x":-272.84},{"duration":5,"tweenEasing":0,"x":-143.88},{"duration":5,"tweenEasing":0,"x":-86},{"duration":29,"x":-91.52},{"duration":6,"tweenEasing":0,"x":-202.44},{"duration":5,"tweenEasing":0,"x":-276.19},{"duration":12,"x":-272.82}]}],"slot":[{"name":"word_bg1","displayFrame":[{"duration":81}]},{"name":"bg_2","displayFrame":[{"duration":81,"value":-1}]},{"name":"long_b","displayFrame":[{"duration":81,"value":-1}]},{"name":"bg_21","displayFrame":[{"duration":81,"value":-1}]},{"name":"jing_b","displayFrame":[{"duration":81,"value":-1}]},{"name":"pot","displayFrame":[{"duration":17,"value":-1},{"duration":11},{"duration":30,"value":-1},{"duration":11},{"duration":12,"value":-1}],"colorFrame":[{"duration":19},{"duration":9,"curve":[0,0,0.5,1]},{"duration":32,"tweenEasing":0,"value":{"aM":0}},{"duration":9,"curve":[0,0,0.5,1]},{"duration":12,"value":{"aM":0}}]},{"name":"edge","displayFrame":[{"duration":81}]}]},{"duration":220,"playTimes":0,"name":"page_3","bone":[{"name":"word_bg","translateFrame":[{"duration":189,"tweenEasing":0},{"duration":2,"tweenEasing":0},{"duration":2,"tweenEasing":0,"x":-7.63},{"duration":2,"tweenEasing":0,"x":4.58},{"duration":2,"tweenEasing":0,"x":-3.81},{"duration":23}],"scaleFrame":[{"duration":66,"tweenEasing":0},{"duration":6,"tweenEasing":0},{"duration":5,"tweenEasing":0,"x":1.3,"y":1.3},{"duration":36,"tweenEasing":0},{"duration":4,"tweenEasing":0},{"duration":4,"tweenEasing":0,"x":0.02},{"duration":99}]},{"name":"word_bg11","translateFrame":[{"duration":189,"tweenEasing":0},{"duration":2,"tweenEasing":0},{"duration":2,"tweenEasing":0,"x":-7.63},{"duration":2,"tweenEasing":0,"x":4.58},{"duration":2,"tweenEasing":0,"x":-3.81},{"duration":23}],"scaleFrame":[{"duration":74,"tweenEasing":0},{"duration":5,"tweenEasing":0},{"duration":4,"tweenEasing":0,"x":1.3,"y":1.3},{"duration":30,"tweenEasing":0},{"duration":4,"tweenEasing":0},{"duration":4,"tweenEasing":0,"x":0.02},{"duration":99}]},{"name":"word_bg111","scaleFrame":[{"duration":112,"tweenEasing":0},{"duration":4,"tweenEasing":0},{"duration":5,"tweenEasing":0,"x":0.02},{"duration":99}]},{"name":"word_bg2","translateFrame":[{"duration":15,"tweenEasing":0},{"duration":9,"curve":[0.5292682926829269,0.22419928825622776,1,1]},{"duration":58,"x":1.1,"y":-173.33},{"duration":32,"x":1.1,"y":-173.33},{"duration":62,"tweenEasing":0},{"duration":10,"curve":[0.5,0,1,1]},{"duration":3,"x":181.9,"y":-173.33},{"duration":2,"tweenEasing":0,"x":181.9,"y":-173.33},{"duration":2,"tweenEasing":0,"x":174.27,"y":-173.33},{"duration":2,"tweenEasing":0,"x":186.48,"y":-173.33},{"duration":2,"tweenEasing":0,"x":178.08,"y":-173.33},{"duration":23,"x":181.9,"y":-173.33}],"scaleFrame":[{"duration":71,"tweenEasing":0},{"duration":6,"tweenEasing":0},{"duration":5,"tweenEasing":0,"x":1.3,"y":1.3},{"duration":32},{"duration":5,"tweenEasing":0,"x":0.5,"y":0.5},{"duration":5,"tweenEasing":0,"x":1.05,"y":1.05},{"duration":96}]},{"name":"word_bg21","translateFrame":[{"duration":54,"tweenEasing":0},{"duration":9,"curve":[0.5634146341463414,0.3362989323843416,1,1]},{"duration":28,"x":90.28,"y":-174.22},{"duration":24,"x":90.28,"y":-174.22},{"duration":24,"tweenEasing":0},{"duration":9,"curve":[0.6073170731707317,0.3362989323843416,1,1]},{"duration":41,"x":-90.42,"y":-174.22},{"duration":2,"tweenEasing":0,"x":-90.42,"y":-174.22},{"duration":2,"tweenEasing":0,"x":-98.05,"y":-174.22},{"duration":2,"tweenEasing":0,"x":-85.84,"y":-174.22},{"duration":2,"tweenEasing":0,"x":-94.23,"y":-174.22},{"duration":23,"x":-90.42,"y":-174.22}],"scaleFrame":[{"duration":80,"tweenEasing":0},{"duration":6,"tweenEasing":0},{"duration":5,"tweenEasing":0,"x":1.3,"y":1.3},{"duration":24},{"duration":5,"tweenEasing":0,"x":0.5,"y":0.5},{"duration":5,"tweenEasing":0,"x":1.05,"y":1.05},{"duration":95}]},{"name":"hand","translateFrame":[{"duration":8,"tweenEasing":0,"x":87.18,"y":78.84},{"duration":5,"curve":[0.5731707317073171,0.2669039145907473,1,1],"x":52.81,"y":2.24},{"duration":24,"tweenEasing":0,"x":40.28,"y":12.1},{"duration":8,"tweenEasing":0,"x":40.28,"y":12.1},{"duration":7,"tweenEasing":0,"x":142.45,"y":-9.74},{"duration":25,"tweenEasing":0,"x":129.54,"y":10.34},{"duration":44,"x":129.54,"y":10.34},{"duration":11,"tweenEasing":0,"x":72.88,"y":76.86},{"duration":5,"tweenEasing":0,"x":140.61,"y":-7.95},{"duration":22,"tweenEasing":0,"x":127.7,"y":12.14},{"duration":8,"tweenEasing":0,"x":127.7,"y":12.14},{"duration":6,"curve":[0.5,0,1,1],"x":49.85,"y":-2.57},{"duration":47,"x":37.32,"y":7.29}],"rotateFrame":[{"duration":8,"curve":[0,0,0.5292682926829269,0.8879003558718861],"rotate":-7.39},{"duration":5,"curve":[0.5,0,1,1],"rotate":-1.98},{"duration":3,"tweenEasing":0,"rotate":-13.8},{"duration":21,"tweenEasing":0,"rotate":-12.4},{"duration":8,"tweenEasing":0,"rotate":-12.4},{"duration":7,"curve":[0.5,0,1,1],"rotate":-1.98},{"duration":3,"tweenEasing":0,"rotate":-13.8},{"duration":22,"tweenEasing":0,"rotate":-12.4},{"duration":44,"rotate":-12.4},{"duration":11,"curve":[0,0,0.4853658536585366,1.0213523131672597],"rotate":-7.39},{"duration":5,"curve":[0.5,0,1,1],"rotate":1.28},{"duration":3,"tweenEasing":0,"rotate":-13.8},{"duration":19,"tweenEasing":0,"rotate":-12.4},{"duration":8,"tweenEasing":0,"rotate":-12.4},{"duration":6,"curve":[0.5195121951219512,0.15480427046263345,1,1],"rotate":-1.8},{"duration":3,"tweenEasing":0,"rotate":-13.8},{"duration":44,"rotate":-12.4}]},{"name":"word_bg1","translateFrame":[{"duration":188,"tweenEasing":0},{"duration":2,"tweenEasing":0},{"duration":2,"tweenEasing":0,"x":-7.82},{"duration":2,"tweenEasing":0,"x":3.91},{"duration":2,"tweenEasing":0,"x":-3.13},{"duration":24}],"scaleFrame":[{"duration":113,"tweenEasing":0},{"duration":4,"tweenEasing":0},{"duration":4,"tweenEasing":0,"x":0.02},{"duration":99}]},{"name":"pot","translateFrame":[{"duration":13,"tweenEasing":0,"x":25.64,"y":24.96},{"duration":11,"curve":[0,0,0.5,1],"x":-234.35,"y":93.16},{"duration":28,"tweenEasing":0,"x":-234.35,"y":93.16},{"duration":98,"curve":[0,0,0.5,1],"x":-144.01,"y":91.75},{"duration":23,"x":-144.01,"y":91.75},{"duration":47,"x":-234.35,"y":93.16}],"scaleFrame":[{"duration":13,"tweenEasing":0},{"duration":11,"curve":[0,0,0.5,1],"x":1.2,"y":1.2},{"duration":28,"tweenEasing":0,"x":2.7,"y":2.7},{"duration":11,"curve":[0,0,0.5,1],"x":1.2,"y":1.2},{"duration":2,"tweenEasing":0,"x":2.7,"y":2.7},{"duration":72,"x":2.7,"y":2.7},{"duration":11,"curve":[0,0,0.5,1],"x":1.2,"y":1.2},{"duration":2,"tweenEasing":0,"x":2.7,"y":2.7},{"duration":23,"x":2.7,"y":2.7},{"duration":11,"curve":[0,0,0.5,1],"x":1.2,"y":1.2},{"duration":36,"x":2.7,"y":2.7}]},{"name":"correct","translateFrame":[{"duration":86},{"duration":32,"curve":[0,0,0.5,1],"x":-114.27,"y":-21.52},{"duration":75,"x":-114.27,"y":-21.52},{"duration":6,"curve":[0,0,0.5,1],"x":-93.56,"y":-72.54},{"duration":21,"x":-93.31,"y":-44.15}],"scaleFrame":[{"duration":86},{"duration":6,"curve":[0,0,0.5,1],"x":0.4,"y":0.4},{"duration":5,"curve":[0.5487804878048781,0.08540925266903915,1,1],"x":1.05,"y":1.05},{"duration":16,"tweenEasing":0,"x":0.9,"y":0.9},{"duration":5,"tweenEasing":0,"x":0.9,"y":0.9},{"duration":75,"x":0.41,"y":0.41},{"duration":6,"curve":[0,0,0.5,1],"x":1.59,"y":1.59},{"duration":5,"tweenEasing":0,"x":0.8,"y":0.8},{"duration":16}]},{"name":"edge","translateFrame":[{"duration":26,"x":-272.84},{"duration":5,"tweenEasing":0,"x":-139.37},{"duration":7,"tweenEasing":0,"x":-86},{"duration":79,"x":-91.52},{"duration":4,"tweenEasing":0,"x":-272.84},{"duration":29,"x":-272.84},{"duration":5,"tweenEasing":0,"x":-139.37},{"duration":5,"tweenEasing":0,"x":-86},{"duration":60,"x":-91.52}],"scaleFrame":[{"duration":38},{"duration":79},{"duration":4,"tweenEasing":0,"x":0.02},{"duration":99}]}],"slot":[{"name":"word_bg","displayFrame":[{"duration":66},{"duration":47,"value":1},{"duration":107}]},{"name":"hua","displayFrame":[{"duration":66},{"duration":47,"value":1},{"duration":107}]},{"name":"word_bg1","displayFrame":[{"duration":34},{"duration":79,"value":-1},{"duration":4,"value":1},{"duration":71},{"duration":32,"value":-1}]},{"name":"word_bg11","displayFrame":[{"duration":74},{"duration":43,"value":1},{"duration":103}]},{"name":"word_bg111","displayFrame":[{"duration":64},{"duration":52,"value":-1},{"duration":70},{"duration":34,"value":-1}]},{"name":"dian_g","displayFrame":[{"duration":74},{"duration":43,"value":1},{"duration":103}]},{"name":"bg_2","displayFrame":[{"duration":71},{"duration":43,"value":1},{"duration":106}]},{"name":"long_b","displayFrame":[{"duration":71},{"duration":43,"value":1},{"duration":74},{"duration":32,"value":2}]},{"name":"bg_21","displayFrame":[{"duration":80},{"duration":35,"value":1},{"duration":105}]},{"name":"jing_b","displayFrame":[{"duration":80,"value":1},{"duration":35,"value":2},{"duration":73,"value":1},{"duration":32,"value":3}]},{"name":"hand","colorFrame":[{"duration":60},{"duration":6,"curve":[0,0,0.5,1]},{"duration":55,"value":{"aM":0}},{"duration":11,"tweenEasing":0,"value":{"aM":0}},{"duration":49},{"duration":6,"tweenEasing":0},{"duration":33,"value":{"aM":0}}]},{"name":"long_g","displayFrame":[{"duration":113,"value":-1},{"duration":75},{"duration":32,"value":-1}]},{"name":"pot","displayFrame":[{"duration":13,"value":-1},{"duration":11},{"duration":28,"value":-1},{"duration":11},{"duration":74,"value":-1},{"duration":11},{"duration":25,"value":-1},{"duration":11},{"duration":36,"value":-1}],"colorFrame":[{"duration":15},{"duration":9,"curve":[0,0,0.5,1]},{"duration":30,"tweenEasing":0,"value":{"aM":0}},{"duration":9,"curve":[0,0,0.5,1]},{"duration":2,"tweenEasing":0,"value":{"aM":0}},{"duration":74,"value":{"aM":0}},{"duration":9,"curve":[0,0,0.5,1]},{"duration":2,"tweenEasing":0,"value":{"aM":0}},{"duration":25,"value":{"aM":0}},{"duration":9,"curve":[0,0,0.5,1]},{"duration":36,"value":{"aM":0}}]},{"name":"jing_g","displayFrame":[{"duration":112,"value":-1},{"duration":4},{"duration":70,"value":-1},{"duration":34,"value":1}]},{"name":"correct","displayFrame":[{"duration":86,"value":-1},{"duration":107},{"duration":27,"value":1}],"colorFrame":[{"duration":113},{"duration":5,"tweenEasing":0},{"duration":75,"value":{"aM":0}},{"duration":6,"tweenEasing":0,"value":{"aM":0}},{"duration":21}]},{"name":"edge","displayFrame":[{"duration":65},{"duration":52,"value":-1},{"duration":70},{"duration":33,"value":-1}]}]},{"duration":80,"playTimes":0,"name":"page_4","bone":[{"name":"word_bg","translateFrame":[{"duration":80,"x":14.2,"y":26.93}],"scaleFrame":[{"duration":48,"tweenEasing":0,"x":0.9,"y":0.9},{"duration":6,"tweenEasing":0,"x":0.9,"y":0.9},{"duration":5,"tweenEasing":0,"x":1.2,"y":1.2},{"duration":21,"x":0.9,"y":0.9}]},{"name":"word_bg11","translateFrame":[{"duration":80,"x":-8.7,"y":26.93}],"scaleFrame":[{"duration":33,"tweenEasing":0,"x":0.9,"y":0.9},{"duration":6,"tweenEasing":0,"x":0.9,"y":0.9},{"duration":5,"tweenEasing":0,"x":1.2,"y":1.2},{"duration":36,"x":0.9,"y":0.9}]},{"name":"word_bg111","translateFrame":[{"duration":80,"x":-16.61,"y":26.93}],"scaleFrame":[{"duration":80,"x":0.9,"y":0.9}]},{"name":"word_bg2","translateFrame":[{"duration":80,"x":-161.85,"y":126.68}]},{"name":"word_bg21","translateFrame":[{"duration":12,"tweenEasing":0,"x":-47.2,"y":119.33},{"duration":12,"curve":[0.5,0,1,1],"x":-47.2,"y":119.33},{"duration":56,"x":74.19,"y":-147.55}],"scaleFrame":[{"duration":12,"tweenEasing":0,"x":0.9,"y":0.9},{"duration":6,"tweenEasing":0,"x":0.9,"y":0.9},{"duration":6,"tweenEasing":0},{"duration":5,"tweenEasing":0},{"duration":6,"tweenEasing":0,"x":0.9,"y":0.9},{"duration":5,"tweenEasing":0,"x":1.2,"y":1.2},{"duration":40,"x":0.9,"y":0.9}]},{"name":"hand","translateFrame":[{"duration":6,"tweenEasing":0,"x":136.07,"y":154.8},{"duration":5,"tweenEasing":0,"x":93.36,"y":101.32},{"duration":69,"x":81.73,"y":121.86}],"rotateFrame":[{"duration":6,"tweenEasing":0},{"duration":5,"curve":[0.5,0,1,1],"rotate":1.28},{"duration":3,"tweenEasing":0,"rotate":-13.8},{"duration":66,"rotate":-12.4}]},{"name":"word_bg1","translateFrame":[{"duration":80,"x":0.12,"y":26.93}],"scaleFrame":[{"duration":37,"tweenEasing":0,"x":0.9,"y":0.9},{"duration":6,"tweenEasing":0,"x":0.9,"y":0.9},{"duration":5,"tweenEasing":0,"x":1.2,"y":1.2},{"duration":32,"x":0.9,"y":0.9}]},{"name":"pot","translateFrame":[{"duration":11,"tweenEasing":0,"x":21.72,"y":12.06},{"duration":69,"x":-193.59,"y":201.25}],"scaleFrame":[{"duration":11,"tweenEasing":0},{"duration":13,"curve":[0,0,0.5,1],"x":1.2,"y":1.2},{"duration":56,"x":2.7,"y":2.7}]},{"name":"bg_11","translateFrame":[{"duration":80,"x":208.82,"y":48.61}],"scaleFrame":[{"duration":41,"tweenEasing":0,"x":0.9,"y":0.9},{"duration":6,"tweenEasing":0,"x":0.9,"y":0.9},{"duration":5,"tweenEasing":0,"x":1.2,"y":1.2},{"duration":28,"x":0.9,"y":0.9}]},{"name":"bg_111","translateFrame":[{"duration":80,"x":208.82,"y":11.83}],"scaleFrame":[{"duration":45,"tweenEasing":0,"x":0.9,"y":0.9},{"duration":6,"tweenEasing":0,"x":0.9,"y":0.9},{"duration":5,"tweenEasing":0,"x":1.2,"y":1.2},{"duration":24,"x":0.9,"y":0.9}]},{"name":"word_bg112","translateFrame":[{"duration":80,"x":-15.51,"y":33.22}],"scaleFrame":[{"duration":33,"tweenEasing":0,"x":0.9,"y":0.9},{"duration":6,"tweenEasing":0,"x":0.9,"y":0.9},{"duration":5,"tweenEasing":0,"x":1.2,"y":1.2},{"duration":36,"x":0.9,"y":0.9}]},{"name":"word_bg1121","translateFrame":[{"duration":80,"x":-19.06,"y":18.43}],"scaleFrame":[{"duration":33,"tweenEasing":0,"x":0.9,"y":0.9},{"duration":6,"tweenEasing":0,"x":0.9,"y":0.9},{"duration":5,"tweenEasing":0,"x":1.2,"y":1.2},{"duration":36,"x":0.9,"y":0.9}]},{"name":"word_bg11211","translateFrame":[{"duration":80,"x":-16.26,"y":7.91}],"scaleFrame":[{"duration":37,"tweenEasing":0,"x":0.9,"y":0.9},{"duration":6,"tweenEasing":0,"x":0.9,"y":0.9},{"duration":5,"tweenEasing":0,"x":1.2,"y":1.2},{"duration":32,"x":0.9,"y":0.9}]},{"name":"correct","translateFrame":[{"duration":80,"x":-119,"y":65.28}],"scaleFrame":[{"duration":55,"tweenEasing":0,"x":0.9,"y":0.9},{"duration":6,"curve":[0,0,0.5,1],"x":0.4,"y":0.4},{"duration":5,"curve":[0.5487804878048781,0.08540925266903915,1,1],"x":1.05,"y":1.05},{"duration":14,"x":0.9,"y":0.9}]},{"name":"edge","translateFrame":[{"duration":80,"x":-108.72,"y":26.88}],"scaleFrame":[{"duration":80,"x":0.9,"y":0.9}]},{"name":"bg_1","translateFrame":[{"duration":80,"x":207.36,"y":35.59}],"scaleFrame":[{"duration":41,"tweenEasing":0,"x":0.9,"y":0.9},{"duration":6,"tweenEasing":0,"x":0.9,"y":0.9},{"duration":5,"tweenEasing":0,"x":1.2,"y":1.2},{"duration":28,"x":0.9,"y":0.9}]}],"slot":[{"name":"word_bg","displayFrame":[{"duration":48},{"duration":32,"value":1}]},{"name":"hua","displayFrame":[{"duration":48},{"duration":32,"value":1}]},{"name":"word_bg1","displayFrame":[{"duration":80,"value":1}]},{"name":"word_bg11","displayFrame":[{"duration":33},{"duration":47,"value":1}]},{"name":"dian_g","displayFrame":[{"duration":33},{"duration":47,"value":1}]},{"name":"bg_2","displayFrame":[{"duration":80,"value":-1}]},{"name":"long_b","displayFrame":[{"duration":80,"value":-1}]},{"name":"bg_21","displayFrame":[{"duration":24},{"duration":56,"value":1}]},{"name":"jing_b","displayFrame":[{"duration":24,"value":1},{"duration":56,"value":2}]},{"name":"hand","colorFrame":[{"duration":19,"tweenEasing":0},{"duration":7,"tweenEasing":0},{"duration":54,"value":{"aM":0}}]},{"name":"long_g","displayFrame":[{"duration":80}]},{"name":"pot","displayFrame":[{"duration":11,"value":-1},{"duration":13},{"duration":56,"value":-1}],"colorFrame":[{"duration":13},{"duration":11,"curve":[0,0,0.5,1]},{"duration":56,"value":{"aM":0}}]},{"name":"bg_11","displayFrame":[{"duration":80}]},{"name":"huo_w","displayFrame":[{"duration":80}]},{"name":"bg_111","displayFrame":[{"duration":80}]},{"name":"hu_w","displayFrame":[{"duration":80}]},{"name":"word_bg112","displayFrame":[{"duration":33},{"duration":47,"value":1}]},{"name":"word_bg1121","displayFrame":[{"duration":33},{"duration":47,"value":1}]},{"name":"dian_g1","displayFrame":[{"duration":33},{"duration":47,"value":1}]},{"name":"zhi_g","displayFrame":[{"duration":33},{"duration":47,"value":1}]},{"name":"word_bg11211","displayFrame":[{"duration":37},{"duration":43,"value":1}]},{"name":"bi_g","displayFrame":[{"duration":37},{"duration":43,"value":1}]},{"name":"correct","displayFrame":[{"duration":55,"value":-1},{"duration":25}]},{"name":"edge","displayFrame":[{"duration":24},{"duration":56,"value":-1}]},{"name":"sheng_w","displayFrame":[{"duration":80}]},{"name":"bg_1","displayFrame":[{"duration":80}]}]},{"duration":80,"playTimes":0,"name":"page_1","bone":[{"name":"word_bg2","translateFrame":[{"duration":13,"tweenEasing":0},{"duration":9,"curve":[0.5,0,1,1]},{"duration":32,"x":1.1,"y":-173.33},{"duration":9,"tweenEasing":0,"x":1.1,"y":-173.33},{"duration":17}]},{"name":"hand","translateFrame":[{"duration":6,"tweenEasing":0,"x":94.99,"y":48.06},{"duration":6,"curve":[0.5,0,1,1],"x":48.75,"y":-10.22},{"duration":21,"tweenEasing":0,"x":36.23,"y":7.75},{"duration":3,"tweenEasing":0,"x":36.23,"y":7.75},{"duration":11,"tweenEasing":0,"x":44.47,"y":19.22},{"duration":6,"curve":[0.5,0,1,1],"x":48.79,"y":-167.57},{"duration":27,"x":38.97,"y":-163.34}],"rotateFrame":[{"duration":6,"tweenEasing":0,"rotate":-7.39},{"duration":6,"curve":[0.5,0,1,1],"rotate":2.44},{"duration":3,"tweenEasing":0,"rotate":-13.8},{"duration":21,"tweenEasing":0,"rotate":-12.4},{"duration":11,"tweenEasing":0,"rotate":-12.4},{"duration":6,"curve":[0.5,0.07473309608540926,1,1],"rotate":0.46},{"duration":2,"tweenEasing":0,"rotate":-13.8},{"duration":25,"rotate":-12.4}]},{"name":"pot","translateFrame":[{"duration":12,"tweenEasing":0},{"duration":8,"curve":[0,0,0.5,1],"x":-239.6,"y":89.66},{"duration":33,"tweenEasing":0,"x":-239.6,"y":89.66},{"duration":27,"x":-235.41,"y":-80.83}],"scaleFrame":[{"duration":12,"tweenEasing":0},{"duration":8,"curve":[0,0,0.5,1]},{"duration":33,"tweenEasing":0,"x":1.5,"y":1.5},{"duration":8,"curve":[0,0,0.5,1]},{"duration":19,"x":1.5,"y":1.5}]},{"name":"edge","translateFrame":[{"duration":80,"x":-272.84}]}],"slot":[{"name":"word_bg1","displayFrame":[{"duration":80}]},{"name":"hand","colorFrame":[{"duration":58},{"duration":8,"tweenEasing":0},{"duration":14,"value":{"aM":0}}]},{"name":"pot","displayFrame":[{"duration":12,"value":-1},{"duration":8},{"duration":33,"value":-1},{"duration":8},{"duration":19,"value":-1}],"colorFrame":[{"duration":14},{"duration":6,"curve":[0,0,0.5,1]},{"duration":35,"tweenEasing":0,"value":{"aM":0}},{"duration":6,"curve":[0,0,0.5,1]},{"duration":19,"value":{"aM":0}}]},{"name":"edge","displayFrame":[{"duration":22},{"duration":33,"value":-1},{"duration":25}]}]}],"defaultActions":[{"gotoAndPlay":"page_1"}]}]}