{
  "f8e6b000-5643-4b86-9080-aa680ce1f599": {
    "asset": 1552300369761,
    "meta": 1530695500000,
    "relativePath": "image"
  },
  "fc09f9bd-2cce-4605-b630-8145ef809ed6": {
    "asset": 1552300352774,
    "meta": 1530695500000,
    "relativePath": "misc"
  },
  "2be36297-9abb-4fee-8049-9ed5e271da8a": {
    "asset": 1530695500000,
    "meta": 1530695500000,
    "relativePath": "misc\\default_video.mp4"
  },
  "f6e6dd15-71d1-4ffe-ace7-24fd39942c05": {
    "asset": 1552300356298,
    "meta": 1530695500000,
    "relativePath": "obsolete"
  },
  "b8223619-7e38-47c4-841f-9160c232495a": {
    "asset": 1530695500000,
    "meta": 1530695500000,
    "relativePath": "obsolete\\atom.plist"
  },
  "f743d2b6-b7ea-4c14-a55b-547ed4d0a045": {
    "asset": 1552300352784,
    "meta": 1530695500000,
    "relativePath": "particle"
  },
  "b2687ac4-099e-403c-a192-ff477686f4f5": {
    "asset": 1530695500000,
    "meta": 1530695500000,
    "relativePath": "particle\\atom.plist"
  },
  "ae6c6c98-11e4-452f-8758-75f5c6a56e83": {
    "asset": 1552300398977,
    "meta": 1530695500000,
    "relativePath": "prefab"
  },
  "87f42256-da0e-4dac-b5fa-71b561201c37": {
    "asset": 1529943195992,
    "meta": 1529334460000,
    "relativePath": "scene"
  },
  "60fd1e25-53ad-41b2-9cf9-004840170968": {
    "asset": 1476546062000,
    "meta": 1529407574893,
    "relativePath": "power.prefab"
  },
  "cc3cf706-94b0-45e7-ba45-ac1585d9fc66": {
    "asset": 1529371264000,
    "meta": 1529407574897,
    "relativePath": "scene\\addone\\gameScene.fire"
  },
  "6c50cc80-5eae-428c-8094-d962aefc9f4a": {
    "asset": 1530803944479,
    "meta": 1529334460000,
    "relativePath": "script"
  },
  "e9e05c45-5546-4c64-9c52-903cc04de88d": {
    "asset": 1476546062000,
    "meta": 1529407575144,
    "relativePath": "script\\Colors.js"
  },
  "330827b9-4f53-4eaa-835c-ea0fce43c328": {
    "asset": 1476546062000,
    "meta": 1529407575189,
    "relativePath": "script\\Global.js"
  },
  "abb92164-2802-4071-9efa-c1cd34f47971": {
    "asset": 1476546062000,
    "meta": 1529407575072,
    "relativePath": "script\\addone\\Over.js"
  },
  "348149f3-b37a-4ef9-af66-a55fe6584e90": {
    "asset": 1476546062000,
    "meta": 1529407575190,
    "relativePath": "script\\Start.js"
  },
  "33c61294-846b-4c74-a971-06178697b134": {
    "asset": 1476546062000,
    "meta": 1529407575083,
    "relativePath": "script\\addone\\Tile.js"
  },
  "3d79db46-4e40-46f7-8725-66e7c355613d": {
    "asset": 1530929268881,
    "meta": 1529334462000,
    "relativePath": "voice"
  },
  "38a235e3-1642-47a4-a7fe-c8d434bdc670": {
    "asset": 1529936938767,
    "meta": 1529936938773,
    "relativePath": "Tile.prefab"
  },
  "2a8e0d71-f46f-4489-a06e-87f65ed4d654": {
    "asset": 1530893622023,
    "meta": 1529347188000,
    "relativePath": "scene\\geiten"
  },
  "e49a76b2-9c27-494c-b7e1-d9ac20e24b24": {
    "asset": 1529938717662,
    "meta": 1529347248000,
    "relativePath": "scene\\addone"
  },
  "1fd99520-f8fc-487e-9e92-15ded0e13d56": {
    "asset": 1529407397106,
    "meta": 1529347272000,
    "relativePath": "script\\addone"
  },
  "602b6e0a-aee4-460c-bb24-867b21131a75": {
    "asset": 1530200663052,
    "meta": 1529347300000,
    "relativePath": "script\\getten"
  },
  "e8905d7e-b4e6-4a7c-b7a4-915a4b17c409": {
    "asset": 1530197100068,
    "meta": 1530197100080,
    "relativePath": "TenTile.prefab"
  },
  "3d26d404-518d-45be-a9a3-3a25bb8f32a8": {
    "asset": 1530932435424,
    "meta": 1530932435464,
    "relativePath": "scene\\geiten\\tenGameScene.fire"
  },
  "3ea369d0-0ecd-4151-89b9-94dcb4fd1544": {
    "asset": 1529936876128,
    "meta": 1529408212413,
    "relativePath": "resources"
  },
  "1bd42cc5-25a0-4500-9f92-b5cd1762e3f2": {
    "asset": 1530200472260,
    "meta": 1529408231933,
    "relativePath": "resources\\num"
  },
  "51c10fbf-d59e-480f-9014-2a1b67907bb3": {
    "asset": 1530318236494,
    "meta": 1529408711694,
    "relativePath": "resources\\efx"
  },
  "e36e580c-6d22-4358-b82b-a69eda0ffd9a": {
    "asset": 1530931988636,
    "meta": 1529409079169,
    "relativePath": "resources\\Texture"
  },
  "3919323f-1a3b-4d5f-901e-214bf4e2b4b0": {
    "asset": 1529417756079,
    "meta": 1529417851875,
    "relativePath": "script\\addone\\Game.js"
  },
  "0d0180d9-e0d1-4691-9d78-1979f971a0c3": {
    "asset": 1529418511350,
    "meta": 1529418511330,
    "relativePath": "voice\\exf"
  },
  "6d996238-5f09-4ce0-829f-f1809d13c41f": {
    "asset": 1470997274000,
    "meta": 1529418511331,
    "relativePath": "voice\\exf\\efx_combine_1.mp3"
  },
  "5a9d86f1-cb09-4a79-a1d5-43d6800cbc0a": {
    "asset": 1470997274000,
    "meta": 1529418511344,
    "relativePath": "voice\\exf\\efx_combine_2.mp3"
  },
  "3c0c7758-5016-48f1-a571-44dd6de43fe7": {
    "asset": 1470997274000,
    "meta": 1529418511345,
    "relativePath": "voice\\exf\\efx_combine_3.mp3"
  },
  "cd97302c-7d83-4371-a265-b2e22bea9bcc": {
    "asset": 1470997274000,
    "meta": 1529418511346,
    "relativePath": "voice\\exf\\efx_combine_4.mp3"
  },
  "3a483f52-0416-4987-baba-aa8786d527fa": {
    "asset": 1470997274000,
    "meta": 1529418511347,
    "relativePath": "voice\\exf\\efx_combine_5.mp3"
  },
  "ec9eb699-5b76-4f76-accf-58bad1d76000": {
    "asset": 1470997274000,
    "meta": 1529418511348,
    "relativePath": "voice\\exf\\efx_combine_6.mp3"
  },
  "b7d37a3d-1fd9-4be2-ad32-f579a0511171": {
    "asset": 1470997274000,
    "meta": 1529418511349,
    "relativePath": "voice\\exf\\efx_combine_7.mp3"
  },
  "375d5a4e-8676-48d3-8f74-3bd8d20fcc4a": {
    "asset": 1470997274000,
    "meta": 1529418511349,
    "relativePath": "voice\\exf\\efx_combine_8.mp3"
  },
  "27ab0ba5-8ab4-4bed-b6a6-5608296b967d": {
    "asset": 1470997274000,
    "meta": 1529418511350,
    "relativePath": "voice\\exf\\efx_combine_9.mp3"
  },
  "8aae47a4-9a87-4b97-a01d-981145df5ac1": {
    "asset": 1530318236495,
    "meta": 1529936876129,
    "relativePath": "resources\\font"
  },
  "ad33e40d-8f4a-4d18-a658-4a647d2a3fed": {
    "asset": 1530892939035,
    "meta": 1530892939052,
    "relativePath": "scene\\RankingView.fire"
  },
  "82a000be-3b9d-4191-be41-558766ddfd66": {
    "asset": 1530932401602,
    "meta": 1530932401626,
    "relativePath": "scene\\Home.fire"
  },
  "6b7bf5b9-31f4-45cd-ae8d-f149be03ce2c": {
    "asset": 1528166160000,
    "meta": 1529943350220,
    "relativePath": "resources\\Texture\\home.png"
  },
  "03a30767-2deb-4869-b254-4bdcbfb76a7e": {
    "asset": 1470997274000,
    "meta": 1529943414105,
    "relativePath": "resources\\Texture\\btn_play.png"
  },
  "197fde74-f9f3-41e7-a43d-54e9f197d04d": {
    "asset": 1528455786000,
    "meta": 1529944053050,
    "relativePath": "script\\RankingView.js"
  },
  "9884b41a-6fb6-47a9-9c97-925f94e83482": {
    "asset": 1470997274000,
    "meta": 1529945178238,
    "relativePath": "resources\\Texture\\logo_cn.png"
  },
  "75555471-ff7d-47bf-8723-f591330424ef": {
    "asset": 1529651024000,
    "meta": 1530026994032,
    "relativePath": "script\\Bmob.js"
  },
  "b290fe47-4232-482b-ba12-5878ed503b12": {
    "asset": 1530318236496,
    "meta": 1530195051693,
    "relativePath": "resources\\Texture\\2048"
  },
  "cc987d9d-4d0c-47e4-8a50-3e3102e4e198": {
    "asset": 1530196048910,
    "meta": 1530196812701,
    "relativePath": "resources\\num\\num10.png"
  },
  "5abd5e23-7c2b-47e3-9106-fcbab8193128": {
    "asset": 1530195662886,
    "meta": 1530196812704,
    "relativePath": "resources\\num\\num1.png"
  },
  "b8126681-85c5-473c-b85f-0f1648d1ebb4": {
    "asset": 1530196087146,
    "meta": 1530196812730,
    "relativePath": "resources\\num\\num11.png"
  },
  "39606d0e-2a7a-40b1-b727-0ca6e5491c36": {
    "asset": 1530196124766,
    "meta": 1530196812733,
    "relativePath": "resources\\num\\num12.png"
  },
  "338df0ae-db6e-4955-84ee-115fc733149c": {
    "asset": 1530196630419,
    "meta": 1530196812755,
    "relativePath": "resources\\num\\num14.png"
  },
  "584318e2-b44c-42a9-9d57-434ecd01527c": {
    "asset": 1530196551854,
    "meta": 1530196812758,
    "relativePath": "resources\\num\\num13.png"
  },
  "3c9f824c-633f-40b8-bf09-3d3eaf0a0189": {
    "asset": 1530195601791,
    "meta": 1530196812782,
    "relativePath": "resources\\num\\num2.png"
  },
  "a583b58a-6a66-4743-abfb-c665e07ab5fb": {
    "asset": 1530196757626,
    "meta": 1530196812785,
    "relativePath": "resources\\num\\num15.png"
  },
  "c2b02cc2-b296-43f1-a550-d40fd3f8ce67": {
    "asset": 1530195746136,
    "meta": 1530196812808,
    "relativePath": "resources\\num\\num4.png"
  },
  "941b11e3-43bd-4eda-bc46-a38826da033d": {
    "asset": 1530195694910,
    "meta": 1530196812810,
    "relativePath": "resources\\num\\num3.png"
  },
  "c1ff3948-5cf6-4ccd-94dc-910d8f42acc2": {
    "asset": 1530195849726,
    "meta": 1530196812835,
    "relativePath": "resources\\num\\num6.png"
  },
  "6c8f892e-f3c3-47f4-8103-72625200149f": {
    "asset": 1530195902868,
    "meta": 1530196812856,
    "relativePath": "resources\\num\\num7.png"
  },
  "0236df8b-779a-4772-9aa9-829d052aff11": {
    "asset": 1530195948521,
    "meta": 1530196812858,
    "relativePath": "resources\\num\\num8.png"
  },
  "99a54240-9356-489c-a594-3f789e8ed543": {
    "asset": 1530195974802,
    "meta": 1530196812878,
    "relativePath": "resources\\num\\num9.png"
  },
  "ba3d3ffd-eac9-4164-be40-e9c6982b0cdb": {
    "asset": 1530196964043,
    "meta": 1530196989896,
    "relativePath": "resources\\num\\num5.png"
  },
  "8c57a3d9-fbd9-486b-9233-a898f9c0a5cd": {
    "asset": 1530198098792,
    "meta": 1530198111526,
    "relativePath": "resources\\num\\num2048.png"
  },
  "e024f2c2-a92e-4b5a-8364-d40037f89fe3": {
    "asset": 1530200430377,
    "meta": 1530200472317,
    "relativePath": "resources\\num\\help.png"
  },
  "84ec6b4b-b3bc-449a-a964-71f341523e45": {
    "asset": 1530200729185,
    "meta": 1530200736313,
    "relativePath": "script\\getten\\closeself.js"
  },
  "ddbcf305-a1ab-4cc8-9749-6119828c5aea": {
    "asset": 1470997274000,
    "meta": 1530201485221,
    "relativePath": "resources\\Texture\\mainBg.png"
  },
  "3133be43-fc52-4c4e-90ac-163e50fc7747": {
    "asset": 1530801216603,
    "meta": 1530801499367,
    "relativePath": "resources\\Texture\\hongbaopannel.png"
  },
  "04b93d7c-c0e6-4145-ae65-1b94f59d02dd": {
    "asset": 1530801887019,
    "meta": 1530801889950,
    "relativePath": "script\\Home.js"
  },
  "71561142-4c83-4933-afca-cb7a17f67053": {
    "asset": 1530695500000,
    "meta": 1561737139510,
    "relativePath": "image\\default_btn_disabled.png"
  },
  "e851e89b-faa2-4484-bea6-5c01dd9f06e2": {
    "asset": 1530695500000,
    "meta": 1561737139517,
    "relativePath": "image\\default_btn_normal.png"
  },
  "b43ff3c2-02bb-4874-81f7-f2dea6970f18": {
    "asset": 1530695500000,
    "meta": 1561737139524,
    "relativePath": "image\\default_btn_pressed.png"
  },
  "d81ec8ad-247c-4e62-aa3c-d35c4193c7af": {
    "asset": 1530695500000,
    "meta": 1561737139529,
    "relativePath": "image\\default_panel.png"
  },
  "cfef78f1-c8df-49b7-8ed0-4c953ace2621": {
    "asset": 1530695500000,
    "meta": 1561737139540,
    "relativePath": "image\\default_progressbar.png"
  },
  "99170b0b-d210-46f1-b213-7d9e3f23098a": {
    "asset": 1530695500000,
    "meta": 1561737139547,
    "relativePath": "image\\default_progressbar_bg.png"
  },
  "9d60001f-b5f4-4726-a629-2659e3ded0b8": {
    "asset": 1530695500000,
    "meta": 1561737139558,
    "relativePath": "image\\default_radio_button_on.png"
  },
  "567dcd80-8bf4-4535-8a5a-313f1caf078a": {
    "asset": 1530695500000,
    "meta": 1561737139555,
    "relativePath": "image\\default_radio_button_off.png"
  },
  "617323dd-11f4-4dd3-8eec-0caf6b3b45b9": {
    "asset": 1530695500000,
    "meta": 1561737139572,
    "relativePath": "image\\default_scrollbar_vertical_bg.png"
  },
  "4bab67cb-18e6-4099-b840-355f0473f890": {
    "asset": 1530695500000,
    "meta": 1561737139570,
    "relativePath": "image\\default_scrollbar_bg.png"
  },
  "d6d3ca85-4681-47c1-b5dd-d036a9d39ea2": {
    "asset": 1530695500000,
    "meta": 1561737139584,
    "relativePath": "image\\default_scrollbar_vertical.png"
  },
  "0291c134-b3da-4098-b7b5-e397edbe947f": {
    "asset": 1530695500000,
    "meta": 1561737139586,
    "relativePath": "image\\default_scrollbar.png"
  },
  "0275e94c-56a7-410f-bd1a-fc7483f7d14a": {
    "asset": 1530695500000,
    "meta": 1561737139597,
    "relativePath": "image\\default_sprite_splash.png"
  },
  "6e056173-d285-473c-b206-40a7fff5386e": {
    "asset": 1530695500000,
    "meta": 1561737139600,
    "relativePath": "image\\default_sprite.png"
  },
  "73a0903d-d80e-4e3c-aa67-f999543c08f5": {
    "asset": 1530695500000,
    "meta": 1561737139608,
    "relativePath": "image\\default_toggle_checkmark.png"
  },
  "c25b9d50-c8fc-4d27-beeb-6e7c1f2e5c0f": {
    "asset": 1530695500000,
    "meta": 1561737139617,
    "relativePath": "image\\default_toggle_disabled.png"
  },
  "d29077ba-1627-4a72-9579-7b56a235340c": {
    "asset": 1530695500000,
    "meta": 1561737139635,
    "relativePath": "image\\default_toggle_normal.png"
  },
  "b181c1e4-0a72-4a91-bfb0-ae6f36ca60bd": {
    "asset": 1530695500000,
    "meta": 1561737139625,
    "relativePath": "image\\default_toggle_pressed.png"
  },
  "972b9a4d-47ee-4c74-b5c3-61d8a69bc29f": {
    "asset": 1530695500000,
    "meta": 1561737139650,
    "relativePath": "prefab\\button.prefab"
  },
  "2c937608-2562-40ea-b264-7395df6f0cea": {
    "asset": 1530695500000,
    "meta": 1561737139651,
    "relativePath": "prefab\\canvas.prefab"
  },
  "61aeb05b-3b32-452b-8eed-2b76deeed554": {
    "asset": 1530695500000,
    "meta": 1561737139653,
    "relativePath": "prefab\\editbox.prefab"
  },
  "27756ebb-3d33-44b0-9b96-e858fadd4dd4": {
    "asset": 1530695500000,
    "meta": 1561737139654,
    "relativePath": "prefab\\label.prefab"
  },
  "785a442c-3ceb-45be-a46e-7317f625f3b9": {
    "asset": 1530695500000,
    "meta": 1561737139657,
    "relativePath": "prefab\\layout.prefab"
  },
  "ca8401fe-ad6e-41a8-bd46-8e3e4e9945be": {
    "asset": 1530695500000,
    "meta": 1561737139657,
    "relativePath": "prefab\\pageview.prefab"
  },
  "cd33edea-55f5-46c2-958d-357a01384a36": {
    "asset": 1530695500000,
    "meta": 1561737139666,
    "relativePath": "prefab\\particlesystem.prefab"
  },
  "5965ffac-69da-4b55-bcde-9225d0613c28": {
    "asset": 1530695500000,
    "meta": 1561737139668,
    "relativePath": "prefab\\progressBar.prefab"
  },
  "4a37dd57-78cd-4cec-aad4-f11a73d12b63": {
    "asset": 1530695500000,
    "meta": 1561737139670,
    "relativePath": "prefab\\richtext.prefab"
  },
  "32044bd2-481f-4cf1-a656-e2b2fb1594eb": {
    "asset": 1530695500000,
    "meta": 1561737139671,
    "relativePath": "prefab\\scrollview.prefab"
  },
  "0004d1cf-a0ad-47d8-ab17-34d3db9d35a3": {
    "asset": 1530695500000,
    "meta": 1561737139674,
    "relativePath": "prefab\\slider.prefab"
  },
  "1f55e3be-b89b-4b79-88de-47fd31018044": {
    "asset": 1530695500000,
    "meta": 1561737139675,
    "relativePath": "prefab\\sprite_splash.prefab"
  },
  "96083d03-c332-4a3f-9386-d03e2d19e8ee": {
    "asset": 1530695500000,
    "meta": 1561737139684,
    "relativePath": "prefab\\sprite.prefab"
  },
  "7de03a80-4457-438d-95a7-3e7cdffd6086": {
    "asset": 1530695500000,
    "meta": 1561737139685,
    "relativePath": "prefab\\tiledmap.prefab"
  },
  "0d784963-d024-4ea6-a7db-03be0ad63010": {
    "asset": 1530695500000,
    "meta": 1561737139689,
    "relativePath": "prefab\\toggle.prefab"
  },
  "bf0a434c-84dd-4a8e-a08a-7a36f180cc75": {
    "asset": 1530695500000,
    "meta": 1561737139690,
    "relativePath": "prefab\\toggleContainer.prefab"
  },
  "d1b8be49-b0a0-435c-83b7-552bed4bbe35": {
    "asset": 1530695500000,
    "meta": 1561737139701,
    "relativePath": "prefab\\toggleGroup.prefab"
  },
  "232d2782-c4bd-4bb4-9e01-909f03d6d3b9": {
    "asset": 1530695500000,
    "meta": 1561737139702,
    "relativePath": "prefab\\videoplayer.prefab"
  },
  "58fb5dc7-ae72-4d2e-a134-1397592b0ca7": {
    "asset": 1530804462820,
    "meta": 1530804504799,
    "relativePath": "resources\\Texture\\hongbao.png"
  },
  "f9058f95-5b69-4fc8-977a-29de0805ef2f": {
    "asset": 1530804590018,
    "meta": 1530804591455,
    "relativePath": "script\\Yao.js"
  },
  "8aa7b037-3cb3-4275-bbf9-8be24c333fab": {
    "asset": 1530931959655,
    "meta": 1530893502376,
    "relativePath": "resources\\Texture\\over"
  },
  "440fe87a-1e3e-439c-843f-43bff22a112e": {
    "asset": 1470997274000,
    "meta": 1530893526375,
    "relativePath": "resources\\Texture\\over\\btn_googlerank.png"
  },
  "806ced97-70bc-4d07-bd1d-66829dfca322": {
    "asset": 1470997274000,
    "meta": 1530893526377,
    "relativePath": "resources\\Texture\\over\\btn_over_close.png"
  },
  "31740ef3-106d-4231-becb-e84c246ae08e": {
    "asset": 1470997274000,
    "meta": 1530893526386,
    "relativePath": "resources\\Texture\\over\\btn_rank.png"
  },
  "97addb58-1b29-43cb-a32c-b680eadc0701": {
    "asset": 1470997274000,
    "meta": 1530893526389,
    "relativePath": "resources\\Texture\\over\\game_btn_share.png"
  },
  "e9365cc6-bbda-4680-aba3-dbcb0f60fccf": {
    "asset": 1530897749183,
    "meta": 1530897749194,
    "relativePath": "scene\\geiten\\OverScene.fire"
  },
  "f2d07fbe-4ed3-470a-85b2-a76cda1b88dc": {
    "asset": 1530895215358,
    "meta": 1530895233299,
    "relativePath": "resources\\Texture\\over\\pannel.png"
  },
  "7e61e3de-4dd3-405d-b44b-589c3d5538a4": {
    "asset": 1530897272100,
    "meta": 1530897467149,
    "relativePath": "resources\\Texture\\over\\home.png"
  },
  "c55b0422-3c83-49be-ba2d-695acf2f1ba3": {
    "asset": 1530897079307,
    "meta": 1530897467167,
    "relativePath": "resources\\Texture\\over\\relive.png"
  },
  "b81c4d57-de95-4a0e-bd72-c57caa09cdf0": {
    "asset": 1470997274000,
    "meta": 1530929233003,
    "relativePath": "voice\\sfx_end_congrats.mp3"
  },
  "6c1d0e67-30eb-433d-bab1-1c2273f6c242": {
    "asset": 1470997274000,
    "meta": 1530929233009,
    "relativePath": "voice\\sfx_over_1.mp3"
  },
  "8c5001fd-07ee-4a4b-a8a0-63e15195e94d": {
    "asset": 1530695500000,
    "meta": 1561737139703,
    "relativePath": "prefab\\webview.prefab"
  },
  "1d0fd3a6-438f-4f0d-8ab3-021958daf9de": {
    "asset": 1530932346993,
    "meta": 1530932377589,
    "relativePath": "resources\\Texture\\god.png"
  },
  "ea637ad9-6c90-4171-8fa3-99742a885be1": {
    "asset": 1530937614471,
    "meta": 1530937655014,
    "relativePath": "script\\getten\\TenTile.js"
  },
  "d2c89407-58df-42c8-8848-4523affc8557": {
    "asset": 1531060885707,
    "meta": 1531237830420,
    "relativePath": "script\\getten\\TenGame.js"
  },
  "28c8b10d-982b-4f03-982d-973bf3b319a7": {
    "asset": 1530938452643,
    "meta": 1530938478787,
    "relativePath": "script\\Share.js"
  },
  "7e870d6b-6b70-4d78-a101-05d2269c7a56": {
    "asset": 1528087806000,
    "meta": 1561737139938,
    "relativePath": "resources\\Texture\\rank.png"
  },
  "ec1ce6e2-9311-43a2-9802-5b53ae2e71f9": {
    "asset": 1528714962000,
    "meta": 1561737139948,
    "relativePath": "resources\\Texture\\moregame (1).png"
  },
  "8e611331-545d-4a30-b2fb-eee02f692b17": {
    "asset": 1476546062000,
    "meta": 1529334462000,
    "relativePath": "voice\\over.mp3"
  },
  "a8d2424f-d78b-4614-b095-2c5c91027a44": {
    "asset": 1528087806000,
    "meta": 1561737139951,
    "relativePath": "resources\\Texture\\share.png"
  }
}