{
  "f8e6b000-5643-4b86-9080-aa680ce1f599": {
    "asset": 1530695668000,
    "meta": 1530695668000,
    "relativePath": "image"
  },
  "71561142-4c83-4933-afca-cb7a17f67053": {
    "asset": 1530695668000,
    "meta": 1578325782582,
    "relativePath": "image/default_btn_disabled.png"
  },
  "e851e89b-faa2-4484-bea6-5c01dd9f06e2": {
    "asset": 1530695668000,
    "meta": 1578325782585,
    "relativePath": "image/default_btn_normal.png"
  },
  "d81ec8ad-247c-4e62-aa3c-d35c4193c7af": {
    "asset": 1530695668000,
    "meta": 1578325782594,
    "relativePath": "image/default_panel.png"
  },
  "b43ff3c2-02bb-4874-81f7-f2dea6970f18": {
    "asset": 1530695668000,
    "meta": 1578325782595,
    "relativePath": "image/default_btn_pressed.png"
  },
  "99170b0b-d210-46f1-b213-7d9e3f23098a": {
    "asset": 1530695668000,
    "meta": 1578325782602,
    "relativePath": "image/default_progressbar_bg.png"
  },
  "cfef78f1-c8df-49b7-8ed0-4c953ace2621": {
    "asset": 1530695668000,
    "meta": 1578325782604,
    "relativePath": "image/default_progressbar.png"
  },
  "9d60001f-b5f4-4726-a629-2659e3ded0b8": {
    "asset": 1530695668000,
    "meta": 1578325782617,
    "relativePath": "image/default_radio_button_on.png"
  },
  "567dcd80-8bf4-4535-8a5a-313f1caf078a": {
    "asset": 1530695668000,
    "meta": 1578325782616,
    "relativePath": "image/default_radio_button_off.png"
  },
  "4bab67cb-18e6-4099-b840-355f0473f890": {
    "asset": 1530695668000,
    "meta": 1578325782623,
    "relativePath": "image/default_scrollbar_bg.png"
  },
  "617323dd-11f4-4dd3-8eec-0caf6b3b45b9": {
    "asset": 1530695668000,
    "meta": 1578325782624,
    "relativePath": "image/default_scrollbar_vertical_bg.png"
  },
  "0291c134-b3da-4098-b7b5-e397edbe947f": {
    "asset": 1530695668000,
    "meta": 1578325782632,
    "relativePath": "image/default_scrollbar.png"
  },
  "d6d3ca85-4681-47c1-b5dd-d036a9d39ea2": {
    "asset": 1530695668000,
    "meta": 1578325782633,
    "relativePath": "image/default_scrollbar_vertical.png"
  },
  "0275e94c-56a7-410f-bd1a-fc7483f7d14a": {
    "asset": 1530695668000,
    "meta": 1578325782639,
    "relativePath": "image/default_sprite_splash.png"
  },
  "6e056173-d285-473c-b206-40a7fff5386e": {
    "asset": 1530695668000,
    "meta": 1578325782640,
    "relativePath": "image/default_sprite.png"
  },
  "c25b9d50-c8fc-4d27-beeb-6e7c1f2e5c0f": {
    "asset": 1530695668000,
    "meta": 1578325782649,
    "relativePath": "image/default_toggle_disabled.png"
  },
  "73a0903d-d80e-4e3c-aa67-f999543c08f5": {
    "asset": 1530695668000,
    "meta": 1578325782647,
    "relativePath": "image/default_toggle_checkmark.png"
  },
  "d29077ba-1627-4a72-9579-7b56a235340c": {
    "asset": 1530695668000,
    "meta": 1578325782659,
    "relativePath": "image/default_toggle_normal.png"
  },
  "b181c1e4-0a72-4a91-bfb0-ae6f36ca60bd": {
    "asset": 1530695668000,
    "meta": 1578325782663,
    "relativePath": "image/default_toggle_pressed.png"
  },
  "fc09f9bd-2cce-4605-b630-8145ef809ed6": {
    "asset": 1530695668000,
    "meta": 1530695668000,
    "relativePath": "misc"
  },
  "2be36297-9abb-4fee-8049-9ed5e271da8a": {
    "asset": 1530695668000,
    "meta": 1530695668000,
    "relativePath": "misc/default_video.mp4"
  },
  "f6e6dd15-71d1-4ffe-ace7-24fd39942c05": {
    "asset": 1530695668000,
    "meta": 1530695668000,
    "relativePath": "obsolete"
  },
  "b8223619-7e38-47c4-841f-9160c232495a": {
    "asset": 1530695668000,
    "meta": 1530695668000,
    "relativePath": "obsolete/atom.plist"
  },
  "f743d2b6-b7ea-4c14-a55b-547ed4d0a045": {
    "asset": 1530695668000,
    "meta": 1530695668000,
    "relativePath": "particle"
  },
  "b2687ac4-099e-403c-a192-ff477686f4f5": {
    "asset": 1530695668000,
    "meta": 1530695668000,
    "relativePath": "particle/atom.plist"
  },
  "ae6c6c98-11e4-452f-8758-75f5c6a56e83": {
    "asset": 1530695668000,
    "meta": 1530695668000,
    "relativePath": "prefab"
  },
  "2c937608-2562-40ea-b264-7395df6f0cea": {
    "asset": 1530695668000,
    "meta": 1578325782667,
    "relativePath": "prefab/canvas.prefab"
  },
  "972b9a4d-47ee-4c74-b5c3-61d8a69bc29f": {
    "asset": 1530695668000,
    "meta": 1578325782667,
    "relativePath": "prefab/button.prefab"
  },
  "27756ebb-3d33-44b0-9b96-e858fadd4dd4": {
    "asset": 1530695668000,
    "meta": 1578325782674,
    "relativePath": "prefab/label.prefab"
  },
  "61aeb05b-3b32-452b-8eed-2b76deeed554": {
    "asset": 1530695668000,
    "meta": 1578325782674,
    "relativePath": "prefab/editbox.prefab"
  },
  "785a442c-3ceb-45be-a46e-7317f625f3b9": {
    "asset": 1530695668000,
    "meta": 1578325782677,
    "relativePath": "prefab/layout.prefab"
  },
  "ca8401fe-ad6e-41a8-bd46-8e3e4e9945be": {
    "asset": 1530695668000,
    "meta": 1578325782678,
    "relativePath": "prefab/pageview.prefab"
  },
  "5965ffac-69da-4b55-bcde-9225d0613c28": {
    "asset": 1530695668000,
    "meta": 1578325782681,
    "relativePath": "prefab/progressBar.prefab"
  },
  "cd33edea-55f5-46c2-958d-357a01384a36": {
    "asset": 1530695668000,
    "meta": 1578325782680,
    "relativePath": "prefab/particlesystem.prefab"
  },
  "32044bd2-481f-4cf1-a656-e2b2fb1594eb": {
    "asset": 1530695668000,
    "meta": 1578325782691,
    "relativePath": "prefab/scrollview.prefab"
  },
  "4a37dd57-78cd-4cec-aad4-f11a73d12b63": {
    "asset": 1530695668000,
    "meta": 1578325782691,
    "relativePath": "prefab/richtext.prefab"
  },
  "0004d1cf-a0ad-47d8-ab17-34d3db9d35a3": {
    "asset": 1530695668000,
    "meta": 1578325782695,
    "relativePath": "prefab/slider.prefab"
  },
  "1f55e3be-b89b-4b79-88de-47fd31018044": {
    "asset": 1530695668000,
    "meta": 1578325782694,
    "relativePath": "prefab/sprite_splash.prefab"
  },
  "96083d03-c332-4a3f-9386-d03e2d19e8ee": {
    "asset": 1530695668000,
    "meta": 1578325782700,
    "relativePath": "prefab/sprite.prefab"
  },
  "7de03a80-4457-438d-95a7-3e7cdffd6086": {
    "asset": 1530695668000,
    "meta": 1578325782698,
    "relativePath": "prefab/tiledmap.prefab"
  },
  "bf0a434c-84dd-4a8e-a08a-7a36f180cc75": {
    "asset": 1530695668000,
    "meta": 1578325782704,
    "relativePath": "prefab/toggleContainer.prefab"
  },
  "0d784963-d024-4ea6-a7db-03be0ad63010": {
    "asset": 1530695668000,
    "meta": 1578325782704,
    "relativePath": "prefab/toggle.prefab"
  },
  "d1b8be49-b0a0-435c-83b7-552bed4bbe35": {
    "asset": 1530695668000,
    "meta": 1578325782709,
    "relativePath": "prefab/toggleGroup.prefab"
  },
  "232d2782-c4bd-4bb4-9e01-909f03d6d3b9": {
    "asset": 1530695668000,
    "meta": 1578325782710,
    "relativePath": "prefab/videoplayer.prefab"
  },
  "8c5001fd-07ee-4a4b-a8a0-63e15195e94d": {
    "asset": 1530695668000,
    "meta": 1578325782711,
    "relativePath": "prefab/webview.prefab"
  },
  "be9ab4e1-5c21-47d4-853d-43fe88680e9d": {
    "asset": 1538906362000,
    "meta": 1538906362000,
    "relativePath": "Fonts"
  },
  "cf148c84-0420-44bf-b673-ee799d36f457": {
    "asset": 1538906362000,
    "meta": 1577979771481,
    "relativePath": "Fonts/HelveticaBold.ttf"
  },
  "445a9660-5bb7-4a99-9e85-fd0f399c0e04": {
    "asset": 1538906362000,
    "meta": 1577979771484,
    "relativePath": "Fonts/HelveticaLight.ttf"
  },
  "b5d68503-548d-4fc9-b7ab-7b8d1b6556db": {
    "asset": 1538906362000,
    "meta": 1538906362000,
    "relativePath": "Music"
  },
  "2e5d64d3-3db7-4db8-9dc0-c0bf8da6b5cc": {
    "asset": 1538906362000,
    "meta": 1577979771486,
    "relativePath": "Fonts/HelveticaRegular.ttf"
  },
  "f4d54e15-0aa5-42c7-b8bf-b59753c8d0a8": {
    "asset": 1538906362000,
    "meta": 1538906362000,
    "relativePath": "Music/adopt.wav"
  },
  "af6b8af8-8823-41d9-b793-f3bfe7d4f88b": {
    "asset": 1538906362000,
    "meta": 1538906362000,
    "relativePath": "Music/fall.wav"
  },
  "93e74c2d-40ce-413c-8770-485a216163e4": {
    "asset": 1538906362000,
    "meta": 1538906362000,
    "relativePath": "Prefab"
  },
  "4580ad77-e13a-48a8-84b7-54ddd6bcdde2": {
    "asset": 1538906362000,
    "meta": 1577979771490,
    "relativePath": "Prefab/level-btn.prefab"
  },
  "e9a7c912-75d1-4e90-a694-ae75a4689f9f": {
    "asset": 1538906362000,
    "meta": 1577979771491,
    "relativePath": "Prefab/block.prefab"
  },
  "29f52784-2fca-467b-92e7-8fd9ef8c57b7": {
    "asset": 1538906362000,
    "meta": 1538906362000,
    "relativePath": "Scene"
  },
  "ad41cf7e-9284-4326-8382-11a816797b03": {
    "asset": 1538906362000,
    "meta": 1577979771495,
    "relativePath": "Scene/Game.fire"
  },
  "255cc0bb-a59e-4e5b-b47c-c2d8c8cdc272": {
    "asset": 1538906362000,
    "meta": 1577979771497,
    "relativePath": "Scene/Home.fire"
  },
  "4734c20c-0db8-4eb2-92ea-e692f4d70934": {
    "asset": 1538906362000,
    "meta": 1538906362000,
    "relativePath": "Script"
  },
  "822bbec1-342b-45f9-9492-c61b37391774": {
    "asset": 1538906362000,
    "meta": 1577979771499,
    "relativePath": "Scene/Rank.fire"
  },
  "9c2ea347-071c-45d2-9e0e-ecf546b0f5d7": {
    "asset": 1538906362000,
    "meta": 1538906362000,
    "relativePath": "Script/Game"
  },
  "67adcca2-77dd-474d-8bee-634a8dc21321": {
    "asset": 1538906362000,
    "meta": 1577979772099,
    "relativePath": "Script/Game/Camera.js"
  },
  "9aad5016-0b28-4a4e-9b1f-9cadc3e4bf9e": {
    "asset": 1538906362000,
    "meta": 1577979772276,
    "relativePath": "Script/Game/Game.js"
  },
  "de28e346-609d-4be8-9999-ab72e7f7c3b4": {
    "asset": 1538906362000,
    "meta": 1577979772338,
    "relativePath": "Script/Game/Map.js"
  },
  "a32b71c2-d4bb-4e5d-8ea4-5e3f272cc37c": {
    "asset": 1538906362000,
    "meta": 1577979772480,
    "relativePath": "Script/Game/Player.js"
  },
  "24310310-b139-4d4d-b043-ffd98e5b7d9f": {
    "asset": 1538906362000,
    "meta": 1538906362000,
    "relativePath": "Script/Home"
  },
  "2bd13ba4-d4a3-447d-bf0e-6ac90a45f2a8": {
    "asset": 1538906362000,
    "meta": 1577979772516,
    "relativePath": "Script/Global.js"
  },
  "14acd6d4-1038-467d-86b6-c513d1263978": {
    "asset": 1538906362000,
    "meta": 1577979772535,
    "relativePath": "Script/Home/Home.js"
  },
  "81bc2c7b-9e0c-4555-95db-eb8a74074650": {
    "asset": 1538906362000,
    "meta": 1577979772536,
    "relativePath": "Script/Home/LevelBtn.js"
  },
  "8cdbc26f-e0b2-4bfd-b515-77e6c3977f73": {
    "asset": 1538906362000,
    "meta": 1538906362000,
    "relativePath": "Script/Rank"
  },
  "7b81d4e8-ec84-4716-968d-500ac1d78a54": {
    "asset": 1538906362000,
    "meta": 1538906362000,
    "relativePath": "Texture"
  },
  "80eb675c-4780-4765-9ba1-da62579d17c7": {
    "asset": 1538906362000,
    "meta": 1577979772544,
    "relativePath": "Script/Rank/Rank.js"
  },
  "d13f5098-e8ca-436b-9614-3159b1bad626": {
    "asset": 1538906362000,
    "meta": 1577979772565,
    "relativePath": "Texture/arrow.png"
  },
  "c9fb0577-101e-4b05-a335-fa0f234a1b32": {
    "asset": 1538906362000,
    "meta": 1577979772567,
    "relativePath": "Texture/arrow-off.png"
  },
  "b882e752-1805-4e71-809b-d40f9fd116c3": {
    "asset": 1538906362000,
    "meta": 1577979772588,
    "relativePath": "Texture/bar.png"
  },
  "567a7f2b-dd16-4007-b513-512f6030e321": {
    "asset": 1538906362000,
    "meta": 1577979772630,
    "relativePath": "Texture/bg-2.png"
  },
  "51610b71-0e91-43e9-b8f0-41f885f6c381": {
    "asset": 1538906362000,
    "meta": 1577979772652,
    "relativePath": "Texture/bg-3.png"
  },
  "5082f69d-8d0a-4573-83e9-c5bea86885eb": {
    "asset": 1538906362000,
    "meta": 1577979772698,
    "relativePath": "Texture/bg-4.png"
  },
  "c074cb81-f16a-4c8e-bc03-fd93262db5a9": {
    "asset": 1538906362000,
    "meta": 1577979772702,
    "relativePath": "Texture/bird.anim"
  },
  "7e7619c5-0943-4092-be01-d81c5d679697": {
    "asset": 1538906362000,
    "meta": 1577979772718,
    "relativePath": "Texture/bg.png"
  },
  "ca4987bf-08b4-446a-9536-1990a579b4a0": {
    "asset": 1538906362000,
    "meta": 1577979772725,
    "relativePath": "Texture/bird.png"
  },
  "69b24586-dc8a-4556-b380-c5cdcbfa4295": {
    "asset": 1538906362000,
    "meta": 1577979772741,
    "relativePath": "Texture/btn-again.png"
  },
  "b99baec6-eac1-42c8-81c9-aff766133233": {
    "asset": 1538906362000,
    "meta": 1577979772761,
    "relativePath": "Texture/btn-back.png"
  },
  "33db037b-006a-4a52-b22c-0fa7d366c916": {
    "asset": 1538906362000,
    "meta": 1577979772767,
    "relativePath": "Texture/btn-info.png"
  },
  "b6c7aea1-77d5-4812-98e7-a20c673c7d52": {
    "asset": 1538906362000,
    "meta": 1577979772787,
    "relativePath": "Texture/btn-list.png"
  },
  "3ae036df-b167-4166-b00b-cfe222cc5e6e": {
    "asset": 1538906362000,
    "meta": 1577979772793,
    "relativePath": "Texture/btn-play.png"
  },
  "08271ee2-7cf5-4c9e-a899-4d328a3c17f2": {
    "asset": 1538906362000,
    "meta": 1577979772800,
    "relativePath": "Texture/btn-rank.png"
  },
  "878f5d43-5df0-4337-9c90-b36d32eed71d": {
    "asset": 1538906362000,
    "meta": 1577979772810,
    "relativePath": "Texture/close.png"
  },
  "57082904-f8be-42f3-9eb7-76f07b7eac40": {
    "asset": 1538906362000,
    "meta": 1577979772815,
    "relativePath": "Texture/cover.png"
  },
  "5344e65b-5fbc-4f0b-86e3-a71231450ea3": {
    "asset": 1538906362000,
    "meta": 1577979772828,
    "relativePath": "Texture/end.png"
  },
  "b3fba9a3-129b-4ea0-b769-97ca951100db": {
    "asset": 1538906362000,
    "meta": 1577979772864,
    "relativePath": "Texture/explain.png"
  },
  "e492a461-370b-43ab-a975-e771407d2133": {
    "asset": 1538906362000,
    "meta": 1577979772865,
    "relativePath": "Texture/index.png"
  },
  "0921bc53-fcc5-4239-970d-68c14c559c40": {
    "asset": 1538906362000,
    "meta": 1577979772875,
    "relativePath": "Texture/level-on.png"
  },
  "2d0b4486-07cb-47d1-ac83-03043b392ee0": {
    "asset": 1538906362000,
    "meta": 1577979772886,
    "relativePath": "Texture/lock.png"
  },
  "9fb2a759-af70-4468-b259-b9d61a958913": {
    "asset": 1538906362000,
    "meta": 1577979772899,
    "relativePath": "Texture/player-3.png"
  },
  "14610b30-4685-489a-b9ac-597057f9b0c5": {
    "asset": 1538906362000,
    "meta": 1577979772910,
    "relativePath": "Texture/pnofb.png"
  },
  "f666a1b2-3b9a-4c97-9ec1-7c57bbdbd0d3": {
    "asset": 1538906362000,
    "meta": 1577979772913,
    "relativePath": "Texture/player.png"
  },
  "b100c463-2c7e-437d-8f95-d24a23383bac": {
    "asset": 1538906362000,
    "meta": 1577979772936,
    "relativePath": "Texture/trophy.png"
  }
}