{
  "__type__": "cc.JsonAsset",
  "_name": "mate",
  "_objFlags": 0,
  "_native": "",
  "json": {
    "mate": [
      {
        "Id": 1,
        "getCond": [
          [
            2,
            6
          ]
        ],
        "unlockCond": 0,
        "sex": 1,
        "icon": "shimei",
        "bonusList": [
          [
            4,
            2
          ]
        ],
        "name": "text_shimei",
        "lovePointList": [
          [
            0,
            0,
            1000
          ],
          [
            1,
            20,
            2000
          ],
          [
            2,
            50,
            2000
          ],
          [
            3,
            65,
            2000
          ],
          [
            4,
            79,
            2000
          ],
          [
            5,
            99,
            2000
          ],
          [
            6,
            100,
            10000
          ]
        ]
      },
      {
        "Id": 2,
        "getCond": [
          [
            3,
            5
          ]
        ],
        "unlockCond": 0,
        "sex": 1,
        "icon": "banhua",
        "bonusList": [
          [
            3,
            20000
          ]
        ],
        "name": "text_banhua",
        "lovePointList": [
          [
            0,
            0,
            3000
          ],
          [
            1,
            20,
            6000
          ],
          [
            2,
            50,
            6000
          ],
          [
            3,
            65,
            6000
          ],
          [
            4,
            79,
            6000
          ],
          [
            5,
            99,
            6000
          ],
          [
            6,
            100,
            20000
          ]
        ]
      },
      {
        "Id": 3,
        "getCond": [
          [
            2,
            5
          ]
        ],
        "unlockCond": 2,
        "sex": 1,
        "icon": "laoshi",
        "bonusList": [
          [
            3,
            50000
          ]
        ],
        "name": "text_laoshi",
        "lovePointList": [
          [
            0,
            0,
            5000
          ],
          [
            1,
            20,
            10000
          ],
          [
            2,
            50,
            10000
          ],
          [
            3,
            65,
            10000
          ],
          [
            4,
            79,
            10000
          ],
          [
            5,
            99,
            10000
          ],
          [
            6,
            100,
            50000
          ]
        ]
      },
      {
        "Id": 4,
        "getCond": [
          [
            7,
            0
          ]
        ],
        "unlockCond": 2,
        "sex": 1,
        "icon": "kongjie",
        "bonusList": [
          [
            2,
            4
          ],
          [
            1,
            -1
          ]
        ],
        "name": "text_kongjie",
        "lovePointList": [
          [
            0,
            0,
            1000
          ],
          [
            1,
            20,
            50000
          ],
          [
            2,
            50,
            50000
          ],
          [
            3,
            65,
            50000
          ],
          [
            4,
            79,
            50000
          ],
          [
            5,
            99,
            50000
          ],
          [
            6,
            100,
            250000
          ]
        ]
      },
      {
        "Id": 5,
        "getCond": [
          [
            6,
            100
          ]
        ],
        "unlockCond": 1,
        "sex": 1,
        "icon": "hushi",
        "bonusList": [
          [
            5,
            -0.3
          ]
        ],
        "name": "text_hushi",
        "lovePointList": [
          [
            0,
            0,
            4000
          ],
          [
            1,
            20,
            8000
          ],
          [
            2,
            50,
            8000
          ],
          [
            3,
            65,
            8000
          ],
          [
            4,
            79,
            8000
          ],
          [
            5,
            99,
            8000
          ],
          [
            6,
            100,
            60000
          ]
        ]
      },
      {
        "Id": 6,
        "getCond": [
          [
            2,
            4
          ]
        ],
        "unlockCond": 2,
        "sex": 1,
        "icon": "chaomo",
        "bonusList": [
          [
            2,
            10
          ],
          [
            1,
            -3
          ]
        ],
        "name": "text_chaomo",
        "lovePointList": [
          [
            0,
            0,
            30000
          ],
          [
            1,
            20,
            80000
          ],
          [
            2,
            50,
            80000
          ],
          [
            3,
            65,
            80000
          ],
          [
            4,
            79,
            80000
          ],
          [
            5,
            99,
            80000
          ],
          [
            6,
            100,
            400000
          ]
        ]
      },
      {
        "Id": 7,
        "getCond": [
          [
            5,
            200
          ],
          [
            4,
            10000000
          ]
        ],
        "unlockCond": 2,
        "sex": 1,
        "icon": "bafumei",
        "bonusList": [
          [
            2,
            10
          ],
          [
            3,
            150000
          ]
        ],
        "name": "text_baifumei",
        "lovePointList": [
          [
            0,
            0,
            50000
          ],
          [
            1,
            20,
            100000
          ],
          [
            2,
            50,
            100000
          ],
          [
            3,
            65,
            100000
          ],
          [
            4,
            79,
            100000
          ],
          [
            5,
            99,
            100000
          ],
          [
            6,
            100,
            500000
          ]
        ]
      },
      {
        "Id": 8,
        "getCond": [
          [
            3,
            6
          ]
        ],
        "unlockCond": 0,
        "sex": 2,
        "icon": "dage",
        "bonusList": [
          [
            4,
            2
          ]
        ],
        "name": "text_dage",
        "lovePointList": [
          [
            0,
            0,
            1000
          ],
          [
            1,
            20,
            2000
          ],
          [
            2,
            50,
            2000
          ],
          [
            3,
            65,
            2000
          ],
          [
            4,
            79,
            2000
          ],
          [
            5,
            99,
            2000
          ],
          [
            6,
            100,
            10000
          ]
        ]
      },
      {
        "Id": 9,
        "getCond": [
          [
            3,
            5
          ]
        ],
        "unlockCond": 0,
        "sex": 2,
        "icon": "shixiong",
        "bonusList": [
          [
            3,
            20000
          ]
        ],
        "name": "text_shixiong",
        "lovePointList": [
          [
            0,
            0,
            3000
          ],
          [
            1,
            20,
            6000
          ],
          [
            2,
            50,
            6000
          ],
          [
            3,
            65,
            6000
          ],
          [
            4,
            79,
            6000
          ],
          [
            5,
            99,
            6000
          ],
          [
            6,
            100,
            20000
          ]
        ]
      },
      {
        "Id": 10,
        "getCond": [
          [
            3,
            4
          ]
        ],
        "unlockCond": 2,
        "sex": 2,
        "icon": "xiaocao",
        "bonusList": [
          [
            2,
            3
          ]
        ],
        "name": "text_xiaocao",
        "lovePointList": [
          [
            0,
            0,
            5000
          ],
          [
            1,
            20,
            10000
          ],
          [
            2,
            50,
            10000
          ],
          [
            3,
            65,
            10000
          ],
          [
            4,
            79,
            10000
          ],
          [
            5,
            99,
            10000
          ],
          [
            6,
            100,
            50000
          ]
        ]
      },
      {
        "Id": 11,
        "getCond": [
          [
            4,
            1000000
          ]
        ],
        "unlockCond": 2,
        "sex": 2,
        "icon": "xiaoxianrou",
        "bonusList": [
          [
            1,
            2
          ],
          [
            3,
            -20000
          ]
        ],
        "name": "text_xiaoxianrou",
        "lovePointList": [
          [
            0,
            0,
            20000
          ],
          [
            1,
            20,
            50000
          ],
          [
            2,
            50,
            50000
          ],
          [
            3,
            65,
            50000
          ],
          [
            4,
            79,
            50000
          ],
          [
            5,
            99,
            50000
          ],
          [
            6,
            100,
            250000
          ]
        ]
      },
      {
        "Id": 12,
        "getCond": [
          [
            7,
            0
          ],
          [
            5,
            100
          ]
        ],
        "unlockCond": 2,
        "sex": 2,
        "icon": "lvshi",
        "bonusList": [
          [
            2,
            3
          ],
          [
            3,
            50000
          ]
        ],
        "name": "text_lvshi",
        "lovePointList": [
          [
            0,
            0,
            4000
          ],
          [
            1,
            20,
            8000
          ],
          [
            2,
            50,
            8000
          ],
          [
            3,
            65,
            8000
          ],
          [
            4,
            79,
            8000
          ],
          [
            5,
            99,
            8000
          ],
          [
            6,
            100,
            60000
          ]
        ]
      },
      {
        "Id": 13,
        "getCond": [
          [
            6,
            100
          ]
        ],
        "unlockCond": 2,
        "sex": 2,
        "icon": "duizhang",
        "bonusList": [
          [
            1,
            2
          ],
          [
            2,
            2
          ]
        ],
        "name": "text_duizhang",
        "lovePointList": [
          [
            0,
            0,
            40000
          ],
          [
            1,
            20,
            80000
          ],
          [
            2,
            50,
            80000
          ],
          [
            3,
            65,
            80000
          ],
          [
            4,
            79,
            80000
          ],
          [
            5,
            99,
            80000
          ],
          [
            6,
            100,
            400000
          ]
        ]
      },
      {
        "Id": 14,
        "getCond": [
          [
            5,
            200
          ],
          [
            4,
            10000000
          ]
        ],
        "unlockCond": 2,
        "sex": 2,
        "icon": "zongcai",
        "bonusList": [
          [
            3,
            150000
          ]
        ],
        "name": "text_zongcai",
        "lovePointList": [
          [
            0,
            0,
            5000
          ],
          [
            1,
            20,
            100000
          ],
          [
            2,
            50,
            100000
          ],
          [
            3,
            65,
            100000
          ],
          [
            4,
            79,
            100000
          ],
          [
            5,
            99,
            100000
          ],
          [
            6,
            100,
            500000
          ]
        ]
      }
    ]
  }
}