[[{"__type__":"cc.SceneAsset","_name":"close","scene":{"__id__":1},"asyncLoadAssets":false},{"__type__":"cc.Scene","_anchorPoint":{"__type__":"cc.Vec2"},"_children":[{"__id__":2}],"autoReleaseAssets":false},{"__type__":"cc.Node","_name":"Canvas","_parent":{"__id__":1},"_contentSize":{"__type__":"cc.Size","width":640,"height":1136},"_children":[{"__id__":3},{"__id__":4},{"__id__":6},{"__id__":19},{"__id__":25}],"_position":{"__type__":"cc.Vec2","x":320,"y":568},"_id":"834739vhZ9EC6Z8Ar/XPiDL","_components":[{"__type__":"cc.Canvas","node":{"__id__":2},"_designResolution":{"__type__":"cc.Size","width":640,"height":1136},"_fitWidth":true,"_fitHeight":false},null]},{"__type__":"cc.Node","_name":"start_bg","_parent":{"__id__":2},"_contentSize":{"__type__":"cc.Size","width":640,"height":1136},"_components":[{"__type__":"cc.Sprite","node":{"__id__":3},"_spriteFrame":{"__uuid__":"cf3b55f7-ef81-4a36-9780-b2e208be0c26"}}]},{"__type__":"cc.Node","_name":"b_green","_parent":{"__id__":2},"_contentSize":{"__type__":"cc.Size","width":251,"height":95},"_children":[{"__id__":5}],"_position":{"__type__":"cc.Vec2","y":-445},"_components":[{"__type__":"cc.Sprite","node":{"__id__":4},"_spriteFrame":{"__uuid__":"f2f39ddc-d7cf-48db-be9c-d99eee6eebc6"}},{"__type__":"cc.Button","node":{"__id__":4},"clickEvents":[{"__type__":"cc.ClickEvent","target":{"__id__":2},"component":"closeScene","handler":"btnMyReward"}],"_N$target":{"__id__":4}}]},{"__type__":"cc.Node","_name":"New Label","_parent":{"__id__":4},"_contentSize":{"__type__":"cc.Size","width":160,"height":40},"_components":[{"__type__":"cc.Label","node":{"__id__":5},"_useOriginalSize":false,"_N$string":"我的奖品","_N$horizontalAlign":1,"_N$verticalAlign":1}]},{"__type__":"cc.Node","_name":"reward","_parent":{"__id__":2},"_contentSize":{"__type__":"cc.Size","width":640,"height":1136},"_children":[{"__id__":7},{"__id__":8},{"__id__":9},{"__id__":10},{"__id__":11},{"__id__":15},{"__id__":17}],"_components":[{"__type__":"cc.Widget","node":{"__id__":6},"_alignFlags":45}]},{"__type__":"cc.Node","_name":"New Sprite(Splash)","_opacity":131,"_color":{"__type__":"cc.Color"},"_parent":{"__id__":6},"_contentSize":{"__type__":"cc.Size","width":640,"height":1136},"_components":[{"__type__":"cc.Sprite","node":{"__id__":7},"_spriteFrame":{"__uuid__":"a23235d1-15db-4b95-8439-a2e005bfff91"},"_sizeMode":0},{"__type__":"cc.Widget","node":{"__id__":7},"_alignFlags":45},{"__type__":"cc.Button","node":{"__id__":7},"_N$target":{"__id__":7}}]},{"__type__":"cc.Node","_name":"box","_parent":{"__id__":6},"_contentSize":{"__type__":"cc.Size","width":600,"height":788},"_position":{"__type__":"cc.Vec2","y":-13},"_components":[{"__type__":"cc.Sprite","node":{"__id__":8},"_spriteFrame":{"__uuid__":"758a6ebc-bab2-455c-bbf0-0d968c53f72d"},"_type":1,"_sizeMode":0}]},{"__type__":"cc.Node","_name":"stmp","_color":{"__type__":"cc.Color","r":255},"_parent":{"__id__":6},"_contentSize":{"__type__":"cc.Size","width":120,"height":40},"_position":{"__type__":"cc.Vec2","x":124,"y":248},"_components":[{"__type__":"cc.Label","node":{"__id__":9},"_useOriginalSize":false,"_N$string":"已申请","_N$horizontalAlign":1,"_N$verticalAlign":1}]},{"__type__":"cc.Node","_name":"name","_color":{"__type__":"cc.Color","r":121,"g":86,"b":14},"_parent":{"__id__":6},"_contentSize":{"__type__":"cc.Size","width":86.74,"height":40},"_position":{"__type__":"cc.Vec2","x":-10,"y":297},"_components":[{"__type__":"cc.Label","node":{"__id__":10},"_useOriginalSize":false,"_N$string":"ygao","_N$horizontalAlign":1,"_N$verticalAlign":1}]},{"__type__":"cc.Node","_name":"New ScrollView","_parent":{"__id__":6},"_contentSize":{"__type__":"cc.Size","width":510,"height":498},"_children":[{"__id__":12}],"_position":{"__type__":"cc.Vec2","x":-6,"y":-6},"_components":[{"__type__":"cc.Sprite","node":{"__id__":11},"_type":1,"_sizeMode":0},{"__type__":"cc.ScrollView","node":{"__id__":11},"content":{"__id__":13},"horizontal":false,"brake":0.75,"bounceDuration":0.23,"_N$horizontalScrollBar":null,"_N$verticalScrollBar":null}]},{"__type__":"cc.Node","_name":"view","_parent":{"__id__":11},"_anchorPoint":{"__type__":"cc.Vec2","y":0.5},"_contentSize":{"__type__":"cc.Size","width":510,"height":498},"_children":[{"__id__":13}],"_position":{"__type__":"cc.Vec2","x":-255},"_components":[{"__type__":"cc.Mask","node":{"__id__":12}},{"__type__":"cc.Widget","node":{"__id__":12},"_alignFlags":45,"_originalWidth":240,"_originalHeight":250}]},{"__type__":"cc.Node","_name":"content","_parent":{"__id__":12},"_anchorPoint":{"__type__":"cc.Vec2","y":1},"_contentSize":{"__type__":"cc.Size","width":510,"height":643},"_children":[{"__id__":14}],"_position":{"__type__":"cc.Vec2","y":319}},{"__type__":"cc.Node","_name":"item","_color":{"__type__":"cc.Color","r":137,"g":97,"b":37},"_parent":{"__id__":13},"_anchorPoint":{"__type__":"cc.Vec2","y":1},"_contentSize":{"__type__":"cc.Size","width":510,"height":80},"_position":{"__type__":"cc.Vec2","y":-69},"_components":[{"__type__":"cc.Label","node":{"__id__":14},"_useOriginalSize":false,"_N$string":"123\n","_N$overflow":3}]},{"__type__":"cc.Node","_name":"req","_parent":{"__id__":6},"_contentSize":{"__type__":"cc.Size","width":251,"height":95},"_children":[{"__id__":16}],"_position":{"__type__":"cc.Vec2","x":-140,"y":-326},"_components":[{"__type__":"cc.Sprite","node":{"__id__":15},"_spriteFrame":{"__uuid__":"e5d907b4-3475-4a08-83c3-4dece14451d1"}},{"__type__":"cc.Button","node":{"__id__":15},"transition":1,"clickEvents":[{"__type__":"cc.ClickEvent","target":{"__id__":2},"component":"closeScene","handler":"btnShengqin"}],"_N$normalColor":{"__type__":"cc.Color","r":255,"g":255,"b":255},"_N$target":{"__id__":15}}]},{"__type__":"cc.Node","_name":"New Label","_parent":{"__id__":15},"_contentSize":{"__type__":"cc.Size","width":80,"height":40},"_components":[{"__type__":"cc.Label","node":{"__id__":16},"_useOriginalSize":false,"_N$string":"申请","_N$horizontalAlign":1,"_N$verticalAlign":1}]},{"__type__":"cc.Node","_name":"green","_parent":{"__id__":6},"_contentSize":{"__type__":"cc.Size","width":251,"height":95},"_children":[{"__id__":18}],"_position":{"__type__":"cc.Vec2","x":146,"y":-326},"_components":[{"__type__":"cc.Sprite","node":{"__id__":17},"_spriteFrame":{"__uuid__":"f2f39ddc-d7cf-48db-be9c-d99eee6eebc6"}},{"__type__":"cc.Button","node":{"__id__":17},"transition":1,"clickEvents":[{"__type__":"cc.ClickEvent","target":{"__id__":2},"component":"closeScene","handler":"btnOkInfo"}],"_N$normalColor":{"__type__":"cc.Color","r":255,"g":255,"b":255},"_N$target":{"__id__":17}}]},{"__type__":"cc.Node","_name":"New Label","_parent":{"__id__":17},"_contentSize":{"__type__":"cc.Size","width":80,"height":40},"_components":[{"__type__":"cc.Label","node":{"__id__":18},"_useOriginalSize":false,"_N$string":"好的","_N$horizontalAlign":1,"_N$verticalAlign":1}]},{"__type__":"cc.Node","_name":"message","_parent":{"__id__":2},"_contentSize":{"__type__":"cc.Size","width":640,"height":1136},"_children":[{"__id__":20},{"__id__":21},{"__id__":22},{"__id__":23}],"_active":false,"_components":[{"__type__":"cc.Widget","node":{"__id__":19},"_alignFlags":45}]},{"__type__":"cc.Node","_name":"New Sprite(Splash)","_opacity":131,"_color":{"__type__":"cc.Color"},"_parent":{"__id__":19},"_contentSize":{"__type__":"cc.Size","width":640,"height":1136},"_components":[{"__type__":"cc.Sprite","node":{"__id__":20},"_spriteFrame":{"__uuid__":"a23235d1-15db-4b95-8439-a2e005bfff91"},"_sizeMode":0},{"__type__":"cc.Widget","node":{"__id__":20},"_alignFlags":45},{"__type__":"cc.Button","node":{"__id__":20},"_N$target":{"__id__":20}}]},{"__type__":"cc.Node","_name":"box","_parent":{"__id__":19},"_contentSize":{"__type__":"cc.Size","width":600,"height":393},"_components":[{"__type__":"cc.Sprite","node":{"__id__":21},"_spriteFrame":{"__uuid__":"758a6ebc-bab2-455c-bbf0-0d968c53f72d"}}]},{"__type__":"cc.Node","_name":"Label","_color":{"__type__":"cc.Color","r":121,"g":86,"b":14},"_parent":{"__id__":19},"_contentSize":{"__type__":"cc.Size","width":160,"height":40},"_position":{"__type__":"cc.Vec2","y":61},"_components":[{"__type__":"cc.Label","node":{"__id__":22},"_useOriginalSize":false,"_N$string":"分享成功","_N$horizontalAlign":1,"_N$verticalAlign":1}]},{"__type__":"cc.Node","_name":"green","_parent":{"__id__":19},"_contentSize":{"__type__":"cc.Size","width":251,"height":95},"_children":[{"__id__":24}],"_position":{"__type__":"cc.Vec2","y":-91},"_components":[{"__type__":"cc.Sprite","node":{"__id__":23},"_spriteFrame":{"__uuid__":"f2f39ddc-d7cf-48db-be9c-d99eee6eebc6"}},{"__type__":"cc.Button","node":{"__id__":23},"transition":1,"clickEvents":[{"__type__":"cc.ClickEvent","target":{"__id__":2},"component":"closeScene","handler":"btnOkMsg"}],"_N$normalColor":{"__type__":"cc.Color","r":255,"g":255,"b":255},"_N$target":{"__id__":23}}]},{"__type__":"cc.Node","_name":"New Label","_parent":{"__id__":23},"_contentSize":{"__type__":"cc.Size","width":160,"height":40},"_components":[{"__type__":"cc.Label","node":{"__id__":24},"_useOriginalSize":false,"_N$string":"继续游戏","_N$horizontalAlign":1,"_N$verticalAlign":1}]},{"__type__":"cc.Node","_name":"myreward","_parent":{"__id__":2},"_contentSize":{"__type__":"cc.Size","width":640,"height":1136},"_children":[{"__id__":26},{"__id__":27},{"__id__":28},{"__id__":29},{"__id__":31},{"__id__":56},{"__id__":57}],"_components":[{"__type__":"cc.Widget","node":{"__id__":25},"_alignFlags":45}]},{"__type__":"cc.Node","_name":"New Sprite(Splash)","_opacity":131,"_color":{"__type__":"cc.Color"},"_parent":{"__id__":25},"_contentSize":{"__type__":"cc.Size","width":640,"height":1136},"_components":[{"__type__":"cc.Sprite","node":{"__id__":26},"_spriteFrame":{"__uuid__":"a23235d1-15db-4b95-8439-a2e005bfff91"},"_sizeMode":0},{"__type__":"cc.Widget","node":{"__id__":26},"_alignFlags":45},{"__type__":"cc.Button","node":{"__id__":26},"_N$target":{"__id__":26}}]},{"__type__":"cc.Node","_name":"box","_parent":{"__id__":25},"_contentSize":{"__type__":"cc.Size","width":600,"height":745},"_position":{"__type__":"cc.Vec2","y":85},"_components":[{"__type__":"cc.Sprite","node":{"__id__":27},"_spriteFrame":{"__uuid__":"758a6ebc-bab2-455c-bbf0-0d968c53f72d"},"_type":1,"_sizeMode":0}]},{"__type__":"cc.Node","_name":"name","_color":{"__type__":"cc.Color","r":121,"g":86,"b":14},"_parent":{"__id__":25},"_contentSize":{"__type__":"cc.Size","width":240,"height":60},"_position":{"__type__":"cc.Vec2","x":-10,"y":421},"_components":[{"__type__":"cc.Label","node":{"__id__":28},"_useOriginalSize":false,"_actualFontSize":60,"_fontSize":60,"_lineHeight":60,"_N$string":"我的奖品","_N$horizontalAlign":1,"_N$verticalAlign":1}]},{"__type__":"cc.Node","_name":"b_green","_parent":{"__id__":25},"_contentSize":{"__type__":"cc.Size","width":251,"height":95},"_children":[{"__id__":30}],"_position":{"__type__":"cc.Vec2","y":-205},"_components":[{"__type__":"cc.Sprite","node":{"__id__":29},"_spriteFrame":{"__uuid__":"f2f39ddc-d7cf-48db-be9c-d99eee6eebc6"}},{"__type__":"cc.Button","node":{"__id__":29},"transition":1,"clickEvents":[{"__type__":"cc.ClickEvent","target":{"__id__":2},"component":"closeScene","handler":"btnCloseLayer"}],"_N$normalColor":{"__type__":"cc.Color","r":255,"g":255,"b":255},"_N$target":{"__id__":29}}]},{"__type__":"cc.Node","_name":"New Label","_parent":{"__id__":29},"_contentSize":{"__type__":"cc.Size","width":80,"height":40},"_components":[{"__type__":"cc.Label","node":{"__id__":30},"_useOriginalSize":false,"_N$string":"好的","_N$horizontalAlign":1,"_N$verticalAlign":1}]},{"__type__":"cc.Node","_name":"New Node","_parent":{"__id__":25},"_contentSize":{"__type__":"cc.Size","width":675,"height":422},"_children":[{"__id__":32},{"__id__":34},{"__id__":36},{"__id__":38},{"__id__":40},{"__id__":42},{"__id__":44},{"__id__":46},{"__id__":48},{"__id__":50},{"__id__":52},{"__id__":54}],"_scaleX":0.85,"_scaleY":0.85,"_position":{"__type__":"cc.Vec2","y":64},"_components":[{"__type__":"cc.Layout","node":{"__id__":31},"_layoutSize":{"__type__":"cc.Size","width":675,"height":422},"_N$layoutType":3,"_N$padding":30,"_N$spacingX":50,"_N$spacingY":25}]},{"__type__":"cc.Node","_name":"p1","_parent":{"__id__":31},"_contentSize":{"__type__":"cc.Size","width":114,"height":112},"_children":[{"__id__":33}],"_position":{"__type__":"cc.Vec2","x":-250.5,"y":125},"_components":[{"__type__":"cc.Sprite","node":{"__id__":32},"_spriteFrame":{"__uuid__":"52bf7788-558b-43b0-b13c-0571f39a2e6a"}},{"__type__":"cc.Button","node":{"__id__":32},"pressedColor":{"__type__":"cc.Color","r":255,"g":255,"b":255},"clickEvents":[{"__type__":"cc.ClickEvent","target":{"__id__":2},"component":"closeScene","handler":"btnReq"}],"_N$normalColor":{"__type__":"cc.Color","r":255,"g":255,"b":255},"_N$target":{"__id__":32}}]},{"__type__":"cc.Node","_name":"c","_parent":{"__id__":32},"_contentSize":{"__type__":"cc.Size","width":22.25,"height":40},"_position":{"__type__":"cc.Vec2","x":37,"y":-32},"_components":[{"__type__":"cc.Label","node":{"__id__":33},"_useOriginalSize":false,"_N$string":"0","_N$horizontalAlign":1,"_N$verticalAlign":1}]},{"__type__":"cc.Node","_name":"p2","_parent":{"__id__":31},"_contentSize":{"__type__":"cc.Size","width":114,"height":112},"_children":[{"__id__":35}],"_position":{"__type__":"cc.Vec2","x":-86.5,"y":125},"_components":[{"__type__":"cc.Sprite","node":{"__id__":34},"_spriteFrame":{"__uuid__":"4b3d1729-1274-409e-89a6-2c1db8ad2dd0"}},{"__type__":"cc.Button","node":{"__id__":34},"pressedColor":{"__type__":"cc.Color","r":255,"g":255,"b":255},"clickEvents":[{"__type__":"cc.ClickEvent","target":{"__id__":2},"component":"closeScene","handler":"btnReq"}],"_N$normalColor":{"__type__":"cc.Color","r":255,"g":255,"b":255},"_N$target":{"__id__":34}}]},{"__type__":"cc.Node","_name":"c","_parent":{"__id__":34},"_contentSize":{"__type__":"cc.Size","width":22.25,"height":40},"_position":{"__type__":"cc.Vec2","x":37,"y":-32},"_components":[{"__type__":"cc.Label","node":{"__id__":35},"_useOriginalSize":false,"_N$string":"0","_N$horizontalAlign":1,"_N$verticalAlign":1}]},{"__type__":"cc.Node","_name":"p3","_parent":{"__id__":31},"_contentSize":{"__type__":"cc.Size","width":114,"height":112},"_children":[{"__id__":37}],"_position":{"__type__":"cc.Vec2","x":77.5,"y":125},"_components":[{"__type__":"cc.Sprite","node":{"__id__":36},"_spriteFrame":{"__uuid__":"a75970f6-d2e1-483a-aebc-3de03f0a1280"}},{"__type__":"cc.Button","node":{"__id__":36},"pressedColor":{"__type__":"cc.Color","r":255,"g":255,"b":255},"clickEvents":[{"__type__":"cc.ClickEvent","target":{"__id__":2},"component":"closeScene","handler":"btnReq"}],"_N$normalColor":{"__type__":"cc.Color","r":255,"g":255,"b":255},"_N$target":{"__id__":36}}]},{"__type__":"cc.Node","_name":"c","_parent":{"__id__":36},"_contentSize":{"__type__":"cc.Size","width":22.25,"height":40},"_position":{"__type__":"cc.Vec2","x":37,"y":-32},"_components":[{"__type__":"cc.Label","node":{"__id__":37},"_useOriginalSize":false,"_N$string":"0","_N$horizontalAlign":1,"_N$verticalAlign":1}]},{"__type__":"cc.Node","_name":"p4","_parent":{"__id__":31},"_contentSize":{"__type__":"cc.Size","width":114,"height":112},"_children":[{"__id__":39}],"_position":{"__type__":"cc.Vec2","x":241.5,"y":125},"_components":[{"__type__":"cc.Sprite","node":{"__id__":38},"_spriteFrame":{"__uuid__":"68cbdd15-d95f-455e-a661-ff7b4020837e"}},{"__type__":"cc.Button","node":{"__id__":38},"pressedColor":{"__type__":"cc.Color","r":255,"g":255,"b":255},"clickEvents":[{"__type__":"cc.ClickEvent","target":{"__id__":2},"component":"closeScene","handler":"btnReq"}],"_N$normalColor":{"__type__":"cc.Color","r":255,"g":255,"b":255},"_N$target":{"__id__":38}}]},{"__type__":"cc.Node","_name":"c","_parent":{"__id__":38},"_contentSize":{"__type__":"cc.Size","width":22.25,"height":40},"_position":{"__type__":"cc.Vec2","x":37,"y":-32},"_components":[{"__type__":"cc.Label","node":{"__id__":39},"_useOriginalSize":false,"_N$string":"0","_N$horizontalAlign":1,"_N$verticalAlign":1}]},{"__type__":"cc.Node","_name":"p5","_parent":{"__id__":31},"_contentSize":{"__type__":"cc.Size","width":114,"height":112},"_children":[{"__id__":41}],"_position":{"__type__":"cc.Vec2","x":-250.5,"y":-12},"_components":[{"__type__":"cc.Sprite","node":{"__id__":40},"_spriteFrame":{"__uuid__":"feb1459f-e0e0-45da-bc56-6e94d3610c77"}},{"__type__":"cc.Button","node":{"__id__":40},"pressedColor":{"__type__":"cc.Color","r":255,"g":255,"b":255},"clickEvents":[{"__type__":"cc.ClickEvent","target":{"__id__":2},"component":"closeScene","handler":"btnReq"}],"_N$normalColor":{"__type__":"cc.Color","r":255,"g":255,"b":255},"_N$target":{"__id__":40}}]},{"__type__":"cc.Node","_name":"c","_parent":{"__id__":40},"_contentSize":{"__type__":"cc.Size","width":22.25,"height":40},"_position":{"__type__":"cc.Vec2","x":37,"y":-32},"_components":[{"__type__":"cc.Label","node":{"__id__":41},"_useOriginalSize":false,"_N$string":"0","_N$horizontalAlign":1,"_N$verticalAlign":1}]},{"__type__":"cc.Node","_name":"p6","_parent":{"__id__":31},"_contentSize":{"__type__":"cc.Size","width":114,"height":112},"_children":[{"__id__":43}],"_position":{"__type__":"cc.Vec2","x":-86.5,"y":-12},"_components":[{"__type__":"cc.Sprite","node":{"__id__":42},"_spriteFrame":{"__uuid__":"5ad5eecc-67f1-49af-a452-7e45f3a68a52"}},{"__type__":"cc.Button","node":{"__id__":42},"pressedColor":{"__type__":"cc.Color","r":255,"g":255,"b":255},"clickEvents":[{"__type__":"cc.ClickEvent","target":{"__id__":2},"component":"closeScene","handler":"btnReq"}],"_N$normalColor":{"__type__":"cc.Color","r":255,"g":255,"b":255},"_N$target":{"__id__":42}}]},{"__type__":"cc.Node","_name":"c","_parent":{"__id__":42},"_contentSize":{"__type__":"cc.Size","width":22.25,"height":40},"_position":{"__type__":"cc.Vec2","x":37,"y":-32},"_components":[{"__type__":"cc.Label","node":{"__id__":43},"_useOriginalSize":false,"_N$string":"0","_N$horizontalAlign":1,"_N$verticalAlign":1}]},{"__type__":"cc.Node","_name":"p7","_parent":{"__id__":31},"_contentSize":{"__type__":"cc.Size","width":114,"height":112},"_children":[{"__id__":45}],"_position":{"__type__":"cc.Vec2","x":77.5,"y":-12},"_components":[{"__type__":"cc.Sprite","node":{"__id__":44},"_spriteFrame":{"__uuid__":"74114e0f-5c49-4ebe-bff6-a147aa3f94d3"}},{"__type__":"cc.Button","node":{"__id__":44},"pressedColor":{"__type__":"cc.Color","r":255,"g":255,"b":255},"clickEvents":[{"__type__":"cc.ClickEvent","target":{"__id__":2},"component":"closeScene","handler":"btnReq"}],"_N$normalColor":{"__type__":"cc.Color","r":255,"g":255,"b":255},"_N$target":{"__id__":44}}]},{"__type__":"cc.Node","_name":"c","_parent":{"__id__":44},"_contentSize":{"__type__":"cc.Size","width":22.25,"height":40},"_position":{"__type__":"cc.Vec2","x":37,"y":-32},"_components":[{"__type__":"cc.Label","node":{"__id__":45},"_useOriginalSize":false,"_N$string":"0","_N$horizontalAlign":1,"_N$verticalAlign":1}]},{"__type__":"cc.Node","_name":"p8","_parent":{"__id__":31},"_contentSize":{"__type__":"cc.Size","width":114,"height":112},"_children":[{"__id__":47}],"_position":{"__type__":"cc.Vec2","x":241.5,"y":-12},"_components":[{"__type__":"cc.Sprite","node":{"__id__":46},"_spriteFrame":{"__uuid__":"181778a9-f916-4b22-a5cc-284a815dcc5e"}},{"__type__":"cc.Button","node":{"__id__":46},"pressedColor":{"__type__":"cc.Color","r":255,"g":255,"b":255},"clickEvents":[{"__type__":"cc.ClickEvent","target":{"__id__":2},"component":"closeScene","handler":"btnReq"}],"_N$normalColor":{"__type__":"cc.Color","r":255,"g":255,"b":255},"_N$target":{"__id__":46}}]},{"__type__":"cc.Node","_name":"c","_parent":{"__id__":46},"_contentSize":{"__type__":"cc.Size","width":22.25,"height":40},"_position":{"__type__":"cc.Vec2","x":37,"y":-32},"_components":[{"__type__":"cc.Label","node":{"__id__":47},"_useOriginalSize":false,"_N$string":"0","_N$horizontalAlign":1,"_N$verticalAlign":1}]},{"__type__":"cc.Node","_name":"p9","_parent":{"__id__":31},"_contentSize":{"__type__":"cc.Size","width":114,"height":112},"_children":[{"__id__":49}],"_position":{"__type__":"cc.Vec2","x":-250.5,"y":-149},"_components":[{"__type__":"cc.Sprite","node":{"__id__":48},"_spriteFrame":{"__uuid__":"c235854d-4004-40f3-90f8-acb7efa07a08"}},{"__type__":"cc.Button","node":{"__id__":48},"pressedColor":{"__type__":"cc.Color","r":255,"g":255,"b":255},"clickEvents":[{"__type__":"cc.ClickEvent","target":{"__id__":2},"component":"closeScene","handler":"btnReq"}],"_N$normalColor":{"__type__":"cc.Color","r":255,"g":255,"b":255},"_N$target":{"__id__":48}}]},{"__type__":"cc.Node","_name":"c","_parent":{"__id__":48},"_contentSize":{"__type__":"cc.Size","width":22.25,"height":40},"_position":{"__type__":"cc.Vec2","x":37,"y":-32},"_components":[{"__type__":"cc.Label","node":{"__id__":49},"_useOriginalSize":false,"_N$string":"0","_N$horizontalAlign":1,"_N$verticalAlign":1}]},{"__type__":"cc.Node","_name":"p10","_parent":{"__id__":31},"_contentSize":{"__type__":"cc.Size","width":114,"height":112},"_children":[{"__id__":51}],"_position":{"__type__":"cc.Vec2","x":-86.5,"y":-149},"_components":[{"__type__":"cc.Sprite","node":{"__id__":50},"_spriteFrame":{"__uuid__":"5a9429ab-8ada-4cf8-bbd4-002deff73758"}},{"__type__":"cc.Button","node":{"__id__":50},"pressedColor":{"__type__":"cc.Color","r":255,"g":255,"b":255},"clickEvents":[{"__type__":"cc.ClickEvent","target":{"__id__":2},"component":"closeScene","handler":"btnReq"}],"_N$normalColor":{"__type__":"cc.Color","r":255,"g":255,"b":255},"_N$target":{"__id__":50}}]},{"__type__":"cc.Node","_name":"c","_parent":{"__id__":50},"_contentSize":{"__type__":"cc.Size","width":22.25,"height":40},"_position":{"__type__":"cc.Vec2","x":37,"y":-32},"_components":[{"__type__":"cc.Label","node":{"__id__":51},"_useOriginalSize":false,"_N$string":"0","_N$horizontalAlign":1,"_N$verticalAlign":1}]},{"__type__":"cc.Node","_name":"p11","_parent":{"__id__":31},"_contentSize":{"__type__":"cc.Size","width":114,"height":112},"_children":[{"__id__":53}],"_position":{"__type__":"cc.Vec2","x":77.5,"y":-149},"_components":[{"__type__":"cc.Sprite","node":{"__id__":52},"_spriteFrame":{"__uuid__":"4c475fae-f16a-4421-aafc-feb5fb0bae6a"}},{"__type__":"cc.Button","node":{"__id__":52},"pressedColor":{"__type__":"cc.Color","r":255,"g":255,"b":255},"clickEvents":[{"__type__":"cc.ClickEvent","target":{"__id__":2},"component":"closeScene","handler":"btnReq"}],"_N$normalColor":{"__type__":"cc.Color","r":255,"g":255,"b":255},"_N$target":{"__id__":52}}]},{"__type__":"cc.Node","_name":"c","_parent":{"__id__":52},"_contentSize":{"__type__":"cc.Size","width":22.25,"height":40},"_position":{"__type__":"cc.Vec2","x":37,"y":-32},"_components":[{"__type__":"cc.Label","node":{"__id__":53},"_useOriginalSize":false,"_N$string":"0","_N$horizontalAlign":1,"_N$verticalAlign":1}]},{"__type__":"cc.Node","_name":"p12","_parent":{"__id__":31},"_contentSize":{"__type__":"cc.Size","width":114,"height":112},"_children":[{"__id__":55}],"_position":{"__type__":"cc.Vec2","x":241.5,"y":-149},"_components":[{"__type__":"cc.Sprite","node":{"__id__":54},"_spriteFrame":{"__uuid__":"35ee7787-5773-43f6-8926-268cbe5d796e"}},{"__type__":"cc.Button","node":{"__id__":54},"pressedColor":{"__type__":"cc.Color","r":255,"g":255,"b":255},"clickEvents":[{"__type__":"cc.ClickEvent","target":{"__id__":2},"component":"closeScene","handler":"btnReq"}],"_N$normalColor":{"__type__":"cc.Color","r":255,"g":255,"b":255},"_N$target":{"__id__":54}}]},{"__type__":"cc.Node","_name":"c","_parent":{"__id__":54},"_contentSize":{"__type__":"cc.Size","width":22.25,"height":40},"_position":{"__type__":"cc.Vec2","x":37,"y":-32},"_components":[{"__type__":"cc.Label","node":{"__id__":55},"_useOriginalSize":false,"_N$string":"0","_N$horizontalAlign":1,"_N$verticalAlign":1}]},{"__type__":"cc.Node","_name":"ylq","_color":{"__type__":"cc.Color","r":255},"_parent":{"__id__":25},"_contentSize":{"__type__":"cc.Size","width":120,"height":40},"_position":{"__type__":"cc.Vec2","x":-12,"y":311},"_components":[{"__type__":"cc.Label","node":{"__id__":56},"_useOriginalSize":false,"_N$string":"已领取","_N$horizontalAlign":1,"_N$verticalAlign":1}]},{"__type__":"cc.Node","_name":"input","_parent":{"__id__":25},"_contentSize":{"__type__":"cc.Size","width":531,"height":93},"_children":[{"__id__":58},{"__id__":59}],"_position":{"__type__":"cc.Vec2","x":3,"y":306},"_components":[{"__type__":"cc.Sprite","node":{"__id__":57},"_spriteFrame":{"__uuid__":"348eb917-e30c-4690-b9d1-f35ebbf57ad2"},"_sizeMode":0}]},{"__type__":"cc.Node","_name":"name","_color":{"__type__":"cc.Color","r":121,"g":86,"b":14},"_parent":{"__id__":57},"_anchorPoint":{"__type__":"cc.Vec2","y":0.5},"_contentSize":{"__type__":"cc.Size","width":315,"height":40},"_position":{"__type__":"cc.Vec2","x":-248},"_components":[{"__type__":"cc.Label","node":{"__id__":58},"_useOriginalSize":false,"_actualFontSize":35,"_fontSize":35,"_N$string":"此处由工作人员操作","_N$horizontalAlign":1,"_N$verticalAlign":1}]},{"__type__":"cc.Node","_name":"ok","_parent":{"__id__":57},"_contentSize":{"__type__":"cc.Size","width":108,"height":74},"_position":{"__type__":"cc.Vec2","x":195},"_components":[{"__type__":"cc.Sprite","node":{"__id__":59},"_spriteFrame":{"__uuid__":"54658ae5-00ac-4826-aaba-907e0636e6c2"}},{"__type__":"cc.Button","node":{"__id__":59},"transition":1,"clickEvents":[{"__type__":"cc.ClickEvent","target":{"__id__":2},"component":"closeScene","handler":"btnGetReward"}],"_N$normalColor":{"__type__":"cc.Color","r":255,"g":255,"b":255},"_N$target":{"__id__":59}}]}],{"__type__":"cc.SpriteFrame","content":{"name":"closed","texture":"0050975c-2df0-4c3c-9c95-4891e674933d","rect":[0,0,640,1136],"offset":[0,0],"originalSize":[640,1136]}},{"__type__":"cc.SpriteFrame","content":{"name":"ok","texture":"ce552c9e-5fea-4eb9-94f3-1adf7e530d7f","rect":[0,0,108,74],"offset":[0,0],"originalSize":[108,74]}},{"__type__":"cc.SpriteFrame","content":{"name":"input","texture":"7cf68f27-7adc-4662-ac16-7a05398a770c","rect":[0,0,444,93],"offset":[0,0],"originalSize":[444,93]}}]