{"frameRate":24,"name":"upgrade_house","version":"5.5","compatibleVersion":"5.5","armature":[{"type":"Armature","frameRate":24,"name":"root","aabb":{"x":-118.86,"y":-194.41,"width":320.95,"height":215.63},"bone":[{"name":"root","transform":{"scX":1.3,"scY":1.3}},{"length":29,"name":"dust02","parent":"root","transform":{"x":11.0966,"y":-55.6703,"skX":-87.1124,"skY":-87.1124,"scX":2.6665,"scY":2.6665}},{"length":99,"name":"hammer","parent":"root","transform":{"x":109.9031,"y":-55.3812,"skX":-89.2242,"skY":-89.2242}},{"length":39,"name":"dust022","parent":"root","transform":{"x":122.1765,"y":-9.4071,"skX":-67.4514,"skY":-67.4514,"scX":1.1202,"scY":1.129}},{"length":29,"name":"dust021","parent":"root","transform":{"x":11.0966,"y":-55.6703,"skX":-87.1124,"skY":-87.1124,"scX":2.6665,"scY":2.6665}},{"length":29,"name":"dust02111","parent":"root","transform":{"x":-51.3601,"y":-55.6703,"skX":-87.1124,"skY":-87.1124,"scX":2.6665,"scY":2.6665}},{"length":29,"name":"dust023","parent":"root","transform":{"x":11.0966,"y":-55.6703,"skX":-87.1124,"skY":-87.1124,"scX":2.6665,"scY":2.6665}},{"length":39,"name":"dust0221","parent":"root","transform":{"x":122.1765,"y":-9.4071,"skX":-67.4514,"skY":-67.4514,"scX":1.1202,"scY":1.129}},{"length":29,"name":"dust024","parent":"root","transform":{"x":11.0966,"y":-55.6703,"skX":-87.1124,"skY":-87.1124,"scX":2.6665,"scY":2.6665}},{"length":39,"name":"dust02211","parent":"root","transform":{"x":122.1765,"y":-9.4071,"skX":-67.4514,"skY":-67.4514,"scX":1.1202,"scY":1.129}},{"length":39,"name":"dust022111","parent":"root","transform":{"x":122.1765,"y":-9.4071,"skX":-67.4514,"skY":-67.4514,"scX":1.1202,"scY":1.129}},{"length":29,"name":"dust02113","parent":"root","transform":{"x":11.0966,"y":-55.6703,"skX":-87.1124,"skY":-87.1124,"scX":2.6665,"scY":2.6665}},{"length":12,"name":"star001","parent":"root","transform":{"x":-53.6481,"y":39.1638,"skX":5.2593,"skY":5.2593}},{"length":12,"name":"star0011","parent":"root","transform":{"x":-53.6481,"y":39.1638,"skX":5.2593,"skY":5.2593}},{"length":12,"name":"star00111","parent":"root","transform":{"x":-53.6481,"y":39.1638,"skX":5.2593,"skY":5.2593}},{"length":12,"name":"star0012","parent":"root","transform":{"x":-53.6481,"y":39.1638,"skX":5.2593,"skY":5.2593}}],"slot":[{"name":"dust022","parent":"dust022"},{"name":"dust022111","parent":"dust022111"},{"name":"dust02","parent":"dust02"},{"name":"dust02211","parent":"dust02211"},{"name":"dust02111","parent":"dust02111"},{"name":"dust0221","parent":"dust0221"},{"name":"dust021","parent":"dust021"},{"name":"dust02113","parent":"dust02113"},{"name":"dust023","parent":"dust023"},{"name":"hammer","parent":"hammer"},{"name":"dust024","parent":"dust024"},{"blendMode":"add","displayIndex":-1,"name":"star001","parent":"star001"},{"blendMode":"add","displayIndex":-1,"name":"star0011","parent":"star0011"},{"blendMode":"add","displayIndex":-1,"name":"star00111","parent":"star00111"},{"blendMode":"add","displayIndex":-1,"name":"star0012","parent":"star0012"}],"skin":[{"slot":[{"name":"star0011","display":[{"name":"star001","transform":{"x":0.69,"y":-0.27,"skX":-5.26,"skY":-5.26}}]},{"name":"star0012","display":[{"name":"star001","transform":{"x":0.69,"y":-0.27,"skX":-5.26,"skY":-5.26}}]},{"name":"hammer","display":[{"name":"hammer","transform":{"x":43.02,"y":0.77,"skX":89.22,"skY":89.22}}]},{"name":"dust022111","display":[{"name":"dust02","transform":{"x":2.11,"y":-2.15,"skX":87.11,"skY":87.11},"path":"dust01"}]},{"name":"dust02113","display":[{"name":"dust02","transform":{"x":2.11,"y":-2.15,"skX":87.11,"skY":87.11},"path":"dust01"}]},{"name":"dust022","display":[{"name":"dust02","transform":{"x":2.11,"y":-2.15,"skX":87.11,"skY":87.11},"path":"dust01"}]},{"name":"dust021","display":[{"name":"dust02","transform":{"x":2.11,"y":-2.15,"skX":87.11,"skY":87.11},"path":"dust01"}]},{"name":"dust023","display":[{"name":"dust02","transform":{"x":2.11,"y":-2.15,"skX":87.11,"skY":87.11},"path":"dust01"}]},{"name":"dust024","display":[{"name":"dust02","transform":{"x":2.11,"y":-2.15,"skX":87.11,"skY":87.11},"path":"dust01"}]},{"name":"dust02","display":[{"name":"dust02","transform":{"x":2.11,"y":-2.15,"skX":87.11,"skY":87.11},"path":"dust01"}]},{"name":"star00111","display":[{"name":"star001","transform":{"x":0.69,"y":-0.27,"skX":-5.26,"skY":-5.26}}]},{"name":"dust0221","display":[{"name":"dust02","transform":{"x":2.11,"y":-2.15,"skX":87.11,"skY":87.11},"path":"dust01"}]},{"name":"dust02211","display":[{"name":"dust02","transform":{"x":2.11,"y":-2.15,"skX":87.11,"skY":87.11},"path":"dust01"}]},{"name":"dust02111","display":[{"name":"dust02","transform":{"x":2.11,"y":-2.15,"skX":87.11,"skY":87.11},"path":"dust01"}]},{"name":"star001","display":[{"name":"star001","transform":{"x":0.69,"y":-0.27,"skX":-5.26,"skY":-5.26}}]}]}],"animation":[{"duration":51,"playTimes":0,"name":"upgrade","bone":[{"name":"dust02","translateFrame":[{"duration":7,"tweenEasing":0,"x":64.05,"y":-5.7},{"duration":6,"tweenEasing":0,"x":98.26,"y":1.72},{"x":143.44,"y":10.35},{"duration":12,"tweenEasing":0,"x":81.03,"y":-56.66},{"duration":25,"x":120.82,"y":-68.33}],"rotateFrame":[{"duration":13,"tweenEasing":0,"rotate":-65.5},{"rotate":-111.26},{"duration":12,"tweenEasing":0,"rotate":-69.74},{"duration":25,"rotate":170.45}],"scaleFrame":[{"duration":13,"tweenEasing":0,"x":0.69,"y":0.69},{"x":0.86,"y":0.86},{"duration":12,"tweenEasing":0,"x":0.26,"y":0.26},{"duration":25,"x":0.33,"y":0.33}]},{"name":"hammer","translateFrame":[{"duration":2,"curve":[0.5,0,1,1],"x":-17.86,"y":-24.36},{"duration":3,"curve":[0,0,0.5,1],"x":-9.09,"y":-36.64},{"duration":2,"curve":[0.5,0,1,1],"x":10.22,"y":-52.44},{"duration":2,"curve":[0,0,0.5,1],"x":3.2,"y":-48.93},{"x":10.22,"y":-52.44},{"duration":2,"curve":[0.5,0,1,1],"x":-213.24,"y":-43.7},{"duration":3,"curve":[0,0,0.5,1],"x":-213.24,"y":-35.62},{"duration":2,"curve":[0.5,0,1,1],"x":-213.24,"y":-43.7},{"duration":3,"curve":[0,0,0.5,1],"x":-213.24,"y":-35.62},{"duration":2,"curve":[0.5,0,1,1],"x":-213.24,"y":-43.7},{"duration":3,"curve":[0,0,0.5,1],"x":-213.24,"y":-35.62},{"duration":26,"x":-213.24,"y":-43.7}],"rotateFrame":[{"duration":2,"curve":[0.5,0,1,1],"rotate":29.8},{"duration":3,"curve":[0,0,0.5,1],"rotate":-45.93},{"duration":2,"curve":[0.5,0,1,1],"rotate":15.1},{"duration":2,"curve":[0,0,0.5,1],"rotate":-57.41},{"rotate":15.1},{"duration":2,"curve":[0.5,0,1,1],"rotate":-157.64},{"duration":3,"curve":[0,0,0.5,1],"rotate":-96.9},{"duration":2,"curve":[0.5,0,1,1],"rotate":-157.64},{"duration":3,"curve":[0,0,0.5,1],"rotate":-96.9},{"duration":2,"curve":[0.5,0,1,1],"rotate":-157.64},{"duration":3,"curve":[0,0,0.5,1],"rotate":-96.9},{"duration":26,"rotate":-157.64}],"scaleFrame":[{"duration":9,"curve":[0.5,0,1,1]},{},{"duration":41,"x":-1}]},{"name":"dust022","translateFrame":[{"duration":7},{"duration":14,"tweenEasing":0,"x":-175.33,"y":-34.75},{"duration":30,"x":-222.94,"y":17.41}],"rotateFrame":[{"duration":7},{"duration":14,"tweenEasing":0,"rotate":-41.14},{"duration":30,"rotate":-7.25}],"scaleFrame":[{"duration":7},{"duration":14,"tweenEasing":0,"x":1.12,"y":1.12},{"duration":30,"x":1.7,"y":1.7}]},{"name":"dust021","translateFrame":[{"duration":9,"tweenEasing":0,"x":-47.19,"y":44.16},{"duration":6,"tweenEasing":0,"x":-71.66,"y":50.96},{"tweenEasing":0,"x":-76.56,"y":48.65},{"duration":11,"tweenEasing":0,"x":-72.23,"y":-80.21},{"duration":24,"x":-106.74,"y":-98.41}],"rotateFrame":[{"duration":15,"tweenEasing":0,"rotate":43.19},{"tweenEasing":0,"rotate":-71.1},{"duration":11,"tweenEasing":0,"rotate":-46.42},{"duration":24,"rotate":-110.15}],"scaleFrame":[{"duration":9,"tweenEasing":0,"x":0.43,"y":0.43},{"duration":6,"tweenEasing":0,"x":0.65,"y":0.65},{"tweenEasing":0,"x":0.75,"y":0.75},{"duration":11,"tweenEasing":0,"x":0.45,"y":0.45},{"duration":24,"x":0.32,"y":0.32}]},{"name":"dust02111","translateFrame":[{"duration":9},{"duration":15,"tweenEasing":0,"x":40.87,"y":40.1},{"duration":27,"x":-26.37,"y":46.02}],"rotateFrame":[{"duration":9},{"duration":15,"tweenEasing":0,"rotate":-124.41},{"duration":27,"rotate":-60.14}],"scaleFrame":[{"duration":9},{"duration":15,"tweenEasing":0,"x":0.44,"y":0.44},{"duration":27,"x":0.73,"y":0.73}]},{"name":"dust023","rotateFrame":[{"duration":27,"tweenEasing":0},{"duration":24,"rotate":79.11}],"scaleFrame":[{"duration":27,"tweenEasing":0,"x":0.75,"y":0.75},{"duration":24,"x":1.09,"y":1.09}]},{"name":"dust0221","translateFrame":[{"duration":13,"tweenEasing":0,"x":-175.33,"y":-34.75},{"duration":2,"x":-224.45,"y":-18.63},{"duration":14,"tweenEasing":0,"x":-56.13,"y":-0.55},{"duration":22,"x":-24.97,"y":39.46}],"rotateFrame":[{"duration":13,"tweenEasing":0,"rotate":-41.14},{"duration":2,"rotate":-7.25},{"duration":14,"tweenEasing":0,"rotate":-94.16},{"duration":22,"rotate":-151.55}],"scaleFrame":[{"duration":13,"tweenEasing":0,"x":1.12,"y":1.12},{"duration":2,"x":1.7,"y":1.7},{"duration":14,"tweenEasing":0,"x":1.12,"y":1.12},{"duration":22,"x":0.47,"y":0.47}]},{"name":"dust024","translateFrame":[{"duration":5,"tweenEasing":0,"x":59.48,"y":-62.3},{"duration":8,"tweenEasing":0,"x":81.52,"y":-84.43},{"x":111.52,"y":-118.08},{"duration":12,"tweenEasing":0,"x":13.78,"y":82.7},{"duration":25,"x":-25.19,"y":92.44}],"rotateFrame":[{"duration":13,"tweenEasing":0,"rotate":-154.82},{"rotate":125.17},{"duration":12,"tweenEasing":0,"rotate":153.61},{"duration":25,"rotate":-114.2}],"scaleFrame":[{"duration":5,"tweenEasing":0,"x":0.34,"y":0.34},{"duration":8,"tweenEasing":0,"x":0.33,"y":0.33},{"x":0,"y":0},{"duration":12,"tweenEasing":0,"x":0.34,"y":0.34},{"duration":25,"x":0.44,"y":0.44}]},{"name":"dust02211","translateFrame":[{"duration":13,"tweenEasing":0,"x":-105.05,"y":-111.04},{"duration":2,"tweenEasing":0,"x":-82.58,"y":-149.01},{"duration":14,"tweenEasing":0,"x":-64.91,"y":-47.02},{"duration":22,"x":-26.17,"y":-89.5}],"rotateFrame":[{"duration":13,"tweenEasing":0,"rotate":53.83},{"duration":2,"tweenEasing":0,"rotate":-15.88},{"duration":14,"tweenEasing":0,"rotate":60.83},{"duration":22,"rotate":126.77}],"scaleFrame":[{"duration":13,"tweenEasing":0,"x":1.3,"y":1.3},{"duration":2,"tweenEasing":0,"x":1.61,"y":1.61},{"duration":14,"tweenEasing":0,"x":1.3,"y":1.3},{"duration":22,"x":1.16,"y":1.16}]},{"name":"dust022111","translateFrame":[{"duration":7},{"duration":13,"tweenEasing":0,"x":-146.4,"y":-107.44},{"duration":31,"x":-123.93,"y":-145.42}],"rotateFrame":[{"duration":7},{"duration":13,"tweenEasing":0,"rotate":53.83},{"duration":31,"rotate":-15.88}],"scaleFrame":[{"duration":7},{"duration":13,"tweenEasing":0,"x":1.3,"y":1.3},{"duration":31,"x":1.61,"y":1.61}]},{"name":"dust02113","translateFrame":[{"duration":5},{"duration":15,"tweenEasing":0,"x":-44.65,"y":-51.21},{"duration":31,"x":-110.1,"y":-49.65}],"rotateFrame":[{"duration":5},{"duration":15,"tweenEasing":0,"rotate":66.42},{"duration":31,"rotate":96.07}],"scaleFrame":[{"duration":5},{"duration":15,"tweenEasing":0,"x":0.45,"y":0.45},{"duration":31,"x":0.59,"y":0.59}]},{"name":"star001","translateFrame":[{"duration":35},{"duration":16,"x":-74.53,"y":-50.64}],"rotateFrame":[{"duration":35},{"duration":11,"tweenEasing":0,"rotate":-57.82},{"duration":5,"rotate":-29.67}],"scaleFrame":[{"duration":35},{"duration":6,"tweenEasing":0,"x":1.07,"y":1.07},{"duration":5,"tweenEasing":0,"x":2.05,"y":2.05},{"duration":5,"x":0.01,"y":0.01}]},{"name":"star0011","translateFrame":[{"duration":22},{"duration":11,"tweenEasing":0,"x":3.54,"y":-183.66},{"duration":7,"x":3.54,"y":-183.66},{"duration":11,"x":155.32,"y":-29.1}],"rotateFrame":[{"duration":22},{"duration":11,"tweenEasing":0,"rotate":-32.16},{"duration":7,"rotate":-4.01},{"duration":11,"tweenEasing":0,"rotate":-32.16},{"duration":0,"rotate":-4.01}],"scaleFrame":[{"duration":22},{"duration":6,"tweenEasing":0,"x":1.21,"y":1.21},{"duration":5,"tweenEasing":0,"x":2.6,"y":2.6},{"duration":7,"x":0.01,"y":0.01},{"duration":6,"tweenEasing":0,"x":1.21,"y":1.21},{"duration":5,"tweenEasing":0,"x":2.6,"y":2.6},{"duration":0,"x":0.01,"y":0.01}]},{"name":"star00111","translateFrame":[{"duration":26},{"duration":25,"x":35.74,"y":-63.3}],"rotateFrame":[{"duration":26},{"duration":11,"tweenEasing":0,"rotate":-5.63},{"duration":14,"rotate":22.52}],"scaleFrame":[{"duration":26},{"duration":6,"tweenEasing":0,"x":1.21,"y":1.21},{"duration":5,"tweenEasing":0,"x":2.6,"y":2.6},{"duration":14,"x":0.01,"y":0.01}]},{"name":"star0012","translateFrame":[{"duration":32},{"duration":19,"x":156.03,"y":-153.61}],"rotateFrame":[{"duration":32},{"duration":11,"tweenEasing":0,"rotate":-121.03},{"duration":8,"rotate":-92.88}],"scaleFrame":[{"duration":32},{"duration":6,"tweenEasing":0,"x":1.07,"y":1.07},{"duration":5,"tweenEasing":0,"x":2.05,"y":2.05},{"duration":8,"x":0.01,"y":0.01}]}],"slot":[{"name":"dust02","colorFrame":[{"duration":7,"tweenEasing":0,"value":{"rM":88,"gM":88,"bM":88}},{"duration":6,"tweenEasing":0,"value":{"rM":88,"gM":88,"bM":88}},{"value":{"aM":0,"rM":88,"gM":88,"bM":88}},{"duration":2,"tweenEasing":0,"value":{"aM":0,"rM":88,"gM":88,"bM":88}},{"duration":7,"tweenEasing":0,"value":{"rM":88,"gM":88,"bM":88}},{"duration":3,"tweenEasing":0,"value":{"rM":88,"gM":88,"bM":88}},{"duration":25,"value":{"aM":0,"rM":88,"gM":88,"bM":88}}]},{"name":"hammer","displayFrame":[{"duration":23},{"duration":28,"value":-1}],"colorFrame":[{"duration":16},{"duration":6,"tweenEasing":0},{"duration":29,"value":{"aM":0}}]},{"name":"dust022","displayFrame":[{"duration":7,"value":-1},{"duration":44}],"colorFrame":[{"duration":15},{"duration":6,"tweenEasing":0},{"duration":30,"value":{"aM":0}}]},{"name":"dust021","colorFrame":[{"duration":9,"tweenEasing":0},{"duration":6,"tweenEasing":0},{"tweenEasing":0,"value":{"aM":0}},{"duration":2,"tweenEasing":0,"value":{"aM":42}},{"duration":4,"tweenEasing":0,"value":{"aM":81}},{"duration":5,"tweenEasing":0,"value":{"aM":71}},{"duration":24,"value":{"aM":0}}]},{"name":"dust02111","displayFrame":[{"duration":9,"value":-1},{"duration":42}],"colorFrame":[{"duration":9},{"duration":9,"tweenEasing":0,"value":{"rM":78,"gM":78,"bM":78}},{"duration":6,"tweenEasing":0,"value":{"rM":78,"gM":78,"bM":78}},{"duration":27,"value":{"aM":0,"rM":78,"gM":78,"bM":78}}]},{"name":"dust023","colorFrame":[{"duration":19,"tweenEasing":0},{"duration":8,"tweenEasing":0},{"duration":24,"value":{"aM":0}}]},{"name":"dust0221","colorFrame":[{"duration":8,"tweenEasing":0,"value":{"rM":88,"gM":88,"bM":88}},{"duration":5,"tweenEasing":0,"value":{"rM":97,"gM":97,"bM":97}},{"duration":2,"value":{"aM":0}},{"duration":10,"tweenEasing":0,"value":{"rM":88,"gM":88,"bM":88}},{"duration":4,"tweenEasing":0,"value":{"rM":88,"gM":88,"bM":88}},{"duration":22,"value":{"aM":0,"rM":88,"gM":88,"bM":88}}]},{"name":"dust024","colorFrame":[{"duration":14},{"duration":2,"tweenEasing":0,"value":{"aM":0}},{"duration":10,"tweenEasing":0},{"duration":25,"value":{"aM":0}}]},{"name":"dust02211","colorFrame":[{"duration":9,"tweenEasing":0,"value":{"rM":88,"gM":88,"bM":88}},{"duration":4,"tweenEasing":0,"value":{"rM":88,"gM":88,"bM":88}},{"duration":2,"tweenEasing":0,"value":{"aM":0,"rM":88,"gM":88,"bM":88}},{"duration":9,"tweenEasing":0,"value":{"rM":88,"gM":88,"bM":88}},{"duration":5,"tweenEasing":0,"value":{"rM":88,"gM":88,"bM":88}},{"duration":22,"value":{"aM":0,"rM":88,"gM":88,"bM":88}}]},{"name":"dust022111","displayFrame":[{"duration":7,"value":-1},{"duration":44}],"colorFrame":[{"duration":7},{"duration":9,"tweenEasing":0,"value":{"rM":88,"gM":88,"bM":88}},{"duration":4,"tweenEasing":0,"value":{"rM":88,"gM":88,"bM":88}},{"duration":31,"value":{"aM":0,"rM":88,"gM":88,"bM":88}}]},{"name":"dust02113","displayFrame":[{"duration":5,"value":-1},{"duration":46}],"colorFrame":[{"duration":5},{"duration":8,"tweenEasing":0,"value":{"rM":89,"gM":89,"bM":89}},{"duration":7,"tweenEasing":0,"value":{"rM":89,"gM":89,"bM":89}},{"duration":31,"value":{"aM":0,"rM":89,"gM":89,"bM":89}}]},{"name":"star001","displayFrame":[{"duration":35,"value":-1},{"duration":16}]},{"name":"star0011","displayFrame":[{"duration":22,"value":-1},{"duration":29}]},{"name":"star00111","displayFrame":[{"duration":26,"value":-1},{"duration":25}]},{"name":"star0012","displayFrame":[{"duration":32,"value":-1},{"duration":19}]}]}],"defaultActions":[{"gotoAndPlay":"upgrade"}]}]}