{"frameRate":24,"name":"wife_6","version":"5.5","compatibleVersion":"5.5","armature":[{"type":"Armature","frameRate":24,"name":"root","aabb":{"x":-74.6,"y":-194.9,"width":123,"height":209.4},"bone":[{"name":"root"},{"length":14,"name":"shadow","parent":"root","transform":{"skX":-92.5063,"skY":-92.5063}},{"length":102,"name":"head","parent":"root","transform":{"x":-7.7,"y":-81.1,"skX":-96.8693,"skY":-96.8693}}],"slot":[{"name":"shadow","parent":"shadow"},{"name":"hair","parent":"head"},{"name":"body","parent":"root"},{"name":"head","parent":"head"},{"name":"face","parent":"head"}],"skin":[{"slot":[{"name":"face","display":[{"name":"face_normal","transform":{"x":20.89,"y":-7.41,"skX":96.87,"skY":96.87}},{"name":"face_sad","transform":{"x":20.43,"y":-8.83,"skX":96.87,"skY":96.87}}]},{"name":"head","display":[{"name":"head","transform":{"x":51,"y":-2.82,"skX":96.87,"skY":96.87}}]},{"name":"body","display":[{"name":"body","transform":{"x":-2.1,"y":-37.4}}]},{"name":"hair","display":[{"name":"hair","transform":{"x":-0.01,"y":2.62,"skX":96.87,"skY":96.87}}]},{"name":"shadow","display":[{"name":"shadow","transform":{"skX":92.51,"skY":92.51}}]}]}],"animation":[{"duration":36,"playTimes":0,"name":"idle","bone":[{"name":"head","translateFrame":[{"duration":18,"tweenEasing":0,"x":1.43},{"duration":18,"tweenEasing":0},{"duration":0,"x":1.43}],"rotateFrame":[{"duration":18,"tweenEasing":0,"rotate":6.44},{"duration":18,"tweenEasing":0,"rotate":-9.04},{"duration":0,"rotate":6.44}]},{"name":"shadow","translateFrame":[{"duration":18,"tweenEasing":0},{"duration":18,"tweenEasing":0,"x":-1.38},{"duration":0}]}]},{"duration":36,"playTimes":0,"name":"sad","bone":[{"name":"head","translateFrame":[{"duration":18,"tweenEasing":0,"x":1.43},{"duration":18,"tweenEasing":0},{"duration":0,"x":1.43}],"rotateFrame":[{"duration":18,"tweenEasing":0,"rotate":6.44},{"duration":18,"tweenEasing":0,"rotate":-9.04},{"duration":0,"rotate":6.44}]},{"name":"shadow","translateFrame":[{"duration":18,"tweenEasing":0},{"duration":18,"tweenEasing":0,"x":-1.38},{"duration":0}]}],"slot":[{"name":"face","displayFrame":[{"duration":36,"value":1}]}]}],"defaultActions":[{"gotoAndPlay":"idle"}]}]}