{"frameRate":24,"name":"wife_23","version":"5.5","compatibleVersion":"5.5","armature":[{"type":"Armature","frameRate":24,"name":"root","aabb":{"x":-83.74,"y":-214.67,"width":168.03,"height":230.98},"bone":[{"name":"root"},{"length":16,"name":"shadow","parent":"root","transform":{"x":1.6335,"y":4.63,"skX":-90,"skY":-90,"scX":1.3088,"scY":1.3088}},{"length":117,"name":"head","parent":"root","transform":{"x":-1.35,"y":-86.9,"skX":-93.743,"skY":-93.743}}],"slot":[{"name":"shadow","parent":"shadow"},{"name":"body","parent":"root"},{"name":"head","parent":"head"},{"name":"face","parent":"head"},{"name":"weapon","parent":"root"}],"skin":[{"slot":[{"name":"head","display":[{"name":"head","transform":{"x":59.26,"y":2.01,"skX":93.74,"skY":93.74}}]},{"name":"shadow","display":[{"name":"shadow","transform":{"x":2.15,"y":2.65,"skX":90,"skY":90}}]},{"name":"face","display":[{"name":"face_normal","transform":{"x":25.9,"y":-1.17,"skX":93.74,"skY":93.74}},{"name":"face_sad","transform":{"x":19.81,"y":-0.07,"skX":93.74,"skY":93.74}}]},{"name":"weapon","display":[{"name":"weapon","transform":{"x":63.29,"y":-100.67}}]},{"name":"body","display":[{"name":"body","transform":{"x":-10.74,"y":-53.17}}]}]}],"animation":[{"duration":36,"playTimes":0,"name":"sad","bone":[{"name":"head","translateFrame":[{"duration":18,"tweenEasing":0,"x":1.43},{"duration":18,"tweenEasing":0},{"duration":0,"x":1.43}],"rotateFrame":[{"duration":18,"tweenEasing":0,"rotate":6.44},{"duration":18,"tweenEasing":0,"rotate":-9.04},{"duration":0,"rotate":6.44}]},{"name":"shadow","translateFrame":[{"duration":18,"tweenEasing":0},{"duration":18,"tweenEasing":0,"x":-1.38},{"duration":0}]}],"slot":[{"name":"face","displayFrame":[{"duration":36,"value":1}]}]},{"duration":36,"playTimes":0,"name":"idle","bone":[{"name":"head","translateFrame":[{"duration":18,"tweenEasing":0,"x":1.43},{"duration":18,"tweenEasing":0},{"duration":0,"x":1.43}],"rotateFrame":[{"duration":18,"tweenEasing":0,"rotate":6.44},{"duration":18,"tweenEasing":0,"rotate":-9.04},{"duration":0,"rotate":6.44}]},{"name":"shadow","translateFrame":[{"duration":18,"tweenEasing":0},{"duration":18,"tweenEasing":0,"x":-1.38},{"duration":0}]}]}],"defaultActions":[{"gotoAndPlay":"sad"}]}]}