{"frameRate":24,"name":"wife_30","version":"5.5","compatibleVersion":"5.5","armature":[{"type":"Armature","frameRate":24,"name":"root","aabb":{"x":-95.87,"y":-212.1,"width":167,"height":225.6},"bone":[{"name":"root"},{"length":13,"name":"shadow","parent":"root","transform":{"x":-1.7771,"y":-2.25,"skX":-90,"skY":-90}},{"length":95,"name":"head","parent":"root","transform":{"x":-3.5,"y":-93.5,"skX":-93.0128,"skY":-93.0128}}],"slot":[{"name":"shadow","parent":"shadow"},{"name":"body","parent":"root"},{"name":"head","parent":"head"},{"name":"beard","parent":"head"},{"name":"face","parent":"head"}],"skin":[{"slot":[{"name":"beard","display":[{"name":"beard","transform":{"x":-4.27,"y":-2.6,"skX":93.01,"skY":93.01}}]},{"name":"head","display":[{"name":"head","transform":{"x":53.99,"y":3.48,"skX":93.01,"skY":93.01}}]},{"name":"body","display":[{"name":"body","transform":{"x":-12.37,"y":-95.6}}]},{"name":"shadow","display":[{"name":"shadow","transform":{"x":-1.25,"skX":90,"skY":90,"scX":1.4984,"scY":1.214}}]},{"name":"face","display":[{"name":"face_normal","transform":{"x":21.64,"y":-0.23,"skX":93.01,"skY":93.01}},{"name":"face_sad","transform":{"x":17.75,"y":-2.44,"skX":93.01,"skY":93.01}}]}]}],"animation":[{"duration":36,"playTimes":0,"name":"idle","bone":[{"name":"head","translateFrame":[{"duration":18,"tweenEasing":0,"x":1.43},{"duration":18,"tweenEasing":0},{"duration":0,"x":1.43}],"rotateFrame":[{"duration":18,"tweenEasing":0,"rotate":6.44},{"duration":18,"tweenEasing":0,"rotate":-9.04},{"duration":0,"rotate":6.44}]},{"name":"shadow","translateFrame":[{"duration":18,"tweenEasing":0},{"duration":18,"tweenEasing":0,"x":-1.38},{"duration":0}]}]},{"duration":36,"playTimes":0,"name":"sad","bone":[{"name":"head","translateFrame":[{"duration":18,"tweenEasing":0,"x":1.43},{"duration":18,"tweenEasing":0},{"duration":0,"x":1.43}],"rotateFrame":[{"duration":18,"tweenEasing":0,"rotate":6.44},{"duration":18,"tweenEasing":0,"rotate":-9.04},{"duration":0,"rotate":6.44}]},{"name":"shadow","translateFrame":[{"duration":18,"tweenEasing":0},{"duration":18,"tweenEasing":0,"x":-1.38},{"duration":0}]}],"slot":[{"name":"face","displayFrame":[{"duration":36,"value":1}]}]}],"defaultActions":[{"gotoAndPlay":"idle"}]}]}