{"frameRate":24,"name":"wife_16","version":"5.5","compatibleVersion":"5.5","armature":[{"type":"Armature","frameRate":24,"name":"root","aabb":{"x":-62.93,"y":-208.13,"width":119,"height":224.35},"bone":[{"name":"root"},{"length":12,"name":"shadow","parent":"root","transform":{"x":5.2489,"y":1.211,"skX":-90,"skY":-90}},{"length":112,"name":"head","parent":"root","transform":{"x":-8.2833,"y":-76.2293,"skX":-92.2978,"skY":-92.2978}}],"slot":[{"name":"shadow","parent":"shadow"},{"name":"hair2","parent":"head"},{"name":"hair1","parent":"head"},{"name":"body","parent":"root"},{"name":"head","parent":"head"},{"name":"face","parent":"head"}],"skin":[{"slot":[{"name":"body","display":[{"name":"body","transform":{"x":6.07,"y":-33.63}}]},{"name":"head","display":[{"name":"head","transform":{"x":59.68,"y":6.75,"skX":92.3,"skY":92.3}}]},{"name":"face","display":[{"name":"face_normal","transform":{"x":21.53,"y":-2.79,"skX":92.3,"skY":92.3}},{"name":"face_sad","transform":{"x":22.99,"y":-4.23,"skX":92.3,"skY":92.3}}]},{"name":"hair1","display":[{"name":"hair1","transform":{"x":-10.31,"y":29.96,"skX":92.3,"skY":92.3}}]},{"name":"hair2","display":[{"name":"hair2","transform":{"x":-11.26,"y":-21.12,"skX":92.3,"skY":92.3}}]},{"name":"shadow","display":[{"name":"shadow","transform":{"x":-0.51,"y":0.89,"skX":90,"skY":90}}]}]}],"animation":[{"duration":36,"playTimes":0,"name":"idle","bone":[{"name":"head","translateFrame":[{"duration":18,"tweenEasing":0,"x":1.43},{"duration":18,"tweenEasing":0},{"duration":0,"x":1.43}],"rotateFrame":[{"duration":18,"tweenEasing":0,"rotate":6.44},{"duration":18,"tweenEasing":0,"rotate":-9.04},{"duration":0,"rotate":6.44}]},{"name":"shadow","translateFrame":[{"duration":18,"tweenEasing":0},{"duration":18,"tweenEasing":0,"x":-1.38},{"duration":0}]}]},{"duration":36,"playTimes":0,"name":"sad","bone":[{"name":"head","translateFrame":[{"duration":18,"tweenEasing":0,"x":1.43},{"duration":18,"tweenEasing":0},{"duration":0,"x":1.43}],"rotateFrame":[{"duration":18,"tweenEasing":0,"rotate":6.44},{"duration":18,"tweenEasing":0,"rotate":-9.04},{"duration":0,"rotate":6.44}]},{"name":"shadow","translateFrame":[{"duration":18,"tweenEasing":0},{"duration":18,"tweenEasing":0,"x":-1.38},{"duration":0}]}],"slot":[{"name":"face","displayFrame":[{"duration":36,"value":1}]}]}],"defaultActions":[{"gotoAndPlay":"idle"}]}]}