{"frameRate":24,"name":"wife_7","version":"5.5","compatibleVersion":"5.5","armature":[{"type":"Armature","frameRate":24,"name":"root","aabb":{"x":-75.54,"y":-197.85,"width":128,"height":212.35},"bone":[{"name":"root"},{"length":15,"name":"shadow","parent":"root","transform":{"skX":-92.2424,"skY":-92.2424}},{"length":109,"name":"head","parent":"root","transform":{"x":-10.25,"y":-80.45,"skX":-96.6596,"skY":-96.6596}}],"slot":[{"name":"shadow","parent":"shadow"},{"name":"hair","parent":"head"},{"name":"body","parent":"root"},{"name":"head","parent":"head"},{"name":"face","parent":"head"}],"skin":[{"slot":[{"name":"shadow","display":[{"name":"shadow","transform":{"skX":92.24,"skY":92.24}}]},{"name":"body","display":[{"name":"body","transform":{"x":-3.04,"y":-34.35}}]},{"name":"face","display":[{"name":"face_normal","transform":{"x":20.52,"y":-8.12,"skX":96.66,"skY":96.66}},{"name":"face_sad","transform":{"x":20.42,"y":-9.68,"skX":96.66,"skY":96.66}}]},{"name":"hair","display":[{"name":"hair","transform":{"x":-5.04,"y":29.33,"skX":96.66,"skY":96.66}}]},{"name":"head","display":[{"name":"head","transform":{"x":48.72,"y":4.39,"skX":96.66,"skY":96.66}}]}]}],"animation":[{"duration":36,"playTimes":0,"name":"idle","bone":[{"name":"head","translateFrame":[{"duration":18,"tweenEasing":0,"x":1.43},{"duration":18,"tweenEasing":0},{"duration":0,"x":1.43}],"rotateFrame":[{"duration":18,"tweenEasing":0,"rotate":9.85},{"duration":18,"tweenEasing":0,"rotate":-5.62},{"duration":0,"rotate":9.85}]},{"name":"shadow","translateFrame":[{"duration":18,"tweenEasing":0},{"duration":18,"tweenEasing":0,"x":-1.38},{"duration":0}]}]},{"duration":36,"playTimes":0,"name":"sad","bone":[{"name":"head","translateFrame":[{"duration":18,"tweenEasing":0,"x":1.43},{"duration":18,"tweenEasing":0},{"duration":0,"x":1.43}],"rotateFrame":[{"duration":18,"tweenEasing":0,"rotate":9.85},{"duration":18,"tweenEasing":0,"rotate":-5.62},{"duration":0,"rotate":9.85}]},{"name":"shadow","translateFrame":[{"duration":18,"tweenEasing":0},{"duration":18,"tweenEasing":0,"x":-1.38},{"duration":0}]}],"slot":[{"name":"face","displayFrame":[{"duration":36,"value":1}]}]}],"defaultActions":[{"gotoAndPlay":"idle"}]}]}