{"frameRate":24,"name":"wife_22","version":"5.5","compatibleVersion":"5.5","armature":[{"type":"Armature","frameRate":24,"name":"root","aabb":{"x":-76.09,"y":-204.3,"width":148,"height":220.1},"bone":[{"name":"root"},{"length":13,"name":"shadow","parent":"root","transform":{"y":1.1422,"skX":-92.8515,"skY":-92.8515}},{"length":107,"name":"head","parent":"root","transform":{"x":-7.45,"y":-81.7,"skX":-91.1155,"skY":-91.1155}}],"slot":[{"name":"shadow","parent":"shadow"},{"name":"body","parent":"root"},{"name":"head","parent":"head"},{"name":"face","parent":"head"},{"name":"arm","parent":"root"}],"skin":[{"slot":[{"name":"head","display":[{"name":"head","transform":{"x":53.99,"y":6.41,"skX":91.12,"skY":91.12}}]},{"name":"face","display":[{"name":"face_normal","transform":{"x":24.64,"y":-1.66,"skX":91.12,"skY":91.12}},{"name":"face_sad","transform":{"x":17.14,"y":-1.81,"skX":91.12,"skY":91.12}}]},{"name":"arm","display":[{"name":"arm","transform":{"x":-6.59,"y":-55.8}}]},{"name":"shadow","display":[{"name":"shadow","transform":{"x":-0.2,"y":0.94,"skX":92.85,"skY":92.85}}]},{"name":"body","display":[{"name":"body","transform":{"x":1.41,"y":-37.8}}]}]}],"animation":[{"duration":36,"playTimes":0,"name":"idle","bone":[{"name":"head","translateFrame":[{"duration":18,"tweenEasing":0,"x":1.43},{"duration":18,"tweenEasing":0},{"duration":0,"x":1.43}],"rotateFrame":[{"duration":18,"tweenEasing":0,"rotate":6.44},{"duration":18,"tweenEasing":0,"rotate":-9.04},{"duration":0,"rotate":6.44}]},{"name":"shadow","translateFrame":[{"duration":18,"tweenEasing":0},{"duration":18,"tweenEasing":0,"x":-1.38},{"duration":0}]}]},{"duration":36,"playTimes":0,"name":"sad","bone":[{"name":"head","translateFrame":[{"duration":18,"tweenEasing":0,"x":1.43},{"duration":18,"tweenEasing":0},{"duration":0,"x":1.43}],"rotateFrame":[{"duration":18,"tweenEasing":0,"rotate":6.44},{"duration":18,"tweenEasing":0,"rotate":-9.04},{"duration":0,"rotate":6.44}]},{"name":"shadow","translateFrame":[{"duration":18,"tweenEasing":0},{"duration":18,"tweenEasing":0,"x":-1.38},{"duration":0}]}],"slot":[{"name":"face","displayFrame":[{"duration":36,"value":1}]}]}],"defaultActions":[{"gotoAndPlay":"idle"}]}]}