{"frameRate":24,"name":"wife_25","version":"5.5","compatibleVersion":"5.5","armature":[{"type":"Armature","frameRate":24,"name":"root","aabb":{"x":-81.06,"y":-198.07,"width":161,"height":213.78},"bone":[{"name":"root"},{"length":12,"name":"shadow","parent":"root","transform":{"x":0.5662,"y":-0.6679,"skX":-90,"skY":-90,"scX":0.9155,"scY":0.9155}},{"length":116,"name":"head","parent":"root","transform":{"x":-3.95,"y":-78.1,"skX":-93.0682,"skY":-93.0682}}],"slot":[{"name":"shadow","parent":"shadow"},{"name":"body","parent":"root"},{"name":"head","parent":"head"},{"name":"face","parent":"head"}],"skin":[{"slot":[{"name":"body","display":[{"name":"body","transform":{"x":-1.06,"y":-39.57}}]},{"name":"shadow","display":[{"name":"shadow","transform":{"x":-2.05,"y":1.1,"skX":90,"skY":90}}]},{"name":"head","display":[{"name":"head","transform":{"x":46.22,"y":5.87,"skX":93.07,"skY":93.07}}]},{"name":"face","display":[{"name":"face_normal","transform":{"x":28.96,"y":0.94,"skX":93.07,"skY":93.07}},{"name":"face_sad","transform":{"x":19.05,"y":-1.09,"skX":93.07,"skY":93.07}}]}]}],"animation":[{"duration":36,"playTimes":0,"name":"idle","bone":[{"name":"head","translateFrame":[{"duration":18,"tweenEasing":0,"x":1.43},{"duration":18,"tweenEasing":0},{"duration":0,"x":1.43}],"rotateFrame":[{"duration":18,"tweenEasing":0,"rotate":6.44},{"duration":18,"tweenEasing":0,"rotate":-9.04},{"duration":0,"rotate":6.44}]},{"name":"shadow","translateFrame":[{"duration":18,"tweenEasing":0},{"duration":18,"tweenEasing":0,"x":-1.38},{"duration":0}]}]},{"duration":36,"playTimes":0,"name":"sad","bone":[{"name":"head","translateFrame":[{"duration":18,"tweenEasing":0,"x":1.43},{"duration":18,"tweenEasing":0},{"duration":0,"x":1.43}],"rotateFrame":[{"duration":18,"tweenEasing":0,"rotate":6.44},{"duration":18,"tweenEasing":0,"rotate":-9.04},{"duration":0,"rotate":6.44}]},{"name":"shadow","translateFrame":[{"duration":18,"tweenEasing":0},{"duration":18,"tweenEasing":0,"x":-1.38},{"duration":0}]}],"slot":[{"name":"face","displayFrame":[{"duration":36,"value":1}]}]}],"defaultActions":[{"gotoAndPlay":"idle"}]}]}