{"frameRate":24,"name":"wife_18","version":"5.5","compatibleVersion":"5.5","armature":[{"type":"Armature","frameRate":24,"name":"root","aabb":{"x":-59.29,"y":-201.59,"width":123,"height":219.68},"bone":[{"name":"root"},{"length":15,"name":"shadow","parent":"root","transform":{"x":0.7917,"y":4.7867,"skX":-96.2773,"skY":-96.2773}},{"length":121,"name":"head","parent":"shadow","transform":{"x":79.4147,"y":5.9271,"skX":5.9704,"skY":5.9704}}],"slot":[{"name":"shadow","parent":"shadow"},{"name":"body","parent":"root"},{"name":"head","parent":"head"},{"name":"face","parent":"head"}],"skin":[{"slot":[{"name":"face","display":[{"name":"face_normal","transform":{"x":31.79,"y":-0.12,"skX":90.31,"skY":90.31}},{"name":"face_sad","transform":{"x":23.14,"y":-1.17,"skX":90.31,"skY":90.31}}]},{"name":"head","display":[{"name":"head","transform":{"x":57.77,"y":4.52,"skX":90.31,"skY":90.31}}]},{"name":"shadow","display":[{"name":"shadow","transform":{"x":1.03,"y":1.62,"skX":96.28,"skY":96.28}}]},{"name":"body","display":[{"name":"body","transform":{"x":1.71,"y":-38.59}}]}]}],"animation":[{"duration":36,"playTimes":0,"name":"idle","bone":[{"name":"head","translateFrame":[{"duration":18,"tweenEasing":0,"x":1.43},{"duration":18,"tweenEasing":0},{"duration":0,"x":1.43}],"rotateFrame":[{"duration":18,"tweenEasing":0,"rotate":6.44},{"duration":18,"tweenEasing":0,"rotate":-9.04},{"duration":0,"rotate":6.44}]},{"name":"shadow","translateFrame":[{"duration":18,"tweenEasing":0},{"duration":18,"tweenEasing":0,"x":-1.38},{"duration":0}]}]},{"duration":36,"playTimes":0,"name":"sad","bone":[{"name":"head","translateFrame":[{"duration":18,"tweenEasing":0,"x":1.43},{"duration":18,"tweenEasing":0},{"duration":0,"x":1.43}],"rotateFrame":[{"duration":18,"tweenEasing":0,"rotate":6.44},{"duration":18,"tweenEasing":0,"rotate":-9.04},{"duration":0,"rotate":6.44}]},{"name":"shadow","translateFrame":[{"duration":18,"tweenEasing":0},{"duration":18,"tweenEasing":0,"x":-1.38},{"duration":0}]}],"slot":[{"name":"face","displayFrame":[{"duration":36,"value":1}]}]}],"defaultActions":[{"gotoAndPlay":"idle"}]}]}