{"frameRate":24,"name":"wife_2","version":"5.5","compatibleVersion":"5.5","armature":[{"type":"Armature","frameRate":24,"name":"root","aabb":{"x":-94.09,"y":-186.66,"width":145,"height":201.16},"bone":[{"name":"root"},{"length":93,"name":"head","parent":"root","transform":{"x":-9.9437,"y":-82.9474,"skX":-99.8553,"skY":-99.8553}},{"length":13,"name":"shadow","parent":"root","transform":{"skX":-91.7098,"skY":-91.7098}}],"slot":[{"name":"shadow","parent":"shadow"},{"name":"body","parent":"root"},{"name":"head","parent":"head"},{"name":"face","parent":"head"}],"skin":[{"slot":[{"name":"shadow","display":[{"name":"shadow","transform":{"skX":91.71,"skY":91.71}}]},{"name":"body","display":[{"name":"body","transform":{"x":-7.59,"y":-40.16}}]},{"name":"head","display":[{"name":"head","transform":{"x":43.58,"y":-4.25,"skX":99.86,"skY":99.86}}]},{"name":"face","display":[{"name":"face_normal","transform":{"x":33.14,"y":-5.12,"skX":99.86,"skY":99.86}},{"name":"face_sad","transform":{"x":28.03,"y":-3.69,"skX":99.86,"skY":99.86}}]}]}],"animation":[{"duration":36,"playTimes":0,"name":"idle","bone":[{"name":"head","translateFrame":[{"duration":18,"tweenEasing":0,"x":1.43},{"duration":18,"tweenEasing":0},{"duration":0,"x":1.43}],"rotateFrame":[{"duration":18,"tweenEasing":0,"rotate":6.44},{"duration":18,"tweenEasing":0,"rotate":-9.04},{"duration":0,"rotate":6.44}]},{"name":"shadow","translateFrame":[{"duration":18,"tweenEasing":0},{"duration":18,"tweenEasing":0,"x":-1.38},{"duration":0}]}]},{"duration":36,"playTimes":0,"name":"sad","bone":[{"name":"head","translateFrame":[{"duration":18,"tweenEasing":0,"x":1.43},{"duration":18,"tweenEasing":0},{"duration":0,"x":1.43}],"rotateFrame":[{"duration":18,"tweenEasing":0,"rotate":6.44},{"duration":18,"tweenEasing":0,"rotate":-9.04},{"duration":0,"rotate":6.44}]},{"name":"shadow","translateFrame":[{"duration":18,"tweenEasing":0},{"duration":18,"tweenEasing":0,"x":-1.38},{"duration":0}]}],"slot":[{"name":"face","displayFrame":[{"duration":36,"value":1}]}]}],"defaultActions":[{"gotoAndPlay":"idle"}]}]}