{"SubTexture":[{"width":86,"y":1,"height":29,"name":"shadow","x":252},{"width":118,"y":1,"height":149,"name":"cloth","x":1},{"width":35,"y":135,"height":107,"name":"hair1","x":219},{"width":21,"y":152,"height":71,"name":"hair2","x":79},{"width":96,"y":135,"height":96,"name":"body","x":121},{"width":129,"y":1,"height":132,"name":"head","x":121},{"width":71,"y":200,"height":48,"name":"face_sad","x":1},{"width":76,"y":152,"height":46,"name":"face_normal","x":1}],"width":340,"imagePath":"wife_17_tex.png","name":"wife_17","height":250}