{"frameRate":24,"name":"wife_11","version":"5.5","compatibleVersion":"5.5","armature":[{"type":"Armature","frameRate":24,"name":"root","aabb":{"x":-65.9,"y":-210.32,"width":115,"height":227},"bone":[{"name":"root"},{"length":14,"name":"shadow","parent":"root","transform":{"x":3.6753,"y":4.3269,"skX":-91.3972,"skY":-91.3972}},{"length":98,"name":"head","parent":"root","transform":{"x":-6.0034,"y":-85.2903,"skX":-94.91,"skY":-94.91}}],"slot":[{"name":"shadow","parent":"shadow"},{"name":"hair","parent":"head"},{"name":"body","parent":"root"},{"name":"head","parent":"head"},{"name":"face","parent":"head"}],"skin":[{"slot":[{"name":"body","display":[{"name":"body","transform":{"x":3.1,"y":-39.82}}]},{"name":"face","display":[{"name":"face_normal","transform":{"x":10.55,"y":-1.87,"skX":94.91,"skY":94.91}},{"name":"face_sad","transform":{"x":18.65,"y":-7.19,"skX":94.91,"skY":94.91}}]},{"name":"head","display":[{"name":"head","transform":{"x":49.55,"y":1.85,"skX":94.91,"skY":94.91}}]},{"name":"hair","display":[{"name":"hair","transform":{"x":-11.4,"y":33.75,"skX":94.91,"skY":94.91}}]},{"name":"shadow","display":[{"name":"shadow","transform":{"x":2.14,"y":0.47,"skX":91.4,"skY":91.4}}]}]}],"animation":[{"duration":36,"playTimes":0,"name":"idle","bone":[{"name":"head","translateFrame":[{"duration":18,"tweenEasing":0,"x":1.43},{"duration":18,"tweenEasing":0},{"duration":0,"x":1.43}],"rotateFrame":[{"duration":18,"tweenEasing":0,"rotate":6.44},{"duration":18,"tweenEasing":0,"rotate":-9.04},{"duration":0,"rotate":6.44}]},{"name":"shadow","translateFrame":[{"duration":18,"tweenEasing":0},{"duration":18,"tweenEasing":0,"x":-1.38},{"duration":0}]}]},{"duration":36,"playTimes":0,"name":"sad","bone":[{"name":"head","translateFrame":[{"duration":18,"tweenEasing":0,"x":1.43},{"duration":18,"tweenEasing":0},{"duration":0,"x":1.43}],"rotateFrame":[{"duration":18,"tweenEasing":0,"rotate":6.44},{"duration":18,"tweenEasing":0,"rotate":-9.04},{"duration":0,"rotate":6.44}]},{"name":"shadow","translateFrame":[{"duration":18,"tweenEasing":0},{"duration":18,"tweenEasing":0,"x":-1.38},{"duration":0}]}],"slot":[{"name":"face","displayFrame":[{"duration":36,"value":1}]}]}],"defaultActions":[{"gotoAndPlay":"idle"}]}]}