{"frameRate":24,"name":"wife_33","version":"5.5","compatibleVersion":"5.5","armature":[{"type":"Armature","frameRate":24,"name":"root","aabb":{"x":-92.65,"y":-213.25,"width":168,"height":230.4},"bone":[{"name":"root"},{"length":14,"name":"shadow","parent":"root","transform":{"x":5.25,"y":4.8,"skX":-93.0733,"skY":-93.0733}},{"length":105,"name":"head","parent":"root","transform":{"x":-0.4,"y":-83.8,"skX":-91.3081,"skY":-91.3081}}],"slot":[{"name":"shadow","parent":"shadow"},{"name":"body","parent":"root"},{"name":"head","parent":"head"},{"name":"face_normal","parent":"head"},{"name":"beard","parent":"head"},{"displayIndex":-1,"name":"face_sad","parent":"head"},{"name":"arm1","parent":"root"},{"name":"arm2","parent":"root"}],"skin":[{"slot":[{"name":"head","display":[{"name":"head","transform":{"x":59.87,"y":4.12,"skX":91.31,"skY":91.31}}]},{"name":"face_normal","display":[{"name":"face_normal","transform":{"x":23.97,"y":-0.7,"skX":91.31,"skY":91.31}}]},{"name":"body","display":[{"name":"body","transform":{"x":7.85,"y":-44.75}}]},{"name":"beard","display":[{"name":"beard","transform":{"x":-8.06,"y":0.57,"skX":91.31,"skY":91.31}}]},{"name":"shadow","display":[{"name":"shadow","transform":{"x":2.13,"y":0.5,"skX":93.07,"skY":93.07,"scX":1.2566,"scY":1.2566}}]},{"name":"arm2","display":[{"name":"arm2","transform":{"x":-20.65,"y":-52.75}}]},{"name":"face_sad","display":[{"name":"face_sad","transform":{"x":22.82,"y":0.96,"skX":91.31,"skY":91.31}}]},{"name":"arm1","display":[{"name":"arm1","transform":{"x":-25.65,"y":-59.25}}]}]}],"animation":[{"duration":36,"playTimes":0,"name":"idle","bone":[{"name":"head","translateFrame":[{"duration":18,"tweenEasing":0,"x":1.43},{"duration":18,"tweenEasing":0},{"duration":0,"x":1.43}],"rotateFrame":[{"duration":18,"tweenEasing":0,"rotate":6.44},{"duration":18,"tweenEasing":0,"rotate":-9.04},{"duration":0,"rotate":6.44}]},{"name":"shadow","translateFrame":[{"duration":18,"tweenEasing":0},{"duration":18,"tweenEasing":0,"x":-1.38},{"duration":0}]}]},{"duration":36,"playTimes":0,"name":"sad","bone":[{"name":"head","translateFrame":[{"duration":18,"tweenEasing":0,"x":1.43},{"duration":18,"tweenEasing":0},{"duration":0,"x":1.43}],"rotateFrame":[{"duration":18,"tweenEasing":0,"rotate":6.44},{"duration":18,"tweenEasing":0,"rotate":-9.04},{"duration":0,"rotate":6.44}]},{"name":"shadow","translateFrame":[{"duration":18,"tweenEasing":0},{"duration":18,"tweenEasing":0,"x":-1.38},{"duration":0}]}],"slot":[{"name":"face_sad","displayFrame":[{"duration":36}]},{"name":"face_normal","displayFrame":[{"duration":36,"value":-1}]}]}],"defaultActions":[{"gotoAndPlay":"idle"}]}]}