{"frameRate":24,"name":"wife_17","version":"5.5","compatibleVersion":"5.5","armature":[{"type":"Armature","frameRate":24,"name":"root","aabb":{"x":-69.45,"y":-199.81,"width":129,"height":213.77},"bone":[{"name":"root"},{"length":14,"name":"shadow","parent":"root","transform":{"x":6.1784,"y":0.3606,"skX":-92.4896,"skY":-92.4896,"scX":1.0584,"scY":1.0584}},{"length":112,"name":"head","parent":"root","transform":{"x":-7.8492,"y":-79.9527,"skX":-93.3112,"skY":-93.3112}}],"slot":[{"name":"shadow","parent":"shadow"},{"name":"cloth","parent":"head"},{"name":"hair1","parent":"head"},{"name":"hair2","parent":"head"},{"name":"body","parent":"root"},{"name":"head","parent":"head"},{"name":"face","parent":"head"}],"skin":[{"slot":[{"name":"head","display":[{"name":"head","transform":{"x":53.6,"y":6.01,"skX":93.31,"skY":93.31}}]},{"name":"body","display":[{"name":"body","transform":{"x":4.55,"y":-37.81}}]},{"name":"hair2","display":[{"name":"hair2","transform":{"x":-8.23,"y":-24.62,"skX":93.31,"skY":93.31}}]},{"name":"hair1","display":[{"name":"hair1","transform":{"x":-7.24,"y":27.53,"skX":93.31,"skY":93.31}}]},{"name":"cloth","display":[{"name":"cloth","transform":{"x":32.99,"y":7.32,"skX":93.31,"skY":93.31}}]},{"name":"shadow","display":[{"name":"shadow","transform":{"x":0.83,"y":0.39,"skX":92.49,"skY":92.49}}]},{"name":"face","display":[{"name":"face_normal","transform":{"x":20.09,"y":-3.45,"skX":93.31,"skY":93.31}},{"name":"face_sad","transform":{"x":23.25,"y":-4.28,"skX":93.31,"skY":93.31}}]}]}],"animation":[{"duration":36,"playTimes":0,"name":"idle","bone":[{"name":"head","translateFrame":[{"duration":18,"tweenEasing":0,"x":1.43},{"duration":18,"tweenEasing":0},{"duration":0,"x":1.43}],"rotateFrame":[{"duration":18,"tweenEasing":0,"rotate":6.44},{"duration":18,"tweenEasing":0,"rotate":-9.04},{"duration":0,"rotate":6.44}]},{"name":"shadow","translateFrame":[{"duration":18,"tweenEasing":0},{"duration":18,"tweenEasing":0,"x":-1.38},{"duration":0}]}]},{"duration":36,"playTimes":0,"name":"sad","bone":[{"name":"head","translateFrame":[{"duration":18,"tweenEasing":0,"x":1.43},{"duration":18,"tweenEasing":0},{"duration":0,"x":1.43}],"rotateFrame":[{"duration":18,"tweenEasing":0,"rotate":6.44},{"duration":18,"tweenEasing":0,"rotate":-9.04},{"duration":0,"rotate":6.44}]},{"name":"shadow","translateFrame":[{"duration":18,"tweenEasing":0},{"duration":18,"tweenEasing":0,"x":-1.38},{"duration":0}]}],"slot":[{"name":"face","displayFrame":[{"duration":36,"value":1}]}]}],"defaultActions":[{"gotoAndPlay":"idle"}]}]}