{"frameRate":24,"name":"wife_5","version":"5.5","compatibleVersion":"5.5","armature":[{"type":"Armature","frameRate":24,"name":"root","aabb":{"x":-64.63,"y":-193.02,"width":108,"height":207.52},"bone":[{"name":"root"},{"length":11,"name":"shadow","parent":"root","transform":{"skX":-90,"skY":-90}},{"length":89,"name":"head","parent":"root","transform":{"x":-13.95,"y":-78.8,"skX":-95.7489,"skY":-95.7489}}],"slot":[{"name":"shadow","parent":"shadow"},{"name":"hair","parent":"head"},{"name":"body","parent":"root"},{"name":"head","parent":"head"},{"name":"face","parent":"head"}],"skin":[{"slot":[{"name":"head","display":[{"name":"head","transform":{"x":50.63,"y":8.43,"skX":95.75,"skY":95.75}}]},{"name":"face","display":[{"name":"face_normal","transform":{"x":19.84,"y":-0.2,"skX":95.75,"skY":95.75}},{"name":"face_sad","transform":{"x":23.52,"y":-3.2,"skX":95.75,"skY":95.75}}]},{"name":"hair","display":[{"name":"hair","transform":{"x":-0.08,"y":22.93,"skX":95.75,"skY":95.75}}]},{"name":"shadow","display":[{"name":"shadow","transform":{"skX":90,"skY":90}}]},{"name":"body","display":[{"name":"body","transform":{"x":-2.13,"y":-35.52}}]}]}],"animation":[{"duration":36,"playTimes":0,"name":"idle","bone":[{"name":"head","translateFrame":[{"duration":18,"tweenEasing":0,"x":1.43},{"duration":18,"tweenEasing":0},{"duration":0,"x":1.43}],"rotateFrame":[{"duration":18,"tweenEasing":0,"rotate":6.44},{"duration":18,"tweenEasing":0,"rotate":-9.04},{"duration":0,"rotate":6.44}]},{"name":"shadow","translateFrame":[{"duration":18,"tweenEasing":0},{"duration":18,"tweenEasing":0,"x":-1.38},{"duration":0}]}]},{"duration":36,"playTimes":0,"name":"sad","bone":[{"name":"head","translateFrame":[{"duration":18,"tweenEasing":0,"x":1.43},{"duration":18,"tweenEasing":0},{"duration":0,"x":1.43}],"rotateFrame":[{"duration":18,"tweenEasing":0,"rotate":6.44},{"duration":18,"tweenEasing":0,"rotate":-9.04},{"duration":0,"rotate":6.44}]},{"name":"shadow","translateFrame":[{"duration":18,"tweenEasing":0},{"duration":18,"tweenEasing":0,"x":-1.38},{"duration":0}]}],"slot":[{"name":"face","displayFrame":[{"duration":36,"value":1}]}]}],"defaultActions":[{"gotoAndPlay":"idle"}]}]}