{"frameRate":24,"name":"wife_9","version":"5.5","compatibleVersion":"5.5","armature":[{"type":"Armature","frameRate":24,"name":"root","aabb":{"x":-64.79,"y":-201.97,"width":118,"height":219.89},"bone":[{"name":"root"},{"length":14,"name":"shadow","parent":"root","transform":{"x":4.6476,"y":4.773,"skX":-94.5347,"skY":-94.5347}},{"length":103,"name":"head","parent":"root","transform":{"x":-8.7352,"y":-78.3709,"skX":-94.5928,"skY":-94.5928}}],"slot":[{"name":"shadow","parent":"shadow"},{"name":"hair","parent":"head"},{"name":"body","parent":"root"},{"name":"head","parent":"head"},{"name":"face","parent":"head"}],"skin":[{"slot":[{"name":"face","display":[{"name":"face_normal","transform":{"x":33.39,"y":-4.62,"skX":94.59,"skY":94.59}},{"name":"face_sad","transform":{"x":22.63,"y":-3.86,"skX":94.59,"skY":94.59}}]},{"name":"head","display":[{"name":"head","transform":{"x":54.69,"y":7.35,"skX":94.59,"skY":94.59}}]},{"name":"body","display":[{"name":"body","transform":{"x":-4.29,"y":-38.47}}]},{"name":"hair","display":[{"name":"hair","transform":{"x":5.02,"y":32.46,"skX":94.59,"skY":94.59}}]},{"name":"shadow","display":[{"name":"shadow","transform":{"x":1.33,"y":0.26,"skX":94.53,"skY":94.53}}]}]}],"animation":[{"duration":36,"playTimes":0,"name":"idle","bone":[{"name":"head","translateFrame":[{"duration":18,"tweenEasing":0,"x":1.43},{"duration":18,"tweenEasing":0},{"duration":0,"x":1.43}],"rotateFrame":[{"duration":18,"tweenEasing":0,"rotate":6.44},{"duration":18,"tweenEasing":0,"rotate":-9.04},{"duration":0,"rotate":6.44}]},{"name":"shadow","translateFrame":[{"duration":18,"tweenEasing":0},{"duration":18,"tweenEasing":0,"x":-1.38},{"duration":0}]}]},{"duration":36,"playTimes":0,"name":"sad","bone":[{"name":"head","translateFrame":[{"duration":18,"tweenEasing":0,"x":1.43},{"duration":18,"tweenEasing":0},{"duration":0,"x":1.43}],"rotateFrame":[{"duration":18,"tweenEasing":0,"rotate":6.44},{"duration":18,"tweenEasing":0,"rotate":-9.04},{"duration":0,"rotate":6.44}]},{"name":"shadow","translateFrame":[{"duration":18,"tweenEasing":0},{"duration":18,"tweenEasing":0,"x":-1.38},{"duration":0}]}],"slot":[{"name":"face","displayFrame":[{"duration":36,"value":1}]}]}],"defaultActions":[{"gotoAndPlay":"idle"}]}]}