{"frameRate":24,"name":"wife_26","version":"5.5","compatibleVersion":"5.5","armature":[{"type":"Armature","frameRate":24,"name":"root","aabb":{"x":-59.15,"y":-204.98,"width":112,"height":218.89},"bone":[{"name":"root"},{"length":14,"name":"shadow","parent":"root","transform":{"x":5.19,"y":-0.0327,"skX":-93.2359,"skY":-93.2359,"scX":1.1168,"scY":1.1168}},{"length":124,"name":"head","parent":"root","transform":{"x":-5.7942,"y":-74.6372,"skX":-91.6109,"skY":-91.6109}}],"slot":[{"name":"shadow","parent":"shadow"},{"name":"hat","parent":"head"},{"name":"body","parent":"root"},{"name":"head","parent":"head"},{"name":"beard","parent":"head"},{"name":"face","parent":"head"},{"name":"cloth","parent":"head"},{"name":"arm","parent":"root"}],"skin":[{"slot":[{"name":"hat","display":[{"name":"hat","transform":{"x":10.28,"y":37.94,"skX":91.61,"skY":91.61}}]},{"name":"body","display":[{"name":"body","transform":{"x":5.85,"y":-35.98}}]},{"name":"head","display":[{"name":"head","transform":{"x":60.79,"y":2.85,"skX":91.61,"skY":91.61}}]},{"name":"beard","display":[{"name":"beard","transform":{"x":4.91,"y":-2.22,"skX":91.61,"skY":91.61}}]},{"name":"face","display":[{"name":"face_normal","transform":{"x":28.9,"y":-1.55,"skX":91.61,"skY":91.61}},{"name":"face_sad","transform":{"x":25.96,"y":-3.63,"skX":91.61,"skY":91.61}}]},{"name":"cloth","display":[{"name":"cloth","transform":{"x":-0.19,"y":1.14,"skX":91.61,"skY":91.61}}]},{"name":"arm","display":[{"name":"arm","transform":{"x":-2.65,"y":-44.98}}]},{"name":"shadow","display":[{"name":"shadow","transform":{"x":0.47,"y":0.53,"skX":93.24,"skY":93.24}}]}]}],"animation":[{"duration":36,"playTimes":0,"name":"idle","bone":[{"name":"head","translateFrame":[{"duration":18,"tweenEasing":0,"x":1.43},{"duration":18,"tweenEasing":0},{"duration":0,"x":1.43}],"rotateFrame":[{"duration":18,"tweenEasing":0,"rotate":6.44},{"duration":18,"tweenEasing":0,"rotate":-9.04},{"duration":0,"rotate":6.44}]},{"name":"shadow","translateFrame":[{"duration":18,"tweenEasing":0},{"duration":18,"tweenEasing":0,"x":-1.38},{"duration":0}]}]},{"duration":36,"playTimes":0,"name":"sad","bone":[{"name":"head","translateFrame":[{"duration":18,"tweenEasing":0,"x":1.43},{"duration":18,"tweenEasing":0},{"duration":0,"x":1.43}],"rotateFrame":[{"duration":18,"tweenEasing":0,"rotate":6.44},{"duration":18,"tweenEasing":0,"rotate":-9.04},{"duration":0,"rotate":6.44}]},{"name":"shadow","translateFrame":[{"duration":18,"tweenEasing":0},{"duration":18,"tweenEasing":0,"x":-1.38},{"duration":0}]}],"slot":[{"name":"face","displayFrame":[{"duration":36,"value":1}]}]}],"defaultActions":[{"gotoAndPlay":"idle"}]}]}