{"width":185,"SubTexture":[{"width":86,"y":474,"height":29,"name":"shadow","x":1},{"width":113,"y":271,"height":123,"name":"body","x":1},{"width":146,"y":1,"height":139,"name":"head","x":1},{"width":70,"y":396,"height":51,"name":"face_normal","x":89},{"width":52,"y":449,"height":57,"name":"beard","x":89},{"width":86,"y":396,"height":76,"name":"face_sad","x":1},{"width":40,"y":449,"height":58,"name":"arm1","x":143},{"width":144,"y":142,"height":127,"name":"arm2","x":1}],"height":509,"name":"wife_33","imagePath":"wife_33_tex.png"}