{"frameRate":24,"name":"wife_24","version":"5.5","compatibleVersion":"5.5","armature":[{"type":"Armature","frameRate":24,"name":"root","aabb":{"x":-85.1,"y":-213.67,"width":187,"height":229.3},"bone":[{"name":"root"},{"length":13,"name":"shadow","parent":"root","transform":{"x":9.9233,"y":0.2869,"skX":-87.8867,"skY":-87.8867,"scX":1.3071,"scY":1.3071}},{"length":125,"name":"head","parent":"root","transform":{"x":1.5,"y":-75.75,"skX":-90.892,"skY":-90.892}}],"slot":[{"name":"shadow","parent":"shadow"},{"name":"body","parent":"root"},{"name":"head","parent":"head"},{"name":"face","parent":"head"},{"name":"weapon","parent":"root"}],"skin":[{"slot":[{"name":"head","display":[{"name":"head","transform":{"x":64.64,"y":-13.6,"skX":90.89,"skY":90.89}}]},{"name":"shadow","display":[{"name":"shadow","transform":{"x":-0.68,"y":-0.68,"skX":87.89,"skY":87.89}}]},{"name":"weapon","display":[{"name":"weapon","transform":{"x":73.4,"y":-82.17}}]},{"name":"body","display":[{"name":"body","transform":{"x":2.4,"y":-42.17}}]},{"name":"face","display":[{"name":"face_normal","transform":{"x":27.93,"y":-0.67,"skX":90.89,"skY":90.89}},{"name":"face_sad","transform":{"x":18.43,"y":-0.82,"skX":90.89,"skY":90.89}}]}]}],"animation":[{"duration":36,"playTimes":0,"name":"idle","bone":[{"name":"head","translateFrame":[{"duration":18,"tweenEasing":0,"x":1.43},{"duration":18,"tweenEasing":0},{"duration":0,"x":1.43}],"rotateFrame":[{"duration":18,"tweenEasing":0,"rotate":6.44},{"duration":18,"tweenEasing":0,"rotate":-9.04},{"duration":0,"rotate":6.44}]},{"name":"shadow","translateFrame":[{"duration":18,"tweenEasing":0},{"duration":18,"tweenEasing":0,"x":-1.38},{"duration":0}]}]},{"duration":36,"playTimes":0,"name":"sad","bone":[{"name":"head","translateFrame":[{"duration":18,"tweenEasing":0,"x":1.43},{"duration":18,"tweenEasing":0},{"duration":0,"x":1.43}],"rotateFrame":[{"duration":18,"tweenEasing":0,"rotate":6.44},{"duration":18,"tweenEasing":0,"rotate":-9.04},{"duration":0,"rotate":6.44}]},{"name":"shadow","translateFrame":[{"duration":18,"tweenEasing":0},{"duration":18,"tweenEasing":0,"x":-1.38},{"duration":0}]}],"slot":[{"name":"face","displayFrame":[{"duration":36,"value":1}]}]}],"defaultActions":[{"gotoAndPlay":"idle"}]}]}