{"frameRate":24,"name":"wife_10","version":"5.5","compatibleVersion":"5.5","armature":[{"type":"Armature","frameRate":24,"name":"root","aabb":{"x":-63.87,"y":-185.72,"width":123,"height":201.79},"bone":[{"name":"root"},{"length":13,"name":"shadow","parent":"root","transform":{"x":6.9661,"y":1.405,"skX":-90,"skY":-90}},{"length":87,"name":"head","parent":"root","transform":{"x":-6.5732,"y":-79.5671,"skX":-94.9613,"skY":-94.9613}}],"slot":[{"name":"shadow","parent":"shadow"},{"name":"body","parent":"root"},{"name":"head","parent":"head"},{"name":"face","parent":"head"}],"skin":[{"slot":[{"name":"body","display":[{"name":"body","transform":{"x":-1.37,"y":-40.72}}]},{"name":"head","display":[{"name":"head","transform":{"x":44.62,"y":8.09,"skX":94.96,"skY":94.96}}]},{"name":"face","display":[{"name":"face_normal","transform":{"x":29.72,"y":-1.13,"skX":94.96,"skY":94.96}},{"name":"face_sad","transform":{"x":22.44,"y":-1.57,"skX":94.96,"skY":94.96}}]},{"name":"shadow","display":[{"name":"shadow","transform":{"x":-0.17,"y":0.04,"skX":90,"skY":90}}]}]}],"animation":[{"duration":36,"playTimes":0,"name":"idle","bone":[{"name":"head","translateFrame":[{"duration":18,"tweenEasing":0,"x":1.43},{"duration":18,"tweenEasing":0},{"duration":0,"x":1.43}],"rotateFrame":[{"duration":18,"tweenEasing":0,"rotate":6.44},{"duration":18,"tweenEasing":0,"rotate":-9.04},{"duration":0,"rotate":6.44}]},{"name":"shadow","translateFrame":[{"duration":18,"tweenEasing":0},{"duration":18,"tweenEasing":0,"x":-1.38},{"duration":0}]}]},{"duration":36,"playTimes":0,"name":"sad","bone":[{"name":"head","translateFrame":[{"duration":18,"tweenEasing":0,"x":1.43},{"duration":18,"tweenEasing":0},{"duration":0,"x":1.43}],"rotateFrame":[{"duration":18,"tweenEasing":0,"rotate":6.44},{"duration":18,"tweenEasing":0,"rotate":-9.04},{"duration":0,"rotate":6.44}]},{"name":"shadow","translateFrame":[{"duration":18,"tweenEasing":0},{"duration":18,"tweenEasing":0,"x":-1.38},{"duration":0}]}],"slot":[{"name":"face","displayFrame":[{"duration":36,"value":1}]}]}],"defaultActions":[{"gotoAndPlay":"idle"}]}]}