{"frameRate":24,"name":"wife_28","version":"5.5","compatibleVersion":"5.5","armature":[{"type":"Armature","frameRate":24,"name":"root","aabb":{"x":-68.88,"y":-205.28,"width":130,"height":223.14},"bone":[{"name":"root"},{"length":13,"name":"shadow","parent":"root","transform":{"x":0.9901,"y":2.8592,"skX":-91.4962,"skY":-91.4962}},{"length":107,"name":"head","parent":"root","transform":{"x":-7.9,"y":-88.7737,"skX":-91.4776,"skY":-91.4776}}],"slot":[{"name":"shadow","parent":"shadow"},{"name":"body","parent":"root"},{"name":"head","parent":"head"},{"name":"hand","parent":"root"},{"name":"face","parent":"head"}],"skin":[{"slot":[{"name":"hand","display":[{"name":"hand","transform":{"x":-2.38,"y":-49.78}}]},{"name":"head","display":[{"name":"head","transform":{"x":44.95,"y":2.68,"skX":91.48,"skY":91.48}}]},{"name":"shadow","display":[{"name":"shadow","transform":{"x":-0.5,"y":0.09,"skX":91.5,"skY":91.5}}]},{"name":"face","display":[{"name":"face_normal","transform":{"x":25.09,"y":-2.83,"skX":91.48,"skY":91.48}},{"name":"face_sad","transform":{"x":20.59,"y":-2.95,"skX":91.48,"skY":91.48}}]},{"name":"body","display":[{"name":"body","transform":{"x":-4.38,"y":-43.78}}]}]}],"animation":[{"duration":36,"playTimes":0,"name":"idle","bone":[{"name":"head","translateFrame":[{"duration":18,"tweenEasing":0,"x":1.43},{"duration":18,"tweenEasing":0},{"duration":0,"x":1.43}],"rotateFrame":[{"duration":18,"tweenEasing":0,"rotate":6.44},{"duration":18,"tweenEasing":0,"rotate":-9.04},{"duration":0,"rotate":6.44}]},{"name":"shadow","translateFrame":[{"duration":18,"tweenEasing":0},{"duration":18,"tweenEasing":0,"x":-1.38},{"duration":0}]}]},{"duration":36,"playTimes":0,"name":"sad","bone":[{"name":"head","translateFrame":[{"duration":18,"tweenEasing":0,"x":1.43},{"duration":18,"tweenEasing":0},{"duration":0,"x":1.43}],"rotateFrame":[{"duration":18,"tweenEasing":0,"rotate":6.44},{"duration":18,"tweenEasing":0,"rotate":-9.04},{"duration":0,"rotate":6.44}]},{"name":"shadow","translateFrame":[{"duration":18,"tweenEasing":0},{"duration":18,"tweenEasing":0,"x":-1.38},{"duration":0}]}],"slot":[{"name":"face","displayFrame":[{"duration":36,"value":1}]}]}],"defaultActions":[{"gotoAndPlay":"idle"}]}]}