{"frameRate":24,"name":"wife_29","version":"5.5","compatibleVersion":"5.5","armature":[{"type":"Armature","frameRate":24,"name":"root","aabb":{"x":-74.69,"y":-210.63,"width":142,"height":227.19},"bone":[{"name":"root"},{"length":15,"name":"shadow","parent":"root","transform":{"x":3.7632,"y":3.1091,"skX":-90,"skY":-90}},{"length":107,"name":"head","parent":"root","transform":{"x":-1.95,"y":-82.75,"skX":-92.9036,"skY":-92.9036}}],"slot":[{"name":"shadow","parent":"shadow"},{"name":"arrow","parent":"root"},{"name":"body","parent":"root"},{"name":"head","parent":"head"},{"name":"face","parent":"head"}],"skin":[{"slot":[{"name":"face","display":[{"name":"face_normal","transform":{"x":23.52,"y":-2.05,"skX":92.9,"skY":92.9}},{"name":"face_sad","transform":{"x":24.04,"y":-2.53,"skX":92.9,"skY":92.9}}]},{"name":"body","display":[{"name":"body","transform":{"x":-14.19,"y":-50.13}}]},{"name":"head","display":[{"name":"head","transform":{"x":58.72,"y":4.74,"skX":92.9,"skY":92.9}}]},{"name":"arrow","display":[{"name":"arrow","transform":{"x":29.31,"y":-82.63}}]},{"name":"shadow","display":[{"name":"shadow","transform":{"x":1.05,"y":-0.2,"skX":90,"skY":90}}]}]}],"animation":[{"duration":36,"playTimes":0,"name":"idle","bone":[{"name":"head","translateFrame":[{"duration":18,"tweenEasing":0,"x":1.43},{"duration":18,"tweenEasing":0},{"duration":0,"x":1.43}],"rotateFrame":[{"duration":18,"tweenEasing":0,"rotate":6.44},{"duration":18,"tweenEasing":0,"rotate":-9.04},{"duration":0,"rotate":6.44}]},{"name":"shadow","translateFrame":[{"duration":18,"tweenEasing":0},{"duration":18,"tweenEasing":0,"x":-1.38},{"duration":0}]}]},{"duration":36,"playTimes":0,"name":"sad","bone":[{"name":"head","translateFrame":[{"duration":18,"tweenEasing":0,"x":1.43},{"duration":18,"tweenEasing":0},{"duration":0,"x":1.43}],"rotateFrame":[{"duration":18,"tweenEasing":0,"rotate":6.44},{"duration":18,"tweenEasing":0,"rotate":-9.04},{"duration":0,"rotate":6.44}]},{"name":"shadow","translateFrame":[{"duration":18,"tweenEasing":0},{"duration":18,"tweenEasing":0,"x":-1.38},{"duration":0}]}],"slot":[{"name":"face","displayFrame":[{"duration":36,"value":1}]}]}],"defaultActions":[{"gotoAndPlay":"idle"}]}]}