{"frameRate":24,"name":"wife_19","version":"5.5","compatibleVersion":"5.5","armature":[{"type":"Armature","frameRate":24,"name":"root","aabb":{"x":-69.98,"y":-200.54,"width":132,"height":216.54},"bone":[{"name":"root"},{"length":13,"name":"shadow","parent":"root","transform":{"x":1.7605,"y":1.5468,"skX":-90,"skY":-90}},{"length":114,"name":"head","parent":"root","transform":{"x":-3.35,"y":-75.65,"skX":-90.827,"skY":-90.827}}],"slot":[{"name":"shadow","parent":"shadow"},{"name":"body","parent":"root"},{"name":"head","parent":"head"},{"name":"face","parent":"head"}],"skin":[{"slot":[{"name":"head","display":[{"name":"head","transform":{"x":57.39,"y":0.2,"skX":90.83,"skY":90.83}}]},{"name":"body","display":[{"name":"body","transform":{"x":-0.48,"y":-37.54}}]},{"name":"face","display":[{"name":"face_normal","transform":{"x":30.38,"y":0.81,"skX":90.83,"skY":90.83}},{"name":"face_sad","transform":{"x":23.43,"y":-2.74,"skX":90.83,"skY":90.83}}]},{"name":"shadow","display":[{"name":"shadow","transform":{"x":0.05,"y":-0.2,"skX":90,"skY":90}}]}]}],"animation":[{"duration":36,"playTimes":0,"name":"idle","bone":[{"name":"head","translateFrame":[{"duration":18,"tweenEasing":0,"x":1.43},{"duration":18,"tweenEasing":0},{"duration":0,"x":1.43}],"rotateFrame":[{"duration":18,"tweenEasing":0,"rotate":6.44},{"duration":18,"tweenEasing":0,"rotate":-9.04},{"duration":0,"rotate":6.44}]},{"name":"shadow","translateFrame":[{"duration":18,"tweenEasing":0},{"duration":18,"tweenEasing":0,"x":-1.38},{"duration":0}]}]},{"duration":36,"playTimes":0,"name":"sad","bone":[{"name":"head","translateFrame":[{"duration":18,"tweenEasing":0,"x":1.43},{"duration":18,"tweenEasing":0},{"duration":0,"x":1.43}],"rotateFrame":[{"duration":18,"tweenEasing":0,"rotate":6.44},{"duration":18,"tweenEasing":0,"rotate":-9.04},{"duration":0,"rotate":6.44}]},{"name":"shadow","translateFrame":[{"duration":18,"tweenEasing":0},{"duration":18,"tweenEasing":0,"x":-1.38},{"duration":0}]}],"slot":[{"name":"face","displayFrame":[{"duration":36,"value":1}]}]}],"defaultActions":[{"gotoAndPlay":"idle"}]}]}