{"frameRate":24,"name":"wife_1","version":"5.5","compatibleVersion":"5.5","armature":[{"type":"Armature","frameRate":24,"name":"root","aabb":{"x":-64.66,"y":-191.97,"width":120,"height":206.47},"bone":[{"name":"root"},{"length":12,"name":"shadow","parent":"root","transform":{"skX":-91.171,"skY":-91.171}},{"length":91,"name":"head","parent":"root","transform":{"x":-9.7958,"y":-77.9142,"skX":-95.3276,"skY":-95.3276}}],"slot":[{"name":"shadow","parent":"shadow"},{"name":"hair","parent":"head"},{"name":"body","parent":"root"},{"name":"head","parent":"head"},{"name":"face","parent":"head"}],"skin":[{"slot":[{"name":"body","display":[{"name":"body","transform":{"x":-6.16,"y":-39.97}}]},{"name":"face","display":[{"name":"face_normal","transform":{"x":27.95,"y":-1.68,"skX":95.33,"skY":95.33}},{"name":"face_sad","transform":{"x":23.8,"y":-3.96,"skX":95.33,"skY":95.33}}]},{"name":"shadow","display":[{"name":"shadow","transform":{"x":-0.03,"y":1.28,"skX":91.17,"skY":91.17}}]},{"name":"hair","display":[{"name":"hair","transform":{"x":-1.62,"y":34.13,"skX":95.33,"skY":95.33}}]},{"name":"head","display":[{"name":"head","transform":{"x":49.36,"y":9.76,"skX":95.33,"skY":95.33}}]}]}],"animation":[{"duration":36,"playTimes":0,"name":"idle","bone":[{"name":"head","translateFrame":[{"duration":18,"tweenEasing":0,"x":1.43},{"duration":18,"tweenEasing":0},{"duration":0,"x":1.43}],"rotateFrame":[{"duration":18,"tweenEasing":0,"rotate":6.44},{"duration":18,"tweenEasing":0,"rotate":-9.04},{"duration":0,"rotate":6.44}]},{"name":"shadow","translateFrame":[{"duration":18,"tweenEasing":0},{"duration":18,"tweenEasing":0,"x":-1.38},{"duration":0}]}]},{"duration":36,"playTimes":0,"name":"sad","bone":[{"name":"head","translateFrame":[{"duration":18,"tweenEasing":0,"x":1.43},{"duration":18,"tweenEasing":0},{"duration":0,"x":1.43}],"rotateFrame":[{"duration":18,"tweenEasing":0,"rotate":6.44},{"duration":18,"tweenEasing":0,"rotate":-9.04},{"duration":0,"rotate":6.44}]},{"name":"shadow","translateFrame":[{"duration":18,"tweenEasing":0},{"duration":18,"tweenEasing":0,"x":-1.38},{"duration":0}]}],"slot":[{"name":"face","displayFrame":[{"duration":36,"value":1}]}]}],"defaultActions":[{"gotoAndPlay":"idle"}]}]}