{"frameRate":24,"name":"wife_20","version":"5.5","compatibleVersion":"5.5","armature":[{"type":"Armature","frameRate":24,"name":"root","aabb":{"x":-70.19,"y":-199.29,"width":152,"height":217.24},"bone":[{"name":"root"},{"length":13,"name":"shadow","parent":"root","transform":{"x":6.3478,"y":1.9767,"skX":-92.299,"skY":-92.299,"scX":1.3404,"scY":1.3404}},{"length":120,"name":"head","parent":"root","transform":{"x":-0.45,"y":-68.8,"skX":-92.5659,"skY":-92.5659}}],"slot":[{"name":"shadow","parent":"shadow"},{"name":"body","parent":"root"},{"name":"head","parent":"head"},{"name":"face","parent":"head"},{"name":"beard","parent":"head"},{"name":"weapon","parent":"root"}],"skin":[{"slot":[{"name":"shadow","display":[{"name":"shadow","transform":{"x":-1.11,"y":0.26,"skX":92.3,"skY":92.3}}]},{"name":"head","display":[{"name":"head","transform":{"x":56.47,"y":1.79,"skX":92.57,"skY":92.57}}]},{"name":"weapon","display":[{"name":"weapon","transform":{"x":64.31,"y":-71.79}}]},{"name":"beard","display":[{"name":"beard","transform":{"x":29.24,"y":-4.94,"skX":92.57,"skY":92.57}}]},{"name":"face","display":[{"name":"face_normal","transform":{"x":41.55,"y":-0.38,"skX":92.57,"skY":92.57}},{"name":"face_sad","transform":{"x":35.17,"y":-3.17,"skX":92.57,"skY":92.57}}]},{"name":"body","display":[{"name":"body","transform":{"x":-1.19,"y":-40.79}}]}]}],"animation":[{"duration":36,"playTimes":0,"name":"idle","bone":[{"name":"head","translateFrame":[{"duration":18,"tweenEasing":0,"x":1.43},{"duration":18,"tweenEasing":0},{"duration":0,"x":1.43}],"rotateFrame":[{"duration":18,"tweenEasing":0,"rotate":6.44},{"duration":18,"tweenEasing":0,"rotate":-9.04},{"duration":0,"rotate":6.44}]},{"name":"shadow","translateFrame":[{"duration":18,"tweenEasing":0},{"duration":18,"tweenEasing":0,"x":-1.38},{"duration":0}]}]},{"duration":36,"playTimes":0,"name":"sad","bone":[{"name":"head","translateFrame":[{"duration":18,"tweenEasing":0,"x":1.43},{"duration":18,"tweenEasing":0},{"duration":0,"x":1.43}],"rotateFrame":[{"duration":18,"tweenEasing":0,"rotate":6.44},{"duration":18,"tweenEasing":0,"rotate":-9.04},{"duration":0,"rotate":6.44}]},{"name":"shadow","translateFrame":[{"duration":18,"tweenEasing":0},{"duration":18,"tweenEasing":0,"x":-1.38},{"duration":0}]}],"slot":[{"name":"face","displayFrame":[{"duration":36,"value":1}]}]}],"defaultActions":[{"gotoAndPlay":"idle"}]}]}