{"frameRate":24,"name":"wife_32","version":"5.5","compatibleVersion":"5.5","armature":[{"type":"Armature","frameRate":24,"name":"root","aabb":{"x":-61.45,"y":-212.72,"width":121,"height":229.22},"bone":[{"name":"root"},{"length":98,"name":"head","parent":"root","transform":{"x":-6.5,"y":-86.5,"skX":-92.9207,"skY":-92.9207}},{"length":14,"name":"shadow","parent":"root","transform":{"x":3,"y":3.25,"skX":-90,"skY":-90}}],"slot":[{"name":"shadow","parent":"shadow"},{"name":"body","parent":"root"},{"name":"head","parent":"head"},{"displayIndex":1,"name":"face","parent":"head"}],"skin":[{"slot":[{"name":"shadow","display":[{"name":"shadow","transform":{"x":1.25,"y":3.5,"skX":90,"skY":90,"scX":1.1779,"scY":1.1436}}]},{"name":"body","display":[{"name":"body","transform":{"x":0.05,"y":-49.22}}]},{"name":"face","display":[{"name":"face_sad","transform":{"x":27.18,"y":-2.79,"skX":92.92,"skY":92.92}},{"name":"face_normal","transform":{"x":28.54,"y":0.65,"skX":92.92,"skY":92.92}}]},{"name":"head","display":[{"name":"head","transform":{"x":58.07,"y":4.52,"skX":92.92,"skY":92.92}}]}]}],"animation":[{"duration":36,"playTimes":0,"name":"idle","bone":[{"name":"head","translateFrame":[{"duration":18,"tweenEasing":0,"x":1.43},{"duration":18,"tweenEasing":0},{"duration":0,"x":1.43}],"rotateFrame":[{"duration":18,"tweenEasing":0,"rotate":6.44},{"duration":18,"tweenEasing":0,"rotate":-9.04},{"duration":0,"rotate":6.44}]},{"name":"shadow","translateFrame":[{"duration":18,"tweenEasing":0},{"duration":18,"tweenEasing":0,"x":-1.38},{"duration":0}]}]},{"duration":36,"playTimes":0,"name":"sad","bone":[{"name":"head","translateFrame":[{"duration":18,"tweenEasing":0,"x":1.43},{"duration":18,"tweenEasing":0},{"duration":0,"x":1.43}],"rotateFrame":[{"duration":18,"tweenEasing":0,"rotate":6.44},{"duration":18,"tweenEasing":0,"rotate":-9.04},{"duration":0,"rotate":6.44}]},{"name":"shadow","translateFrame":[{"duration":18,"tweenEasing":0},{"duration":18,"tweenEasing":0,"x":-1.38},{"duration":0}]}],"slot":[{"name":"face","displayFrame":[{"duration":36}]}]}],"defaultActions":[{"gotoAndPlay":"idle"}]}]}