{"frameRate":24,"name":"wife_27","version":"5.5","compatibleVersion":"5.5","armature":[{"type":"Armature","frameRate":24,"name":"root","aabb":{"x":-54.86,"y":-207.22,"width":136,"height":223.08},"bone":[{"name":"root"},{"length":13,"name":"shadow","parent":"root","transform":{"x":11.2954,"y":1.1689,"skX":-90,"skY":-90,"scX":1.23,"scY":1.23}},{"length":96,"name":"head","parent":"root","transform":{"x":-4.95,"y":-86.8,"skX":-93.6264,"skY":-93.6264}}],"slot":[{"name":"shadow","parent":"shadow"},{"name":"hair","parent":"head"},{"name":"body","parent":"root"},{"name":"head","parent":"head"},{"name":"face","parent":"head"},{"name":"hair2","parent":"head"},{"name":"hair1","parent":"head"}],"skin":[{"slot":[{"name":"hair2","display":[{"name":"hair2","transform":{"x":50.95,"y":24.86,"skX":93.63,"skY":93.63}}]},{"name":"shadow","display":[{"name":"shadow","transform":{"x":-0.15,"y":0.2,"skX":90,"skY":90}}]},{"name":"head","display":[{"name":"head","transform":{"x":55.28,"y":4.09,"skX":93.63,"skY":93.63}}]},{"name":"face","display":[{"name":"face_normal","transform":{"x":27.05,"y":-1.21,"skX":93.63,"skY":93.63}},{"name":"facesad","transform":{"x":23.81,"y":-5.42,"skX":93.63,"skY":93.63}}]},{"name":"body","display":[{"name":"body","transform":{"x":13.64,"y":-49.22}}]},{"name":"hair1","display":[{"name":"hair1","transform":{"x":55.74,"y":-26.94,"skX":93.63,"skY":93.63}}]},{"name":"hair","display":[{"name":"hair","transform":{"x":38.97,"y":32.12,"skX":93.63,"skY":93.63}}]}]}],"animation":[{"duration":36,"playTimes":0,"name":"idle","bone":[{"name":"head","translateFrame":[{"duration":18,"tweenEasing":0,"x":1.43},{"duration":18,"tweenEasing":0},{"duration":0,"x":1.43}],"rotateFrame":[{"duration":18,"tweenEasing":0,"rotate":6.44},{"duration":18,"tweenEasing":0,"rotate":-9.04},{"duration":0,"rotate":6.44}]},{"name":"shadow","translateFrame":[{"duration":18,"tweenEasing":0},{"duration":18,"tweenEasing":0,"x":-1.38},{"duration":0}]}]},{"duration":36,"playTimes":0,"name":"sad","bone":[{"name":"head","translateFrame":[{"duration":18,"tweenEasing":0,"x":1.43},{"duration":18,"tweenEasing":0},{"duration":0,"x":1.43}],"rotateFrame":[{"duration":18,"tweenEasing":0,"rotate":6.44},{"duration":18,"tweenEasing":0,"rotate":-9.04},{"duration":0,"rotate":6.44}]},{"name":"shadow","translateFrame":[{"duration":18,"tweenEasing":0},{"duration":18,"tweenEasing":0,"x":-1.38},{"duration":0}]}],"slot":[{"name":"face","displayFrame":[{"duration":36,"value":1}]}]}],"defaultActions":[{"gotoAndPlay":"idle"}]}]}