{"frameRate":24,"name":"wife_13","version":"5.5","compatibleVersion":"5.5","armature":[{"type":"Armature","frameRate":24,"name":"root","aabb":{"x":-65.91,"y":-181.81,"width":123,"height":195.74},"bone":[{"name":"root"},{"length":14,"name":"shadow","parent":"root","transform":{"x":8.7748,"y":0.15,"skX":-92.4896,"skY":-92.4896,"scX":1.1114,"scY":1.1114}},{"length":94,"name":"head","parent":"root","transform":{"x":-11.2562,"y":-77.8075,"skX":-93.4075,"skY":-93.4075}}],"slot":[{"name":"shadow","parent":"shadow"},{"name":"hair2","parent":"head"},{"name":"hair1","parent":"head"},{"name":"body","parent":"root"},{"name":"head","parent":"head"},{"name":"face","parent":"head"}],"skin":[{"slot":[{"name":"face","display":[{"name":"face_normal","transform":{"x":22.95,"y":2.31,"skX":93.41,"skY":93.41}},{"name":"face_sad","transform":{"x":25.09,"y":-1.25,"skX":93.41,"skY":93.41}}]},{"name":"head","display":[{"name":"head","transform":{"x":46.51,"y":9.63,"skX":93.41,"skY":93.41}}]},{"name":"body","display":[{"name":"body","transform":{"x":4.59,"y":-34.31}}]},{"name":"hair1","display":[{"name":"hair1","transform":{"x":-3.21,"y":-13.36,"skX":93.41,"skY":93.41}}]},{"name":"hair2","display":[{"name":"hair2","transform":{"x":-0.87,"y":31.35,"skX":93.41,"skY":93.41}}]},{"name":"shadow","display":[{"name":"shadow","transform":{"x":0.7,"y":-1.06,"skX":92.49,"skY":92.49}}]}]}],"animation":[{"duration":36,"playTimes":0,"name":"idle","bone":[{"name":"head","translateFrame":[{"duration":18,"tweenEasing":0,"x":1.43},{"duration":18,"tweenEasing":0},{"duration":0,"x":1.43}],"rotateFrame":[{"duration":18,"tweenEasing":0,"rotate":6.44},{"duration":18,"tweenEasing":0,"rotate":-9.04},{"duration":0,"rotate":6.44}]},{"name":"shadow","translateFrame":[{"duration":18,"tweenEasing":0},{"duration":18,"tweenEasing":0,"x":-1.38},{"duration":0}]}]},{"duration":36,"playTimes":0,"name":"sad","bone":[{"name":"head","translateFrame":[{"duration":18,"tweenEasing":0,"x":1.43},{"duration":18,"tweenEasing":0},{"duration":0,"x":1.43}],"rotateFrame":[{"duration":18,"tweenEasing":0,"rotate":6.44},{"duration":18,"tweenEasing":0,"rotate":-9.04},{"duration":0,"rotate":6.44}]},{"name":"shadow","translateFrame":[{"duration":18,"tweenEasing":0},{"duration":18,"tweenEasing":0,"x":-1.38},{"duration":0}]}],"slot":[{"name":"face","displayFrame":[{"duration":36,"value":1}]}]}],"defaultActions":[{"gotoAndPlay":"idle"}]}]}