{"frameRate":24,"name":"wife_12","version":"5.5","compatibleVersion":"5.5","armature":[{"type":"Armature","frameRate":24,"name":"root","aabb":{"x":-65.19,"y":-207.39,"width":125,"height":223.73},"bone":[{"name":"root"},{"length":11,"name":"shadow","parent":"root","transform":{"x":6.3623,"y":4.8334,"skX":-90,"skY":-90}},{"length":92,"name":"head","parent":"root","transform":{"x":-9.9704,"y":-83.036,"skX":-94.3491,"skY":-94.3491}}],"slot":[{"name":"shadow","parent":"shadow"},{"name":"body","parent":"root"},{"name":"head","parent":"head"},{"name":"face","parent":"head"}],"skin":[{"slot":[{"name":"body","display":[{"name":"body","transform":{"x":3.31,"y":-35.89}}]},{"name":"face","display":[{"name":"face_normal","transform":{"x":19.21,"y":0.83,"skX":94.35,"skY":94.35}},{"name":"face_sad","transform":{"x":19.31,"y":-5.96,"skX":94.35,"skY":94.35}}]},{"name":"head","display":[{"name":"head","transform":{"x":55.25,"y":3.48,"skX":94.35,"skY":94.35}}]},{"name":"shadow","display":[{"name":"shadow","transform":{"x":3,"y":0.71,"skX":90,"skY":90,"scX":1.1949,"scY":1.1949}}]}]}],"animation":[{"duration":36,"playTimes":0,"name":"idle","bone":[{"name":"head","translateFrame":[{"duration":18,"tweenEasing":0,"x":1.43},{"duration":18,"tweenEasing":0},{"duration":0,"x":1.43}],"rotateFrame":[{"duration":18,"tweenEasing":0,"rotate":6.44},{"duration":18,"tweenEasing":0,"rotate":-9.04},{"duration":0,"rotate":6.44}]},{"name":"shadow","translateFrame":[{"duration":18,"tweenEasing":0},{"duration":18,"tweenEasing":0,"x":-1.38},{"duration":0}]}]},{"duration":36,"playTimes":0,"name":"sad","bone":[{"name":"head","translateFrame":[{"duration":18,"tweenEasing":0,"x":1.43},{"duration":18,"tweenEasing":0},{"duration":0,"x":1.43}],"rotateFrame":[{"duration":18,"tweenEasing":0,"rotate":6.44},{"duration":18,"tweenEasing":0,"rotate":-9.04},{"duration":0,"rotate":6.44}]},{"name":"shadow","translateFrame":[{"duration":18,"tweenEasing":0},{"duration":18,"tweenEasing":0,"x":-1.38},{"duration":0}]}],"slot":[{"name":"face","displayFrame":[{"duration":36,"value":1}]}]}],"defaultActions":[{"gotoAndPlay":"idle"}]}]}