{"frameRate":24,"name":"wife_15","version":"5.5","compatibleVersion":"5.5","armature":[{"type":"Armature","frameRate":24,"name":"root","aabb":{"x":-74.9,"y":-191.6,"width":146,"height":206.35},"bone":[{"name":"root"},{"length":14,"name":"shadow","parent":"root","transform":{"x":12.0522,"y":3.3303,"skX":-90,"skY":-90}},{"length":98,"name":"head","parent":"root","transform":{"x":-4.697,"y":-79.163,"skX":-91.9726,"skY":-91.9726}}],"slot":[{"name":"shadow","parent":"shadow"},{"name":"hair1","parent":"head"},{"name":"hair2","parent":"head"},{"name":"body","parent":"root"},{"name":"head","parent":"head"},{"name":"face","parent":"head"}],"skin":[{"slot":[{"name":"head","display":[{"name":"head","transform":{"x":49.81,"y":4.51,"skX":91.97,"skY":91.97}}]},{"name":"body","display":[{"name":"body","transform":{"x":10.1,"y":-34.6}}]},{"name":"face","display":[{"name":"face_normal","transform":{"x":25.48,"y":-0.83,"skX":91.97,"skY":91.97}},{"name":"face_sad","transform":{"x":23.56,"y":-3.99,"skX":91.97,"skY":91.97}}]},{"name":"hair1","display":[{"name":"hair1","transform":{"x":-7.08,"y":29.57,"skX":91.97,"skY":91.97}}]},{"name":"shadow","display":[{"name":"shadow","transform":{"x":3.09,"y":-2.33,"skX":90,"skY":90}}]},{"name":"hair2","display":[{"name":"hair2","transform":{"x":-3.14,"y":-26.83,"skX":91.97,"skY":91.97}}]}]}],"animation":[{"duration":36,"playTimes":0,"name":"idle","bone":[{"name":"head","translateFrame":[{"duration":18,"tweenEasing":0,"x":1.43},{"duration":18,"tweenEasing":0},{"duration":0,"x":1.43}],"rotateFrame":[{"duration":18,"tweenEasing":0,"rotate":6.44},{"duration":18,"tweenEasing":0,"rotate":-9.04},{"duration":0,"rotate":6.44}]},{"name":"shadow","translateFrame":[{"duration":18,"tweenEasing":0},{"duration":18,"tweenEasing":0,"x":-1.38},{"duration":0}]}]},{"duration":36,"playTimes":0,"name":"sad","bone":[{"name":"head","translateFrame":[{"duration":18,"tweenEasing":0,"x":1.43},{"duration":18,"tweenEasing":0},{"duration":0,"x":1.43}],"rotateFrame":[{"duration":18,"tweenEasing":0,"rotate":6.44},{"duration":18,"tweenEasing":0,"rotate":-9.04},{"duration":0,"rotate":6.44}]},{"name":"shadow","translateFrame":[{"duration":18,"tweenEasing":0},{"duration":18,"tweenEasing":0,"x":-1.38},{"duration":0}]}],"slot":[{"name":"face","displayFrame":[{"duration":36,"value":1}]}]}],"defaultActions":[{"gotoAndPlay":"idle"}]}]}