{"frameRate":24,"name":"wife_21","version":"5.5","compatibleVersion":"5.5","armature":[{"type":"Armature","frameRate":24,"name":"root","aabb":{"x":-106.21,"y":-202.67,"width":179,"height":219.04},"bone":[{"name":"root"},{"length":116,"name":"head","parent":"root","transform":{"x":3.9111,"y":-79.5035,"skX":-95.2611,"skY":-95.2611}},{"length":14,"name":"shadow","parent":"root","transform":{"x":3.1172,"y":2.718,"skX":-90,"skY":-90,"scX":1.1948,"scY":1.1948}}],"slot":[{"name":"shadow","parent":"shadow"},{"name":"body","parent":"root"},{"name":"arm2","parent":"head"},{"name":"head","parent":"head"},{"name":"hand","parent":"head"},{"name":"face","parent":"head"},{"name":"arm1","parent":"head"}],"skin":[{"slot":[{"name":"arm2","display":[{"name":"arm2","transform":{"x":-8.65,"y":41.26,"skX":95.26,"skY":95.26}}]},{"name":"body","display":[{"name":"body","transform":{"x":-16.71,"y":-70.67}}]},{"name":"arm1","display":[{"name":"arm1","transform":{"x":-29.48,"y":43.87,"skX":95.26,"skY":95.26}}]},{"name":"shadow","display":[{"name":"shadow","transform":{"x":0.71,"y":0.02,"skX":90,"skY":90}}]},{"name":"hand","display":[{"name":"hand","transform":{"x":-10.25,"y":9.48,"skX":95.26,"skY":95.26}}]},{"name":"head","display":[{"name":"head","transform":{"x":53.32,"y":0.78,"skX":95.26,"skY":95.26}}]},{"name":"face","display":[{"name":"face_normal","transform":{"x":35.24,"y":-2.17,"skX":95.26,"skY":95.26}},{"name":"face_sad","transform":{"x":23.76,"y":0.06,"skX":95.26,"skY":95.26}}]}]}],"animation":[{"duration":36,"playTimes":0,"name":"idle","bone":[{"name":"head","translateFrame":[{"duration":18,"tweenEasing":0,"x":1.43},{"duration":18,"tweenEasing":0},{"duration":0,"x":1.43}],"rotateFrame":[{"duration":18,"tweenEasing":0,"rotate":6.44},{"duration":18,"tweenEasing":0,"rotate":-9.04},{"duration":0,"rotate":6.44}]},{"name":"shadow","translateFrame":[{"duration":18,"tweenEasing":0},{"duration":18,"tweenEasing":0,"x":-1.38},{"duration":0}]}]},{"duration":36,"playTimes":0,"name":"sad","bone":[{"name":"head","translateFrame":[{"duration":18,"tweenEasing":0,"x":1.43},{"duration":18,"tweenEasing":0},{"duration":0,"x":1.43}],"rotateFrame":[{"duration":18,"tweenEasing":0,"rotate":6.44},{"duration":18,"tweenEasing":0,"rotate":-9.04},{"duration":0,"rotate":6.44}]},{"name":"shadow","translateFrame":[{"duration":18,"tweenEasing":0},{"duration":18,"tweenEasing":0,"x":-1.38},{"duration":0}]}],"slot":[{"name":"face","displayFrame":[{"duration":36,"value":1}]}]}],"defaultActions":[{"gotoAndPlay":"idle"}]}]}