{"frameRate":24,"name":"wife_3","version":"5.5","compatibleVersion":"5.5","armature":[{"type":"Armature","frameRate":24,"name":"root","aabb":{"x":-73.78,"y":-178.03,"width":116.78,"height":192.53},"bone":[{"name":"root"},{"length":86,"name":"head","parent":"root","transform":{"x":-12.5169,"y":-78.9858,"skX":-99.0173,"skY":-99.0173}},{"length":13,"name":"shadow","parent":"root","transform":{"skX":-90,"skY":-90}}],"slot":[{"name":"shadow","parent":"shadow"},{"name":"body","parent":"root"},{"name":"head","parent":"head"},{"name":"face","parent":"head"}],"skin":[{"slot":[{"name":"head","display":[{"name":"head","transform":{"x":41.86,"y":1.31,"skX":99.02,"skY":99.02}}]},{"name":"shadow","display":[{"name":"shadow","transform":{"skX":90,"skY":90}}]},{"name":"face","display":[{"name":"face_normal","transform":{"x":23.05,"y":-2.1,"skX":99.02,"skY":99.02}},{"name":"face_sad","transform":{"x":21.22,"y":-2.28,"skX":97.28,"skY":97.28}}]},{"name":"body","display":[{"name":"body","transform":{"x":-7.28,"y":-39.53}}]}]}],"animation":[{"duration":36,"playTimes":0,"name":"idle","bone":[{"name":"head","translateFrame":[{"duration":18,"tweenEasing":0,"x":1.43},{"duration":18,"tweenEasing":0},{"duration":0,"x":1.43}],"rotateFrame":[{"duration":18,"tweenEasing":0,"rotate":6.44},{"duration":18,"tweenEasing":0,"rotate":-9.04},{"duration":0,"rotate":6.44}]},{"name":"shadow","translateFrame":[{"duration":18,"tweenEasing":0},{"duration":18,"tweenEasing":0,"x":-1.38},{"duration":0}]}]},{"duration":36,"playTimes":0,"name":"sad","bone":[{"name":"head","translateFrame":[{"duration":18,"tweenEasing":0,"x":1.43},{"duration":18,"tweenEasing":0},{"duration":0,"x":1.43}],"rotateFrame":[{"duration":18,"tweenEasing":0,"rotate":6.44},{"duration":18,"tweenEasing":0,"rotate":-9.04},{"duration":0,"rotate":6.44}]},{"name":"shadow","translateFrame":[{"duration":18,"tweenEasing":0},{"duration":18,"tweenEasing":0,"x":-1.38},{"duration":0}]}],"slot":[{"name":"face","displayFrame":[{"duration":36,"value":1}]}]}],"defaultActions":[{"gotoAndPlay":"idle"}]}]}