{"frameRate":24,"name":"wife_14","version":"5.5","compatibleVersion":"5.5","armature":[{"type":"Armature","frameRate":24,"name":"root","aabb":{"x":-64.53,"y":-203.42,"width":125,"height":219.44},"bone":[{"name":"root"},{"length":15,"name":"shadow","parent":"root","transform":{"x":9.6117,"y":2.5624,"skX":-99.0395,"skY":-99.0395}},{"length":99,"name":"head","parent":"root","transform":{"x":-7.5886,"y":-77.3159,"skX":-93.0226,"skY":-93.0226}}],"slot":[{"name":"shadow","parent":"shadow"},{"name":"hair1","parent":"head"},{"name":"hair2","parent":"head"},{"name":"body","parent":"root"},{"name":"head","parent":"head"},{"name":"face","parent":"head"}],"skin":[{"slot":[{"name":"head","display":[{"name":"head","transform":{"x":57.24,"y":8.59,"skX":93.02,"skY":93.02}}]},{"name":"hair2","display":[{"name":"hair2","transform":{"x":-24.34,"y":26.81,"skX":93.02,"skY":93.02}}]},{"name":"body","display":[{"name":"body","transform":{"x":2.97,"y":-34.42}}]},{"name":"face","display":[{"name":"face_normal","transform":{"x":20.28,"y":-1.28,"skX":93.02,"skY":93.02}},{"name":"face_sad","transform":{"x":22.83,"y":-3.29,"skX":93.02,"skY":93.02}}]},{"name":"shadow","display":[{"name":"shadow","transform":{"x":1.18,"y":-0.72,"skX":99.04,"skY":99.04}}]},{"name":"hair1","display":[{"name":"hair1","transform":{"x":-6.59,"y":-15.31,"skX":93.02,"skY":93.02}}]}]}],"animation":[{"duration":36,"playTimes":0,"name":"idle","bone":[{"name":"head","translateFrame":[{"duration":18,"tweenEasing":0,"x":1.43},{"duration":18,"tweenEasing":0},{"duration":0,"x":1.43}],"rotateFrame":[{"duration":18,"tweenEasing":0,"rotate":6.44},{"duration":18,"tweenEasing":0,"rotate":-9.04},{"duration":0,"rotate":6.44}]},{"name":"shadow","translateFrame":[{"duration":18,"tweenEasing":0},{"duration":18,"tweenEasing":0,"x":-1.38},{"duration":0}]}]},{"duration":36,"playTimes":0,"name":"sad","bone":[{"name":"head","translateFrame":[{"duration":18,"tweenEasing":0,"x":1.43},{"duration":18,"tweenEasing":0},{"duration":0,"x":1.43}],"rotateFrame":[{"duration":18,"tweenEasing":0,"rotate":6.44},{"duration":18,"tweenEasing":0,"rotate":-9.04},{"duration":0,"rotate":6.44}]},{"name":"shadow","translateFrame":[{"duration":18,"tweenEasing":0},{"duration":18,"tweenEasing":0,"x":-1.38},{"duration":0}]}],"slot":[{"name":"face","displayFrame":[{"duration":36,"value":1}]}]}],"defaultActions":[{"gotoAndPlay":"idle"}]}]}