{"frameRate":24,"name":"wife_4","version":"5.5","compatibleVersion":"5.5","armature":[{"type":"Armature","frameRate":24,"name":"root","aabb":{"x":-73.15,"y":-193.57,"width":129,"height":211.45},"bone":[{"name":"root"},{"length":12,"name":"shadow","parent":"root","transform":{"x":3.5505,"y":1.496,"skX":-92.7591,"skY":-92.7591,"scX":1.1139,"scY":1.1139}},{"length":117,"name":"head","parent":"root","transform":{"x":-9.4,"y":-67.85,"skX":-91.8468,"skY":-91.8468}}],"slot":[{"name":"shadow","parent":"shadow"},{"name":"hair","parent":"head"},{"name":"body","parent":"root"},{"name":"head","parent":"head"},{"name":"face","parent":"head"}],"skin":[{"slot":[{"name":"body","display":[{"name":"body","transform":{"x":-7.65,"y":-43.07}}]},{"name":"face","display":[{"name":"face_normal","transform":{"x":31.76,"y":-0.73,"skX":91.85,"skY":91.85}},{"name":"face_sad","transform":{"x":27.49,"y":-3.4,"skX":91.85,"skY":91.85}}]},{"name":"hair","display":[{"name":"hair","transform":{"x":19.61,"y":34.9,"skX":91.85,"skY":91.85}}]},{"name":"shadow","display":[{"name":"shadow","transform":{"x":-1.76,"y":1.31,"skX":92.76,"skY":92.76}}]},{"name":"head","display":[{"name":"head","transform":{"x":59.17,"y":2.65,"skX":91.85,"skY":91.85}}]}]}],"animation":[{"duration":36,"playTimes":0,"name":"idle","bone":[{"name":"head","translateFrame":[{"duration":18,"tweenEasing":0,"x":1.43},{"duration":18,"tweenEasing":0},{"duration":0,"x":1.43}],"rotateFrame":[{"duration":18,"tweenEasing":0,"rotate":8.72},{"duration":18,"tweenEasing":0,"rotate":-6.76},{"duration":0,"rotate":8.72}]},{"name":"shadow","translateFrame":[{"duration":18,"tweenEasing":0},{"duration":18,"tweenEasing":0,"x":-1.38},{"duration":0}]}]},{"duration":36,"playTimes":0,"name":"sad","bone":[{"name":"head","translateFrame":[{"duration":18,"tweenEasing":0,"x":1.43},{"duration":18,"tweenEasing":0},{"duration":0,"x":1.43}],"rotateFrame":[{"duration":18,"tweenEasing":0,"rotate":8.72},{"duration":18,"tweenEasing":0,"rotate":-6.76},{"duration":0,"rotate":8.72}]},{"name":"shadow","translateFrame":[{"duration":18,"tweenEasing":0},{"duration":18,"tweenEasing":0,"x":-1.38},{"duration":0}]}],"slot":[{"name":"face","displayFrame":[{"duration":36,"value":1}]}]}],"defaultActions":[{"gotoAndPlay":"idle"}]}]}