{"frameRate":24,"name":"wife_8","version":"5.5","compatibleVersion":"5.5","armature":[{"type":"Armature","frameRate":24,"name":"root","aabb":{"x":-72.57,"y":-204.1,"width":120,"height":218.6},"bone":[{"name":"root"},{"length":15,"name":"shadow","parent":"root","transform":{"skX":-90,"skY":-90}},{"length":105,"name":"head","parent":"root","transform":{"x":-15.5,"y":-82.3,"skX":-94.3176,"skY":-94.3176}}],"slot":[{"name":"shadow","parent":"shadow"},{"name":"hair","parent":"head"},{"name":"body","parent":"root"},{"name":"head","parent":"head"},{"name":"face","parent":"head"}],"skin":[{"slot":[{"name":"face","display":[{"name":"face_normal","transform":{"x":21.48,"y":-3.51,"skX":94.32,"skY":94.32}},{"name":"face_sad","transform":{"x":18.69,"y":-5.07,"skX":94.32,"skY":94.32}}]},{"name":"hair","display":[{"name":"hair","transform":{"y":30.51,"skX":94.32,"skY":94.32}}]},{"name":"head","display":[{"name":"head","transform":{"x":52.92,"y":6.93,"skX":94.32,"skY":94.32}}]},{"name":"shadow","display":[{"name":"shadow","transform":{"skX":90,"skY":90}}]},{"name":"body","display":[{"name":"body","transform":{"x":-5.07,"y":-35.6}}]}]}],"animation":[{"duration":36,"playTimes":0,"name":"idle","bone":[{"name":"head","translateFrame":[{"duration":18,"tweenEasing":0,"x":1.43},{"duration":18,"tweenEasing":0},{"duration":0,"x":1.43}],"rotateFrame":[{"duration":18,"tweenEasing":0,"rotate":6.44},{"duration":18,"tweenEasing":0,"rotate":-9.04},{"duration":0,"rotate":6.44}]},{"name":"shadow","translateFrame":[{"duration":18,"tweenEasing":0},{"duration":18,"tweenEasing":0,"x":-1.38},{"duration":0}]}]},{"duration":36,"playTimes":0,"name":"sad","bone":[{"name":"head","translateFrame":[{"duration":18,"tweenEasing":0,"x":1.43},{"duration":18,"tweenEasing":0},{"duration":0,"x":1.43}],"rotateFrame":[{"duration":18,"tweenEasing":0,"rotate":6.44},{"duration":18,"tweenEasing":0,"rotate":-9.04},{"duration":0,"rotate":6.44}]},{"name":"shadow","translateFrame":[{"duration":18,"tweenEasing":0},{"duration":18,"tweenEasing":0,"x":-1.38},{"duration":0}]}],"slot":[{"name":"face","displayFrame":[{"duration":36,"value":1}]}]}],"defaultActions":[{"gotoAndPlay":"idle"}]}]}