{"frameRate":24,"name":"wife_31","version":"5.5","compatibleVersion":"5.5","armature":[{"type":"Armature","frameRate":24,"name":"root","aabb":{"x":-64.86,"y":-204.03,"width":120,"height":216.99},"bone":[{"name":"root"},{"length":13,"name":"shadow","parent":"root","transform":{"x":6.2677,"y":-2.851,"skX":-91.2755,"skY":-91.2755}},{"length":92,"name":"head","parent":"root","transform":{"x":-3.65,"y":-84.9,"skX":-100.7494,"skY":-100.7494}}],"slot":[{"name":"shadow","parent":"shadow"},{"name":"hair","parent":"head"},{"name":"body","parent":"root"},{"name":"head","parent":"head"},{"name":"face","parent":"head"}],"skin":[{"slot":[{"name":"shadow","display":[{"name":"shadow","transform":{"x":-1.31,"y":-0.02,"skX":91.28,"skY":91.28}}]},{"name":"head","display":[{"name":"head","transform":{"x":53.9,"y":9,"skX":100.75,"skY":100.75}}]},{"name":"face","display":[{"name":"face_normal","transform":{"x":26.41,"y":-4.36,"skX":100.75,"skY":100.75}},{"name":"face_sad","transform":{"x":26.6,"y":-5.34,"skX":100.75,"skY":100.75}}]},{"name":"body","display":[{"name":"body","transform":{"x":3.14,"y":-46.53}}]},{"name":"hair","display":[{"name":"hair","transform":{"x":5.89,"y":23.3,"skX":100.75,"skY":100.75}}]}]}],"animation":[{"duration":36,"playTimes":0,"name":"idle","bone":[{"name":"head","translateFrame":[{"duration":18,"tweenEasing":0,"x":1.43},{"duration":18,"tweenEasing":0},{"duration":0,"x":1.43}],"rotateFrame":[{"duration":18,"tweenEasing":0,"rotate":6.44},{"duration":18,"tweenEasing":0,"rotate":-9.04},{"duration":0,"rotate":6.44}]},{"name":"shadow","translateFrame":[{"duration":18,"tweenEasing":0},{"duration":18,"tweenEasing":0,"x":-1.38},{"duration":0}]}]},{"duration":36,"playTimes":0,"name":"sad","bone":[{"name":"head","translateFrame":[{"duration":18,"tweenEasing":0,"x":1.43},{"duration":18,"tweenEasing":0},{"duration":0,"x":1.43}],"rotateFrame":[{"duration":18,"tweenEasing":0,"rotate":6.44},{"duration":18,"tweenEasing":0,"rotate":-9.04},{"duration":0,"rotate":6.44}]},{"name":"shadow","translateFrame":[{"duration":18,"tweenEasing":0},{"duration":18,"tweenEasing":0,"x":-1.38},{"duration":0}]}],"slot":[{"name":"face","displayFrame":[{"duration":36,"value":1}]}]}],"defaultActions":[{"gotoAndPlay":"idle"}]}]}