{
  "actualPlatform": "android",
  "apiLevel": "android-29",
  "appABIs": [
    "armeabi-v7a"
  ],
  "buildPath": "./build",
  "debug": false,
  "embedWebDebugger": false,
  "keystoreAlias": "jielong",
  "keystoreAliasPassword": "jielong",
  "keystorePassword": "jielong",
  "keystorePath": "/Users/jasontian/Documents/jielong_self/jielong.keystore",
  "platform": "android",
  "previewHeight": "720",
  "previewWidth": "1280",
  "sourceMaps": false,
  "template": "link",
  "useDebugKeystore": false,
  "vsVersion": "auto"
}