{
  "version": "1.1.1",
  "windows": {
    "main": {
      "main": true,
      "url": "app://editor/index.html",
      "windowType": "dockable",
      "x": 0,
      "y": 23,
      "width": 1440,
      "height": 793,
      "layout": {
        "children": [
          {
            "children": [
              {
                "active": 0,
                "children": [
                  "hierarchy"
                ],
                "height": 356,
                "type": "panel",
                "width": 224
              },
              {
                "active": 0,
                "children": [
                  "assets"
                ],
                "height": 353,
                "type": "panel",
                "width": 224
              }
            ],
            "height": 711,
            "type": "dock-v",
            "width": 224
          },
          {
            "children": [
              {
                "active": 0,
                "children": [
                  "scene"
                ],
                "height": 443,
                "type": "panel",
                "width": 908
              },
              {
                "active": 0,
                "children": [
                  "console",
                  "timeline"
                ],
                "height": 266,
                "type": "panel",
                "width": 908
              }
            ],
            "height": 711,
            "type": "dock-v",
            "width": 908
          },
          {
            "active": 0,
            "children": [
              "inspector"
            ],
            "height": 711,
            "type": "panel",
            "width": 304
          }
        ],
        "type": "dock-h"
      },
      "panels": [
        "hierarchy",
        "assets",
        "console",
        "timeline",
        "inspector",
        "scene"
      ]
    }
  },
  "panels": {
    "sprite-editor": {
      "x": 0,
      "y": 23,
      "width": 1440,
      "height": 800
    },
    "cocos-particle2d": {
      "x": 174,
      "y": 23,
      "width": 1020,
      "height": 822
    },
    "keystore": {
      "x": 566,
      "y": 302,
      "width": 500,
      "height": 448
    },
    "preferences": {
      "x": 40,
      "y": 108,
      "width": 828,
      "height": 658
    },
    "store": {
      "x": 320,
      "y": 87,
      "width": 800,
      "height": 622
    },
    "i18n": {
      "x": 520,
      "y": 237,
      "width": 400,
      "height": 348
    }
  }
}