{"frameRate":24,"name":"upgrade_hero","version":"5.5","compatibleVersion":"5.5","armature":[{"type":"Armature","frameRate":24,"name":"root","aabb":{"x":-247.51,"y":-381.05,"width":503.37,"height":352},"bone":[{"name":"root"},{"name":"Star111","parent":"root","transform":{"x":-28.4149,"y":-206.2126,"scX":2,"scY":2}},{"name":"Star11","parent":"root","transform":{"x":99.9708,"y":-162.1733,"scX":2,"scY":2}},{"name":"Star1111","parent":"root","transform":{"x":-49.2841,"y":-206.2126,"scX":2,"scY":2}},{"name":"paper","parent":"root","transform":{"y":-185.4487,"skX":-0.9331,"skY":-0.9331}},{"length":25,"name":"star2121111","parent":"Star11","transform":{"x":0.1473,"y":38.0702,"skX":-89.9214,"skY":-89.9214,"scX":0.7635,"scY":0.7635}},{"length":25,"name":"star212112","parent":"Star11","transform":{"x":0.1473,"y":38.0702,"skX":-89.9214,"skY":-89.9214,"scX":0.7635,"scY":0.7635}},{"length":25,"name":"star2111","parent":"Star11","transform":{"x":0.1473,"y":38.0702,"skX":-89.9214,"skY":-89.9214,"scX":0.7635,"scY":0.7635}},{"length":83,"name":"trailing1","parent":"Star11","transform":{"x":-0.4031,"y":35.1757,"skX":90.8044,"skY":90.8044,"scX":0.7635,"scY":0.7635}},{"length":25,"name":"star213","parent":"Star11","transform":{"x":0.1473,"y":38.0702,"skX":-89.9214,"skY":-89.9214,"scX":0.7635,"scY":0.7635}},{"length":136,"name":"paper011","parent":"paper","transform":{"x":221.5634,"y":23.3528,"skX":-88.4592,"skY":-88.4592}},{"length":25,"name":"star22","parent":"Star11","transform":{"x":0.1473,"y":38.0702,"skX":-89.9214,"skY":-89.9214,"scX":0.7635,"scY":0.7635}},{"length":25,"name":"star2122","parent":"Star11","transform":{"x":0.1473,"y":38.0702,"skX":-89.9214,"skY":-89.9214,"scX":0.7635,"scY":0.7635}},{"length":33,"name":"trailing","parent":"Star11","transform":{"x":23.5241,"y":23.0392,"skX":-86.6487,"skY":-86.6487,"scX":0.5,"scY":0.5}},{"length":33,"name":"trailing2","parent":"Star11","transform":{"x":23.5241,"y":23.0392,"skX":-133.9322,"skY":-133.9322,"scX":0.5,"scY":0.5}},{"length":33,"name":"trailing21","parent":"Star11","transform":{"x":23.5241,"y":23.0392,"skX":-153.4872,"skY":-153.4872,"scX":0.5,"scY":0.5}},{"length":92,"name":"paper02","parent":"paper","transform":{"x":5.3322,"y":-22.1064}},{"length":33,"name":"trailing2111","parent":"Star11","transform":{"x":23.5241,"y":23.0392,"skX":80.9256,"skY":80.9256,"scX":0.5,"scY":0.5}},{"length":33,"name":"trailing22","parent":"Star11","transform":{"x":23.5241,"y":23.0392,"skX":-133.9322,"skY":-133.9322,"scX":0.5,"scY":0.5}},{"length":33,"name":"trailing211","parent":"Star11","transform":{"x":23.5241,"y":23.0392,"skX":155.2496,"skY":155.2496,"scX":0.5,"scY":0.5}},{"length":25,"name":"star2121121","parent":"Star111","transform":{"x":0.1473,"y":38.0702,"skX":-89.9214,"skY":-89.9214,"scX":0.7635,"scY":0.7635}},{"length":25,"name":"star21211111","parent":"Star111","transform":{"x":0.1473,"y":38.0702,"skX":-89.9214,"skY":-89.9214,"scX":0.7635,"scY":0.7635}},{"length":25,"name":"star212121","parent":"Star111","transform":{"x":0.1473,"y":38.0702,"skX":-89.9214,"skY":-89.9214,"scX":0.7635,"scY":0.7635}},{"length":25,"name":"star221","parent":"Star111","transform":{"x":0.1473,"y":38.0702,"skX":-89.9214,"skY":-89.9214,"scX":0.7635,"scY":0.7635}},{"length":25,"name":"star2131","parent":"Star111","transform":{"x":0.1473,"y":38.0702,"skX":-89.9214,"skY":-89.9214,"scX":0.7635,"scY":0.7635}},{"length":25,"name":"star21111","parent":"Star111","transform":{"x":0.1473,"y":38.0702,"skX":-89.9214,"skY":-89.9214,"scX":0.7635,"scY":0.7635}},{"length":25,"name":"star21212","parent":"Star11","transform":{"x":0.1473,"y":38.0702,"skX":-89.9214,"skY":-89.9214,"scX":0.7635,"scY":0.7635}},{"length":83,"name":"trailing11","parent":"Star111","transform":{"x":-0.4031,"y":35.1757,"skX":90.8044,"skY":90.8044,"scX":0.7635,"scY":0.7635}},{"length":33,"name":"trailing3","parent":"Star111","transform":{"x":23.5241,"y":23.0392,"skX":-86.6487,"skY":-86.6487,"scX":0.5,"scY":0.5}},{"length":33,"name":"trailing23","parent":"Star111","transform":{"x":23.5241,"y":23.0392,"skX":-133.9322,"skY":-133.9322,"scX":0.5,"scY":0.5}},{"length":33,"name":"trailing212","parent":"Star111","transform":{"x":23.5241,"y":23.0392,"skX":-153.4872,"skY":-153.4872,"scX":0.5,"scY":0.5}},{"length":33,"name":"trailing2112","parent":"Star111","transform":{"x":23.5241,"y":23.0392,"skX":155.2496,"skY":155.2496,"scX":0.5,"scY":0.5}},{"length":33,"name":"trailing21111","parent":"Star111","transform":{"x":23.5241,"y":23.0392,"skX":80.9256,"skY":80.9256,"scX":0.5,"scY":0.5}},{"length":33,"name":"trailing221","parent":"Star111","transform":{"x":23.5241,"y":23.0392,"skX":-133.9322,"skY":-133.9322,"scX":0.5,"scY":0.5}},{"length":25,"name":"star21221","parent":"Star111","transform":{"x":0.1473,"y":38.0702,"skX":-89.9214,"skY":-89.9214,"scX":0.7635,"scY":0.7635}},{"length":25,"name":"star21211211","parent":"Star1111","transform":{"x":0.1473,"y":38.0702,"skX":-89.9214,"skY":-89.9214,"scX":0.7635,"scY":0.7635}},{"length":25,"name":"star212111111","parent":"Star1111","transform":{"x":0.1473,"y":38.0702,"skX":-89.9214,"skY":-89.9214,"scX":0.7635,"scY":0.7635}},{"length":25,"name":"star2121211","parent":"Star1111","transform":{"x":0.1473,"y":38.0702,"skX":-89.9214,"skY":-89.9214,"scX":0.7635,"scY":0.7635}},{"length":25,"name":"star2211","parent":"Star1111","transform":{"x":0.1473,"y":38.0702,"skX":-89.9214,"skY":-89.9214,"scX":0.7635,"scY":0.7635}},{"length":25,"name":"star212211","parent":"Star1111","transform":{"x":0.1473,"y":38.0702,"skX":-89.9214,"skY":-89.9214,"scX":0.7635,"scY":0.7635}},{"length":25,"name":"star211111","parent":"Star1111","transform":{"x":0.1473,"y":38.0702,"skX":-89.9214,"skY":-89.9214,"scX":0.7635,"scY":0.7635}},{"length":25,"name":"star21311","parent":"Star1111","transform":{"x":0.1473,"y":38.0702,"skX":-89.9214,"skY":-89.9214,"scX":0.7635,"scY":0.7635}},{"length":83,"name":"trailing111","parent":"Star1111","transform":{"x":-0.4031,"y":35.1757,"skX":90.8044,"skY":90.8044,"scX":0.7635,"scY":0.7635}},{"length":33,"name":"trailing31","parent":"Star1111","transform":{"x":23.5241,"y":23.0392,"skX":-86.6487,"skY":-86.6487,"scX":0.5,"scY":0.5}},{"length":33,"name":"trailing231","parent":"Star1111","transform":{"x":23.5241,"y":23.0392,"skX":-133.9322,"skY":-133.9322,"scX":0.5,"scY":0.5}},{"length":33,"name":"trailing2121","parent":"Star1111","transform":{"x":23.5241,"y":23.0392,"skX":-153.4872,"skY":-153.4872,"scX":0.5,"scY":0.5}},{"length":33,"name":"trailing21121","parent":"Star1111","transform":{"x":23.5241,"y":23.0392,"skX":155.2496,"skY":155.2496,"scX":0.5,"scY":0.5}},{"length":33,"name":"trailing211111","parent":"Star1111","transform":{"x":23.5241,"y":23.0392,"skX":80.9256,"skY":80.9256,"scX":0.5,"scY":0.5}},{"length":33,"name":"trailing2211","parent":"Star1111","transform":{"x":23.5241,"y":23.0392,"skX":-133.9322,"skY":-133.9322,"scX":0.5,"scY":0.5}},{"length":136,"name":"paper01","parent":"paper","transform":{"x":-213.7517,"y":16.2629,"skX":-88.4592,"skY":-88.4592}}],"slot":[{"name":"paper02","parent":"paper02"},{"name":"paper01","parent":"paper01"},{"name":"paper011","parent":"paper011"},{"blendMode":"add","displayIndex":-1,"name":"trailing1","parent":"trailing1","color":{"aM":38}},{"blendMode":"add","displayIndex":-1,"name":"star22","parent":"star22","color":{"bM":65}},{"blendMode":"add","displayIndex":-1,"name":"star213","parent":"star213","color":{"bM":65}},{"blendMode":"add","displayIndex":-1,"name":"star2111","parent":"star2111","color":{"bM":65}},{"blendMode":"add","displayIndex":-1,"name":"star2122","parent":"star2122","color":{"bM":65}},{"blendMode":"add","displayIndex":-1,"name":"star21212","parent":"star21212","color":{"bM":65}},{"blendMode":"add","displayIndex":-1,"name":"star212112","parent":"star212112","color":{"bM":65}},{"blendMode":"add","displayIndex":-1,"name":"star2121111","parent":"star2121111","color":{"bM":65}},{"blendMode":"add","displayIndex":-1,"name":"trailing","parent":"trailing"},{"blendMode":"add","displayIndex":-1,"name":"trailing2","parent":"trailing2"},{"blendMode":"add","displayIndex":-1,"name":"trailing21","parent":"trailing21"},{"blendMode":"add","displayIndex":-1,"name":"trailing211","parent":"trailing211"},{"blendMode":"add","displayIndex":-1,"name":"trailing2111","parent":"trailing2111"},{"blendMode":"add","displayIndex":-1,"name":"trailing22","parent":"trailing22"},{"blendMode":"add","displayIndex":-1,"name":"trailing11","parent":"trailing11","color":{"aM":38}},{"blendMode":"add","displayIndex":-1,"name":"star221","parent":"star221","color":{"bM":65}},{"blendMode":"add","displayIndex":-1,"name":"star2131","parent":"star2131","color":{"bM":65}},{"blendMode":"add","displayIndex":-1,"name":"star21111","parent":"star21111","color":{"bM":65}},{"blendMode":"add","displayIndex":-1,"name":"star21221","parent":"star21221","color":{"bM":65}},{"blendMode":"add","displayIndex":-1,"name":"star212121","parent":"star212121","color":{"bM":65}},{"blendMode":"add","displayIndex":-1,"name":"star2121121","parent":"star2121121","color":{"bM":65}},{"blendMode":"add","displayIndex":-1,"name":"star21211111","parent":"star21211111","color":{"bM":65}},{"blendMode":"add","displayIndex":-1,"name":"trailing3","parent":"trailing3"},{"blendMode":"add","displayIndex":-1,"name":"trailing23","parent":"trailing23"},{"blendMode":"add","displayIndex":-1,"name":"trailing212","parent":"trailing212"},{"blendMode":"add","displayIndex":-1,"name":"trailing2112","parent":"trailing2112"},{"blendMode":"add","displayIndex":-1,"name":"trailing21111","parent":"trailing21111"},{"blendMode":"add","displayIndex":-1,"name":"trailing221","parent":"trailing221"},{"blendMode":"add","displayIndex":-1,"name":"trailing111","parent":"trailing111","color":{"aM":38}},{"blendMode":"add","displayIndex":-1,"name":"star2211","parent":"star2211","color":{"bM":65}},{"blendMode":"add","displayIndex":-1,"name":"star21311","parent":"star21311","color":{"bM":65}},{"blendMode":"add","displayIndex":-1,"name":"star211111","parent":"star211111","color":{"bM":65}},{"blendMode":"add","displayIndex":-1,"name":"star212211","parent":"star212211","color":{"bM":65}},{"blendMode":"add","displayIndex":-1,"name":"star2121211","parent":"star2121211","color":{"bM":65}},{"blendMode":"add","displayIndex":-1,"name":"star21211211","parent":"star21211211","color":{"bM":65}},{"blendMode":"add","displayIndex":-1,"name":"star212111111","parent":"star212111111","color":{"bM":65}},{"blendMode":"add","displayIndex":-1,"name":"trailing31","parent":"trailing31"},{"blendMode":"add","displayIndex":-1,"name":"trailing231","parent":"trailing231"},{"blendMode":"add","displayIndex":-1,"name":"trailing2121","parent":"trailing2121"},{"blendMode":"add","displayIndex":-1,"name":"trailing21121","parent":"trailing21121"},{"blendMode":"add","displayIndex":-1,"name":"trailing211111","parent":"trailing211111"},{"blendMode":"add","displayIndex":-1,"name":"trailing2211","parent":"trailing2211"}],"skin":[{"slot":[{"name":"star21111","display":[{"name":"star2","transform":{"x":2.81,"y":-0.41,"skX":89.92,"skY":89.92}}]},{"name":"trailing2","display":[{"name":"trailing","transform":{"x":-5.77,"y":1.38,"skX":86.65,"skY":86.65}}]},{"name":"trailing21","display":[{"name":"trailing","transform":{"x":-5.77,"y":1.38,"skX":86.65,"skY":86.65}}]},{"name":"star213","display":[{"name":"star2","transform":{"x":2.81,"y":-0.41,"skX":89.92,"skY":89.92}}]},{"name":"trailing221","display":[{"name":"trailing","transform":{"x":-5.77,"y":1.38,"skX":86.65,"skY":86.65}}]},{"name":"trailing212","display":[{"name":"trailing","transform":{"x":-5.77,"y":1.38,"skX":86.65,"skY":86.65}}]},{"name":"star21211111","display":[{"name":"star2","transform":{"x":2.81,"y":-0.41,"skX":89.92,"skY":89.92}}]},{"name":"trailing2211","display":[{"name":"trailing","transform":{"x":-5.77,"y":1.38,"skX":86.65,"skY":86.65}}]},{"name":"trailing11","display":[{"name":"trailing","transform":{"x":42.84,"y":-1.45,"skX":-90.8,"skY":-90.8,"scX":1.0817,"scY":1.2762}}]},{"name":"star21211211","display":[{"name":"star2","transform":{"x":2.81,"y":-0.41,"skX":89.92,"skY":89.92}}]},{"name":"star212111111","display":[{"name":"star2","transform":{"x":2.81,"y":-0.41,"skX":89.92,"skY":89.92}}]},{"name":"trailing1","display":[{"name":"trailing","transform":{"x":42.84,"y":-1.45,"skX":-90.8,"skY":-90.8,"scX":1.0817,"scY":1.2762}}]},{"name":"star21221","display":[{"name":"star2","transform":{"x":2.81,"y":-0.41,"skX":89.92,"skY":89.92}}]},{"name":"trailing2121","display":[{"name":"trailing","transform":{"x":-5.77,"y":1.38,"skX":86.65,"skY":86.65}}]},{"name":"trailing21121","display":[{"name":"trailing","transform":{"x":-5.77,"y":1.38,"skX":86.65,"skY":86.65}}]},{"name":"star211111","display":[{"name":"star2","transform":{"x":2.81,"y":-0.41,"skX":89.92,"skY":89.92}}]},{"name":"star212211","display":[{"name":"star2","transform":{"x":2.81,"y":-0.41,"skX":89.92,"skY":89.92}}]},{"name":"paper02","display":[{"name":"paper02","transform":{"x":-1.56,"y":3.7,"skX":0.93,"skY":0.93}}]},{"name":"trailing3","display":[{"name":"trailing","transform":{"x":-5.77,"y":1.38,"skX":86.65,"skY":86.65}}]},{"name":"star221","display":[{"name":"star2","transform":{"x":2.81,"y":-0.41,"skX":89.92,"skY":89.92}}]},{"name":"star2121111","display":[{"name":"star2","transform":{"x":2.81,"y":-0.41,"skX":89.92,"skY":89.92}}]},{"name":"trailing","display":[{"name":"trailing","transform":{"x":-5.77,"y":1.38,"skX":86.65,"skY":86.65}}]},{"name":"star2111","display":[{"name":"star2","transform":{"x":2.81,"y":-0.41,"skX":89.92,"skY":89.92}}]},{"name":"star22","display":[{"name":"star2","transform":{"x":2.81,"y":-0.41,"skX":89.92,"skY":89.92}}]},{"name":"trailing231","display":[{"name":"trailing","transform":{"x":-5.77,"y":1.38,"skX":86.65,"skY":86.65}}]},{"name":"star212121","display":[{"name":"star2","transform":{"x":2.81,"y":-0.41,"skX":89.92,"skY":89.92}}]},{"name":"trailing211","display":[{"name":"trailing","transform":{"x":-5.77,"y":1.38,"skX":86.65,"skY":86.65}}]},{"name":"trailing211111","display":[{"name":"trailing","transform":{"x":-5.77,"y":1.38,"skX":86.65,"skY":86.65}}]},{"name":"star2122","display":[{"name":"star2","transform":{"x":2.81,"y":-0.41,"skX":89.92,"skY":89.92}}]},{"name":"star21212","display":[{"name":"star2","transform":{"x":2.81,"y":-0.41,"skX":89.92,"skY":89.92}}]},{"name":"trailing2112","display":[{"name":"trailing","transform":{"x":-5.77,"y":1.38,"skX":86.65,"skY":86.65}}]},{"name":"trailing21111","display":[{"name":"trailing","transform":{"x":-5.77,"y":1.38,"skX":86.65,"skY":86.65}}]},{"name":"trailing23","display":[{"name":"trailing","transform":{"x":-5.77,"y":1.38,"skX":86.65,"skY":86.65}}]},{"name":"star2131","display":[{"name":"star2","transform":{"x":2.81,"y":-0.41,"skX":89.92,"skY":89.92}}]},{"name":"trailing31","display":[{"name":"trailing","transform":{"x":-5.77,"y":1.38,"skX":86.65,"skY":86.65}}]},{"name":"star2121211","display":[{"name":"star2","transform":{"x":2.81,"y":-0.41,"skX":89.92,"skY":89.92}}]},{"name":"star2211","display":[{"name":"star2","transform":{"x":2.81,"y":-0.41,"skX":89.92,"skY":89.92}}]},{"name":"star21311","display":[{"name":"star2","transform":{"x":2.81,"y":-0.41,"skX":89.92,"skY":89.92}}]},{"name":"trailing111","display":[{"name":"trailing","transform":{"x":42.84,"y":-1.45,"skX":-90.8,"skY":-90.8,"scX":1.0817,"scY":1.2762}}]},{"name":"star2121121","display":[{"name":"star2","transform":{"x":2.81,"y":-0.41,"skX":89.92,"skY":89.92}}]},{"name":"trailing2111","display":[{"name":"trailing","transform":{"x":-5.77,"y":1.38,"skX":86.65,"skY":86.65}}]},{"name":"trailing22","display":[{"name":"trailing","transform":{"x":-5.77,"y":1.38,"skX":86.65,"skY":86.65}}]},{"name":"star212112","display":[{"name":"star2","transform":{"x":2.81,"y":-0.41,"skX":89.92,"skY":89.92}}]},{"name":"paper01","display":[{"name":"paper01","transform":{"x":39.34,"y":-0.47,"skX":89.39,"skY":89.39}}]},{"name":"paper011","display":[{"name":"paper01","transform":{"x":39.34,"y":-0.47,"skX":89.39,"skY":89.39}}]}]}],"animation":[{"duration":43,"playTimes":0,"name":"upgrade","bone":[{"name":"Star11","translateFrame":[{},{"duration":42,"x":115.19,"y":149.18}],"rotateFrame":[{},{"duration":42,"rotate":8.14}],"scaleFrame":[{},{"duration":42,"x":-1}]},{"name":"star2111","translateFrame":[{"duration":11},{"duration":3,"tweenEasing":0,"x":25.65,"y":-111.8},{"duration":7,"tweenEasing":0,"x":-9.94,"y":-95.1},{"duration":22,"x":-35.2,"y":-60.66}],"rotateFrame":[{"duration":11},{"duration":3,"tweenEasing":0,"rotate":142.38},{"duration":7,"tweenEasing":0,"rotate":21.17},{"duration":22,"rotate":-71.36}],"scaleFrame":[{"duration":11},{"duration":3,"tweenEasing":0},{"duration":7,"tweenEasing":0,"x":0.79,"y":0.79},{"duration":22,"x":0.04,"y":0.04}]},{"name":"star212112","translateFrame":[{"duration":11},{"duration":3,"tweenEasing":0,"x":25.65,"y":-111.8},{"duration":6,"tweenEasing":0,"x":19.83,"y":-73.47},{"duration":23,"x":14.96,"y":-39.99}],"rotateFrame":[{"duration":11},{"duration":3,"tweenEasing":0,"rotate":142.38},{"duration":6,"tweenEasing":0,"rotate":-143.96},{"duration":23,"rotate":-21.29}],"scaleFrame":[{"duration":11},{"duration":3,"tweenEasing":0},{"duration":6,"tweenEasing":0,"x":0.89,"y":0.89},{"duration":23,"x":0.08,"y":0.08}]},{"name":"star21212","translateFrame":[{"duration":11},{"duration":3,"tweenEasing":0,"x":25.65,"y":-111.8},{"duration":7,"tweenEasing":0,"x":22.57,"y":-146.85},{"duration":22,"x":-3.77,"y":-156.54}],"rotateFrame":[{"duration":11},{"duration":3,"tweenEasing":0,"rotate":142.38},{"duration":7,"tweenEasing":0,"rotate":-172.33},{"duration":22,"rotate":-40.5}],"scaleFrame":[{"duration":11},{"duration":3,"tweenEasing":0,"x":1.39,"y":1.39},{"duration":7,"tweenEasing":0,"x":0.93,"y":0.93},{"duration":22,"x":0.07,"y":0.07}]},{"name":"star2122","translateFrame":[{"duration":11},{"duration":3,"tweenEasing":0,"x":25.65,"y":-111.8},{"duration":7,"tweenEasing":0,"x":42.58,"y":-93.51},{"duration":22,"x":52.14,"y":-59.38}],"rotateFrame":[{"duration":11},{"duration":3,"tweenEasing":0,"rotate":142.38},{"duration":7,"tweenEasing":0,"rotate":-155.47},{"duration":22,"rotate":-40.5}],"scaleFrame":[{"duration":11},{"duration":3,"tweenEasing":0,"x":1.19,"y":1.19},{"duration":7,"tweenEasing":0,"x":0.77,"y":0.77},{"duration":22,"x":0.07,"y":0.07}]},{"name":"star213","translateFrame":[{"duration":11},{"duration":3,"tweenEasing":0,"x":25.65,"y":-111.8},{"duration":7,"tweenEasing":0,"x":54.64,"y":-115.63},{"duration":22,"x":75.11,"y":-103.32}],"rotateFrame":[{"duration":11},{"duration":3,"tweenEasing":0,"rotate":142.38},{"duration":7,"tweenEasing":0,"rotate":177.88},{"duration":22,"rotate":-100.75}],"scaleFrame":[{"duration":11},{"duration":3,"tweenEasing":0,"x":1.06,"y":1.06},{"duration":7,"tweenEasing":0,"x":0.81,"y":0.81},{"duration":22,"x":0.14,"y":0.14}]},{"name":"trailing1","translateFrame":[{},{"duration":7,"tweenEasing":0,"x":22.2,"y":76.77},{"duration":3,"tweenEasing":0,"x":27.09,"y":-67.59},{"duration":32,"x":27.09,"y":-104.75}],"scaleFrame":[{},{"duration":4,"tweenEasing":0,"x":0.43,"y":2.07},{"duration":3,"tweenEasing":0,"x":1.73,"y":2.07},{"duration":3,"tweenEasing":0,"x":1.55,"y":2.07},{"duration":32,"x":0.3,"y":2.07}]},{"name":"star2121111","translateFrame":[{"duration":11},{"duration":3,"tweenEasing":0,"x":25.65,"y":-111.8},{"duration":6,"tweenEasing":0,"x":-1.72,"y":-134.21},{"duration":23,"x":-33.72,"y":-116.94}],"rotateFrame":[{"duration":11},{"duration":3,"tweenEasing":0,"rotate":142.38},{"duration":6,"tweenEasing":0,"rotate":11.93},{"duration":23,"rotate":-74.78}],"scaleFrame":[{"duration":11},{"duration":3,"tweenEasing":0,"x":1.58,"y":1.58},{"duration":6,"tweenEasing":0,"x":0.84,"y":0.84},{"duration":23,"x":0.12,"y":0.12}]},{"name":"star22","translateFrame":[{},{"duration":7,"tweenEasing":0,"x":21.89,"y":76.58},{"duration":3,"tweenEasing":0,"x":26.78,"y":-69.77},{"duration":3,"tweenEasing":0,"x":25.17,"y":-111.8},{"duration":5,"tweenEasing":0,"x":37.78,"y":-132.85},{"duration":24,"x":55.68,"y":-143.83}],"rotateFrame":[{},{"duration":7,"tweenEasing":0},{"duration":3,"tweenEasing":0,"rotate":142.38},{"duration":3,"tweenEasing":0,"rotate":142.38},{"duration":5,"tweenEasing":0,"rotate":152.45},{"duration":24,"rotate":-164.03}],"scaleFrame":[{"duration":11},{"duration":3,"tweenEasing":0},{"duration":5,"tweenEasing":0,"x":0.85,"y":0.85},{"duration":24,"x":0.07,"y":0.07}]},{"name":"paper01","translateFrame":[{"duration":5,"tweenEasing":0,"x":188.59,"y":3.07},{"duration":4,"tweenEasing":0,"x":-17.82,"y":-0.29},{"duration":16,"tweenEasing":0},{"duration":18,"tweenEasing":0,"x":-4.02,"y":-0.07},{"duration":0}]},{"name":"paper011","translateFrame":[{"duration":5,"tweenEasing":0,"x":-184.04,"y":-3},{"duration":4,"tweenEasing":0,"x":17.82,"y":0.29},{"duration":16,"tweenEasing":0},{"duration":18,"tweenEasing":0,"x":4.02,"y":0.07},{"duration":0}]},{"name":"paper02","scaleFrame":[{"duration":5,"tweenEasing":0,"x":0.05},{"duration":4,"tweenEasing":0,"x":1.06},{"duration":34}]},{"name":"paper","translateFrame":[{"duration":8,"tweenEasing":0,"y":10.64},{"duration":5,"tweenEasing":0,"y":-3.64},{"duration":14,"tweenEasing":0,"y":-11.88},{"duration":16,"tweenEasing":0,"y":-3.24},{"duration":0,"y":-9.98}],"rotateFrame":[{"duration":5,"tweenEasing":0,"rotate":0.93},{"duration":38}],"scaleFrame":[{"duration":5,"tweenEasing":0},{"duration":4,"tweenEasing":0,"x":1.03},{"duration":34}]},{"name":"trailing","translateFrame":[{"duration":11},{"duration":3,"tweenEasing":0,"x":17.51,"y":-105},{"duration":4,"tweenEasing":0,"x":44.82,"y":-131.9},{"duration":25,"x":71.59,"y":-156.04}],"rotateFrame":[{"duration":11},{"duration":3,"tweenEasing":0,"rotate":42.33},{"duration":4,"tweenEasing":0,"rotate":42.33},{"duration":25,"rotate":58.32}],"scaleFrame":[{"duration":11},{"duration":3,"tweenEasing":0,"x":1.18,"y":1.87},{"duration":4,"tweenEasing":0,"x":1.3,"y":0.76},{"duration":25,"x":0.01,"y":0.02}]},{"name":"trailing2","translateFrame":[{"duration":14},{"duration":5,"tweenEasing":0,"x":-16.88,"y":-125.44},{"duration":24,"x":-57.94,"y":-170.1}],"rotateFrame":[{"duration":14},{"duration":5,"tweenEasing":0,"rotate":3.83},{"duration":24,"rotate":-8.86}],"scaleFrame":[{"duration":14},{"duration":5,"tweenEasing":0,"x":1.15,"y":0.74},{"duration":24,"x":0.08,"y":0.14}]},{"name":"trailing21","translateFrame":[{"duration":11},{"duration":2,"tweenEasing":0,"x":-1.43,"y":-82.91},{"duration":6,"tweenEasing":0,"x":-19.87,"y":-72.11},{"duration":24,"x":-48.39,"y":-33.44}],"rotateFrame":[{"duration":11},{"duration":2,"tweenEasing":0,"rotate":-73.06},{"duration":6,"tweenEasing":0,"rotate":-77.81},{"duration":24,"rotate":-81.38}],"scaleFrame":[{"duration":11},{"duration":2,"tweenEasing":0,"x":0.99,"y":2.41},{"duration":6,"tweenEasing":0,"x":1.61,"y":1.23},{"duration":24,"x":0.32,"y":0.53}]},{"name":"trailing211","translateFrame":[{"duration":14},{"duration":3,"tweenEasing":0,"x":-18.76,"y":-96.4},{"duration":3,"tweenEasing":0,"x":-40.19,"y":-86.96},{"duration":23,"x":-69.96,"y":-69.87}],"rotateFrame":[{"duration":14},{"duration":29,"rotate":-1.95}],"scaleFrame":[{"duration":14},{"duration":3,"tweenEasing":0,"x":1.21,"y":0.77},{"duration":3,"tweenEasing":0,"x":1.34,"y":0.56},{"duration":23,"x":0.23,"y":0.3}]},{"name":"trailing2111","translateFrame":[{"duration":13},{"duration":2,"tweenEasing":0,"x":11.97,"y":-96.85},{"duration":3,"tweenEasing":0,"x":35.99,"y":-79.82},{"duration":4,"tweenEasing":0,"x":65.64,"y":-41.8},{"duration":21,"x":83.61,"y":11.64}],"rotateFrame":[{"duration":13},{"duration":2,"tweenEasing":0,"rotate":-35.48},{"duration":3,"tweenEasing":0,"rotate":-35.48},{"duration":4,"tweenEasing":0,"rotate":-17.56},{"duration":21,"rotate":-0.03}],"scaleFrame":[{"duration":13},{"duration":2,"tweenEasing":0,"x":1.18,"y":1.87},{"duration":3,"tweenEasing":0,"x":1.4,"y":1.3},{"duration":4,"tweenEasing":0,"x":1.02,"y":1.44},{"duration":21,"x":0.01,"y":0.02}]},{"name":"trailing22","translateFrame":[{"duration":13},{"duration":3,"tweenEasing":0,"x":4.11,"y":-104.66},{"duration":3,"tweenEasing":0,"x":14.03,"y":-140.07},{"duration":24,"x":31.62,"y":-191.08}],"rotateFrame":[{"duration":13},{"duration":3,"tweenEasing":0,"rotate":66.94},{"duration":3,"tweenEasing":0,"rotate":63.03},{"duration":24,"rotate":73.69}],"scaleFrame":[{"duration":13},{"duration":3,"tweenEasing":0,"x":0.82,"y":1.93},{"duration":3,"tweenEasing":0,"x":1.58,"y":0.67},{"duration":24,"x":0.16,"y":0.21}]},{"name":"Star111","translateFrame":[{"duration":20},{"duration":23,"x":33.57,"y":46.79}],"rotateFrame":[{"duration":20},{"duration":23,"rotate":3.91}]},{"name":"star2121121","translateFrame":[{"duration":7},{"duration":3,"tweenEasing":0,"x":25.65,"y":-111.8},{"duration":6,"tweenEasing":0,"x":19.83,"y":-73.47},{"duration":13,"tweenEasing":0,"x":14.96,"y":-39.99},{"duration":3,"tweenEasing":0,"x":25.65,"y":-111.8},{"duration":6,"tweenEasing":0,"x":19.83,"y":-73.47},{"duration":5,"x":14.96,"y":-39.99}],"rotateFrame":[{"duration":7},{"duration":3,"tweenEasing":0,"rotate":142.38},{"duration":6,"tweenEasing":0,"rotate":-143.96},{"duration":13,"tweenEasing":0,"rotate":-21.29},{"duration":3,"tweenEasing":0,"rotate":142.38},{"duration":6,"tweenEasing":0,"rotate":-143.96},{"duration":5,"rotate":-21.29}],"scaleFrame":[{"duration":7},{"duration":3,"tweenEasing":0},{"duration":6,"tweenEasing":0,"x":0.89,"y":0.89},{"duration":13,"tweenEasing":0,"x":0.08,"y":0.08},{"duration":3,"tweenEasing":0},{"duration":6,"tweenEasing":0,"x":0.89,"y":0.89},{"duration":5,"x":0.08,"y":0.08}]},{"name":"star21211111","translateFrame":[{"duration":7},{"duration":3,"tweenEasing":0,"x":25.65,"y":-111.8},{"duration":6,"tweenEasing":0,"x":-1.72,"y":-134.21},{"duration":13,"tweenEasing":0,"x":-33.72,"y":-116.94},{"duration":3,"tweenEasing":0,"x":25.65,"y":-111.8},{"duration":6,"tweenEasing":0,"x":-1.72,"y":-134.21},{"duration":5,"x":-33.72,"y":-116.94}],"rotateFrame":[{"duration":7},{"duration":3,"tweenEasing":0,"rotate":142.38},{"duration":6,"tweenEasing":0,"rotate":11.93},{"duration":13,"tweenEasing":0,"rotate":-74.78},{"duration":3,"tweenEasing":0,"rotate":142.38},{"duration":6,"tweenEasing":0,"rotate":11.93},{"duration":5,"rotate":-74.78}],"scaleFrame":[{"duration":7},{"duration":3,"tweenEasing":0,"x":1.58,"y":1.58},{"duration":6,"tweenEasing":0,"x":0.84,"y":0.84},{"duration":13,"tweenEasing":0,"x":0.12,"y":0.12},{"duration":3,"tweenEasing":0,"x":1.58,"y":1.58},{"duration":6,"tweenEasing":0,"x":0.84,"y":0.84},{"duration":5,"x":0.12,"y":0.12}]},{"name":"star212121","translateFrame":[{"duration":7},{"duration":3,"tweenEasing":0,"x":25.65,"y":-111.8},{"duration":7,"tweenEasing":0,"x":22.57,"y":-146.85},{"duration":12,"tweenEasing":0,"x":-3.77,"y":-156.54},{"duration":3,"tweenEasing":0,"x":25.65,"y":-111.8},{"duration":7,"tweenEasing":0,"x":22.57,"y":-146.85},{"duration":4,"x":-3.77,"y":-156.54}],"rotateFrame":[{"duration":7},{"duration":3,"tweenEasing":0,"rotate":142.38},{"duration":7,"tweenEasing":0,"rotate":-172.33},{"duration":12,"tweenEasing":0,"rotate":-40.5},{"duration":3,"tweenEasing":0,"rotate":142.38},{"duration":7,"tweenEasing":0,"rotate":-172.33},{"duration":4,"rotate":-40.5}],"scaleFrame":[{"duration":7},{"duration":3,"tweenEasing":0,"x":1.39,"y":1.39},{"duration":7,"tweenEasing":0,"x":0.93,"y":0.93},{"duration":12,"tweenEasing":0,"x":0.07,"y":0.07},{"duration":3,"tweenEasing":0,"x":1.39,"y":1.39},{"duration":7,"tweenEasing":0,"x":0.93,"y":0.93},{"duration":4,"x":0.07,"y":0.07}]},{"name":"star221","translateFrame":[{"duration":4},{"duration":3,"tweenEasing":0,"x":26.78,"y":-69.77},{"duration":3,"tweenEasing":0,"x":25.17,"y":-111.8},{"duration":5,"tweenEasing":0,"x":37.78,"y":-132.85},{"duration":4,"tweenEasing":0,"x":55.68,"y":-143.83},{"duration":7,"tweenEasing":0,"x":21.89,"y":76.58},{"duration":3,"tweenEasing":0,"x":26.78,"y":-69.77},{"duration":3,"tweenEasing":0,"x":25.17,"y":-111.8},{"duration":5,"tweenEasing":0,"x":37.78,"y":-132.85},{"duration":6,"x":55.68,"y":-143.83}],"rotateFrame":[{"duration":4},{"duration":3,"tweenEasing":0,"rotate":142.38},{"duration":3,"tweenEasing":0,"rotate":142.38},{"duration":5,"tweenEasing":0,"rotate":152.45},{"duration":4,"tweenEasing":0,"rotate":-164.03},{"duration":7,"tweenEasing":0},{"duration":3,"tweenEasing":0,"rotate":142.38},{"duration":3,"tweenEasing":0,"rotate":142.38},{"duration":5,"tweenEasing":0,"rotate":152.45},{"duration":6,"rotate":-164.03}],"scaleFrame":[{"duration":7},{"duration":3,"tweenEasing":0},{"duration":5,"tweenEasing":0,"x":0.85,"y":0.85},{"duration":4,"tweenEasing":0,"x":0.07,"y":0.07},{"duration":10,"tweenEasing":0},{"duration":3,"tweenEasing":0},{"duration":5,"tweenEasing":0,"x":0.85,"y":0.85},{"duration":6,"x":0.07,"y":0.07}]},{"name":"star21221","translateFrame":[{"duration":7},{"duration":3,"tweenEasing":0,"x":25.65,"y":-111.8},{"duration":7,"tweenEasing":0,"x":42.58,"y":-93.51},{"duration":12,"tweenEasing":0,"x":52.14,"y":-59.38},{"duration":3,"tweenEasing":0,"x":25.65,"y":-111.8},{"duration":7,"tweenEasing":0,"x":42.58,"y":-93.51},{"duration":4,"x":52.14,"y":-59.38}],"rotateFrame":[{"duration":7},{"duration":3,"tweenEasing":0,"rotate":142.38},{"duration":7,"tweenEasing":0,"rotate":-155.47},{"duration":12,"tweenEasing":0,"rotate":-40.5},{"duration":3,"tweenEasing":0,"rotate":142.38},{"duration":7,"tweenEasing":0,"rotate":-155.47},{"duration":4,"rotate":-40.5}],"scaleFrame":[{"duration":7},{"duration":3,"tweenEasing":0,"x":1.19,"y":1.19},{"duration":7,"tweenEasing":0,"x":0.77,"y":0.77},{"duration":12,"tweenEasing":0,"x":0.07,"y":0.07},{"duration":3,"tweenEasing":0,"x":1.19,"y":1.19},{"duration":7,"tweenEasing":0,"x":0.77,"y":0.77},{"duration":4,"x":0.07,"y":0.07}]},{"name":"star21111","translateFrame":[{"duration":7},{"duration":3,"tweenEasing":0,"x":25.65,"y":-111.8},{"duration":7,"tweenEasing":0,"x":-9.94,"y":-95.1},{"duration":12,"tweenEasing":0,"x":-35.2,"y":-60.66},{"duration":3,"tweenEasing":0,"x":25.65,"y":-111.8},{"duration":7,"tweenEasing":0,"x":-9.94,"y":-95.1},{"duration":4,"x":-35.2,"y":-60.66}],"rotateFrame":[{"duration":7},{"duration":3,"tweenEasing":0,"rotate":142.38},{"duration":7,"tweenEasing":0,"rotate":21.17},{"duration":12,"tweenEasing":0,"rotate":-71.36},{"duration":3,"tweenEasing":0,"rotate":142.38},{"duration":7,"tweenEasing":0,"rotate":21.17},{"duration":4,"rotate":-71.36}],"scaleFrame":[{"duration":7},{"duration":3,"tweenEasing":0},{"duration":7,"tweenEasing":0,"x":0.79,"y":0.79},{"duration":12,"tweenEasing":0,"x":0.04,"y":0.04},{"duration":3,"tweenEasing":0},{"duration":7,"tweenEasing":0,"x":0.79,"y":0.79},{"duration":4,"x":0.04,"y":0.04}]},{"name":"star2131","translateFrame":[{"duration":7},{"duration":3,"tweenEasing":0,"x":25.65,"y":-111.8},{"duration":7,"tweenEasing":0,"x":54.64,"y":-115.63},{"duration":12,"tweenEasing":0,"x":75.11,"y":-103.32},{"duration":3,"tweenEasing":0,"x":25.65,"y":-111.8},{"duration":7,"tweenEasing":0,"x":54.64,"y":-115.63},{"duration":4,"x":75.11,"y":-103.32}],"rotateFrame":[{"duration":7},{"duration":3,"tweenEasing":0,"rotate":142.38},{"duration":7,"tweenEasing":0,"rotate":177.88},{"duration":12,"tweenEasing":0,"rotate":-100.75},{"duration":3,"tweenEasing":0,"rotate":142.38},{"duration":7,"tweenEasing":0,"rotate":177.88},{"duration":4,"rotate":-100.75}],"scaleFrame":[{"duration":7},{"duration":3,"tweenEasing":0,"x":1.06,"y":1.06},{"duration":7,"tweenEasing":0,"x":0.81,"y":0.81},{"duration":12,"tweenEasing":0,"x":0.14,"y":0.14},{"duration":3,"tweenEasing":0,"x":1.06,"y":1.06},{"duration":7,"tweenEasing":0,"x":0.81,"y":0.81},{"duration":4,"x":0.14,"y":0.14}]},{"name":"trailing11","translateFrame":[{"duration":4},{"duration":3,"tweenEasing":0,"x":27.09,"y":-67.59},{"duration":12,"tweenEasing":0,"x":27.09,"y":-104.75},{"duration":7,"tweenEasing":0,"x":22.2,"y":76.77},{"duration":3,"tweenEasing":0,"x":27.09,"y":-67.59},{"duration":14,"x":27.09,"y":-104.75}],"scaleFrame":[{},{"duration":3,"tweenEasing":0,"x":1.73,"y":2.07},{"duration":3,"tweenEasing":0,"x":1.55,"y":2.07},{"duration":12,"tweenEasing":0,"x":0.3,"y":2.07},{"duration":4,"tweenEasing":0,"x":0.43,"y":2.07},{"duration":3,"tweenEasing":0,"x":1.73,"y":2.07},{"duration":3,"tweenEasing":0,"x":1.55,"y":2.07},{"duration":14,"x":0.3,"y":2.07}]},{"name":"trailing3","translateFrame":[{"duration":7},{"duration":3,"tweenEasing":0,"x":17.51,"y":-105},{"duration":4,"tweenEasing":0,"x":44.82,"y":-131.9},{"duration":15,"tweenEasing":0,"x":71.59,"y":-156.04},{"duration":3,"tweenEasing":0,"x":17.51,"y":-105},{"duration":4,"tweenEasing":0,"x":44.82,"y":-131.9},{"duration":7,"x":71.59,"y":-156.04}],"rotateFrame":[{"duration":7},{"duration":3,"tweenEasing":0,"rotate":42.33},{"duration":4,"tweenEasing":0,"rotate":42.33},{"duration":15,"tweenEasing":0,"rotate":58.32},{"duration":3,"tweenEasing":0,"rotate":42.33},{"duration":4,"tweenEasing":0,"rotate":42.33},{"duration":7,"rotate":58.32}],"scaleFrame":[{"duration":7},{"duration":3,"tweenEasing":0,"x":1.18,"y":1.87},{"duration":4,"tweenEasing":0,"x":1.3,"y":0.76},{"duration":15,"tweenEasing":0,"x":0.01,"y":0.02},{"duration":3,"tweenEasing":0,"x":1.18,"y":1.87},{"duration":4,"tweenEasing":0,"x":1.3,"y":0.76},{"duration":7,"x":0.01,"y":0.02}]},{"name":"trailing23","translateFrame":[{"duration":10},{"duration":5,"tweenEasing":0,"x":-16.88,"y":-125.44},{"duration":17,"tweenEasing":0,"x":-57.94,"y":-170.1},{"duration":5,"tweenEasing":0,"x":-16.88,"y":-125.44},{"duration":6,"x":-57.94,"y":-170.1}],"rotateFrame":[{"duration":10},{"duration":5,"tweenEasing":0,"rotate":3.83},{"duration":17,"tweenEasing":0,"rotate":-8.86},{"duration":5,"tweenEasing":0,"rotate":3.83},{"duration":6,"rotate":-8.86}],"scaleFrame":[{"duration":10},{"duration":5,"tweenEasing":0,"x":1.15,"y":0.74},{"duration":17,"tweenEasing":0,"x":0.08,"y":0.14},{"duration":5,"tweenEasing":0,"x":1.15,"y":0.74},{"duration":6,"x":0.08,"y":0.14}]},{"name":"trailing212","translateFrame":[{"duration":7},{"duration":2,"tweenEasing":0,"x":-1.43,"y":-82.91},{"duration":6,"tweenEasing":0,"x":-19.87,"y":-72.11},{"duration":14,"tweenEasing":0,"x":-48.39,"y":-33.44},{"duration":2,"tweenEasing":0,"x":-1.43,"y":-82.91},{"duration":6,"tweenEasing":0,"x":-19.87,"y":-72.11},{"duration":6,"x":-48.39,"y":-33.44}],"rotateFrame":[{"duration":7},{"duration":2,"tweenEasing":0,"rotate":-73.06},{"duration":6,"tweenEasing":0,"rotate":-77.81},{"duration":14,"tweenEasing":0,"rotate":-81.38},{"duration":2,"tweenEasing":0,"rotate":-73.06},{"duration":6,"tweenEasing":0,"rotate":-77.81},{"duration":6,"rotate":-81.38}],"scaleFrame":[{"duration":7},{"duration":2,"tweenEasing":0,"x":0.99,"y":2.41},{"duration":6,"tweenEasing":0,"x":1.61,"y":1.23},{"duration":14,"tweenEasing":0,"x":0.32,"y":0.53},{"duration":2,"tweenEasing":0,"x":0.99,"y":2.41},{"duration":6,"tweenEasing":0,"x":1.61,"y":1.23},{"duration":6,"x":0.32,"y":0.53}]},{"name":"trailing2112","translateFrame":[{"duration":10},{"duration":3,"tweenEasing":0,"x":-18.76,"y":-96.4},{"duration":3,"tweenEasing":0,"x":-40.19,"y":-86.96},{"duration":16,"tweenEasing":0,"x":-69.96,"y":-69.87},{"duration":3,"tweenEasing":0,"x":-18.76,"y":-96.4},{"duration":3,"tweenEasing":0,"x":-40.19,"y":-86.96},{"duration":5,"x":-69.96,"y":-69.87}],"rotateFrame":[{"duration":10},{"duration":33,"rotate":-1.95}],"scaleFrame":[{"duration":10},{"duration":3,"tweenEasing":0,"x":1.21,"y":0.77},{"duration":3,"tweenEasing":0,"x":1.34,"y":0.56},{"duration":16,"tweenEasing":0,"x":0.23,"y":0.3},{"duration":3,"tweenEasing":0,"x":1.21,"y":0.77},{"duration":3,"tweenEasing":0,"x":1.34,"y":0.56},{"duration":5,"x":0.23,"y":0.3}]},{"name":"trailing21111","translateFrame":[{"duration":9},{"duration":2,"tweenEasing":0,"x":11.97,"y":-96.85},{"duration":3,"tweenEasing":0,"x":35.99,"y":-79.82},{"duration":4,"tweenEasing":0,"x":65.64,"y":-41.8},{"duration":13,"tweenEasing":0,"x":83.61,"y":11.64},{"duration":2,"tweenEasing":0,"x":11.97,"y":-96.85},{"duration":3,"tweenEasing":0,"x":35.99,"y":-79.82},{"duration":4,"tweenEasing":0,"x":65.64,"y":-41.8},{"duration":3,"x":83.61,"y":11.64}],"rotateFrame":[{"duration":9},{"duration":2,"tweenEasing":0,"rotate":-35.48},{"duration":3,"tweenEasing":0,"rotate":-35.48},{"duration":4,"tweenEasing":0,"rotate":-17.56},{"duration":13,"tweenEasing":0,"rotate":-0.03},{"duration":2,"tweenEasing":0,"rotate":-35.48},{"duration":3,"tweenEasing":0,"rotate":-35.48},{"duration":4,"tweenEasing":0,"rotate":-17.56},{"duration":3,"rotate":-0.03}],"scaleFrame":[{"duration":9},{"duration":2,"tweenEasing":0,"x":1.18,"y":1.87},{"duration":3,"tweenEasing":0,"x":1.4,"y":1.3},{"duration":4,"tweenEasing":0,"x":1.02,"y":1.44},{"duration":13,"tweenEasing":0,"x":0.01,"y":0.02},{"duration":2,"tweenEasing":0,"x":1.18,"y":1.87},{"duration":3,"tweenEasing":0,"x":1.4,"y":1.3},{"duration":4,"tweenEasing":0,"x":1.02,"y":1.44},{"duration":3,"x":0.01,"y":0.02}]},{"name":"trailing221","translateFrame":[{"duration":9},{"duration":3,"tweenEasing":0,"x":4.11,"y":-104.66},{"duration":3,"tweenEasing":0,"x":14.03,"y":-140.07},{"duration":16,"tweenEasing":0,"x":31.62,"y":-191.08},{"duration":3,"tweenEasing":0,"x":4.11,"y":-104.66},{"duration":3,"tweenEasing":0,"x":14.03,"y":-140.07},{"duration":6,"x":31.62,"y":-191.08}],"rotateFrame":[{"duration":9},{"duration":3,"tweenEasing":0,"rotate":66.94},{"duration":3,"tweenEasing":0,"rotate":63.03},{"duration":16,"tweenEasing":0,"rotate":73.69},{"duration":3,"tweenEasing":0,"rotate":66.94},{"duration":3,"tweenEasing":0,"rotate":63.03},{"duration":6,"rotate":73.69}],"scaleFrame":[{"duration":9},{"duration":3,"tweenEasing":0,"x":0.82,"y":1.93},{"duration":3,"tweenEasing":0,"x":1.58,"y":0.67},{"duration":16,"tweenEasing":0,"x":0.16,"y":0.21},{"duration":3,"tweenEasing":0,"x":0.82,"y":1.93},{"duration":3,"tweenEasing":0,"x":1.58,"y":0.67},{"duration":6,"x":0.16,"y":0.21}]},{"name":"Star1111","translateFrame":[{"duration":8},{"duration":35,"x":-129.04,"y":135.6}],"rotateFrame":[{"duration":8},{"duration":35,"rotate":-7.11}]},{"name":"star21211211","translateFrame":[{"duration":18},{"duration":3,"tweenEasing":0,"x":25.65,"y":-111.8},{"duration":6,"tweenEasing":0,"x":19.83,"y":-73.47},{"duration":16,"x":14.96,"y":-39.99}],"rotateFrame":[{"duration":18},{"duration":3,"tweenEasing":0,"rotate":142.38},{"duration":6,"tweenEasing":0,"rotate":-143.96},{"duration":16,"rotate":-21.29}],"scaleFrame":[{"duration":18},{"duration":3,"tweenEasing":0},{"duration":6,"tweenEasing":0,"x":0.89,"y":0.89},{"duration":16,"x":0.08,"y":0.08}]},{"name":"star212111111","translateFrame":[{"duration":18},{"duration":3,"tweenEasing":0,"x":25.65,"y":-111.8},{"duration":6,"tweenEasing":0,"x":-1.72,"y":-134.21},{"duration":16,"x":-33.72,"y":-116.94}],"rotateFrame":[{"duration":18},{"duration":3,"tweenEasing":0,"rotate":142.38},{"duration":6,"tweenEasing":0,"rotate":11.93},{"duration":16,"rotate":-74.78}],"scaleFrame":[{"duration":18},{"duration":3,"tweenEasing":0,"x":1.58,"y":1.58},{"duration":6,"tweenEasing":0,"x":0.84,"y":0.84},{"duration":16,"x":0.12,"y":0.12}]},{"name":"star2121211","translateFrame":[{"duration":18},{"duration":3,"tweenEasing":0,"x":25.65,"y":-111.8},{"duration":7,"tweenEasing":0,"x":22.57,"y":-146.85},{"duration":15,"x":-3.77,"y":-156.54}],"rotateFrame":[{"duration":18},{"duration":3,"tweenEasing":0,"rotate":142.38},{"duration":7,"tweenEasing":0,"rotate":-172.33},{"duration":15,"rotate":-40.5}],"scaleFrame":[{"duration":18},{"duration":3,"tweenEasing":0,"x":1.39,"y":1.39},{"duration":7,"tweenEasing":0,"x":0.93,"y":0.93},{"duration":15,"x":0.07,"y":0.07}]},{"name":"star2211","translateFrame":[{"duration":8},{"duration":7,"tweenEasing":0,"x":21.89,"y":76.58},{"duration":3,"tweenEasing":0,"x":26.78,"y":-69.77},{"duration":3,"tweenEasing":0,"x":25.17,"y":-111.8},{"duration":5,"tweenEasing":0,"x":37.78,"y":-132.85},{"duration":17,"x":55.68,"y":-143.83}],"rotateFrame":[{"duration":8},{"duration":7,"tweenEasing":0},{"duration":3,"tweenEasing":0,"rotate":142.38},{"duration":3,"tweenEasing":0,"rotate":142.38},{"duration":5,"tweenEasing":0,"rotate":152.45},{"duration":17,"rotate":-164.03}],"scaleFrame":[{"duration":18},{"duration":3,"tweenEasing":0},{"duration":5,"tweenEasing":0,"x":0.85,"y":0.85},{"duration":17,"x":0.07,"y":0.07}]},{"name":"star212211","translateFrame":[{"duration":18},{"duration":3,"tweenEasing":0,"x":25.65,"y":-111.8},{"duration":7,"tweenEasing":0,"x":42.58,"y":-93.51},{"duration":15,"x":52.14,"y":-59.38}],"rotateFrame":[{"duration":18},{"duration":3,"tweenEasing":0,"rotate":142.38},{"duration":7,"tweenEasing":0,"rotate":-155.47},{"duration":15,"rotate":-40.5}],"scaleFrame":[{"duration":18},{"duration":3,"tweenEasing":0,"x":1.19,"y":1.19},{"duration":7,"tweenEasing":0,"x":0.77,"y":0.77},{"duration":15,"x":0.07,"y":0.07}]},{"name":"star211111","translateFrame":[{"duration":18},{"duration":3,"tweenEasing":0,"x":25.65,"y":-111.8},{"duration":7,"tweenEasing":0,"x":-9.94,"y":-95.1},{"duration":15,"x":-35.2,"y":-60.66}],"rotateFrame":[{"duration":18},{"duration":3,"tweenEasing":0,"rotate":142.38},{"duration":7,"tweenEasing":0,"rotate":21.17},{"duration":15,"rotate":-71.36}],"scaleFrame":[{"duration":18},{"duration":3,"tweenEasing":0},{"duration":7,"tweenEasing":0,"x":0.79,"y":0.79},{"duration":15,"x":0.04,"y":0.04}]},{"name":"star21311","translateFrame":[{"duration":18},{"duration":3,"tweenEasing":0,"x":25.65,"y":-111.8},{"duration":7,"tweenEasing":0,"x":54.64,"y":-115.63},{"duration":15,"x":75.11,"y":-103.32}],"rotateFrame":[{"duration":18},{"duration":3,"tweenEasing":0,"rotate":142.38},{"duration":7,"tweenEasing":0,"rotate":177.88},{"duration":15,"rotate":-100.75}],"scaleFrame":[{"duration":18},{"duration":3,"tweenEasing":0,"x":1.06,"y":1.06},{"duration":7,"tweenEasing":0,"x":0.81,"y":0.81},{"duration":15,"x":0.14,"y":0.14}]},{"name":"trailing111","translateFrame":[{"duration":8},{"duration":7,"tweenEasing":0,"x":22.2,"y":76.77},{"duration":3,"tweenEasing":0,"x":27.09,"y":-67.59},{"duration":25,"x":27.09,"y":-104.75}],"scaleFrame":[{"duration":8},{"duration":4,"tweenEasing":0,"x":0.43,"y":2.07},{"duration":3,"tweenEasing":0,"x":1.73,"y":2.07},{"duration":3,"tweenEasing":0,"x":1.55,"y":2.07},{"duration":25,"x":0.3,"y":2.07}]},{"name":"trailing31","translateFrame":[{"duration":18},{"duration":3,"tweenEasing":0,"x":17.51,"y":-105},{"duration":4,"tweenEasing":0,"x":44.82,"y":-131.9},{"duration":18,"x":71.59,"y":-156.04}],"rotateFrame":[{"duration":18},{"duration":3,"tweenEasing":0,"rotate":42.33},{"duration":4,"tweenEasing":0,"rotate":42.33},{"duration":18,"rotate":58.32}],"scaleFrame":[{"duration":18},{"duration":3,"tweenEasing":0,"x":1.18,"y":1.87},{"duration":4,"tweenEasing":0,"x":1.3,"y":0.76},{"duration":18,"x":0.01,"y":0.02}]},{"name":"trailing231","translateFrame":[{"duration":21},{"duration":5,"tweenEasing":0,"x":-16.88,"y":-125.44},{"duration":17,"x":-57.94,"y":-170.1}],"rotateFrame":[{"duration":21},{"duration":5,"tweenEasing":0,"rotate":3.83},{"duration":17,"rotate":-8.86}],"scaleFrame":[{"duration":21},{"duration":5,"tweenEasing":0,"x":1.15,"y":0.74},{"duration":17,"x":0.08,"y":0.14}]},{"name":"trailing2121","translateFrame":[{"duration":18},{"duration":2,"tweenEasing":0,"x":-1.43,"y":-82.91},{"duration":6,"tweenEasing":0,"x":-19.87,"y":-72.11},{"duration":17,"x":-48.39,"y":-33.44}],"rotateFrame":[{"duration":18},{"duration":2,"tweenEasing":0,"rotate":-73.06},{"duration":6,"tweenEasing":0,"rotate":-77.81},{"duration":17,"rotate":-81.38}],"scaleFrame":[{"duration":18},{"duration":2,"tweenEasing":0,"x":0.99,"y":2.41},{"duration":6,"tweenEasing":0,"x":1.61,"y":1.23},{"duration":17,"x":0.32,"y":0.53}]},{"name":"trailing21121","translateFrame":[{"duration":21},{"duration":3,"tweenEasing":0,"x":-18.76,"y":-96.4},{"duration":3,"tweenEasing":0,"x":-40.19,"y":-86.96},{"duration":16,"x":-69.96,"y":-69.87}],"rotateFrame":[{"duration":21},{"duration":22,"rotate":-1.95}],"scaleFrame":[{"duration":21},{"duration":3,"tweenEasing":0,"x":1.21,"y":0.77},{"duration":3,"tweenEasing":0,"x":1.34,"y":0.56},{"duration":16,"x":0.23,"y":0.3}]},{"name":"trailing211111","translateFrame":[{"duration":20},{"duration":2,"tweenEasing":0,"x":11.97,"y":-96.85},{"duration":3,"tweenEasing":0,"x":35.99,"y":-79.82},{"duration":4,"tweenEasing":0,"x":65.64,"y":-41.8},{"duration":14,"x":83.61,"y":11.64}],"rotateFrame":[{"duration":20},{"duration":2,"tweenEasing":0,"rotate":-35.48},{"duration":3,"tweenEasing":0,"rotate":-35.48},{"duration":4,"tweenEasing":0,"rotate":-17.56},{"duration":14,"rotate":-0.03}],"scaleFrame":[{"duration":20},{"duration":2,"tweenEasing":0,"x":1.18,"y":1.87},{"duration":3,"tweenEasing":0,"x":1.4,"y":1.3},{"duration":4,"tweenEasing":0,"x":1.02,"y":1.44},{"duration":14,"x":0.01,"y":0.02}]},{"name":"trailing2211","translateFrame":[{"duration":20},{"duration":3,"tweenEasing":0,"x":4.11,"y":-104.66},{"duration":3,"tweenEasing":0,"x":14.03,"y":-140.07},{"duration":17,"x":31.62,"y":-191.08}],"rotateFrame":[{"duration":20},{"duration":3,"tweenEasing":0,"rotate":66.94},{"duration":3,"tweenEasing":0,"rotate":63.03},{"duration":17,"rotate":73.69}],"scaleFrame":[{"duration":20},{"duration":3,"tweenEasing":0,"x":0.82,"y":1.93},{"duration":3,"tweenEasing":0,"x":1.58,"y":0.67},{"duration":17,"x":0.16,"y":0.21}]}],"slot":[{"name":"star2121111","displayFrame":[{"duration":11,"value":-1},{"duration":9},{"duration":23,"value":-1}],"colorFrame":[{"duration":14},{"duration":3,"tweenEasing":0,"value":{"gM":79,"bM":54}},{"duration":3,"tweenEasing":0,"value":{"gM":96,"bM":54}},{"duration":23,"value":{"aM":12,"rM":70,"gM":54}}]},{"name":"star212112","displayFrame":[{"duration":11,"value":-1},{"duration":9},{"duration":23,"value":-1}],"colorFrame":[{"duration":13},{"duration":3,"tweenEasing":0,"value":{"gM":79,"bM":54}},{"duration":4,"tweenEasing":0,"value":{"gM":94,"bM":47}},{"duration":23,"value":{"aM":12,"rM":70,"gM":54}}]},{"name":"star21212","displayFrame":[{"duration":11,"value":-1},{"duration":10},{"duration":22,"value":-1}],"colorFrame":[{"duration":14},{"duration":3,"tweenEasing":0,"value":{"gM":88,"bM":54}},{"duration":4,"tweenEasing":0,"value":{"gM":96,"bM":54}},{"duration":22,"value":{"aM":0,"rM":70,"gM":54}}]},{"name":"star2122","displayFrame":[{"duration":11,"value":-1},{"duration":10},{"duration":22,"value":-1}],"colorFrame":[{"duration":13},{"duration":3,"tweenEasing":0,"value":{"gM":79,"bM":54}},{"duration":5,"tweenEasing":0,"value":{"gM":96,"bM":54}},{"duration":22,"value":{"aM":12,"rM":70,"gM":54}}]},{"name":"star2111","displayFrame":[{"duration":11,"value":-1},{"duration":10},{"duration":22,"value":-1}],"colorFrame":[{"duration":14},{"duration":3,"tweenEasing":0,"value":{"gM":76,"bM":41}},{"duration":4,"tweenEasing":0,"value":{"gM":92,"bM":54}},{"duration":22,"value":{"aM":48,"rM":70,"gM":54}}]},{"name":"star213","displayFrame":[{"duration":11,"value":-1},{"duration":10},{"duration":22,"value":-1}],"colorFrame":[{"duration":14},{"duration":3,"tweenEasing":0,"value":{"gM":79,"bM":54}},{"duration":4,"tweenEasing":0,"value":{"gM":96,"bM":54}},{"duration":22,"value":{"aM":19,"rM":70,"gM":54}}]},{"name":"star22","displayFrame":[{"value":-1},{"duration":18},{"duration":24,"value":-1}],"colorFrame":[{"duration":8},{"duration":8,"tweenEasing":0,"value":{"gM":90,"bM":74}},{"duration":3,"tweenEasing":0,"value":{"gM":92,"bM":66}},{"duration":24,"value":{"aM":6,"rM":70,"gM":54}}]},{"name":"trailing1","displayFrame":[{"value":-1},{"duration":10},{"duration":32,"value":-1}]},{"name":"trailing","displayFrame":[{"duration":11,"value":-1},{"duration":7},{"duration":25,"value":-1}],"colorFrame":[{"duration":11},{"duration":32,"value":{"gM":95,"bM":46}}]},{"name":"trailing2","displayFrame":[{"duration":14,"value":-1},{"duration":5},{"duration":24,"value":-1}],"colorFrame":[{"duration":14},{"duration":29,"value":{"gM":95,"bM":46}}]},{"name":"trailing21","displayFrame":[{"duration":11,"value":-1},{"duration":8},{"duration":24,"value":-1}],"colorFrame":[{"duration":11},{"duration":32,"value":{"gM":95,"bM":46}}]},{"name":"trailing211","displayFrame":[{"duration":14,"value":-1},{"duration":6},{"duration":23,"value":-1}],"colorFrame":[{"duration":14},{"duration":29,"value":{"gM":95,"bM":46}}]},{"name":"trailing2111","displayFrame":[{"duration":13,"value":-1},{"duration":9},{"duration":21,"value":-1}],"colorFrame":[{"duration":13},{"duration":30,"value":{"gM":95,"bM":46}}]},{"name":"trailing22","displayFrame":[{"duration":13,"value":-1},{"duration":6},{"duration":24,"value":-1}],"colorFrame":[{"duration":13},{"duration":30,"value":{"gM":95,"bM":46}}]},{"name":"trailing11","displayFrame":[{"duration":19,"value":-1},{"duration":10},{"duration":14,"value":-1}]},{"name":"star221","displayFrame":[{"duration":7,"value":-1},{"duration":8},{"duration":4,"value":-1},{"duration":18},{"duration":6,"value":-1}],"colorFrame":[{"duration":4},{"duration":8,"tweenEasing":0,"value":{"gM":90,"bM":74}},{"duration":3,"tweenEasing":0,"value":{"gM":92,"bM":66}},{"duration":11,"tweenEasing":0,"value":{"aM":6,"rM":70,"gM":54}},{"duration":8,"tweenEasing":0,"value":{"gM":90,"bM":74}},{"duration":3,"tweenEasing":0,"value":{"gM":92,"bM":66}},{"duration":6,"value":{"aM":6,"rM":70,"gM":54}}]},{"name":"star2131","displayFrame":[{"duration":7,"value":-1},{"duration":10},{"duration":12,"value":-1},{"duration":10},{"duration":4,"value":-1}],"colorFrame":[{"duration":10},{"duration":3,"tweenEasing":0,"value":{"gM":79,"bM":54}},{"duration":4,"tweenEasing":0,"value":{"gM":96,"bM":54}},{"duration":15,"tweenEasing":0,"value":{"aM":19,"rM":70,"gM":54}},{"duration":3,"tweenEasing":0,"value":{"gM":79,"bM":54}},{"duration":4,"tweenEasing":0,"value":{"gM":96,"bM":54}},{"duration":4,"value":{"aM":19,"rM":70,"gM":54}}]},{"name":"star21111","displayFrame":[{"duration":7,"value":-1},{"duration":10},{"duration":12,"value":-1},{"duration":10},{"duration":4,"value":-1}],"colorFrame":[{"duration":10},{"duration":3,"tweenEasing":0,"value":{"gM":76,"bM":41}},{"duration":4,"tweenEasing":0,"value":{"gM":92,"bM":54}},{"duration":15,"tweenEasing":0,"value":{"aM":48,"rM":70,"gM":54}},{"duration":3,"tweenEasing":0,"value":{"gM":76,"bM":41}},{"duration":4,"tweenEasing":0,"value":{"gM":92,"bM":54}},{"duration":4,"value":{"aM":48,"rM":70,"gM":54}}]},{"name":"star21221","displayFrame":[{"duration":7,"value":-1},{"duration":10},{"duration":12,"value":-1},{"duration":10},{"duration":4,"value":-1}],"colorFrame":[{"duration":9},{"duration":3,"tweenEasing":0,"value":{"gM":79,"bM":54}},{"duration":5,"tweenEasing":0,"value":{"gM":96,"bM":54}},{"duration":14,"tweenEasing":0,"value":{"aM":12,"rM":70,"gM":54}},{"duration":3,"tweenEasing":0,"value":{"gM":79,"bM":54}},{"duration":5,"tweenEasing":0,"value":{"gM":96,"bM":54}},{"duration":4,"value":{"aM":12,"rM":70,"gM":54}}]},{"name":"star212121","displayFrame":[{"duration":7,"value":-1},{"duration":10},{"duration":12,"value":-1},{"duration":10},{"duration":4,"value":-1}],"colorFrame":[{"duration":10},{"duration":3,"tweenEasing":0,"value":{"gM":88,"bM":54}},{"duration":4,"tweenEasing":0,"value":{"gM":96,"bM":54}},{"duration":15,"tweenEasing":0,"value":{"aM":0,"rM":70,"gM":54}},{"duration":3,"tweenEasing":0,"value":{"gM":88,"bM":54}},{"duration":4,"tweenEasing":0,"value":{"gM":96,"bM":54}},{"duration":4,"value":{"aM":0,"rM":70,"gM":54}}]},{"name":"star2121121","displayFrame":[{"duration":7,"value":-1},{"duration":9},{"duration":13,"value":-1},{"duration":9},{"duration":5,"value":-1}],"colorFrame":[{"duration":9},{"duration":3,"tweenEasing":0,"value":{"gM":79,"bM":54}},{"duration":4,"tweenEasing":0,"value":{"gM":94,"bM":47}},{"duration":15,"tweenEasing":0,"value":{"aM":12,"rM":70,"gM":54}},{"duration":3,"tweenEasing":0,"value":{"gM":79,"bM":54}},{"duration":4,"tweenEasing":0,"value":{"gM":94,"bM":47}},{"duration":5,"value":{"aM":12,"rM":70,"gM":54}}]},{"name":"star21211111","displayFrame":[{"duration":7,"value":-1},{"duration":9},{"duration":13,"value":-1},{"duration":9},{"duration":5,"value":-1}],"colorFrame":[{"duration":10},{"duration":3,"tweenEasing":0,"value":{"gM":79,"bM":54}},{"duration":3,"tweenEasing":0,"value":{"gM":96,"bM":54}},{"duration":16,"tweenEasing":0,"value":{"aM":12,"rM":70,"gM":54}},{"duration":3,"tweenEasing":0,"value":{"gM":79,"bM":54}},{"duration":3,"tweenEasing":0,"value":{"gM":96,"bM":54}},{"duration":5,"value":{"aM":12,"rM":70,"gM":54}}]},{"name":"trailing3","displayFrame":[{"duration":7,"value":-1},{"duration":7},{"duration":15,"value":-1},{"duration":7},{"duration":7,"value":-1}],"colorFrame":[{"duration":7},{"duration":36,"value":{"gM":95,"bM":46}}]},{"name":"trailing23","displayFrame":[{"duration":10,"value":-1},{"duration":5},{"duration":17,"value":-1},{"duration":5},{"duration":6,"value":-1}],"colorFrame":[{"duration":10},{"duration":33,"value":{"gM":95,"bM":46}}]},{"name":"trailing212","displayFrame":[{"duration":7,"value":-1},{"duration":8},{"duration":14,"value":-1},{"duration":8},{"duration":6,"value":-1}],"colorFrame":[{"duration":7},{"duration":36,"value":{"gM":95,"bM":46}}]},{"name":"trailing2112","displayFrame":[{"duration":10,"value":-1},{"duration":6},{"duration":16,"value":-1},{"duration":6},{"duration":5,"value":-1}],"colorFrame":[{"duration":10},{"duration":33,"value":{"gM":95,"bM":46}}]},{"name":"trailing21111","displayFrame":[{"duration":9,"value":-1},{"duration":9},{"duration":13,"value":-1},{"duration":9},{"duration":3,"value":-1}],"colorFrame":[{"duration":9},{"duration":34,"value":{"gM":95,"bM":46}}]},{"name":"trailing221","displayFrame":[{"duration":9,"value":-1},{"duration":6},{"duration":16,"value":-1},{"duration":6},{"duration":6,"value":-1}],"colorFrame":[{"duration":9},{"duration":34,"value":{"gM":95,"bM":46}}]},{"name":"trailing111","displayFrame":[{"duration":8,"value":-1},{"duration":10},{"duration":25,"value":-1}]},{"name":"star2211","displayFrame":[{"duration":8,"value":-1},{"duration":18},{"duration":17,"value":-1}],"colorFrame":[{"duration":15},{"duration":8,"tweenEasing":0,"value":{"gM":90,"bM":74}},{"duration":3,"tweenEasing":0,"value":{"gM":92,"bM":66}},{"duration":17,"value":{"aM":6,"rM":70,"gM":54}}]},{"name":"star21311","displayFrame":[{"duration":18,"value":-1},{"duration":10},{"duration":15,"value":-1}],"colorFrame":[{"duration":21},{"duration":3,"tweenEasing":0,"value":{"gM":79,"bM":54}},{"duration":4,"tweenEasing":0,"value":{"gM":96,"bM":54}},{"duration":15,"value":{"aM":19,"rM":70,"gM":54}}]},{"name":"star211111","displayFrame":[{"duration":18,"value":-1},{"duration":10},{"duration":15,"value":-1}],"colorFrame":[{"duration":21},{"duration":3,"tweenEasing":0,"value":{"gM":76,"bM":41}},{"duration":4,"tweenEasing":0,"value":{"gM":92,"bM":54}},{"duration":15,"value":{"aM":48,"rM":70,"gM":54}}]},{"name":"star212211","displayFrame":[{"duration":18,"value":-1},{"duration":10},{"duration":15,"value":-1}],"colorFrame":[{"duration":20},{"duration":3,"tweenEasing":0,"value":{"gM":79,"bM":54}},{"duration":5,"tweenEasing":0,"value":{"gM":96,"bM":54}},{"duration":15,"value":{"aM":12,"rM":70,"gM":54}}]},{"name":"star2121211","displayFrame":[{"duration":18,"value":-1},{"duration":10},{"duration":15,"value":-1}],"colorFrame":[{"duration":21},{"duration":3,"tweenEasing":0,"value":{"gM":88,"bM":54}},{"duration":4,"tweenEasing":0,"value":{"gM":96,"bM":54}},{"duration":15,"value":{"aM":0,"rM":70,"gM":54}}]},{"name":"star21211211","displayFrame":[{"duration":18,"value":-1},{"duration":9},{"duration":16,"value":-1}],"colorFrame":[{"duration":20},{"duration":3,"tweenEasing":0,"value":{"gM":79,"bM":54}},{"duration":4,"tweenEasing":0,"value":{"gM":94,"bM":47}},{"duration":16,"value":{"aM":12,"rM":70,"gM":54}}]},{"name":"star212111111","displayFrame":[{"duration":18,"value":-1},{"duration":9},{"duration":16,"value":-1}],"colorFrame":[{"duration":21},{"duration":3,"tweenEasing":0,"value":{"gM":79,"bM":54}},{"duration":3,"tweenEasing":0,"value":{"gM":96,"bM":54}},{"duration":16,"value":{"aM":12,"rM":70,"gM":54}}]},{"name":"trailing31","displayFrame":[{"duration":18,"value":-1},{"duration":7},{"duration":18,"value":-1}],"colorFrame":[{"duration":18},{"duration":25,"value":{"gM":95,"bM":46}}]},{"name":"trailing231","displayFrame":[{"duration":21,"value":-1},{"duration":5},{"duration":17,"value":-1}],"colorFrame":[{"duration":21},{"duration":22,"value":{"gM":95,"bM":46}}]},{"name":"trailing2121","displayFrame":[{"duration":18,"value":-1},{"duration":8},{"duration":17,"value":-1}],"colorFrame":[{"duration":18},{"duration":25,"value":{"gM":95,"bM":46}}]},{"name":"trailing21121","displayFrame":[{"duration":21,"value":-1},{"duration":6},{"duration":16,"value":-1}],"colorFrame":[{"duration":21},{"duration":22,"value":{"gM":95,"bM":46}}]},{"name":"trailing211111","displayFrame":[{"duration":20,"value":-1},{"duration":9},{"duration":14,"value":-1}],"colorFrame":[{"duration":20},{"duration":23,"value":{"gM":95,"bM":46}}]},{"name":"trailing2211","displayFrame":[{"duration":20,"value":-1},{"duration":6},{"duration":17,"value":-1}],"colorFrame":[{"duration":20},{"duration":23,"value":{"gM":95,"bM":46}}]}]}],"defaultActions":[{"gotoAndPlay":"upgrade"}]}]}