{
  "version": "1.1.1",
  "windows": {
    "main": {
      "main": true,
      "url": "app://editor/index.html",
      "windowType": "dockable",
      "x": 306,
      "y": 298,
      "width": 1541,
      "height": 888,
      "layout": {
        "children": [
          {
            "children": [
              {
                "active": 0,
                "children": [
                  "hierarchy"
                ],
                "height": 397,
                "type": "panel",
                "width": 204
              },
              {
                "active": 0,
                "children": [
                  "assets"
                ],
                "height": 397,
                "type": "panel",
                "width": 204
              }
            ],
            "height": 797,
            "type": "dock-v",
            "width": 204
          },
          {
            "children": [
              {
                "children": [
                  {
                    "active": 0,
                    "children": [
                      "scene"
                    ],
                    "height": 375,
                    "type": "panel",
                    "width": 545
                  },
                  {
                    "active": 0,
                    "children": [
                      "node-library"
                    ],
                    "height": 375,
                    "type": "panel",
                    "width": 295
                  }
                ],
                "height": 375,
                "type": "dock-h",
                "width": 843
              },
              {
                "active": 0,
                "children": [
                  "console",
                  "timeline"
                ],
                "height": 419,
                "type": "panel",
                "width": 843
              }
            ],
            "height": 797,
            "type": "dock-v",
            "width": 843
          },
          {
            "active": 0,
            "children": [
              "inspector"
            ],
            "height": 797,
            "type": "panel",
            "width": 482
          }
        ],
        "type": "dock-h"
      },
      "panels": [
        "node-library",
        "console",
        "timeline",
        "inspector",
        "hierarchy",
        "assets",
        "scene"
      ]
    }
  },
  "panels": {}
}