{
  "__type__": "cc.EffectAsset",
  "_name": "builtin-toon",
  "_objFlags": 0,
  "_native": "",
  "techniques": [
    {
      "passes": [
        {
          "rasterizerState": {
            "cullMode": 1
          },
          "program": "builtin-toon|outline-vs:vert|outline-fs:frag",
          "switch": "USE_OUTLINE_PASS",
          "properties": {
            "lineWidth": {
              "value": [
                10
              ],
              "type": 13,
              "handleInfo": [
                "outlineParams",
                0,
                13
              ]
            },
            "depthBias": {
              "value": [
                0
              ],
              "type": 13,
              "handleInfo": [
                "outlineParams",
                1,
                13
              ]
            },
            "baseColor": {
              "editor": {
                "type": "color"
              },
              "type": 16
            },
            "baseColorMap": {
              "value": "grey",
              "type": 28
            },
            "outlineParams": {
              "type": 16,
              "editor": {
                "visible": false,
                "deprecated": true
              },
              "value": [
                10,
                0,
                0,
                0
              ]
            }
          },
          "migrations": {
            "properties": {
              "lineWidth": {
                "formerlySerializedAs": "outlineParams.x"
              },
              "depthBias": {
                "formerlySerializedAs": "outlineParams.y"
              }
            }
          }
        },
        {
          "program": "builtin-toon|toon-vs:vert|toon-fs:frag",
          "properties": {
            "tilingOffset": {
              "value": [
                1,
                1,
                0,
                0
              ],
              "type": 16
            },
            "mainColor": {
              "value": [
                0.6,
                0.6,
                0.6,
                1
              ],
              "editor": {
                "displayName": "BaseColor",
                "type": "color"
              },
              "type": 16,
              "handleInfo": [
                "baseColor",
                0,
                16
              ]
            },
            "colorScale": {
              "value": [
                1,
                1,
                1
              ],
              "type": 15,
              "handleInfo": [
                "colorScaleAndCutoff",
                0,
                15
              ]
            },
            "alphaThreshold": {
              "value": [
                0.5
              ],
              "editor": {
                "parent": "USE_ALPHA_TEST"
              },
              "type": 13,
              "handleInfo": [
                "colorScaleAndCutoff",
                3,
                13
              ]
            },
            "shadeColor1": {
              "value": [
                0.4,
                0.4,
                0.4,
                1
              ],
              "editor": {
                "type": "color"
              },
              "type": 16
            },
            "shadeColor2": {
              "value": [
                0.2,
                0.2,
                0.2,
                1
              ],
              "editor": {
                "type": "color"
              },
              "type": 16
            },
            "specular": {
              "value": [
                1,
                1,
                1,
                0.3
              ],
              "editor": {
                "type": "color"
              },
              "type": 16
            },
            "baseStep": {
              "value": [
                0.8
              ],
              "type": 13,
              "handleInfo": [
                "shadeParams",
                0,
                13
              ]
            },
            "baseFeather": {
              "value": [
                0.001
              ],
              "type": 13,
              "handleInfo": [
                "shadeParams",
                1,
                13
              ]
            },
            "shadeStep": {
              "value": [
                0.5
              ],
              "type": 13,
              "handleInfo": [
                "shadeParams",
                2,
                13
              ]
            },
            "shadeFeather": {
              "value": [
                0.001
              ],
              "type": 13,
              "handleInfo": [
                "shadeParams",
                3,
                13
              ]
            },
            "emissive": {
              "value": [
                0,
                0,
                0,
                1
              ],
              "editor": {
                "type": "color"
              },
              "type": 16
            },
            "emissiveScale": {
              "value": [
                1,
                1,
                1
              ],
              "type": 15,
              "handleInfo": [
                "emissiveScaleAndStrenth",
                0,
                15
              ]
            },
            "normalStrenth": {
              "value": [
                1
              ],
              "editor": {
                "parent": "USE_NORMAL_MAP"
              },
              "type": 13,
              "handleInfo": [
                "emissiveScaleAndStrenth",
                3,
                13
              ]
            },
            "normalMap": {
              "value": "normal",
              "type": 28
            },
            "mainTexture": {
              "value": "white",
              "editor": {
                "displayName": "BaseColorMap"
              },
              "type": 28,
              "handleInfo": [
                "baseColorMap",
                0,
                28
              ]
            },
            "shadeMap1": {
              "value": "white",
              "type": 28
            },
            "shadeMap2": {
              "value": "white",
              "type": 28
            },
            "specularMap": {
              "value": "white",
              "type": 28
            },
            "emissiveMap": {
              "value": "grey",
              "type": 28
            },
            "baseColor": {
              "type": 16,
              "editor": {
                "visible": false,
                "deprecated": true
              },
              "value": [
                0.6,
                0.6,
                0.6,
                1
              ]
            },
            "colorScaleAndCutoff": {
              "type": 16,
              "editor": {
                "visible": false,
                "deprecated": true
              },
              "value": [
                1,
                1,
                1,
                0.5
              ]
            },
            "shadeParams": {
              "type": 16,
              "editor": {
                "visible": false,
                "deprecated": true
              },
              "value": [
                0.8,
                0.001,
                0.5,
                0.001
              ]
            },
            "emissiveScaleAndStrenth": {
              "type": 16,
              "editor": {
                "visible": false,
                "deprecated": true
              },
              "value": [
                1,
                1,
                1,
                1
              ]
            },
            "baseColorMap": {
              "type": 28,
              "editor": {
                "visible": false,
                "deprecated": true
              },
              "value": "white"
            }
          },
          "migrations": {
            "properties": {
              "mainColor": {
                "formerlySerializedAs": "baseColor"
              },
              "baseStep": {
                "formerlySerializedAs": "shadeParams.x"
              },
              "baseFeather": {
                "formerlySerializedAs": "shadeParams.y"
              },
              "shadeStep": {
                "formerlySerializedAs": "shadeParams.z"
              },
              "shadeFeather": {
                "formerlySerializedAs": "shadeParams.w"
              },
              "mainTexture": {
                "formerlySerializedAs": "baseColorMap"
              }
            }
          }
        }
      ]
    }
  ],
  "shaders": [
    {
      "hash": 2626246872,
      "glsl3": {
        "vert": "\nprecision highp float;\nuniform CCGlobal {\n  highp   vec4 cc_time;\n  mediump vec4 cc_screenSize;\n  mediump vec4 cc_screenScale;\n  mediump vec4 cc_nativeSize;\n  highp   mat4 cc_matView;\n  mediump mat4 cc_matViewInv;\n  mediump mat4 cc_matProj;\n  mediump mat4 cc_matProjInv;\n  mediump mat4 cc_matViewProj;\n  mediump mat4 cc_matViewProjInv;\n  mediump vec4 cc_cameraPos;\n  mediump vec4 cc_exposure;\n  mediump vec4 cc_mainLitDir;\n  mediump vec4 cc_mainLitColor;\n  mediump vec4 cc_ambientSky;\n  mediump vec4 cc_ambientGround;\n};\n#if CC_USE_BATCHING\n  in float a_dyn_batch_id;\n  uniform CCLocalBatched {\n    highp mat4 cc_matWorlds[10];\n  };\n#else\nuniform CCLocal {\n  highp mat4 cc_matWorld;\n  highp mat4 cc_matWorldIT;\n};\n#endif\nstruct StandardVertInput {\n  highp vec4 position;\n  vec3 normal;\n  vec4 tangent;\n};\nin vec3 a_position;\nin vec3 a_normal;\nin vec4 a_tangent;\n#if CC_USE_SKINNING\nin vec4 a_weights;\nin vec4 a_joints;\nuniform CCSkinningTexture {\n  highp vec4 cc_jointsTextureInfo;\n};\nuniform CCSkinningAnimation {\n  highp vec4 cc_jointsAnimInfo;\n};\nuniform sampler2D cc_jointsTexture;\n#if CC_USE_SKINNING == 1\n  highp float decode32 (highp vec4 rgba) {\n    rgba = rgba * 255.0;\n    highp float Sign = 1.0 - step(128.0, rgba[3]) * 2.0;\n    highp float Exponent = 2.0 * mod(rgba[3], 128.0) + step(128.0, rgba[2]) - 127.0;\n    highp float Mantissa = mod(rgba[2], 128.0) * 65536.0 + rgba[1] * 256.0 + rgba[0] + 8388608.0;\n    return Sign * exp2(Exponent - 23.0) * Mantissa;\n  }\n#endif\n#if CC_USE_SKINNING == 1\n  mat4 getJointMatrix (float i) {\n    highp float j = 12.0 * (cc_jointsAnimInfo.x * i + cc_jointsAnimInfo.y) + cc_jointsTextureInfo.z;\n    highp float invSize = cc_jointsTextureInfo.y;\n    highp float y = floor(j * invSize);\n    highp float x = j - y * cc_jointsTextureInfo.x;\n    y = (y + 0.5) * invSize;\n    vec4 v1 = vec4(\n      decode32(texture(cc_jointsTexture, vec2((x + 0.5) * invSize, y))),\n      decode32(texture(cc_jointsTexture, vec2((x + 1.5) * invSize, y))),\n      decode32(texture(cc_jointsTexture, vec2((x + 2.5) * invSize, y))),\n      decode32(texture(cc_jointsTexture, vec2((x + 3.5) * invSize, y)))\n    );\n    vec4 v2 = vec4(\n      decode32(texture(cc_jointsTexture, vec2((x + 4.5) * invSize, y))),\n      decode32(texture(cc_jointsTexture, vec2((x + 5.5) * invSize, y))),\n      decode32(texture(cc_jointsTexture, vec2((x + 6.5) * invSize, y))),\n      decode32(texture(cc_jointsTexture, vec2((x + 7.5) * invSize, y)))\n    );\n    vec4 v3 = vec4(\n      decode32(texture(cc_jointsTexture, vec2((x + 8.5) * invSize, y))),\n      decode32(texture(cc_jointsTexture, vec2((x + 9.5) * invSize, y))),\n      decode32(texture(cc_jointsTexture, vec2((x + 10.5) * invSize, y))),\n      decode32(texture(cc_jointsTexture, vec2((x + 11.5) * invSize, y)))\n    );\n    return mat4(vec4(v1.xyz, 0.0), vec4(v2.xyz, 0.0), vec4(v3.xyz, 0.0), vec4(v1.w, v2.w, v3.w, 1.0));\n  }\n#elif CC_USE_SKINNING == 2\n  mat4 getJointMatrix (float i) {\n    highp float j = 3.0 * (cc_jointsAnimInfo.x * i + cc_jointsAnimInfo.y) + cc_jointsTextureInfo.z;\n    highp float invSize = cc_jointsTextureInfo.y;\n    highp float y = floor(j * invSize);\n    highp float x = j - y * cc_jointsTextureInfo.x;\n    y = (y + 0.5) * invSize;\n    vec4 v1 = texture(cc_jointsTexture, vec2((x + 0.5) * invSize, y));\n    vec4 v2 = texture(cc_jointsTexture, vec2((x + 1.5) * invSize, y));\n    vec4 v3 = texture(cc_jointsTexture, vec2((x + 2.5) * invSize, y));\n    return mat4(vec4(v1.xyz, 0.0), vec4(v2.xyz, 0.0), vec4(v3.xyz, 0.0), vec4(v1.w, v2.w, v3.w, 1.0));\n  }\n#endif\nmat4 skinMatrix () {\n  return getJointMatrix(a_joints.x) * a_weights.x\n    + getJointMatrix(a_joints.y) * a_weights.y;\n    + getJointMatrix(a_joints.z) * a_weights.z;\n    + getJointMatrix(a_joints.w) * a_weights.w;\n}\nvoid CCSkin (inout vec4 position) {\n  mat4 m = skinMatrix();\n  position = m * position;\n}\nvoid CCSkin (inout StandardVertInput attr) {\n  mat4 m = skinMatrix();\n  attr.position = m * attr.position;\n  attr.normal = (m * vec4(attr.normal, 0.0)).xyz;\n  attr.tangent.xyz = (m * vec4(attr.tangent.xyz, 0.0)).xyz;\n}\n#endif\nin vec2 a_texCoord;\nout vec2 v_uv;\nuniform OutlineVert {\n  vec4 outlineParams;\n};\nvec4 vert () {\n  StandardVertInput In;\n  In.position = vec4(a_position, 1.0);\n  In.normal = a_normal;\n  In.tangent = a_tangent;\n  #if CC_USE_SKINNING\n    CCSkin(In);\n  #endif\n  mat4 matWorld;\n  #if CC_USE_BATCHING\n    matWorld = cc_matWorlds[int(a_dyn_batch_id + 0.5)];\n  #else\n    matWorld = cc_matWorld;\n  #endif\n  float width = outlineParams.x * 0.001;\n  #if USE_POSITION_SCALING\n    vec3 dir = normalize(In.position.xyz);\n    float flip = dot(dir, normalize(In.normal)) < 0.0 ? -1.0 : 1.0;\n    In.position.xyz += flip * dir * width * 2.0;\n    vec4 pos = cc_matProj * (cc_matView * matWorld) * In.position;\n  #else\n    In.position.xyz += normalize(In.normal) * width;\n    vec4 pos = cc_matProj * (cc_matView * matWorld) * In.position;\n  #endif\n  pos.z -= outlineParams.y * 0.002;\n  v_uv = a_texCoord;\n  return pos;\n}\nvoid main() { gl_Position = vert(); }",
        "frag": "\nprecision mediump float;\nuniform CCGlobal {\n  highp   vec4 cc_time;\n  mediump vec4 cc_screenSize;\n  mediump vec4 cc_screenScale;\n  mediump vec4 cc_nativeSize;\n  highp   mat4 cc_matView;\n  mediump mat4 cc_matViewInv;\n  mediump mat4 cc_matProj;\n  mediump mat4 cc_matProjInv;\n  mediump mat4 cc_matViewProj;\n  mediump mat4 cc_matViewProjInv;\n  mediump vec4 cc_cameraPos;\n  mediump vec4 cc_exposure;\n  mediump vec4 cc_mainLitDir;\n  mediump vec4 cc_mainLitColor;\n  mediump vec4 cc_ambientSky;\n  mediump vec4 cc_ambientGround;\n};\nvec3 SRGBToLinear (vec3 gamma) {\n  return gamma * gamma;\n}\nvec4 CCFragOutput (vec4 color) {\n  #if CC_USE_HDR\n    color.rgb = mix(color.rgb, SRGBToLinear(color.rgb) * cc_exposure.w, vec3(cc_exposure.z));\n\t#endif\n\treturn color;\n}\nin vec2 v_uv;\nuniform OutlineFrag {\n  vec4 baseColor;\n};\n#if USE_BASE_COLOR_MAP\n  uniform sampler2D baseColorMap;\n#endif\nvec4 frag () {\n  vec4 color = baseColor * cc_mainLitColor;\n  #if USE_BASE_COLOR_MAP\n    vec4 texColor = texture(baseColorMap, v_uv);\n    texColor.rgb = SRGBToLinear(texColor.rgb);\n    color *= texColor;\n  #endif\n  return CCFragOutput(vec4(color.rgb, 1.0));\n}\nout vec4 cc_FragColor;\nvoid main() { cc_FragColor = frag(); }"
      },
      "glsl1": {
        "vert": "\nprecision highp float;\nuniform highp mat4 cc_matView;\nuniform mediump mat4 cc_matProj;\n#if CC_USE_BATCHING\n  attribute float a_dyn_batch_id;\n  uniform highp mat4 cc_matWorlds[10];\n#else\nuniform highp mat4 cc_matWorld;\n#endif\nstruct StandardVertInput {\n  highp vec4 position;\n  vec3 normal;\n  vec4 tangent;\n};\nattribute vec3 a_position;\nattribute vec3 a_normal;\nattribute vec4 a_tangent;\n#if CC_USE_SKINNING\nattribute vec4 a_weights;\nattribute vec4 a_joints;\nuniform highp vec4 cc_jointsTextureInfo;\nuniform highp vec4 cc_jointsAnimInfo;\nuniform sampler2D cc_jointsTexture;\n#if CC_USE_SKINNING == 1\n  highp float decode32 (highp vec4 rgba) {\n    rgba = rgba * 255.0;\n    highp float Sign = 1.0 - step(128.0, rgba[3]) * 2.0;\n    highp float Exponent = 2.0 * mod(rgba[3], 128.0) + step(128.0, rgba[2]) - 127.0;\n    highp float Mantissa = mod(rgba[2], 128.0) * 65536.0 + rgba[1] * 256.0 + rgba[0] + 8388608.0;\n    return Sign * exp2(Exponent - 23.0) * Mantissa;\n  }\n#endif\n#if CC_USE_SKINNING == 1\n  mat4 getJointMatrix (float i) {\n    highp float j = 12.0 * (cc_jointsAnimInfo.x * i + cc_jointsAnimInfo.y) + cc_jointsTextureInfo.z;\n    highp float invSize = cc_jointsTextureInfo.y;\n    highp float y = floor(j * invSize);\n    highp float x = j - y * cc_jointsTextureInfo.x;\n    y = (y + 0.5) * invSize;\n    vec4 v1 = vec4(\n      decode32(texture2D(cc_jointsTexture, vec2((x + 0.5) * invSize, y))),\n      decode32(texture2D(cc_jointsTexture, vec2((x + 1.5) * invSize, y))),\n      decode32(texture2D(cc_jointsTexture, vec2((x + 2.5) * invSize, y))),\n      decode32(texture2D(cc_jointsTexture, vec2((x + 3.5) * invSize, y)))\n    );\n    vec4 v2 = vec4(\n      decode32(texture2D(cc_jointsTexture, vec2((x + 4.5) * invSize, y))),\n      decode32(texture2D(cc_jointsTexture, vec2((x + 5.5) * invSize, y))),\n      decode32(texture2D(cc_jointsTexture, vec2((x + 6.5) * invSize, y))),\n      decode32(texture2D(cc_jointsTexture, vec2((x + 7.5) * invSize, y)))\n    );\n    vec4 v3 = vec4(\n      decode32(texture2D(cc_jointsTexture, vec2((x + 8.5) * invSize, y))),\n      decode32(texture2D(cc_jointsTexture, vec2((x + 9.5) * invSize, y))),\n      decode32(texture2D(cc_jointsTexture, vec2((x + 10.5) * invSize, y))),\n      decode32(texture2D(cc_jointsTexture, vec2((x + 11.5) * invSize, y)))\n    );\n    return mat4(vec4(v1.xyz, 0.0), vec4(v2.xyz, 0.0), vec4(v3.xyz, 0.0), vec4(v1.w, v2.w, v3.w, 1.0));\n  }\n#elif CC_USE_SKINNING == 2\n  mat4 getJointMatrix (float i) {\n    highp float j = 3.0 * (cc_jointsAnimInfo.x * i + cc_jointsAnimInfo.y) + cc_jointsTextureInfo.z;\n    highp float invSize = cc_jointsTextureInfo.y;\n    highp float y = floor(j * invSize);\n    highp float x = j - y * cc_jointsTextureInfo.x;\n    y = (y + 0.5) * invSize;\n    vec4 v1 = texture2D(cc_jointsTexture, vec2((x + 0.5) * invSize, y));\n    vec4 v2 = texture2D(cc_jointsTexture, vec2((x + 1.5) * invSize, y));\n    vec4 v3 = texture2D(cc_jointsTexture, vec2((x + 2.5) * invSize, y));\n    return mat4(vec4(v1.xyz, 0.0), vec4(v2.xyz, 0.0), vec4(v3.xyz, 0.0), vec4(v1.w, v2.w, v3.w, 1.0));\n  }\n#endif\nmat4 skinMatrix () {\n  return getJointMatrix(a_joints.x) * a_weights.x\n    + getJointMatrix(a_joints.y) * a_weights.y;\n    + getJointMatrix(a_joints.z) * a_weights.z;\n    + getJointMatrix(a_joints.w) * a_weights.w;\n}\nvoid CCSkin (inout vec4 position) {\n  mat4 m = skinMatrix();\n  position = m * position;\n}\nvoid CCSkin (inout StandardVertInput attr) {\n  mat4 m = skinMatrix();\n  attr.position = m * attr.position;\n  attr.normal = (m * vec4(attr.normal, 0.0)).xyz;\n  attr.tangent.xyz = (m * vec4(attr.tangent.xyz, 0.0)).xyz;\n}\n#endif\nattribute vec2 a_texCoord;\nvarying vec2 v_uv;\nuniform vec4 outlineParams;\nvec4 vert () {\n  StandardVertInput In;\n  In.position = vec4(a_position, 1.0);\n  In.normal = a_normal;\n  In.tangent = a_tangent;\n  #if CC_USE_SKINNING\n    CCSkin(In);\n  #endif\n  mat4 matWorld;\n  #if CC_USE_BATCHING\n    matWorld = cc_matWorlds[int(a_dyn_batch_id + 0.5)];\n  #else\n    matWorld = cc_matWorld;\n  #endif\n  float width = outlineParams.x * 0.001;\n  #if USE_POSITION_SCALING\n    vec3 dir = normalize(In.position.xyz);\n    float flip = dot(dir, normalize(In.normal)) < 0.0 ? -1.0 : 1.0;\n    In.position.xyz += flip * dir * width * 2.0;\n    vec4 pos = cc_matProj * (cc_matView * matWorld) * In.position;\n  #else\n    In.position.xyz += normalize(In.normal) * width;\n    vec4 pos = cc_matProj * (cc_matView * matWorld) * In.position;\n  #endif\n  pos.z -= outlineParams.y * 0.002;\n  v_uv = a_texCoord;\n  return pos;\n}\nvoid main() { gl_Position = vert(); }",
        "frag": "\nprecision mediump float;\nuniform mediump vec4 cc_exposure;\nuniform mediump vec4 cc_mainLitColor;\nvec3 SRGBToLinear (vec3 gamma) {\n  return gamma * gamma;\n}\nvec4 CCFragOutput (vec4 color) {\n  #if CC_USE_HDR\n    color.rgb = mix(color.rgb, SRGBToLinear(color.rgb) * cc_exposure.w, vec3(cc_exposure.z));\n\t#endif\n\treturn color;\n}\nvarying vec2 v_uv;\nuniform vec4 baseColor;\n#if USE_BASE_COLOR_MAP\n  uniform sampler2D baseColorMap;\n#endif\nvec4 frag () {\n  vec4 color = baseColor * cc_mainLitColor;\n  #if USE_BASE_COLOR_MAP\n    vec4 texColor = texture2D(baseColorMap, v_uv);\n    texColor.rgb = SRGBToLinear(texColor.rgb);\n    color *= texColor;\n  #endif\n  return CCFragOutput(vec4(color.rgb, 1.0));\n}\nvoid main() { gl_FragColor = frag(); }"
      },
      "builtins": {
        "globals": {
          "blocks": [
            {
              "name": "CCGlobal",
              "defines": []
            }
          ],
          "samplers": []
        },
        "locals": {
          "blocks": [
            {
              "name": "CCLocalBatched",
              "defines": [
                "CC_USE_BATCHING"
              ]
            },
            {
              "name": "CCLocal",
              "defines": []
            },
            {
              "name": "CCSkinningTexture",
              "defines": [
                "CC_USE_SKINNING"
              ]
            },
            {
              "name": "CCSkinningAnimation",
              "defines": [
                "CC_USE_SKINNING"
              ]
            }
          ],
          "samplers": [
            {
              "name": "cc_jointsTexture",
              "defines": [
                "CC_USE_SKINNING"
              ]
            }
          ]
        }
      },
      "defines": [
        {
          "name": "CC_USE_BATCHING",
          "type": "boolean",
          "defines": []
        },
        {
          "name": "CC_USE_SKINNING",
          "type": "number",
          "defines": [],
          "range": [
            0,
            2
          ]
        },
        {
          "name": "USE_POSITION_SCALING",
          "type": "boolean",
          "defines": []
        },
        {
          "name": "CC_USE_HDR",
          "type": "boolean",
          "defines": []
        },
        {
          "name": "USE_BASE_COLOR_MAP",
          "type": "boolean",
          "defines": []
        }
      ],
      "blocks": [
        {
          "name": "OutlineVert",
          "members": [
            {
              "name": "outlineParams",
              "type": 16,
              "count": 1
            }
          ],
          "defines": [],
          "binding": 0
        },
        {
          "name": "OutlineFrag",
          "members": [
            {
              "name": "baseColor",
              "type": 16,
              "count": 1
            }
          ],
          "defines": [],
          "binding": 1
        }
      ],
      "samplers": [
        {
          "name": "baseColorMap",
          "type": 28,
          "count": 1,
          "defines": [
            "USE_BASE_COLOR_MAP"
          ],
          "binding": 30
        }
      ],
      "record": null,
      "name": "builtin-toon|outline-vs:vert|outline-fs:frag"
    },
    {
      "hash": 2746957679,
      "glsl3": {
        "vert": "\nprecision mediump float;\nuniform CCGlobal {\n  highp   vec4 cc_time;\n  mediump vec4 cc_screenSize;\n  mediump vec4 cc_screenScale;\n  mediump vec4 cc_nativeSize;\n  highp   mat4 cc_matView;\n  mediump mat4 cc_matViewInv;\n  mediump mat4 cc_matProj;\n  mediump mat4 cc_matProjInv;\n  mediump mat4 cc_matViewProj;\n  mediump mat4 cc_matViewProjInv;\n  mediump vec4 cc_cameraPos;\n  mediump vec4 cc_exposure;\n  mediump vec4 cc_mainLitDir;\n  mediump vec4 cc_mainLitColor;\n  mediump vec4 cc_ambientSky;\n  mediump vec4 cc_ambientGround;\n};\n#if CC_USE_BATCHING\n  in float a_dyn_batch_id;\n  uniform CCLocalBatched {\n    highp mat4 cc_matWorlds[10];\n  };\n#else\nuniform CCLocal {\n  highp mat4 cc_matWorld;\n  highp mat4 cc_matWorldIT;\n};\n#endif\nstruct StandardVertInput {\n  highp vec4 position;\n  vec3 normal;\n  vec4 tangent;\n};\nin vec3 a_position;\nin vec3 a_normal;\nin vec4 a_tangent;\n#if CC_USE_SKINNING\nin vec4 a_weights;\nin vec4 a_joints;\nuniform CCSkinningTexture {\n  highp vec4 cc_jointsTextureInfo;\n};\nuniform CCSkinningAnimation {\n  highp vec4 cc_jointsAnimInfo;\n};\nuniform sampler2D cc_jointsTexture;\n#if CC_USE_SKINNING == 1\n  highp float decode32 (highp vec4 rgba) {\n    rgba = rgba * 255.0;\n    highp float Sign = 1.0 - step(128.0, rgba[3]) * 2.0;\n    highp float Exponent = 2.0 * mod(rgba[3], 128.0) + step(128.0, rgba[2]) - 127.0;\n    highp float Mantissa = mod(rgba[2], 128.0) * 65536.0 + rgba[1] * 256.0 + rgba[0] + 8388608.0;\n    return Sign * exp2(Exponent - 23.0) * Mantissa;\n  }\n#endif\n#if CC_USE_SKINNING == 1\n  mat4 getJointMatrix (float i) {\n    highp float j = 12.0 * (cc_jointsAnimInfo.x * i + cc_jointsAnimInfo.y) + cc_jointsTextureInfo.z;\n    highp float invSize = cc_jointsTextureInfo.y;\n    highp float y = floor(j * invSize);\n    highp float x = j - y * cc_jointsTextureInfo.x;\n    y = (y + 0.5) * invSize;\n    vec4 v1 = vec4(\n      decode32(texture(cc_jointsTexture, vec2((x + 0.5) * invSize, y))),\n      decode32(texture(cc_jointsTexture, vec2((x + 1.5) * invSize, y))),\n      decode32(texture(cc_jointsTexture, vec2((x + 2.5) * invSize, y))),\n      decode32(texture(cc_jointsTexture, vec2((x + 3.5) * invSize, y)))\n    );\n    vec4 v2 = vec4(\n      decode32(texture(cc_jointsTexture, vec2((x + 4.5) * invSize, y))),\n      decode32(texture(cc_jointsTexture, vec2((x + 5.5) * invSize, y))),\n      decode32(texture(cc_jointsTexture, vec2((x + 6.5) * invSize, y))),\n      decode32(texture(cc_jointsTexture, vec2((x + 7.5) * invSize, y)))\n    );\n    vec4 v3 = vec4(\n      decode32(texture(cc_jointsTexture, vec2((x + 8.5) * invSize, y))),\n      decode32(texture(cc_jointsTexture, vec2((x + 9.5) * invSize, y))),\n      decode32(texture(cc_jointsTexture, vec2((x + 10.5) * invSize, y))),\n      decode32(texture(cc_jointsTexture, vec2((x + 11.5) * invSize, y)))\n    );\n    return mat4(vec4(v1.xyz, 0.0), vec4(v2.xyz, 0.0), vec4(v3.xyz, 0.0), vec4(v1.w, v2.w, v3.w, 1.0));\n  }\n#elif CC_USE_SKINNING == 2\n  mat4 getJointMatrix (float i) {\n    highp float j = 3.0 * (cc_jointsAnimInfo.x * i + cc_jointsAnimInfo.y) + cc_jointsTextureInfo.z;\n    highp float invSize = cc_jointsTextureInfo.y;\n    highp float y = floor(j * invSize);\n    highp float x = j - y * cc_jointsTextureInfo.x;\n    y = (y + 0.5) * invSize;\n    vec4 v1 = texture(cc_jointsTexture, vec2((x + 0.5) * invSize, y));\n    vec4 v2 = texture(cc_jointsTexture, vec2((x + 1.5) * invSize, y));\n    vec4 v3 = texture(cc_jointsTexture, vec2((x + 2.5) * invSize, y));\n    return mat4(vec4(v1.xyz, 0.0), vec4(v2.xyz, 0.0), vec4(v3.xyz, 0.0), vec4(v1.w, v2.w, v3.w, 1.0));\n  }\n#endif\nmat4 skinMatrix () {\n  return getJointMatrix(a_joints.x) * a_weights.x\n    + getJointMatrix(a_joints.y) * a_weights.y;\n    + getJointMatrix(a_joints.z) * a_weights.z;\n    + getJointMatrix(a_joints.w) * a_weights.w;\n}\nvoid CCSkin (inout vec4 position) {\n  mat4 m = skinMatrix();\n  position = m * position;\n}\nvoid CCSkin (inout StandardVertInput attr) {\n  mat4 m = skinMatrix();\n  attr.position = m * attr.position;\n  attr.normal = (m * vec4(attr.normal, 0.0)).xyz;\n  attr.tangent.xyz = (m * vec4(attr.tangent.xyz, 0.0)).xyz;\n}\n#endif\nin vec2 a_texCoord;\nout vec3 v_position;\nout vec2 v_uv;\nout vec3 v_normal;\n#if USE_NORMAL_MAP\n  out vec3 v_tangent;\n  out vec3 v_bitangent;\n#endif\nuniform ToonVert {\n  vec4 tilingOffset;\n};\nhighp vec4 vert () {\n  StandardVertInput In;\n  In.position = vec4(a_position, 1.0);\n  In.normal = a_normal;\n  In.tangent = a_tangent;\n  #if CC_USE_SKINNING\n    CCSkin(In);\n  #endif\n  highp mat4 matWorld, matWorldIT;\n  #if CC_USE_BATCHING\n    matWorld = cc_matWorlds[int(a_dyn_batch_id + 0.5)];\n    matWorldIT = matWorld;\n  #else\n    matWorld = cc_matWorld;\n    matWorldIT = cc_matWorldIT;\n  #endif\n  highp vec4 pos = matWorld * In.position;\n  v_position = pos.xyz;\n  v_uv = a_texCoord * tilingOffset.xy + tilingOffset.zw;\n  v_normal = (matWorldIT * vec4(In.normal, 0.0)).xyz;\n  #if USE_NORMAL_MAP\n    v_tangent = normalize((matWorldIT * vec4(In.tangent.xyz, 0.0)).xyz);\n    v_bitangent = cross(v_normal, v_tangent) * In.tangent.w;\n  #endif\n  return cc_matProj * (cc_matView * matWorld) * In.position;\n}\nvoid main() { gl_Position = vert(); }",
        "frag": "\nprecision highp float;\nuniform CCGlobal {\n  highp   vec4 cc_time;\n  mediump vec4 cc_screenSize;\n  mediump vec4 cc_screenScale;\n  mediump vec4 cc_nativeSize;\n  highp   mat4 cc_matView;\n  mediump mat4 cc_matViewInv;\n  mediump mat4 cc_matProj;\n  mediump mat4 cc_matProjInv;\n  mediump mat4 cc_matViewProj;\n  mediump mat4 cc_matViewProjInv;\n  mediump vec4 cc_cameraPos;\n  mediump vec4 cc_exposure;\n  mediump vec4 cc_mainLitDir;\n  mediump vec4 cc_mainLitColor;\n  mediump vec4 cc_ambientSky;\n  mediump vec4 cc_ambientGround;\n};\nuniform CCForwardLight {\n  highp vec4 cc_sphereLitPos[2];\n  vec4 cc_sphereLitSizeRange[2];\n  vec4 cc_sphereLitColor[2];\n  highp vec4 cc_spotLitPos[2];\n  vec4 cc_spotLitSizeRangeAngle[2];\n  vec4 cc_spotLitDir[2];\n  vec4 cc_spotLitColor[2];\n};\nfloat SmoothDistAtt (float distSqr, float invSqrAttRadius) {\n  float factor = distSqr * invSqrAttRadius;\n  float smoothFactor = clamp(1.0 - factor * factor, 0.0, 1.0);\n  return smoothFactor * smoothFactor;\n}\nfloat GetDistAtt (float distSqr, float invSqrAttRadius) {\n  float attenuation = 1.0 / max(distSqr, 0.01*0.01);\n  attenuation *= SmoothDistAtt(distSqr , invSqrAttRadius);\n  return attenuation;\n}\nfloat GetAngleAtt (vec3 L, vec3 litDir, float litAngleScale, float litAngleOffset) {\n  float cd = dot(litDir, L);\n  float attenuation = clamp(cd * litAngleScale + litAngleOffset, 0.0, 1.0);\n  return (attenuation * attenuation);\n}\nstruct ToonSurface {\n  vec4 baseColor;\n  vec4 specular;\n  vec3 position;\n  vec3 normal;\n  vec3 shade1;\n  vec3 shade2;\n  vec3 emissive;\n  float baseStep;\n  float baseFeather;\n  float shadeStep;\n  float shadeFeather;\n};\nvec4 CCToonShading (ToonSurface s) {\n  vec3 V = normalize(cc_cameraPos.xyz - s.position);\n  vec3 N = s.normal;\n  vec3 L = normalize(-cc_mainLitDir.xyz);\n  float NL = 0.5 * dot(N, L) + 0.5;\n  float NH = 0.5 * dot(normalize(V + L), N) + 0.5;\n  vec3 lightColor = cc_mainLitColor.rgb * cc_mainLitColor.w * s.baseStep;\n  vec3 diffuse = mix(s.shade1, s.shade2,\n    clamp(1.0 + (s.shadeStep - s.shadeFeather - NL) / s.shadeFeather, 0.0, 1.0));\n  diffuse = mix(s.baseColor.rgb, diffuse,\n    clamp(1.0 + (s.baseStep - s.baseFeather - NL) / s.baseFeather, 0.0, 1.0));\n  float specularWeight = 1.0 - pow(s.specular.a, 5.0);\n  float specularMask = step(specularWeight, NH);\n  vec3 specular = s.specular.rgb * specularMask;\n  vec3 finalColor = lightColor * (diffuse + specular);\n  for (int i = 0; i < 2; i++) {\n    vec3 PLU = cc_sphereLitPos[i].xyz - s.position;\n    vec3 PL = normalize(PLU);\n    vec3 PH = normalize(PL + V);\n    float PNL = 0.5 * dot(N, PL) + 0.5;\n    float PNH = 0.5 * dot(N, PH) + 0.5;\n    float distSqr = dot(PLU, PLU);\n    float litRadius = cc_sphereLitSizeRange[i].x;\n    float litRadiusSqr = litRadius * litRadius;\n    float illum = litRadiusSqr / max(litRadiusSqr , distSqr);\n    float attRadiusSqrInv = 1.0 / max(cc_sphereLitSizeRange[i].y, 0.01);\n    attRadiusSqrInv *= attRadiusSqrInv;\n    float att = GetDistAtt(distSqr, attRadiusSqrInv);\n    vec3 lightColor = PNL * cc_sphereLitColor[i].rgb * cc_sphereLitColor[i].a * illum * att * s.baseStep;\n    vec3 diffuse = mix(s.shade1, s.shade2,\n      clamp(1.0 + (s.shadeStep - s.shadeFeather - PNL) / s.shadeFeather, 0.0, 1.0));\n    diffuse = mix(s.baseColor.rgb, diffuse,\n      clamp(1.0 + (s.baseStep - s.baseFeather - PNL) / s.baseFeather, 0.0, 1.0));\n    float specularMask = step(specularWeight, PNH);\n    vec3 specular = s.specular.rgb * specularMask;\n    finalColor += lightColor * (diffuse + specular);\n  }\n  for (int i = 0; i < 2; i++) {\n    vec3 SLU = cc_spotLitPos[i].xyz - s.position;\n    vec3 SL = normalize(SLU);\n    vec3 SH = normalize(SL + V);\n    float SNL = 0.5 * dot(N, SL) + 0.5;\n    float SNH = 0.5 * dot(N, SH) + 0.5;\n    float distSqr = dot(SLU, SLU);\n    float litRadius = cc_spotLitSizeRangeAngle[i].x;\n    float litRadiusSqr = litRadius * litRadius;\n    float illum = litRadiusSqr / max(litRadiusSqr , distSqr);\n    float attRadiusSqrInv = 1.0 / max(cc_spotLitSizeRangeAngle[i].y, 0.01);\n    attRadiusSqrInv *= attRadiusSqrInv;\n    float cosInner = max(dot(-cc_spotLitDir[i].xyz, SL), 0.01);\n    float cosOuter = cc_spotLitSizeRangeAngle[i].z;\n    float litAngleScale = 1.0 / max(0.001, cosInner - cosOuter);\n    float litAngleOffset = -cosOuter * litAngleScale;\n    float att = GetDistAtt(distSqr, attRadiusSqrInv);\n    att *= GetAngleAtt(SL, -cc_spotLitDir[i].xyz, litAngleScale, litAngleOffset);\n    lightColor = SNL * cc_spotLitColor[i].rgb * cc_spotLitColor[i].w * illum * att * s.baseStep;\n    vec3 diffuse = mix(s.shade1, s.shade2,\n      clamp(1.0 + (s.shadeStep - s.shadeFeather - SNL) / s.shadeFeather, 0.0, 1.0));\n    diffuse = mix(s.baseColor.rgb, diffuse,\n      clamp(1.0 + (s.baseStep - s.baseFeather - SNL) / s.baseFeather, 0.0, 1.0));\n    float specularMask = step(specularWeight, SNH);\n    vec3 specular = s.specular.rgb * specularMask;\n    finalColor += lightColor * (diffuse + specular);\n  }\n  #if CC_USE_HDR\n    s.emissive *= cc_exposure.w;\n  #endif\n  finalColor += s.emissive;\n  return vec4(finalColor, s.baseColor.a);\n}\nvec3 SRGBToLinear (vec3 gamma) {\n  return gamma * gamma;\n}\nvec3 ACESToneMap (vec3 color) {\n  color = min(color, vec3(8.0));\n  const float A = 2.51;\n  const float B = 0.03;\n  const float C = 2.43;\n  const float D = 0.59;\n  const float E = 0.14;\n  return (color * (A * color + B)) / (color * (C * color + D) + E);\n}\nvec4 CCFragOutput (vec4 color) {\n  #if !CC_USE_HDR\n    color.rgb = sqrt(ACESToneMap(color.rgb));\n  #endif\n  return color;\n}\nin vec3 v_position;\nin vec2 v_uv;\nin vec3 v_normal;\n#if USE_NORMAL_MAP\n  in vec3 v_tangent;\n  in vec3 v_bitangent;\n  uniform sampler2D normalMap;\n#endif\n#if USE_BASE_COLOR_MAP\n  uniform sampler2D baseColorMap;\n#endif\n#if USE_1ST_SHADE_MAP\n  uniform sampler2D shadeMap1;\n#endif\n#if USE_2ND_SHADE_MAP\n  uniform sampler2D shadeMap2;\n#endif\n#if USE_SPECULAR_MAP\n  uniform sampler2D specularMap;\n#endif\n#if USE_EMISSIVE_MAP\n  uniform sampler2D emissiveMap;\n#endif\nuniform ToonFrag {\n  vec4 baseColor;\n  vec4 colorScaleAndCutoff;\n  vec4 shadeColor1;\n  vec4 shadeColor2;\n  vec4 specular;\n  vec4 shadeParams;\n  vec4 emissive;\n  vec4 emissiveScaleAndStrenth;\n};\n#if USE_ALPHA_TEST\n#endif\nvoid surf (out ToonSurface s) {\n  s.shade2 = shadeColor2.rgb * colorScaleAndCutoff.rgb;\n  #if USE_2ND_SHADE_MAP\n    s.shade2 *= SRGBToLinear(texture(shadeMap2, v_uv).rgb);\n  #endif\n  s.shade1 = shadeColor1.rgb * colorScaleAndCutoff.rgb;\n  #if USE_1ST_SHADE_MAP\n    s.shade1 *= SRGBToLinear(texture(shadeMap1, v_uv).rgb);\n    #if SHADE_MAP_1_AS_SHADE_MAP_2\n      s.shade2 *= s.shade1.rgb;\n    #endif\n  #endif\n  vec4 baseColor = baseColor;\n  #if USE_BASE_COLOR_MAP\n    vec4 baseColorMap = texture(baseColorMap, v_uv);\n    baseColorMap.rgb = SRGBToLinear(baseColorMap.rgb);\n    baseColor *= baseColorMap;\n    #if BASE_COLOR_MAP_AS_SHADE_MAP_1\n      s.shade1 *= baseColorMap.rgb;\n    #endif\n    #if BASE_COLOR_MAP_AS_SHADE_MAP_2\n      s.shade2 *= baseColorMap.rgb;\n    #endif\n  #endif\n  s.baseColor = baseColor;\n  s.baseColor.rgb *= colorScaleAndCutoff.xyz;\n  #if USE_ALPHA_TEST\n    if (s.baseColor.ALPHA_TEST_CHANNEL < colorScaleAndCutoff.w) discard;\n  #endif\n  s.normal = normalize(v_normal);\n  #if USE_NORMAL_MAP\n    vec3 nmmp = texture(normalMap, v_uv).xyz - vec3(0.5);\n    s.normal = normalize(\n      (nmmp.x * emissiveScaleAndStrenth.w) * normalize(v_tangent) +\n      (nmmp.y * emissiveScaleAndStrenth.w) * normalize(v_bitangent) +\n      nmmp.z * s.normal);\n  #endif\n  s.position = v_position;\n  s.specular = specular;\n  #if USE_SPECULAR_MAP\n    s.specular.rgb *= SRGBToLinear(texture(specularMap, v_uv).rgb);\n  #endif\n  s.emissive = emissive.rgb * emissiveScaleAndStrenth.xyz;\n  #if USE_EMISSIVE_MAP\n    s.emissive *= SRGBToLinear(texture(emissiveMap, v_uv).rgb);\n  #endif\n  s.baseStep = shadeParams.x;\n  s.baseFeather = shadeParams.y;\n  s.shadeStep = shadeParams.z;\n  s.shadeFeather = shadeParams.w;\n}\nvec4 frag () {\n  ToonSurface s; surf(s);\n  vec4 color = CCToonShading(s);\n  return CCFragOutput(color);\n}\nout vec4 cc_FragColor;\nvoid main() { cc_FragColor = frag(); }"
      },
      "glsl1": {
        "vert": "\nprecision mediump float;\nuniform highp mat4 cc_matView;\nuniform mediump mat4 cc_matProj;\n#if CC_USE_BATCHING\n  attribute float a_dyn_batch_id;\n  uniform highp mat4 cc_matWorlds[10];\n#else\nuniform highp mat4 cc_matWorld;\nuniform highp mat4 cc_matWorldIT;\n#endif\nstruct StandardVertInput {\n  highp vec4 position;\n  vec3 normal;\n  vec4 tangent;\n};\nattribute vec3 a_position;\nattribute vec3 a_normal;\nattribute vec4 a_tangent;\n#if CC_USE_SKINNING\nattribute vec4 a_weights;\nattribute vec4 a_joints;\nuniform highp vec4 cc_jointsTextureInfo;\nuniform highp vec4 cc_jointsAnimInfo;\nuniform sampler2D cc_jointsTexture;\n#if CC_USE_SKINNING == 1\n  highp float decode32 (highp vec4 rgba) {\n    rgba = rgba * 255.0;\n    highp float Sign = 1.0 - step(128.0, rgba[3]) * 2.0;\n    highp float Exponent = 2.0 * mod(rgba[3], 128.0) + step(128.0, rgba[2]) - 127.0;\n    highp float Mantissa = mod(rgba[2], 128.0) * 65536.0 + rgba[1] * 256.0 + rgba[0] + 8388608.0;\n    return Sign * exp2(Exponent - 23.0) * Mantissa;\n  }\n#endif\n#if CC_USE_SKINNING == 1\n  mat4 getJointMatrix (float i) {\n    highp float j = 12.0 * (cc_jointsAnimInfo.x * i + cc_jointsAnimInfo.y) + cc_jointsTextureInfo.z;\n    highp float invSize = cc_jointsTextureInfo.y;\n    highp float y = floor(j * invSize);\n    highp float x = j - y * cc_jointsTextureInfo.x;\n    y = (y + 0.5) * invSize;\n    vec4 v1 = vec4(\n      decode32(texture2D(cc_jointsTexture, vec2((x + 0.5) * invSize, y))),\n      decode32(texture2D(cc_jointsTexture, vec2((x + 1.5) * invSize, y))),\n      decode32(texture2D(cc_jointsTexture, vec2((x + 2.5) * invSize, y))),\n      decode32(texture2D(cc_jointsTexture, vec2((x + 3.5) * invSize, y)))\n    );\n    vec4 v2 = vec4(\n      decode32(texture2D(cc_jointsTexture, vec2((x + 4.5) * invSize, y))),\n      decode32(texture2D(cc_jointsTexture, vec2((x + 5.5) * invSize, y))),\n      decode32(texture2D(cc_jointsTexture, vec2((x + 6.5) * invSize, y))),\n      decode32(texture2D(cc_jointsTexture, vec2((x + 7.5) * invSize, y)))\n    );\n    vec4 v3 = vec4(\n      decode32(texture2D(cc_jointsTexture, vec2((x + 8.5) * invSize, y))),\n      decode32(texture2D(cc_jointsTexture, vec2((x + 9.5) * invSize, y))),\n      decode32(texture2D(cc_jointsTexture, vec2((x + 10.5) * invSize, y))),\n      decode32(texture2D(cc_jointsTexture, vec2((x + 11.5) * invSize, y)))\n    );\n    return mat4(vec4(v1.xyz, 0.0), vec4(v2.xyz, 0.0), vec4(v3.xyz, 0.0), vec4(v1.w, v2.w, v3.w, 1.0));\n  }\n#elif CC_USE_SKINNING == 2\n  mat4 getJointMatrix (float i) {\n    highp float j = 3.0 * (cc_jointsAnimInfo.x * i + cc_jointsAnimInfo.y) + cc_jointsTextureInfo.z;\n    highp float invSize = cc_jointsTextureInfo.y;\n    highp float y = floor(j * invSize);\n    highp float x = j - y * cc_jointsTextureInfo.x;\n    y = (y + 0.5) * invSize;\n    vec4 v1 = texture2D(cc_jointsTexture, vec2((x + 0.5) * invSize, y));\n    vec4 v2 = texture2D(cc_jointsTexture, vec2((x + 1.5) * invSize, y));\n    vec4 v3 = texture2D(cc_jointsTexture, vec2((x + 2.5) * invSize, y));\n    return mat4(vec4(v1.xyz, 0.0), vec4(v2.xyz, 0.0), vec4(v3.xyz, 0.0), vec4(v1.w, v2.w, v3.w, 1.0));\n  }\n#endif\nmat4 skinMatrix () {\n  return getJointMatrix(a_joints.x) * a_weights.x\n    + getJointMatrix(a_joints.y) * a_weights.y;\n    + getJointMatrix(a_joints.z) * a_weights.z;\n    + getJointMatrix(a_joints.w) * a_weights.w;\n}\nvoid CCSkin (inout vec4 position) {\n  mat4 m = skinMatrix();\n  position = m * position;\n}\nvoid CCSkin (inout StandardVertInput attr) {\n  mat4 m = skinMatrix();\n  attr.position = m * attr.position;\n  attr.normal = (m * vec4(attr.normal, 0.0)).xyz;\n  attr.tangent.xyz = (m * vec4(attr.tangent.xyz, 0.0)).xyz;\n}\n#endif\nattribute vec2 a_texCoord;\nvarying vec3 v_position;\nvarying vec2 v_uv;\nvarying vec3 v_normal;\n#if USE_NORMAL_MAP\n  varying vec3 v_tangent;\n  varying vec3 v_bitangent;\n#endif\nuniform vec4 tilingOffset;\nhighp vec4 vert () {\n  StandardVertInput In;\n  In.position = vec4(a_position, 1.0);\n  In.normal = a_normal;\n  In.tangent = a_tangent;\n  #if CC_USE_SKINNING\n    CCSkin(In);\n  #endif\n  highp mat4 matWorld, matWorldIT;\n  #if CC_USE_BATCHING\n    matWorld = cc_matWorlds[int(a_dyn_batch_id + 0.5)];\n    matWorldIT = matWorld;\n  #else\n    matWorld = cc_matWorld;\n    matWorldIT = cc_matWorldIT;\n  #endif\n  highp vec4 pos = matWorld * In.position;\n  v_position = pos.xyz;\n  v_uv = a_texCoord * tilingOffset.xy + tilingOffset.zw;\n  v_normal = (matWorldIT * vec4(In.normal, 0.0)).xyz;\n  #if USE_NORMAL_MAP\n    v_tangent = normalize((matWorldIT * vec4(In.tangent.xyz, 0.0)).xyz);\n    v_bitangent = cross(v_normal, v_tangent) * In.tangent.w;\n  #endif\n  return cc_matProj * (cc_matView * matWorld) * In.position;\n}\nvoid main() { gl_Position = vert(); }",
        "frag": "\nprecision highp float;\nuniform mediump vec4 cc_cameraPos;\nuniform mediump vec4 cc_exposure;\nuniform mediump vec4 cc_mainLitDir;\nuniform mediump vec4 cc_mainLitColor;\nuniform highp vec4 cc_sphereLitPos[2];\nuniform vec4 cc_sphereLitSizeRange[2];\nuniform vec4 cc_sphereLitColor[2];\nuniform highp vec4 cc_spotLitPos[2];\nuniform vec4 cc_spotLitSizeRangeAngle[2];\nuniform vec4 cc_spotLitDir[2];\nuniform vec4 cc_spotLitColor[2];\nfloat SmoothDistAtt (float distSqr, float invSqrAttRadius) {\n  float factor = distSqr * invSqrAttRadius;\n  float smoothFactor = clamp(1.0 - factor * factor, 0.0, 1.0);\n  return smoothFactor * smoothFactor;\n}\nfloat GetDistAtt (float distSqr, float invSqrAttRadius) {\n  float attenuation = 1.0 / max(distSqr, 0.01*0.01);\n  attenuation *= SmoothDistAtt(distSqr , invSqrAttRadius);\n  return attenuation;\n}\nfloat GetAngleAtt (vec3 L, vec3 litDir, float litAngleScale, float litAngleOffset) {\n  float cd = dot(litDir, L);\n  float attenuation = clamp(cd * litAngleScale + litAngleOffset, 0.0, 1.0);\n  return (attenuation * attenuation);\n}\nstruct ToonSurface {\n  vec4 baseColor;\n  vec4 specular;\n  vec3 position;\n  vec3 normal;\n  vec3 shade1;\n  vec3 shade2;\n  vec3 emissive;\n  float baseStep;\n  float baseFeather;\n  float shadeStep;\n  float shadeFeather;\n};\nvec4 CCToonShading (ToonSurface s) {\n  vec3 V = normalize(cc_cameraPos.xyz - s.position);\n  vec3 N = s.normal;\n  vec3 L = normalize(-cc_mainLitDir.xyz);\n  float NL = 0.5 * dot(N, L) + 0.5;\n  float NH = 0.5 * dot(normalize(V + L), N) + 0.5;\n  vec3 lightColor = cc_mainLitColor.rgb * cc_mainLitColor.w * s.baseStep;\n  vec3 diffuse = mix(s.shade1, s.shade2,\n    clamp(1.0 + (s.shadeStep - s.shadeFeather - NL) / s.shadeFeather, 0.0, 1.0));\n  diffuse = mix(s.baseColor.rgb, diffuse,\n    clamp(1.0 + (s.baseStep - s.baseFeather - NL) / s.baseFeather, 0.0, 1.0));\n  float specularWeight = 1.0 - pow(s.specular.a, 5.0);\n  float specularMask = step(specularWeight, NH);\n  vec3 specular = s.specular.rgb * specularMask;\n  vec3 finalColor = lightColor * (diffuse + specular);\n  for (int i = 0; i < 2; i++) {\n    vec3 PLU = cc_sphereLitPos[i].xyz - s.position;\n    vec3 PL = normalize(PLU);\n    vec3 PH = normalize(PL + V);\n    float PNL = 0.5 * dot(N, PL) + 0.5;\n    float PNH = 0.5 * dot(N, PH) + 0.5;\n    float distSqr = dot(PLU, PLU);\n    float litRadius = cc_sphereLitSizeRange[i].x;\n    float litRadiusSqr = litRadius * litRadius;\n    float illum = litRadiusSqr / max(litRadiusSqr , distSqr);\n    float attRadiusSqrInv = 1.0 / max(cc_sphereLitSizeRange[i].y, 0.01);\n    attRadiusSqrInv *= attRadiusSqrInv;\n    float att = GetDistAtt(distSqr, attRadiusSqrInv);\n    vec3 lightColor = PNL * cc_sphereLitColor[i].rgb * cc_sphereLitColor[i].a * illum * att * s.baseStep;\n    vec3 diffuse = mix(s.shade1, s.shade2,\n      clamp(1.0 + (s.shadeStep - s.shadeFeather - PNL) / s.shadeFeather, 0.0, 1.0));\n    diffuse = mix(s.baseColor.rgb, diffuse,\n      clamp(1.0 + (s.baseStep - s.baseFeather - PNL) / s.baseFeather, 0.0, 1.0));\n    float specularMask = step(specularWeight, PNH);\n    vec3 specular = s.specular.rgb * specularMask;\n    finalColor += lightColor * (diffuse + specular);\n  }\n  for (int i = 0; i < 2; i++) {\n    vec3 SLU = cc_spotLitPos[i].xyz - s.position;\n    vec3 SL = normalize(SLU);\n    vec3 SH = normalize(SL + V);\n    float SNL = 0.5 * dot(N, SL) + 0.5;\n    float SNH = 0.5 * dot(N, SH) + 0.5;\n    float distSqr = dot(SLU, SLU);\n    float litRadius = cc_spotLitSizeRangeAngle[i].x;\n    float litRadiusSqr = litRadius * litRadius;\n    float illum = litRadiusSqr / max(litRadiusSqr , distSqr);\n    float attRadiusSqrInv = 1.0 / max(cc_spotLitSizeRangeAngle[i].y, 0.01);\n    attRadiusSqrInv *= attRadiusSqrInv;\n    float cosInner = max(dot(-cc_spotLitDir[i].xyz, SL), 0.01);\n    float cosOuter = cc_spotLitSizeRangeAngle[i].z;\n    float litAngleScale = 1.0 / max(0.001, cosInner - cosOuter);\n    float litAngleOffset = -cosOuter * litAngleScale;\n    float att = GetDistAtt(distSqr, attRadiusSqrInv);\n    att *= GetAngleAtt(SL, -cc_spotLitDir[i].xyz, litAngleScale, litAngleOffset);\n    lightColor = SNL * cc_spotLitColor[i].rgb * cc_spotLitColor[i].w * illum * att * s.baseStep;\n    vec3 diffuse = mix(s.shade1, s.shade2,\n      clamp(1.0 + (s.shadeStep - s.shadeFeather - SNL) / s.shadeFeather, 0.0, 1.0));\n    diffuse = mix(s.baseColor.rgb, diffuse,\n      clamp(1.0 + (s.baseStep - s.baseFeather - SNL) / s.baseFeather, 0.0, 1.0));\n    float specularMask = step(specularWeight, SNH);\n    vec3 specular = s.specular.rgb * specularMask;\n    finalColor += lightColor * (diffuse + specular);\n  }\n  #if CC_USE_HDR\n    s.emissive *= cc_exposure.w;\n  #endif\n  finalColor += s.emissive;\n  return vec4(finalColor, s.baseColor.a);\n}\nvec3 SRGBToLinear (vec3 gamma) {\n  return gamma * gamma;\n}\nvec3 ACESToneMap (vec3 color) {\n  color = min(color, vec3(8.0));\n  const float A = 2.51;\n  const float B = 0.03;\n  const float C = 2.43;\n  const float D = 0.59;\n  const float E = 0.14;\n  return (color * (A * color + B)) / (color * (C * color + D) + E);\n}\nvec4 CCFragOutput (vec4 color) {\n  #if !CC_USE_HDR\n    color.rgb = sqrt(ACESToneMap(color.rgb));\n  #endif\n  return color;\n}\nvarying vec3 v_position;\nvarying vec2 v_uv;\nvarying vec3 v_normal;\n#if USE_NORMAL_MAP\n  varying vec3 v_tangent;\n  varying vec3 v_bitangent;\n  uniform sampler2D normalMap;\n#endif\n#if USE_BASE_COLOR_MAP\n  uniform sampler2D baseColorMap;\n#endif\n#if USE_1ST_SHADE_MAP\n  uniform sampler2D shadeMap1;\n#endif\n#if USE_2ND_SHADE_MAP\n  uniform sampler2D shadeMap2;\n#endif\n#if USE_SPECULAR_MAP\n  uniform sampler2D specularMap;\n#endif\n#if USE_EMISSIVE_MAP\n  uniform sampler2D emissiveMap;\n#endif\nuniform vec4 baseColor;\nuniform vec4 colorScaleAndCutoff;\nuniform vec4 shadeColor1;\nuniform vec4 shadeColor2;\nuniform vec4 specular;\nuniform vec4 shadeParams;\nuniform vec4 emissive;\nuniform vec4 emissiveScaleAndStrenth;\n#if USE_ALPHA_TEST\n#endif\nvoid surf (out ToonSurface s) {\n  s.shade2 = shadeColor2.rgb * colorScaleAndCutoff.rgb;\n  #if USE_2ND_SHADE_MAP\n    s.shade2 *= SRGBToLinear(texture2D(shadeMap2, v_uv).rgb);\n  #endif\n  s.shade1 = shadeColor1.rgb * colorScaleAndCutoff.rgb;\n  #if USE_1ST_SHADE_MAP\n    s.shade1 *= SRGBToLinear(texture2D(shadeMap1, v_uv).rgb);\n    #if SHADE_MAP_1_AS_SHADE_MAP_2\n      s.shade2 *= s.shade1.rgb;\n    #endif\n  #endif\n  vec4 baseColor = baseColor;\n  #if USE_BASE_COLOR_MAP\n    vec4 baseColorMap = texture2D(baseColorMap, v_uv);\n    baseColorMap.rgb = SRGBToLinear(baseColorMap.rgb);\n    baseColor *= baseColorMap;\n    #if BASE_COLOR_MAP_AS_SHADE_MAP_1\n      s.shade1 *= baseColorMap.rgb;\n    #endif\n    #if BASE_COLOR_MAP_AS_SHADE_MAP_2\n      s.shade2 *= baseColorMap.rgb;\n    #endif\n  #endif\n  s.baseColor = baseColor;\n  s.baseColor.rgb *= colorScaleAndCutoff.xyz;\n  #if USE_ALPHA_TEST\n    if (s.baseColor.ALPHA_TEST_CHANNEL < colorScaleAndCutoff.w) discard;\n  #endif\n  s.normal = normalize(v_normal);\n  #if USE_NORMAL_MAP\n    vec3 nmmp = texture2D(normalMap, v_uv).xyz - vec3(0.5);\n    s.normal = normalize(\n      (nmmp.x * emissiveScaleAndStrenth.w) * normalize(v_tangent) +\n      (nmmp.y * emissiveScaleAndStrenth.w) * normalize(v_bitangent) +\n      nmmp.z * s.normal);\n  #endif\n  s.position = v_position;\n  s.specular = specular;\n  #if USE_SPECULAR_MAP\n    s.specular.rgb *= SRGBToLinear(texture2D(specularMap, v_uv).rgb);\n  #endif\n  s.emissive = emissive.rgb * emissiveScaleAndStrenth.xyz;\n  #if USE_EMISSIVE_MAP\n    s.emissive *= SRGBToLinear(texture2D(emissiveMap, v_uv).rgb);\n  #endif\n  s.baseStep = shadeParams.x;\n  s.baseFeather = shadeParams.y;\n  s.shadeStep = shadeParams.z;\n  s.shadeFeather = shadeParams.w;\n}\nvec4 frag () {\n  ToonSurface s; surf(s);\n  vec4 color = CCToonShading(s);\n  return CCFragOutput(color);\n}\nvoid main() { gl_FragColor = frag(); }"
      },
      "builtins": {
        "globals": {
          "blocks": [
            {
              "name": "CCGlobal",
              "defines": []
            }
          ],
          "samplers": []
        },
        "locals": {
          "blocks": [
            {
              "name": "CCLocalBatched",
              "defines": [
                "CC_USE_BATCHING"
              ]
            },
            {
              "name": "CCLocal",
              "defines": []
            },
            {
              "name": "CCSkinningTexture",
              "defines": [
                "CC_USE_SKINNING"
              ]
            },
            {
              "name": "CCSkinningAnimation",
              "defines": [
                "CC_USE_SKINNING"
              ]
            },
            {
              "name": "CCForwardLight",
              "defines": []
            }
          ],
          "samplers": [
            {
              "name": "cc_jointsTexture",
              "defines": [
                "CC_USE_SKINNING"
              ]
            }
          ]
        }
      },
      "defines": [
        {
          "name": "CC_USE_BATCHING",
          "type": "boolean",
          "defines": []
        },
        {
          "name": "CC_USE_SKINNING",
          "type": "number",
          "defines": [],
          "range": [
            0,
            2
          ]
        },
        {
          "name": "USE_NORMAL_MAP",
          "type": "boolean",
          "defines": []
        },
        {
          "name": "CC_USE_HDR",
          "type": "boolean",
          "defines": []
        },
        {
          "name": "USE_BASE_COLOR_MAP",
          "type": "boolean",
          "defines": []
        },
        {
          "name": "USE_1ST_SHADE_MAP",
          "type": "boolean",
          "defines": []
        },
        {
          "name": "USE_2ND_SHADE_MAP",
          "type": "boolean",
          "defines": []
        },
        {
          "name": "USE_SPECULAR_MAP",
          "type": "boolean",
          "defines": []
        },
        {
          "name": "USE_EMISSIVE_MAP",
          "type": "boolean",
          "defines": []
        },
        {
          "name": "USE_ALPHA_TEST",
          "type": "boolean",
          "defines": []
        },
        {
          "name": "ALPHA_TEST_CHANNEL",
          "type": "string",
          "defines": [
            "USE_ALPHA_TEST"
          ],
          "options": [
            "a",
            "r",
            "g",
            "b"
          ]
        },
        {
          "name": "SHADE_MAP_1_AS_SHADE_MAP_2",
          "type": "boolean",
          "defines": [
            "USE_1ST_SHADE_MAP"
          ]
        },
        {
          "name": "BASE_COLOR_MAP_AS_SHADE_MAP_1",
          "type": "boolean",
          "defines": [
            "USE_BASE_COLOR_MAP"
          ]
        },
        {
          "name": "BASE_COLOR_MAP_AS_SHADE_MAP_2",
          "type": "boolean",
          "defines": [
            "USE_BASE_COLOR_MAP"
          ]
        }
      ],
      "blocks": [
        {
          "name": "ToonVert",
          "members": [
            {
              "name": "tilingOffset",
              "type": 16,
              "count": 1
            }
          ],
          "defines": [],
          "binding": 0
        },
        {
          "name": "ToonFrag",
          "members": [
            {
              "name": "baseColor",
              "type": 16,
              "count": 1
            },
            {
              "name": "colorScaleAndCutoff",
              "type": 16,
              "count": 1
            },
            {
              "name": "shadeColor1",
              "type": 16,
              "count": 1
            },
            {
              "name": "shadeColor2",
              "type": 16,
              "count": 1
            },
            {
              "name": "specular",
              "type": 16,
              "count": 1
            },
            {
              "name": "shadeParams",
              "type": 16,
              "count": 1
            },
            {
              "name": "emissive",
              "type": 16,
              "count": 1
            },
            {
              "name": "emissiveScaleAndStrenth",
              "type": 16,
              "count": 1
            }
          ],
          "defines": [],
          "binding": 1
        }
      ],
      "samplers": [
        {
          "name": "normalMap",
          "type": 28,
          "count": 1,
          "defines": [
            "USE_NORMAL_MAP"
          ],
          "binding": 30
        },
        {
          "name": "baseColorMap",
          "type": 28,
          "count": 1,
          "defines": [
            "USE_BASE_COLOR_MAP"
          ],
          "binding": 31
        },
        {
          "name": "shadeMap1",
          "type": 28,
          "count": 1,
          "defines": [
            "USE_1ST_SHADE_MAP"
          ],
          "binding": 32
        },
        {
          "name": "shadeMap2",
          "type": 28,
          "count": 1,
          "defines": [
            "USE_2ND_SHADE_MAP"
          ],
          "binding": 33
        },
        {
          "name": "specularMap",
          "type": 28,
          "count": 1,
          "defines": [
            "USE_SPECULAR_MAP"
          ],
          "binding": 34
        },
        {
          "name": "emissiveMap",
          "type": 28,
          "count": 1,
          "defines": [
            "USE_EMISSIVE_MAP"
          ],
          "binding": 35
        }
      ],
      "record": null,
      "name": "builtin-toon|toon-vs:vert|toon-fs:frag"
    }
  ],
  "combinations": []
}