{
  "__type__": "cc.AnimationClip",
  "_name": "start_roeffect",
  "_objFlags": 0,
  "_native": "",
  "_duration": 0.6,
  "sample": 30,
  "speed": 0.1,
  "wrapMode": "2",
  "curveData": {
    "props": {
      "angle": [
        {
          "frame": 0,
          "value": 0
        },
        {
          "frame": 0.1,
          "value": -60
        },
        {
          "frame": 0.2,
          "value": -120
        },
        {
          "frame": 0.3,
          "value": -180
        },
        {
          "frame": 0.4,
          "value": -240
        },
        {
          "frame": 0.5,
          "value": -300
        },
        {
          "frame": 0.6,
          "value": -360
        }
      ]
    }
  },
  "events": []
}