[
  {
    "__type__": "cc.SceneAsset",
    "_name": "",
    "_objFlags": 0,
    "_native": "",
    "scene": {
      "__id__": 1
    },
    "asyncLoadAssets": false
  },
  {
    "__type__": "cc.Scene",
    "_name": "Scene",
    "_objFlags": 0,
    "_parent": null,
    "_children": [
      {
        "__id__": 2
      },
      {
        "__id__": 4
      },
      {
        "__id__": 6
      },
      {
        "__id__": 9
      },
      {
        "__id__": 13
      },
      {
        "__id__": 19
      }
    ],
    "_active": true,
    "_components": [],
    "_prefab": null,
    "autoReleaseAssets": false,
    "_globals": {
      "__id__": 21
    },
    "_id": "f46876e4-e81b-4931-b493-6d367be385e7"
  },
  {
    "__type__": "cc.Node",
    "_name": "Main Light",
    "_objFlags": 0,
    "_parent": {
      "__id__": 1
    },
    "_children": [],
    "_active": true,
    "_components": [
      {
        "__id__": 3
      }
    ],
    "_prefab": null,
    "_lpos": {
      "__type__": "cc.Vec3",
      "x": 1.2404446730305736,
      "y": 6.801662926016959,
      "z": 17.869044666826007
    },
    "_lrot": {
      "__type__": "cc.Quat",
      "x": -0.18035115534574428,
      "y": 0.03407797160398845,
      "z": 0.006252342056069791,
      "w": 0.9829918925584418
    },
    "_lscale": {
      "__type__": "cc.Vec3",
      "x": 1,
      "y": 1,
      "z": 1
    },
    "_layer": 1073741824,
    "_euler": {
      "__type__": "cc.Vec3",
      "x": -20.793050994303215,
      "y": 3.9710242104511653,
      "z": 0
    },
    "_id": "c0y6F5f+pAvI805TdmxIjx"
  },
  {
    "__type__": "cc.DirectionalLightComponent",
    "_name": "",
    "_objFlags": 0,
    "node": {
      "__id__": 2
    },
    "_enabled": true,
    "_color": {
      "__type__": "cc.Color",
      "r": 255,
      "g": 255,
      "b": 255,
      "a": 255
    },
    "_useColorTemperature": false,
    "_colorTemperature": 6550,
    "_illuminance": 65000,
    "_id": "597uMYCbhEtJQc0ffJlcgA"
  },
  {
    "__type__": "cc.Node",
    "_name": "Camera",
    "_objFlags": 0,
    "_parent": {
      "__id__": 1
    },
    "_children": [],
    "_active": true,
    "_components": [
      {
        "__id__": 5
      }
    ],
    "_prefab": null,
    "_lpos": {
      "__type__": "cc.Vec3",
      "x": 0,
      "y": 10,
      "z": 20
    },
    "_lrot": {
      "__type__": "cc.Quat",
      "x": -0.08715574274765817,
      "y": 0,
      "z": 0,
      "w": 0.9961946980917455
    },
    "_lscale": {
      "__type__": "cc.Vec3",
      "x": 1,
      "y": 1,
      "z": 1
    },
    "_layer": 1073741824,
    "_euler": {
      "__type__": "cc.Vec3",
      "x": -10,
      "y": 0,
      "z": 0
    },
    "_id": "c9DMICJLFO5IeO07EPon7U"
  },
  {
    "__type__": "cc.CameraComponent",
    "_name": "Camera<CameraComponent>",
    "_objFlags": 0,
    "node": {
      "__id__": 4
    },
    "_enabled": true,
    "_projection": 1,
    "_priority": 0,
    "_fov": 50,
    "_orthoHeight": 10,
    "_near": 1,
    "_far": 1000,
    "_color": {
      "__type__": "cc.Color",
      "r": 51,
      "g": 76,
      "b": 120,
      "a": 255
    },
    "_depth": 1,
    "_stencil": 0,
    "_clearFlags": 7,
    "_rect": {
      "__type__": "cc.Rect",
      "x": 0,
      "y": 0,
      "width": 1,
      "height": 1
    },
    "_screenScale": 1,
    "_visibility": 1822425087,
    "_targetTexture": null,
    "_id": "7dWQTpwS5LrIHnc1zAPUtf"
  },
  {
    "__type__": "cc.Node",
    "_name": "basketball",
    "_objFlags": 0,
    "_parent": {
      "__id__": 1
    },
    "_children": [],
    "_active": true,
    "_components": [
      {
        "__id__": 7
      },
      {
        "__id__": 8
      }
    ],
    "_prefab": null,
    "_lpos": {
      "__type__": "cc.Vec3",
      "x": 2,
      "y": 0,
      "z": 0
    },
    "_lrot": {
      "__type__": "cc.Quat",
      "x": 0,
      "y": 0,
      "z": 0,
      "w": 1
    },
    "_lscale": {
      "__type__": "cc.Vec3",
      "x": 0.1,
      "y": 0.1,
      "z": 0.1
    },
    "_layer": 1073741824,
    "_euler": {
      "__type__": "cc.Vec3",
      "x": 0,
      "y": 0,
      "z": 0
    },
    "_id": "39TivVgqhFPId8/LDTz+LG"
  },
  {
    "__type__": "cc.ModelComponent",
    "_name": "",
    "_objFlags": 0,
    "node": {
      "__id__": 6
    },
    "_enabled": true,
    "_materials": [
      {
        "__uuid__": "f1637361-10a0-4655-82f8-d815331c562d@b4e6b"
      }
    ],
    "_visFlags": 0,
    "_enableDynamicBatching": false,
    "_mesh": {
      "__uuid__": "f1637361-10a0-4655-82f8-d815331c562d@bcca5"
    },
    "_shadowCastingMode": 0,
    "_receiveShadows": false,
    "_id": "e98K9Aus1DtoGwwg35hL/c"
  },
  {
    "__type__": "cc.AnimationComponent",
    "_name": "basketball<AnimationComponent>",
    "_objFlags": 0,
    "node": {
      "__id__": 6
    },
    "_enabled": true,
    "playOnLoad": true,
    "_clips": [
      {
        "__uuid__": "ee7e47f5-f39a-4578-bdcc-a24b299c7e33"
      }
    ],
    "_defaultClip": {
      "__uuid__": "ee7e47f5-f39a-4578-bdcc-a24b299c7e33"
    },
    "_id": "c0j0f3NIlC97zcKJQfeTUy"
  },
  {
    "__type__": "cc.Node",
    "_name": "volleyball",
    "_objFlags": 0,
    "_parent": {
      "__id__": 1
    },
    "_children": [],
    "_active": true,
    "_components": [
      {
        "__id__": 10
      },
      {
        "__id__": 11
      },
      {
        "__id__": 12
      }
    ],
    "_prefab": null,
    "_lpos": {
      "__type__": "cc.Vec3",
      "x": -3,
      "y": 0,
      "z": 0
    },
    "_lrot": {
      "__type__": "cc.Quat",
      "x": 0,
      "y": 0,
      "z": 0,
      "w": 1
    },
    "_lscale": {
      "__type__": "cc.Vec3",
      "x": 1,
      "y": 1,
      "z": 1
    },
    "_layer": 1073741824,
    "_euler": {
      "__type__": "cc.Vec3",
      "x": 0,
      "y": 0,
      "z": 0
    },
    "_id": "33XQXNuqNJp6YSdiPplxq/"
  },
  {
    "__type__": "cc.ModelComponent",
    "_name": "volleyball<ModelComponent>",
    "_objFlags": 0,
    "node": {
      "__id__": 9
    },
    "_enabled": true,
    "_materials": [
      {
        "__uuid__": "3e7fabca-ed91-4e13-9c84-e49736de0248@35b08"
      }
    ],
    "_visFlags": 0,
    "_enableDynamicBatching": false,
    "_mesh": {
      "__uuid__": "3e7fabca-ed91-4e13-9c84-e49736de0248@b63fb"
    },
    "_shadowCastingMode": 0,
    "_receiveShadows": false,
    "_id": "92KH+2c9lEs6ewTy+MU0+s"
  },
  {
    "__type__": "cc.SphereColliderComponent",
    "_name": "volleyball<SphereColliderComponent>",
    "_objFlags": 0,
    "node": {
      "__id__": 9
    },
    "_enabled": true,
    "_material": null,
    "_isTrigger": false,
    "_center": {
      "__type__": "cc.Vec3",
      "x": 0,
      "y": 0,
      "z": 0
    },
    "_radius": 1,
    "_id": "12UFCEdgZNqJTL+nItfpKX"
  },
  {
    "__type__": "cc.AnimationComponent",
    "_name": "volleyball<AnimationComponent>",
    "_objFlags": 0,
    "node": {
      "__id__": 9
    },
    "_enabled": true,
    "playOnLoad": true,
    "_clips": [
      {
        "__uuid__": "ee7e47f5-f39a-4578-bdcc-a24b299c7e33"
      }
    ],
    "_defaultClip": {
      "__uuid__": "ee7e47f5-f39a-4578-bdcc-a24b299c7e33"
    },
    "_id": "7c/Bb51pZB3bGEOx5dsiHJ"
  },
  {
    "__type__": "cc.Node",
    "_name": "Canvas",
    "_objFlags": 0,
    "_parent": {
      "__id__": 1
    },
    "_children": [
      {
        "__id__": 14
      }
    ],
    "_active": true,
    "_components": [
      {
        "__id__": 17
      },
      {
        "__id__": 18
      }
    ],
    "_prefab": null,
    "_lpos": {
      "__type__": "cc.Vec3",
      "x": 320,
      "y": 480,
      "z": 1
    },
    "_lrot": {
      "__type__": "cc.Quat",
      "x": 0,
      "y": 0,
      "z": 0,
      "w": 1
    },
    "_lscale": {
      "__type__": "cc.Vec3",
      "x": 1,
      "y": 1,
      "z": 1
    },
    "_layer": 33554432,
    "_euler": {
      "__type__": "cc.Vec3",
      "x": 0,
      "y": 0,
      "z": 0
    },
    "_id": "a1oZ2Pz75LdKjgPln47HDn"
  },
  {
    "__type__": "cc.Node",
    "_name": "Label",
    "_objFlags": 0,
    "_parent": {
      "__id__": 13
    },
    "_children": [],
    "_active": true,
    "_components": [
      {
        "__id__": 15
      },
      {
        "__id__": 16
      }
    ],
    "_prefab": null,
    "_lpos": {
      "__type__": "cc.Vec3",
      "x": 0,
      "y": 0,
      "z": 0
    },
    "_lrot": {
      "__type__": "cc.Quat",
      "x": 0,
      "y": 0,
      "z": 0,
      "w": 1
    },
    "_lscale": {
      "__type__": "cc.Vec3",
      "x": 1,
      "y": 1,
      "z": 1
    },
    "_layer": 33554432,
    "_euler": {
      "__type__": "cc.Vec3",
      "x": 0,
      "y": 0,
      "z": 0
    },
    "_id": "b89U3TvbhDXoBymOEeRp/a"
  },
  {
    "__type__": "cc.UITransformComponent",
    "_name": "",
    "_objFlags": 0,
    "node": {
      "__id__": 14
    },
    "_enabled": true,
    "_priority": 0,
    "_contentSize": {
      "__type__": "cc.Size",
      "width": 400,
      "height": 100
    },
    "_anchorPoint": {
      "__type__": "cc.Vec2",
      "x": 0.5,
      "y": 0.5
    },
    "_id": "ec675GCzxB8JAek1uQABjv"
  },
  {
    "__type__": "cc.LabelComponent",
    "_name": "",
    "_objFlags": 0,
    "node": {
      "__id__": 14
    },
    "_enabled": true,
    "_srcBlendFactor": 2,
    "_dstBlendFactor": 4,
    "_color": {
      "__type__": "cc.Color",
      "r": 255,
      "g": 255,
      "b": 255,
      "a": 255
    },
    "_sharedMaterial": null,
    "_useOriginalSize": true,
    "_string": "白玉无冰",
    "_horizontalAlign": 0,
    "_verticalAlign": 0,
    "_actualFontSize": 100,
    "_fontSize": 100,
    "_fontFamily": "Arial",
    "_lineHeight": 100,
    "_overflow": 0,
    "_enableWrapText": true,
    "_font": null,
    "_isSystemFontUsed": true,
    "_isItalic": false,
    "_isBold": false,
    "_isUnderline": false,
    "_cacheMode": 0,
    "_id": "3fzuZ1vsdEdJ5UT8Qc4nfs"
  },
  {
    "__type__": "cc.UITransformComponent",
    "_name": "",
    "_objFlags": 0,
    "node": {
      "__id__": 13
    },
    "_enabled": true,
    "_priority": 0,
    "_contentSize": {
      "__type__": "cc.Size",
      "width": 640,
      "height": 960
    },
    "_anchorPoint": {
      "__type__": "cc.Vec2",
      "x": 0.5,
      "y": 0.5
    },
    "_id": "a08VH56nBAAroHppkRW3tw"
  },
  {
    "__type__": "cc.CanvasComponent",
    "_name": "",
    "_objFlags": 0,
    "node": {
      "__id__": 13
    },
    "_enabled": true,
    "_priority": 0,
    "_targetTexture": null,
    "_clearFlag": 0,
    "_color": {
      "__type__": "cc.Color",
      "r": 0,
      "g": 0,
      "b": 0,
      "a": 0
    },
    "_renderMode": 0,
    "_id": "27KFYdW1dND4IMaWdA2+9J"
  },
  {
    "__type__": "cc.Node",
    "_name": "GameMgr",
    "_objFlags": 0,
    "_parent": {
      "__id__": 1
    },
    "_children": [],
    "_active": true,
    "_components": [
      {
        "__id__": 20
      }
    ],
    "_prefab": null,
    "_lpos": {
      "__type__": "cc.Vec3",
      "x": 0,
      "y": 0,
      "z": 0
    },
    "_lrot": {
      "__type__": "cc.Quat",
      "x": 0,
      "y": 0,
      "z": 0,
      "w": 1
    },
    "_lscale": {
      "__type__": "cc.Vec3",
      "x": 1,
      "y": 1,
      "z": 1
    },
    "_layer": 1073741824,
    "_euler": {
      "__type__": "cc.Vec3",
      "x": 0,
      "y": 0,
      "z": 0
    },
    "_id": "38Qi38g7ZKwbJjcpFs79HO"
  },
  {
    "__type__": "d20553sD3hGEJ/vRA8kJSBq",
    "_name": "",
    "_objFlags": 0,
    "node": {
      "__id__": 19
    },
    "_enabled": true,
    "camera_3d": {
      "__id__": 5
    },
    "node_volleyball": {
      "__id__": 9
    },
    "model_basketball": {
      "__id__": 7
    },
    "canvas_2d": {
      "__id__": 18
    },
    "label_info": {
      "__id__": 16
    },
    "_id": "75Rdd9ERJDnbFAgD84aHwx"
  },
  {
    "__type__": "cc.SceneGlobals",
    "ambient": {
      "__id__": 22
    },
    "skybox": {
      "__id__": 23
    },
    "planarShadows": {
      "__id__": 24
    }
  },
  {
    "__type__": "cc.AmbientInfo",
    "_skyColor": {
      "__type__": "cc.Color",
      "r": 51,
      "g": 128,
      "b": 204,
      "a": 1
    },
    "_skyIllum": 20000,
    "_groundAlbedo": {
      "__type__": "cc.Color",
      "r": 51,
      "g": 51,
      "b": 51,
      "a": 255
    }
  },
  {
    "__type__": "cc.SkyboxInfo",
    "_envmap": null,
    "_isRGBE": false,
    "_enabled": false,
    "_useIBL": false
  },
  {
    "__type__": "cc.PlanarShadowInfo",
    "_enabled": true,
    "_normal": {
      "__type__": "cc.Vec3",
      "x": 0,
      "y": 1,
      "z": 0
    },
    "_distance": 0,
    "_shadowColor": {
      "__type__": "cc.Color",
      "r": 0,
      "g": 0,
      "b": 0,
      "a": 76
    }
  }
]