{"frameRate":24,"name":"hint","version":"5.5","compatibleVersion":"5.5","armature":[{"type":"Armature","frameRate":24,"name":"root","bone":[{"name":"root"},{"name":"p1","parent":"root","transform":{"x":0.7424,"y":7.6238,"scX":1.7408,"scY":1.7408}},{"name":"p11","parent":"root","transform":{"x":1.1291,"y":-0.7066}},{"name":"spot2","parent":"root","transform":{"x":30.7416,"y":16.9662,"skX":-0.2262,"skY":-0.2262}},{"name":"spot21","parent":"root","transform":{"x":34.4671,"y":-47.0657}},{"name":"spot221","parent":"root","transform":{"x":-38.9251,"y":-16.2838}},{"name":"spot2111","parent":"root","transform":{"x":-23.095,"y":38.8544,"skX":-138.8762,"skY":-138.8762,"scX":0.724,"scY":0.724}},{"name":"spot22","parent":"root","transform":{"x":7.4799,"y":-27.9281,"skX":-20.408,"skY":-20.408}}],"slot":[{"blendMode":"add","displayIndex":-1,"name":"p1","parent":"p1"},{"blendMode":"add","displayIndex":-1,"name":"p11","parent":"p11"},{"blendMode":"add","displayIndex":-1,"name":"spot2","parent":"spot2"},{"blendMode":"add","displayIndex":-1,"name":"spot21","parent":"spot21"},{"blendMode":"add","displayIndex":-1,"name":"spot221","parent":"spot221"},{"blendMode":"add","displayIndex":-1,"name":"spot2111","parent":"spot2111"},{"blendMode":"add","displayIndex":-1,"name":"spot22","parent":"spot22"}],"skin":[{"slot":[{"name":"spot2","display":[{"name":"spot2","transform":{"x":1.68,"y":-0.88,"scX":0.811,"scY":0.811},"path":"light3"}]},{"name":"spot21","display":[{"name":"spot2","transform":{"x":1.68,"y":-0.88,"scX":0.7804,"scY":0.7804},"path":"light3"}]},{"name":"p1","display":[{"name":"p1","transform":{"x":-0.72,"y":-0.42},"path":"g2"}]},{"name":"spot2111","display":[{"name":"spot2","transform":{"x":1.68,"y":-0.88,"scX":0.7804,"scY":0.7804},"path":"light3"}]},{"name":"spot22","display":[{"name":"spot2","transform":{"x":1.68,"y":-0.88,"scX":0.811,"scY":0.811},"path":"light3"}]},{"name":"p11","display":[{"name":"p1","transform":{"x":0.01,"y":0.67,"scX":2.3,"scY":2.3},"path":"spot2"}]},{"name":"spot221","display":[{"name":"spot2","transform":{"x":1.68,"y":-0.88},"path":"light3"}]}]}],"animation":[{"duration":15,"playTimes":0,"name":"hint","bone":[{"name":"p1","translateFrame":[{"duration":7,"tweenEasing":0,"x":4.85,"y":-14.05},{"duration":8,"x":5.03,"y":-1.23}],"rotateFrame":[{"duration":7,"tweenEasing":0,"rotate":49.06},{"duration":8,"rotate":105.33}],"scaleFrame":[{"duration":7,"tweenEasing":0,"x":1.25,"y":1.25},{"duration":8,"x":0.53,"y":0.53}]},{"name":"p11","scaleFrame":[{},{"duration":4,"tweenEasing":0,"x":0.98,"y":0.98},{"duration":6,"tweenEasing":0,"x":1.82,"y":1.82},{"duration":4,"x":3,"y":3}]},{"name":"spot2","translateFrame":[{"duration":4},{"duration":11,"tweenEasing":0,"x":1.4,"y":4.7},{"duration":0,"x":2.26,"y":13.3}],"rotateFrame":[{"duration":4},{"duration":11,"tweenEasing":0},{"duration":0,"rotate":50.64}],"scaleFrame":[{"duration":4},{"duration":11,"tweenEasing":0,"x":1.32,"y":1.32},{"duration":0,"x":0.01,"y":0.01}]},{"name":"spot21","translateFrame":[{"duration":3},{"duration":11,"tweenEasing":0,"x":-6.76,"y":20.96},{"x":3.86,"y":14.58}],"rotateFrame":[{"duration":3},{"duration":11,"tweenEasing":0,"rotate":-12.06},{"rotate":69.66}],"scaleFrame":[{"duration":3},{"duration":11,"tweenEasing":0},{"x":0.08,"y":0.08}]},{"name":"spot221","translateFrame":[{"duration":5},{"duration":10,"tweenEasing":0,"x":17.69,"y":-8.34},{"duration":0,"x":5.9,"y":-9.41}],"rotateFrame":[{"duration":5},{"duration":10,"tweenEasing":0},{"duration":0,"rotate":84.51}],"scaleFrame":[{"duration":5},{"duration":10,"tweenEasing":0,"x":1.61,"y":1.61},{"duration":0,"x":0.1,"y":0.1}]},{"name":"spot2111","translateFrame":[{},{"duration":11,"tweenEasing":0,"x":-2.94,"y":-19.02},{"duration":3,"x":-11.87,"y":-5.26}],"rotateFrame":[{},{"duration":11,"tweenEasing":0,"rotate":-12.06},{"duration":3,"rotate":-50.7}],"scaleFrame":[{},{"duration":11,"tweenEasing":0},{"duration":3,"x":0.01,"y":0.01}]},{"name":"spot22","translateFrame":[{"duration":5},{"duration":10,"x":3.53,"y":37.02}],"rotateFrame":[{"duration":5},{"duration":8,"tweenEasing":0,"rotate":-76.9},{"duration":2,"rotate":-67.67}],"scaleFrame":[{"duration":5},{"duration":8,"tweenEasing":0,"x":2.19,"y":2.19},{"duration":2,"x":0.19,"y":0.19}]}],"slot":[{"name":"p1","displayFrame":[{"duration":7},{"duration":8,"value":-1}],"colorFrame":[{"duration":2,"tweenEasing":0,"value":{"aM":25}},{"duration":13}]},{"name":"p11","displayFrame":[{"value":-1},{"duration":10},{"duration":4,"value":-1}],"colorFrame":[{},{"duration":4,"tweenEasing":0},{"duration":6,"tweenEasing":0,"value":{"gM":72,"bM":12}},{"duration":4,"value":{"aM":0,"gM":72,"bM":12}}]},{"name":"spot2","displayFrame":[{"duration":4,"value":-1},{"duration":11},{"duration":0,"value":-1}]},{"name":"spot21","displayFrame":[{"duration":3,"value":-1},{"duration":11},{"value":-1}]},{"name":"spot221","displayFrame":[{"duration":5,"value":-1},{"duration":10},{"duration":0,"value":-1}]},{"name":"spot2111","displayFrame":[{"value":-1},{"duration":11},{"duration":3,"value":-1}]},{"name":"spot22","displayFrame":[{"duration":5,"value":-1},{"duration":8},{"duration":2,"value":-1}]}]}],"defaultActions":[{"gotoAndPlay":"hint"}]}]}