[
  {
    "__type__": "cc.Prefab",
    "_name": "RankPanel",
    "_objFlags": 0,
    "_native": "",
    "data": {
      "__id__": 1
    },
    "optimizationPolicy": 0,
    "asyncLoadAssets": false,
    "readonly": false
  },
  {
    "__type__": "cc.Node",
    "_name": "RankPanel",
    "_objFlags": 0,
    "_parent": null,
    "_children": [
      {
        "__id__": 2
      },
      {
        "__id__": 6
      },
      {
        "__id__": 9
      }
    ],
    "_active": false,
    "_level": 3,
    "_components": [
      {
        "__id__": 20
      },
      {
        "__id__": 21
      },
      {
        "__id__": 22
      }
    ],
    "_prefab": {
      "__id__": 23
    },
    "_opacity": 255,
    "_color": {
      "__type__": "cc.Color",
      "r": 163,
      "g": 159,
      "b": 159,
      "a": 255
    },
    "_contentSize": {
      "__type__": "cc.Size",
      "width": 648,
      "height": 1368
    },
    "_anchorPoint": {
      "__type__": "cc.Vec2",
      "x": 0.5,
      "y": 0.5
    },
    "_position": {
      "__type__": "cc.Vec3",
      "x": 0,
      "y": 0,
      "z": 0
    },
    "_scale": {
      "__type__": "cc.Vec3",
      "x": 1,
      "y": 1,
      "z": 1
    },
    "_rotationX": 0,
    "_rotationY": 0,
    "_quat": {
      "__type__": "cc.Quat",
      "x": 0,
      "y": 0,
      "z": 0,
      "w": 1
    },
    "_skewX": 0,
    "_skewY": 0,
    "groupIndex": 0,
    "_id": ""
  },
  {
    "__type__": "cc.Node",
    "_name": "Box",
    "_objFlags": 0,
    "_parent": {
      "__id__": 1
    },
    "_children": [],
    "_active": true,
    "_level": 4,
    "_components": [
      {
        "__id__": 3
      },
      {
        "__id__": 4
      }
    ],
    "_prefab": {
      "__id__": 5
    },
    "_opacity": 199.92000000000002,
    "_color": {
      "__type__": "cc.Color",
      "r": 0,
      "g": 0,
      "b": 0,
      "a": 255
    },
    "_contentSize": {
      "__type__": "cc.Size",
      "width": 700,
      "height": 1500
    },
    "_anchorPoint": {
      "__type__": "cc.Vec2",
      "x": 0.5,
      "y": 0.5
    },
    "_position": {
      "__type__": "cc.Vec3",
      "x": 0,
      "y": 0,
      "z": 0
    },
    "_scale": {
      "__type__": "cc.Vec3",
      "x": 1,
      "y": 1,
      "z": 1
    },
    "_rotationX": 0,
    "_rotationY": 0,
    "_quat": {
      "__type__": "cc.Quat",
      "x": 0,
      "y": 0,
      "z": 0,
      "w": 1
    },
    "_skewX": 0,
    "_skewY": 0,
    "groupIndex": 0,
    "_id": ""
  },
  {
    "__type__": "cc.Sprite",
    "_name": "",
    "_objFlags": 0,
    "node": {
      "__id__": 2
    },
    "_enabled": true,
    "_spriteFrame": {
      "__uuid__": "1434c42b-0647-4768-b25e-dbb0f120ba96"
    },
    "_type": 1,
    "_sizeMode": 0,
    "_fillType": 0,
    "_fillCenter": {
      "__type__": "cc.Vec2",
      "x": 0,
      "y": 0
    },
    "_fillStart": 0,
    "_fillRange": 0,
    "_isTrimmedMode": true,
    "_state": 0,
    "_atlas": {
      "__uuid__": "5f953108-9818-421f-ac34-7ca4f06e8c27"
    },
    "_srcBlendFactor": 770,
    "_dstBlendFactor": 771,
    "_id": ""
  },
  {
    "__type__": "cc.Widget",
    "_name": "",
    "_objFlags": 0,
    "node": {
      "__id__": 2
    },
    "_enabled": true,
    "alignMode": 1,
    "_target": null,
    "_alignFlags": 45,
    "_left": -26,
    "_right": -26,
    "_top": -66,
    "_bottom": -66,
    "_verticalCenter": 0,
    "_horizontalCenter": 0,
    "_isAbsLeft": true,
    "_isAbsRight": true,
    "_isAbsTop": true,
    "_isAbsBottom": true,
    "_isAbsHorizontalCenter": true,
    "_isAbsVerticalCenter": true,
    "_originalWidth": 700,
    "_originalHeight": 1500,
    "_id": ""
  },
  {
    "__type__": "cc.PrefabInfo",
    "root": {
      "__id__": 1
    },
    "asset": {
      "__id__": 0
    },
    "fileId": "6f73X2fG9HqJePHIQh6H6s",
    "sync": false
  },
  {
    "__type__": "cc.Node",
    "_name": "Bg",
    "_objFlags": 0,
    "_parent": {
      "__id__": 1
    },
    "_children": [],
    "_active": true,
    "_level": 4,
    "_components": [
      {
        "__id__": 7
      }
    ],
    "_prefab": {
      "__id__": 8
    },
    "_opacity": 255,
    "_color": {
      "__type__": "cc.Color",
      "r": 255,
      "g": 255,
      "b": 255,
      "a": 255
    },
    "_contentSize": {
      "__type__": "cc.Size",
      "width": 600,
      "height": 1233
    },
    "_anchorPoint": {
      "__type__": "cc.Vec2",
      "x": 0.5,
      "y": 0.5
    },
    "_position": {
      "__type__": "cc.Vec3",
      "x": 0,
      "y": -38,
      "z": 0
    },
    "_scale": {
      "__type__": "cc.Vec3",
      "x": 1,
      "y": 1,
      "z": 1
    },
    "_rotationX": 0,
    "_rotationY": 0,
    "_quat": {
      "__type__": "cc.Quat",
      "x": 0,
      "y": 0,
      "z": 0,
      "w": 1
    },
    "_skewX": 0,
    "_skewY": 0,
    "groupIndex": 0,
    "_id": ""
  },
  {
    "__type__": "cc.Sprite",
    "_name": "",
    "_objFlags": 0,
    "node": {
      "__id__": 6
    },
    "_enabled": true,
    "_spriteFrame": {
      "__uuid__": "5fd37924-9928-4b08-9f5d-67cf2be2d725"
    },
    "_type": 1,
    "_sizeMode": 0,
    "_fillType": 0,
    "_fillCenter": {
      "__type__": "cc.Vec2",
      "x": 0,
      "y": 0
    },
    "_fillStart": 0,
    "_fillRange": 0,
    "_isTrimmedMode": true,
    "_state": 0,
    "_atlas": {
      "__uuid__": "c2802fac-91e7-427f-b845-b976bb609cc5"
    },
    "_srcBlendFactor": 770,
    "_dstBlendFactor": 771,
    "_id": ""
  },
  {
    "__type__": "cc.PrefabInfo",
    "root": {
      "__id__": 1
    },
    "asset": {
      "__id__": 0
    },
    "fileId": "5bFHa0PhJHTbEV+gUbH8ih",
    "sync": false
  },
  {
    "__type__": "cc.Node",
    "_name": "Top",
    "_objFlags": 0,
    "_parent": {
      "__id__": 1
    },
    "_children": [
      {
        "__id__": 10
      },
      {
        "__id__": 13
      }
    ],
    "_active": true,
    "_level": 4,
    "_components": [
      {
        "__id__": 18
      }
    ],
    "_prefab": {
      "__id__": 19
    },
    "_opacity": 255,
    "_color": {
      "__type__": "cc.Color",
      "r": 255,
      "g": 255,
      "b": 255,
      "a": 255
    },
    "_contentSize": {
      "__type__": "cc.Size",
      "width": 352,
      "height": 85
    },
    "_anchorPoint": {
      "__type__": "cc.Vec2",
      "x": 0.5,
      "y": 0.5
    },
    "_position": {
      "__type__": "cc.Vec3",
      "x": 0,
      "y": 567,
      "z": 0
    },
    "_scale": {
      "__type__": "cc.Vec3",
      "x": 1,
      "y": 1,
      "z": 1
    },
    "_rotationX": 0,
    "_rotationY": 0,
    "_quat": {
      "__type__": "cc.Quat",
      "x": 0,
      "y": 0,
      "z": 0,
      "w": 1
    },
    "_skewX": 0,
    "_skewY": 0,
    "groupIndex": 0,
    "_id": ""
  },
  {
    "__type__": "cc.Node",
    "_name": "title",
    "_objFlags": 0,
    "_parent": {
      "__id__": 9
    },
    "_children": [],
    "_active": true,
    "_level": 5,
    "_components": [
      {
        "__id__": 11
      }
    ],
    "_prefab": {
      "__id__": 12
    },
    "_opacity": 255,
    "_color": {
      "__type__": "cc.Color",
      "r": 255,
      "g": 255,
      "b": 255,
      "a": 255
    },
    "_contentSize": {
      "__type__": "cc.Size",
      "width": 205,
      "height": 61
    },
    "_anchorPoint": {
      "__type__": "cc.Vec2",
      "x": 0.5,
      "y": 0.5
    },
    "_position": {
      "__type__": "cc.Vec3",
      "x": 0,
      "y": 21,
      "z": 0
    },
    "_scale": {
      "__type__": "cc.Vec3",
      "x": 1,
      "y": 1,
      "z": 1
    },
    "_rotationX": 0,
    "_rotationY": 0,
    "_quat": {
      "__type__": "cc.Quat",
      "x": 0,
      "y": 0,
      "z": 0,
      "w": 1
    },
    "_skewX": 0,
    "_skewY": 0,
    "groupIndex": 0,
    "_id": ""
  },
  {
    "__type__": "cc.Sprite",
    "_name": "",
    "_objFlags": 0,
    "node": {
      "__id__": 10
    },
    "_enabled": true,
    "_spriteFrame": {
      "__uuid__": "ffe39d8e-6676-4ee8-acea-798d7793c572"
    },
    "_type": 0,
    "_sizeMode": 1,
    "_fillType": 0,
    "_fillCenter": {
      "__type__": "cc.Vec2",
      "x": 0,
      "y": 0
    },
    "_fillStart": 0,
    "_fillRange": 0,
    "_isTrimmedMode": true,
    "_state": 0,
    "_atlas": {
      "__uuid__": "c2802fac-91e7-427f-b845-b976bb609cc5"
    },
    "_srcBlendFactor": 770,
    "_dstBlendFactor": 771,
    "_id": ""
  },
  {
    "__type__": "cc.PrefabInfo",
    "root": {
      "__id__": 1
    },
    "asset": {
      "__id__": 0
    },
    "fileId": "7aMHQs0H9Az7Wu1cJ/LezK",
    "sync": false
  },
  {
    "__type__": "cc.Node",
    "_name": "close",
    "_objFlags": 0,
    "_parent": {
      "__id__": 9
    },
    "_children": [],
    "_active": true,
    "_level": 5,
    "_components": [
      {
        "__id__": 14
      },
      {
        "__id__": 15
      }
    ],
    "_prefab": {
      "__id__": 17
    },
    "_opacity": 255,
    "_color": {
      "__type__": "cc.Color",
      "r": 255,
      "g": 255,
      "b": 255,
      "a": 255
    },
    "_contentSize": {
      "__type__": "cc.Size",
      "width": 70,
      "height": 74
    },
    "_anchorPoint": {
      "__type__": "cc.Vec2",
      "x": 0.5,
      "y": 0.5
    },
    "_position": {
      "__type__": "cc.Vec3",
      "x": 274,
      "y": 0,
      "z": 0
    },
    "_scale": {
      "__type__": "cc.Vec3",
      "x": 1,
      "y": 1,
      "z": 1
    },
    "_rotationX": 0,
    "_rotationY": 0,
    "_quat": {
      "__type__": "cc.Quat",
      "x": 0,
      "y": 0,
      "z": 0,
      "w": 1
    },
    "_skewX": 0,
    "_skewY": 0,
    "groupIndex": 0,
    "_id": ""
  },
  {
    "__type__": "cc.Sprite",
    "_name": "",
    "_objFlags": 0,
    "node": {
      "__id__": 13
    },
    "_enabled": true,
    "_spriteFrame": {
      "__uuid__": "f06abab7-ca00-43eb-a902-4dacae114882"
    },
    "_type": 0,
    "_sizeMode": 1,
    "_fillType": 0,
    "_fillCenter": {
      "__type__": "cc.Vec2",
      "x": 0,
      "y": 0
    },
    "_fillStart": 0,
    "_fillRange": 0,
    "_isTrimmedMode": true,
    "_state": 0,
    "_atlas": {
      "__uuid__": "5f953108-9818-421f-ac34-7ca4f06e8c27"
    },
    "_srcBlendFactor": 770,
    "_dstBlendFactor": 771,
    "_id": ""
  },
  {
    "__type__": "cc.Button",
    "_name": "",
    "_objFlags": 0,
    "node": {
      "__id__": 13
    },
    "_enabled": true,
    "duration": 0.1,
    "zoomScale": 1.2,
    "clickEvents": [
      {
        "__id__": 16
      }
    ],
    "_N$interactable": true,
    "_N$enableAutoGrayEffect": false,
    "_N$transition": 3,
    "transition": 3,
    "_N$normalColor": {
      "__type__": "cc.Color",
      "r": 214,
      "g": 214,
      "b": 214,
      "a": 255
    },
    "_N$pressedColor": {
      "__type__": "cc.Color",
      "r": 211,
      "g": 211,
      "b": 211,
      "a": 255
    },
    "pressedColor": {
      "__type__": "cc.Color",
      "r": 211,
      "g": 211,
      "b": 211,
      "a": 255
    },
    "_N$hoverColor": {
      "__type__": "cc.Color",
      "r": 255,
      "g": 255,
      "b": 255,
      "a": 255
    },
    "hoverColor": {
      "__type__": "cc.Color",
      "r": 255,
      "g": 255,
      "b": 255,
      "a": 255
    },
    "_N$disabledColor": {
      "__type__": "cc.Color",
      "r": 124,
      "g": 124,
      "b": 124,
      "a": 255
    },
    "_N$normalSprite": null,
    "_N$pressedSprite": null,
    "pressedSprite": null,
    "_N$hoverSprite": null,
    "hoverSprite": null,
    "_N$disabledSprite": null,
    "_N$target": null,
    "_id": ""
  },
  {
    "__type__": "cc.ClickEvent",
    "target": {
      "__id__": 1
    },
    "component": "",
    "_componentId": "eec0cXLqh5Fx73Z9d31Hnh2",
    "handler": "ClosePanel",
    "customEventData": ""
  },
  {
    "__type__": "cc.PrefabInfo",
    "root": {
      "__id__": 1
    },
    "asset": {
      "__id__": 0
    },
    "fileId": "b44D7cNrJD7bu1lDS2fjKm",
    "sync": false
  },
  {
    "__type__": "cc.Sprite",
    "_name": "",
    "_objFlags": 0,
    "node": {
      "__id__": 9
    },
    "_enabled": true,
    "_spriteFrame": {
      "__uuid__": "f84bdcfc-2c13-49c6-b52a-0dd0897ce297"
    },
    "_type": 0,
    "_sizeMode": 1,
    "_fillType": 0,
    "_fillCenter": {
      "__type__": "cc.Vec2",
      "x": 0,
      "y": 0
    },
    "_fillStart": 0,
    "_fillRange": 0,
    "_isTrimmedMode": true,
    "_state": 0,
    "_atlas": {
      "__uuid__": "b97a9e16-9f20-4f73-ad3a-ae4fdb6f3dee"
    },
    "_srcBlendFactor": 770,
    "_dstBlendFactor": 771,
    "_id": ""
  },
  {
    "__type__": "cc.PrefabInfo",
    "root": {
      "__id__": 1
    },
    "asset": {
      "__id__": 0
    },
    "fileId": "a9pL2/DMtIlrvPfBqr7bHm",
    "sync": false
  },
  {
    "__type__": "cc.Widget",
    "_name": "",
    "_objFlags": 0,
    "node": {
      "__id__": 1
    },
    "_enabled": true,
    "alignMode": 1,
    "_target": null,
    "_alignFlags": 45,
    "_left": 0,
    "_right": 0,
    "_top": 0,
    "_bottom": 0,
    "_verticalCenter": 0,
    "_horizontalCenter": 0,
    "_isAbsLeft": true,
    "_isAbsRight": true,
    "_isAbsTop": true,
    "_isAbsBottom": true,
    "_isAbsHorizontalCenter": true,
    "_isAbsVerticalCenter": true,
    "_originalWidth": 640,
    "_originalHeight": 1140,
    "_id": ""
  },
  {
    "__type__": "cc.BlockInputEvents",
    "_name": "",
    "_objFlags": 0,
    "node": {
      "__id__": 1
    },
    "_enabled": true,
    "_id": ""
  },
  {
    "__type__": "eec0cXLqh5Fx73Z9d31Hnh2",
    "_name": "",
    "_objFlags": 0,
    "node": {
      "__id__": 1
    },
    "_enabled": true,
    "_id": ""
  },
  {
    "__type__": "cc.PrefabInfo",
    "root": {
      "__id__": 1
    },
    "asset": {
      "__id__": 0
    },
    "fileId": "32+7gP4ApIu5lfWPyAJ6x5",
    "sync": false
  }
]