{
	"achieve":[
		{"Id":1, "name":"一亿小目标", "icon":"ygy", "desId":1,"condList":[[1,100]]},
		{"Id":2, "name":"百折不挠", "icon":"bzbn", "desId":2,"condList":[[2,3]]},
		{"Id":3, "name":"连续创业", "icon":"lxcy", "desId":4,"condList":[[4,3]]},
		{"Id":4, "name":"年轻有为", "icon":"nqyw", "desId":5,"condList":[[5,30],[1,10]]},
		{"Id":5, "name":"大器晚成", "icon":"dqwc", "desId":6,"condList":[[10,60],[1,100]]},
		{"Id":6, "name":"孤独终老", "icon":"gdzl", "desId":7,"condList":[[9,-1],[8,1]]},
		{"Id":7, "name":"单身贵族", "icon":"dsgz", "desId":8,"condList":[[9,-1],[1,20]]},
		{"Id":8, "name":"魅力四射", "icon":"flcx", "desId":9,"condList":[[7,4],[6,-1]]}	
]}