{
	"company":[
		{"Id":1,"icon":"baojian", "name":"text_baojian","bonusRatio":0.01, "inPrice":8,"outPrice":4,"LimitYear":1, "proList":[[0.8,0.85,0.45],[1.25,1.4,0.55]], "unList":[[0.85,0.95,0.55],[1.1,1.3,0.45]]},
		{"Id":2,"icon":"baoxian", "name":"text_baoxian","bonusRatio":0.04, "inPrice":60,"outPrice":30,"LimitYear":4, "proList":[[0.9,0.95,0.38],[1.15,1.25,0.62]], "unList":[[0.90,0.99,0.45],[1.05,1.2,0.55]]},
		{"Id":3,"icon":"canyin", "name":"text_canyin","bonusRatio":0.02, "inPrice":16,"outPrice":8,"LimitYear":2, "proList":[[0.85,0.95,0.42],[1.23,1.35,0.58]], "unList":[[0.90,0.99,0.45],[1.05,1.2,0.55]]},
		{"Id":4,"icon":"dswl", "name":"text_dswl","bonusRatio":0.03, "inPrice":30,"outPrice":15,"LimitYear":3, "proList":[[0.85,0.95,0.4],[1.2,1.3,0.6]], "unList":[[0.90,0.99,0.45],[1.05,1.2,0.55]]},
		{"Id":5,"icon":"daikuan", "name":"text_daikuan","bonusRatio":0.01, "inPrice":2,"outPrice":1,"LimitYear":1,"proList":[[0.6,0.7,0.5],[1.4,1.7,0.5]], "unList":[[0.85,0.95,0.6],[1.1,1.3,0.4]]}
		
]}