{
	"house":[
		{"Id":1,"icon":"guwu", "name":"古堡","price":500000000,"addBonus":1000, "addHp":100},
		{"Id":2,"icon":"siheyuan", "name":"四合院","price":150000000,"addBonus":500, "addHp":100},
		{"Id":3,"icon":"bieshu", "name":"别墅","price":25000000,"addBonus":100, "addHp":20},
		{"Id":4,"icon":"yangfang", "name":"洋房","price":5000000,"addBonus":50, "addHp":10},
		{"Id":5,"icon":"gongyu", "name":"公寓","price":1000000,"addBonus":10, "addHp":5},
		{"Id":6,"icon":"lianjiafang", "name":"廉价房","price":200000,"addBonus":5, "addHp":2}		
]}