{
	"skill":[
		{"Id":1,"subId":1,"icon":"wlns", "name":"物流高手","skillType":1, "desId":1,"upCostList":[[1,10,1],[2,20,300],[3,30,540],[4,40,970],[5,50,1940]]},
		{"Id":1,"subId":2,"icon":"thy", "name":"桃花运","skillType":2, "desId":2,"upCostList":[[1,0.01,1],[2,0.02,520],[3,0.03,940],[4,0.04,1700],[5,0.05,3400]]},
		{"Id":1,"subId":3,"icon":"xsjy", "name":"销售精英","skillType":3, "desId":3,"upCostList":[[1,0.01,1],[2,0.02,750],[3,0.03,1350],[4,0.04,2430],[5,0.05,4860]]},

		{"Id":2,"subId":1,"icon":"fgzj", "name":"富贵之家","skillType":4, "desId":4,"upCostList":[[1,10000,1],[2,20000,300],[3,30000,540],[4,40000,970],[5,50000,1940]]},
		{"Id":2,"subId":2,"icon":"gsgl", "name":"工商管理","skillType":5, "desId":5,"upCostList":[[1,0.01,1],[2,0.02,520],[3,0.03,940],[4,0.04,1700],[5,0.05,3400]]},
		{"Id":2,"subId":3,"icon":"tpgs", "name":"谈判高手","skillType":6, "desId":6,"upCostList":[[1,0.01,1],[2,0.02,750],[3,0.03,1350],[4,0.04,2430],[5,0.05,4860]]},
		{"Id":2,"subId":4,"icon":"jzcc", "name":"家族传承","skillType":7, "desId":7,"upCostList":[[1,0.01,1],[2,0.02,1050],[3,0.03,1890],[4,0.04,3400],[5,0.05,6800]]},

		{"Id":3,"subId":1,"icon":"mlsz", "name":"魅力十足","skillType":8, "desId":8,"upCostList":[[1,0.01,1],[2,0.02,300],[3,0.03,540],[4,0.04,970],[5,0.05,1940]]},
		{"Id":3,"subId":2,"icon":"ds", "name":"赌神","skillType":9, "desId":9,"upCostList":[[1,0.01,1],[2,0.02,520],[3,0.03,940],[4,0.04,1700],[5,0.05,3400]]},
		{"Id":3,"subId":3,"icon":"ldyz", "name":"老当益壮","skillType":10,"desId":10,"upCostList":[[1,1,1],[2,2,750],[3,3,1350],[4,4,2430],[5,5,4860]]},

		{"Id":4,"subId":1,"icon":"nscm", "name":"少年成名","skillType":11, "desId":11,"upCostList":[[1,5,1],[2,10,300],[3,15,540],[4,20,970],[5,25,1940]]},
		{"Id":4,"subId":2,"icon":"qcdr", "name":"汽车达人","skillType":12, "desId":12,"upCostList":[[1,0.02,1],[2,0.04,520],[3,0.06,940],[4,0.08,1700],[5,0.1,3400]]},
		{"Id":4,"subId":3,"icon":"hyll", "name":"好运连连","skillType":13, "desId":13,"upCostList":[[1,0.05,1],[2,0.1,750],[3,0.15,1350],[4,0.2,2430],[5,0.25,4860]]},
		{"Id":4,"subId":4,"icon":"dczj", "name":"地产砖家","skillType":14, "desId":14,"upCostList":[[1,0.02,1],[2,0.04,1050],[3,0.06,1890],[4,0.08,3400],[5,0.1,6800]]}

		
]}