{
  "__type__": "cc.AnimationClip",
  "_name": "BetDx",
  "_objFlags": 0,
  "_native": "",
  "_duration": 0.5166666666666667,
  "sample": 60,
  "speed": 1,
  "wrapMode": "2",
  "curveData": {
    "comps": {
      "cc.Sprite": {
        "spriteFrame": [
          {
            "frame": 0,
            "value": {
              "__uuid__": "4b3658db-8cbd-4239-a091-8315d98402ce"
            }
          },
          {
            "frame": 0.16666666666666666,
            "value": {
              "__uuid__": "e1f66925-a0f3-4af4-99f6-6f90cd86ea66"
            }
          },
          {
            "frame": 0.3333333333333333,
            "value": {
              "__uuid__": "75d57563-cce0-4343-b76f-05b7291d89a4"
            }
          },
          {
            "frame": 0.5,
            "value": {
              "__uuid__": "4b3658db-8cbd-4239-a091-8315d98402ce"
            }
          }
        ]
      }
    }
  },
  "events": []
}