[{"__type__":"cc.SpriteFrame","content":{"name":"light2","texture":"dab6c000-3d38-4517-b0f0-faaddde3fb65","rect":[0,0,114,112],"offset":[0,0],"originalSize":[114,112]}},{"__type__":"cc.SpriteFrame","content":{"name":"light1","texture":"32c75eb0-274c-4302-b70c-747673c1da46","rect":[0,0,114,112],"offset":[0,0],"originalSize":[114,112]}},{"__type__":"cc.SpriteFrame","content":{"name":"light3","texture":"d91150a7-ba8e-427d-814e-177f8dec1f46","rect":[0,0,114,112],"offset":[0,0],"originalSize":[114,112]}},{"__type__":"cc.SpriteFrame","content":{"name":"light5","texture":"696ee36d-133d-4650-8c96-f6668cf8d38c","rect":[0,0,114,112],"offset":[0,0],"originalSize":[114,112]}},{"__type__":"cc.SpriteFrame","content":{"name":"light4","texture":"24f8ed15-e812-48e0-9868-709694c651ef","rect":[0,0,114,112],"offset":[0,0],"originalSize":[114,112]}},{"__type__":"cc.SpriteFrame","content":{"name":"light6","texture":"821462b7-e82a-4e36-84df-cbaa8711f673","rect":[0,0,114,112],"offset":[0,0],"originalSize":[114,112]}},{"__type__":"cc.SpriteFrame","content":{"name":"light7","texture":"ab615287-dccb-4aa7-a580-008069acd4ed","rect":[0,0,114,112],"offset":[0,0],"originalSize":[114,112]}},{"__type__":"cc.SpriteFrame","content":{"name":"light8","texture":"d432cfcc-320f-4419-8e16-141f02f22ad1","rect":[0,0,114,112],"offset":[0,0],"originalSize":[114,112]}},{"__type__":"cc.SpriteFrame","content":{"name":"light9","texture":"1369f509-c310-4fb9-a9e5-5d571db4ebbd","rect":[0,0,114,112],"offset":[0,0],"originalSize":[114,112]}},{"__type__":"cc.SpriteFrame","content":{"name":"light10","texture":"61029ad1-91db-4231-a02c-4120a25303f6","rect":[0,0,114,112],"offset":[0,0],"originalSize":[114,112]}},{"__type__":"cc.SpriteFrame","content":{"name":"light11","texture":"5b4dbd12-606f-4d10-8025-95867ae0273b","rect":[0,0,114,112],"offset":[0,0],"originalSize":[114,112]}},{"__type__":"cc.SpriteFrame","content":{"name":"light12","texture":"ec653e73-41ce-4ee6-95fd-8866cba74f3b","rect":[0,0,114,112],"offset":[0,0],"originalSize":[114,112]}}]