{
  "appKey": "",
  "appSecret": "",
  "excludeScenes": [],
  "includeAnySDK": false,
  "includeSDKBox": false,
  "includeSdk": [
    "anysdk"
  ],
  "inlineSpriteFrames": true,
  "inlineSpriteFrames_native": true,
  "mergeStartScene": false,
  "oauthLoginServer": "",
  "optimizeHotUpdate": false,
  "orientation": {
    "landscapeLeft": false,
    "landscapeRight": false,
    "portrait": true,
    "upsideDown": true
  },
  "packageName": "org.cocos2d.FillBlock",
  "privateKey": "",
  "renderMode": "0",
  "startScene": "5fb3f9a2-ad56-4807-a0dd-fc37f47f61dc",
  "title": "FillBlock",
  "webOrientation": "auto"
}