{
  "appKey": "",
  "appSecret": "",
  "encryptJs": true,
  "excludeScenes": [],
  "fb-instant-games": {},
  "includeAnySDK": false,
  "includeSDKBox": false,
  "inlineSpriteFrames": true,
  "inlineSpriteFrames_native": true,
  "jailbreakPlatform": false,
  "md5Cache": true,
  "mergeStartScene": false,
  "oauthLoginServer": "",
  "optimizeHotUpdate": false,
  "orientation": {
    "landscapeLeft": true,
    "landscapeRight": true,
    "portrait": true,
    "upsideDown": false
  },
  "packageName": "org.cocos2d.AddOne",
  "privateKey": "",
  "qqplay": {
    "REMOTE_SERVER_ROOT": "",
    "orientation": "portrait"
  },
  "renderMode": "0",
  "startScene": "82a000be-3b9d-4191-be41-558766ddfd66",
  "title": "GetTen",
  "webOrientation": "portrait",
  "wechatgame": {
    "REMOTE_SERVER_ROOT": "",
    "appid": "wxf8c0a9d612a240be",
    "isSubdomain": false,
    "orientation": "portrait",
    "subContext": "subten"
  },
  "xxteaKey": "5535450f-bdae-45",
  "zipCompressJs": true
}