{
  "version": "1.1.1",
  "windows": {
    "main": {
      "main": true,
      "url": "app://editor/index.html",
      "windowType": "dockable",
      "x": -8,
      "y": -8,
      "width": 1936,
      "height": 1066,
      "layout": {
        "children": [
          {
            "children": [
              {
                "active": 0,
                "children": [
                  "hierarchy"
                ],
                "height": 491,
                "type": "panel",
                "width": 311
              },
              {
                "active": 0,
                "children": [
                  "assets"
                ],
                "height": 475,
                "type": "panel",
                "width": 311
              }
            ],
            "height": 969,
            "type": "dock-v",
            "width": 311
          },
          {
            "children": [
              {
                "children": [
                  {
                    "active": 0,
                    "children": [
                      "scene"
                    ],
                    "height": 475,
                    "type": "panel",
                    "width": 818.984375
                  },
                  {
                    "active": 0,
                    "children": [
                      "node-library"
                    ],
                    "height": 475,
                    "type": "panel",
                    "width": 311.984375
                  }
                ],
                "height": 475,
                "type": "dock-h",
                "width": 1133.984375
              },
              {
                "active": 0,
                "children": [
                  "console",
                  "timeline"
                ],
                "height": 491,
                "type": "panel",
                "width": 1133.984375
              }
            ],
            "height": 969,
            "type": "dock-v",
            "width": 1133.984375
          },
          {
            "active": 0,
            "children": [
              "inspector"
            ],
            "height": 969,
            "type": "panel",
            "width": 463
          }
        ],
        "type": "dock-h"
      },
      "panels": [
        "node-library",
        "console",
        "timeline",
        "inspector",
        "hierarchy",
        "assets",
        "scene"
      ]
    },
    "window-1529208182593": {
      "main": false,
      "url": "unpack://static/window.html",
      "windowType": "dockable",
      "x": 752,
      "y": 256,
      "width": 420,
      "height": 544,
      "layout": {
        "children": [
          {
            "active": 0,
            "children": [
              "package-asset.export"
            ],
            "height": 506,
            "type": "panel",
            "width": 404
          }
        ],
        "type": "dock-v"
      },
      "panels": [
        "package-asset.export"
      ]
    }
  },
  "panels": {
    "package-asset.export": {
      "x": 752,
      "y": 256,
      "width": 420,
      "height": 544
    }
  }
}