{
  "f8e6b000-5643-4b86-9080-aa680ce1f599": {
    "asset": 1550112636504,
    "meta": 1549769518000,
    "relativePath": "image"
  },
  "71561142-4c83-4933-afca-cb7a17f67053": {
    "asset": 1549769518000,
    "meta": 1589021058996,
    "relativePath": "image\\default_btn_disabled.png"
  },
  "e851e89b-faa2-4484-bea6-5c01dd9f06e2": {
    "asset": 1549769518000,
    "meta": 1589021058997,
    "relativePath": "image\\default_btn_normal.png"
  },
  "b43ff3c2-02bb-4874-81f7-f2dea6970f18": {
    "asset": 1549769518000,
    "meta": 1589021059004,
    "relativePath": "image\\default_btn_pressed.png"
  },
  "edd215b9-2796-4a05-aaf5-81f96c9281ce": {
    "asset": 1549769518000,
    "meta": 1589021059006,
    "relativePath": "image\\default_editbox_bg.png"
  },
  "d81ec8ad-247c-4e62-aa3c-d35c4193c7af": {
    "asset": 1549769518000,
    "meta": 1589021059012,
    "relativePath": "image\\default_panel.png"
  },
  "99170b0b-d210-46f1-b213-7d9e3f23098a": {
    "asset": 1549769518000,
    "meta": 1589021059014,
    "relativePath": "image\\default_progressbar_bg.png"
  },
  "567dcd80-8bf4-4535-8a5a-313f1caf078a": {
    "asset": 1549769518000,
    "meta": 1589021059020,
    "relativePath": "image\\default_radio_button_off.png"
  },
  "cfef78f1-c8df-49b7-8ed0-4c953ace2621": {
    "asset": 1549769518000,
    "meta": 1589021059022,
    "relativePath": "image\\default_progressbar.png"
  },
  "9d60001f-b5f4-4726-a629-2659e3ded0b8": {
    "asset": 1549769518000,
    "meta": 1589021059029,
    "relativePath": "image\\default_radio_button_on.png"
  },
  "4bab67cb-18e6-4099-b840-355f0473f890": {
    "asset": 1549769518000,
    "meta": 1589021059031,
    "relativePath": "image\\default_scrollbar_bg.png"
  },
  "617323dd-11f4-4dd3-8eec-0caf6b3b45b9": {
    "asset": 1549769518000,
    "meta": 1589021059038,
    "relativePath": "image\\default_scrollbar_vertical_bg.png"
  },
  "d6d3ca85-4681-47c1-b5dd-d036a9d39ea2": {
    "asset": 1549769518000,
    "meta": 1589021059041,
    "relativePath": "image\\default_scrollbar_vertical.png"
  },
  "0291c134-b3da-4098-b7b5-e397edbe947f": {
    "asset": 1549769518000,
    "meta": 1589021059061,
    "relativePath": "image\\default_scrollbar.png"
  },
  "0275e94c-56a7-410f-bd1a-fc7483f7d14a": {
    "asset": 1549769518000,
    "meta": 1589021059062,
    "relativePath": "image\\default_sprite_splash.png"
  },
  "6e056173-d285-473c-b206-40a7fff5386e": {
    "asset": 1549769518000,
    "meta": 1589021059073,
    "relativePath": "image\\default_sprite.png"
  },
  "73a0903d-d80e-4e3c-aa67-f999543c08f5": {
    "asset": 1549769518000,
    "meta": 1589021059075,
    "relativePath": "image\\default_toggle_checkmark.png"
  },
  "c25b9d50-c8fc-4d27-beeb-6e7c1f2e5c0f": {
    "asset": 1549769518000,
    "meta": 1589021059081,
    "relativePath": "image\\default_toggle_disabled.png"
  },
  "d29077ba-1627-4a72-9579-7b56a235340c": {
    "asset": 1549769518000,
    "meta": 1589021059082,
    "relativePath": "image\\default_toggle_normal.png"
  },
  "fc09f9bd-2cce-4605-b630-8145ef809ed6": {
    "asset": 1550112619778,
    "meta": 1549769518000,
    "relativePath": "misc"
  },
  "2be36297-9abb-4fee-8049-9ed5e271da8a": {
    "asset": 1549769518000,
    "meta": 1589021059091,
    "relativePath": "misc\\default_video.mp4"
  },
  "f6e6dd15-71d1-4ffe-ace7-24fd39942c05": {
    "asset": 1550112636603,
    "meta": 1549769518000,
    "relativePath": "obsolete"
  },
  "b181c1e4-0a72-4a91-bfb0-ae6f36ca60bd": {
    "asset": 1549769518000,
    "meta": 1589021059094,
    "relativePath": "image\\default_toggle_pressed.png"
  },
  "f743d2b6-b7ea-4c14-a55b-547ed4d0a045": {
    "asset": 1550112636607,
    "meta": 1549769518000,
    "relativePath": "particle"
  },
  "b8223619-7e38-47c4-841f-9160c232495a": {
    "asset": 1549769518000,
    "meta": 1589021059181,
    "relativePath": "obsolete\\atom.plist"
  },
  "b2687ac4-099e-403c-a192-ff477686f4f5": {
    "asset": 1549769518000,
    "meta": 1589021059182,
    "relativePath": "particle\\atom.plist"
  },
  "8a96b965-2dc0-4e03-aa90-3b79cb93b5b4": {
    "asset": 1549769518000,
    "meta": 1589021059109,
    "relativePath": "obsolete\\atom.png"
  },
  "d0a82d39-bede-46c4-b698-c81ff0dedfff": {
    "asset": 1549769518000,
    "meta": 1589021059111,
    "relativePath": "particle\\atom.png"
  },
  "ae6c6c98-11e4-452f-8758-75f5c6a56e83": {
    "asset": 1550112636508,
    "meta": 1549769518000,
    "relativePath": "prefab"
  },
  "972b9a4d-47ee-4c74-b5c3-61d8a69bc29f": {
    "asset": 1549769518000,
    "meta": 1589021059116,
    "relativePath": "prefab\\button.prefab"
  },
  "2c937608-2562-40ea-b264-7395df6f0cea": {
    "asset": 1549769518000,
    "meta": 1589021059117,
    "relativePath": "prefab\\canvas.prefab"
  },
  "61aeb05b-3b32-452b-8eed-2b76deeed554": {
    "asset": 1549769518000,
    "meta": 1589021059119,
    "relativePath": "prefab\\editbox.prefab"
  },
  "27756ebb-3d33-44b0-9b96-e858fadd4dd4": {
    "asset": 1549769518000,
    "meta": 1589021059122,
    "relativePath": "prefab\\label.prefab"
  },
  "785a442c-3ceb-45be-a46e-7317f625f3b9": {
    "asset": 1549769518000,
    "meta": 1589021059125,
    "relativePath": "prefab\\layout.prefab"
  },
  "ca8401fe-ad6e-41a8-bd46-8e3e4e9945be": {
    "asset": 1549769518000,
    "meta": 1589021059126,
    "relativePath": "prefab\\pageview.prefab"
  },
  "cd33edea-55f5-46c2-958d-357a01384a36": {
    "asset": 1549769518000,
    "meta": 1589021059129,
    "relativePath": "prefab\\particlesystem.prefab"
  },
  "5965ffac-69da-4b55-bcde-9225d0613c28": {
    "asset": 1549769518000,
    "meta": 1589021059130,
    "relativePath": "prefab\\progressBar.prefab"
  },
  "4a37dd57-78cd-4cec-aad4-f11a73d12b63": {
    "asset": 1549769518000,
    "meta": 1589021059133,
    "relativePath": "prefab\\richtext.prefab"
  },
  "32044bd2-481f-4cf1-a656-e2b2fb1594eb": {
    "asset": 1549769518000,
    "meta": 1589021059134,
    "relativePath": "prefab\\scrollview.prefab"
  },
  "1f55e3be-b89b-4b79-88de-47fd31018044": {
    "asset": 1549769518000,
    "meta": 1589021059137,
    "relativePath": "prefab\\sprite_splash.prefab"
  },
  "0004d1cf-a0ad-47d8-ab17-34d3db9d35a3": {
    "asset": 1549769518000,
    "meta": 1589021059138,
    "relativePath": "prefab\\slider.prefab"
  },
  "96083d03-c332-4a3f-9386-d03e2d19e8ee": {
    "asset": 1549769518000,
    "meta": 1589021059140,
    "relativePath": "prefab\\sprite.prefab"
  },
  "7de03a80-4457-438d-95a7-3e7cdffd6086": {
    "asset": 1549769518000,
    "meta": 1589021059141,
    "relativePath": "prefab\\tiledmap.prefab"
  },
  "0e42ba95-1fa1-46aa-b2cf-143cd1bcee2c": {
    "asset": 1549769518000,
    "meta": 1589021059143,
    "relativePath": "prefab\\tiledtile.prefab"
  },
  "0d784963-d024-4ea6-a7db-03be0ad63010": {
    "asset": 1549769518000,
    "meta": 1589021059144,
    "relativePath": "prefab\\toggle.prefab"
  },
  "bf0a434c-84dd-4a8e-a08a-7a36f180cc75": {
    "asset": 1549769518000,
    "meta": 1589021059146,
    "relativePath": "prefab\\toggleContainer.prefab"
  },
  "d1b8be49-b0a0-435c-83b7-552bed4bbe35": {
    "asset": 1549769518000,
    "meta": 1589021059148,
    "relativePath": "prefab\\toggleGroup.prefab"
  },
  "232d2782-c4bd-4bb4-9e01-909f03d6d3b9": {
    "asset": 1549769518000,
    "meta": 1589021059150,
    "relativePath": "prefab\\videoplayer.prefab"
  },
  "8c5001fd-07ee-4a4b-a8a0-63e15195e94d": {
    "asset": 1549769518000,
    "meta": 1589021059151,
    "relativePath": "prefab\\webview.prefab"
  },
  "a039cc31-a32e-43cf-aa46-551848682574": {
    "asset": 1589021012383,
    "meta": 1475934434000,
    "relativePath": "resources"
  },
  "cf861384-9f63-4609-be05-85072f005cda": {
    "asset": 1589021012369,
    "meta": 1475934434000,
    "relativePath": "resources\\anims"
  },
  "91511ac2-e9c1-41c1-96e0-a2a7582d93d6": {
    "asset": 1563331734000,
    "meta": 1589021059293,
    "relativePath": "resources\\anims\\bianda.anim"
  },
  "5de31ec2-9656-4beb-a004-9d72db279554": {
    "asset": 1563331734000,
    "meta": 1589021059294,
    "relativePath": "resources\\anims\\jianyinxiaoshi.anim"
  },
  "afa8ca3c-e237-4845-b61a-09806d15b965": {
    "asset": 1589021012374,
    "meta": 1475934434000,
    "relativePath": "resources\\fonts"
  },
  "a4756760-f98b-4e09-b3c5-12002cc39028": {
    "asset": 1475934434000,
    "meta": 1589021060201,
    "relativePath": "resources\\fonts\\mikado_outline_shadow.fnt"
  },
  "590e322d-76d6-472c-a90f-54c0b1103e28": {
    "asset": 1563331734000,
    "meta": 1589021059299,
    "relativePath": "resources\\anims\\zhaxia.anim"
  },
  "e06fe921-24f9-44d3-a547-071c9ff64d13": {
    "asset": 1589021012382,
    "meta": 1475934434000,
    "relativePath": "resources\\pics"
  },
  "1693e519-47b5-4b4b-9562-25faab97e0e5": {
    "asset": 1475934434000,
    "meta": 1589021059363,
    "relativePath": "resources\\fonts\\mikado_outline_shadow.png"
  },
  "e1733586-b493-4e7f-802b-a50c88d4ccf1": {
    "asset": 1475934434000,
    "meta": 1589021059391,
    "relativePath": "resources\\pics\\kuang.png"
  },
  "647d0a20-b0f1-4787-9982-8645c013696a": {
    "asset": 1475934434000,
    "meta": 1589021059405,
    "relativePath": "resources\\pics\\bg.jpg"
  },
  "790fb661-4b52-4958-86fb-a373b8ae223c": {
    "asset": 1475934434000,
    "meta": 1589021060221,
    "relativePath": "resources\\pics\\pics.plist"
  },
  "9821ee68-b008-442d-a08f-89d4950f65fe": {
    "asset": 1589021012388,
    "meta": 1475934434000,
    "relativePath": "resources\\prefabs"
  },
  "4fd10055-ccca-426c-af70-fc5a5c65d157": {
    "asset": 1475934434000,
    "meta": 1589021059410,
    "relativePath": "resources\\prefabs\\blackBG.prefab"
  },
  "edaef095-6415-4552-b3fc-f82ef3fb144d": {
    "asset": 1475934434000,
    "meta": 1589021059415,
    "relativePath": "resources\\prefabs\\boomEff.prefab"
  },
  "c394b75e-a079-49aa-8fde-616758790d9a": {
    "asset": 1475934434000,
    "meta": 1589021059419,
    "relativePath": "resources\\prefabs\\tip.prefab"
  },
  "654ccd07-0104-4b65-94b6-667a001fa4ed": {
    "asset": 1589021012394,
    "meta": 1475934434000,
    "relativePath": "scene"
  },
  "2b86f30c-0a7f-42b2-8fe9-932edd53521e": {
    "asset": 1589021603516,
    "meta": 1589021603525,
    "relativePath": "scene\\gameScene.fire"
  },
  "c8967c94-2e53-4d13-8619-d3d6a045d5b7": {
    "asset": 1589021601487,
    "meta": 1589021601497,
    "relativePath": "scene\\loadResScene.fire"
  },
  "80c4565e-33d2-4cfb-b716-8130866c2143": {
    "asset": 1589021599761,
    "meta": 1589021599772,
    "relativePath": "scene\\startScene.fire"
  },
  "2b456a79-b7cd-4510-8fe1-8f4d5b1c26e4": {
    "asset": 1589021012428,
    "meta": 1475934434000,
    "relativePath": "script"
  },
  "0e5c8e40-9880-4641-9f98-e985bf9d41ce": {
    "asset": 1475934434000,
    "meta": 1589021059756,
    "relativePath": "resources\\pics\\pics.png"
  },
  "3c5e9158-1c3f-4bc5-9599-dfdb9d4059e2": {
    "asset": 1475934434000,
    "meta": 1589021059812,
    "relativePath": "script\\BackBtnCp.js"
  },
  "de865cd0-8f2b-449f-a606-d9b915fa7402": {
    "asset": 1589021012436,
    "meta": 1475934434000,
    "relativePath": "script\\gameCore"
  },
  "2efff275-8654-4ccb-a344-1e9ec831c262": {
    "asset": 1563332138000,
    "meta": 1589021059829,
    "relativePath": "script\\BgRandomMove.js"
  },
  "4cfdc90c-4db5-4ae5-a6c0-2722fb9f83e1": {
    "asset": 1589021012439,
    "meta": 1475934434000,
    "relativePath": "script\\gameCore\\common"
  },
  "bc977d99-55e5-4cda-89b0-4af3fe9006ab": {
    "asset": 1475934434000,
    "meta": 1589021059857,
    "relativePath": "script\\gameCore\\App.js"
  },
  "1f57f257-5bfe-4cc2-9cc6-136b61e6a184": {
    "asset": 1475934434000,
    "meta": 1589021060007,
    "relativePath": "script\\gameCore\\common\\Util.js"
  },
  "f9069dc6-4e69-464b-b4f9-7e49e70cd4f2": {
    "asset": 1475934434000,
    "meta": 1589021060136,
    "relativePath": "script\\GameData.js"
  },
  "1e722994-11c6-47aa-ad0f-95bf5cc0517b": {
    "asset": 1563331796000,
    "meta": 1589021060141,
    "relativePath": "script\\LoadCp.js"
  },
  "fa0937b2-abd4-4e18-99f0-60b127e3144b": {
    "asset": 1475934434000,
    "meta": 1589021060153,
    "relativePath": "script\\ScoreBtnCp.js"
  },
  "7d9dde23-9a2f-48ed-9d5f-8153c77c45d2": {
    "asset": 1475934434000,
    "meta": 1589021060158,
    "relativePath": "script\\StartBtnCp.js"
  },
  "2da59f85-8244-451a-acc6-21b72fe7bb48": {
    "asset": 1563333074000,
    "meta": 1589021060174,
    "relativePath": "script\\TipCp.js"
  },
  "0f727455-7f36-481d-981e-905e40da6212": {
    "asset": 1475934434000,
    "meta": 1589021060175,
    "relativePath": "script\\ZIndexSet.js"
  },
  "d49af2ac-6fc1-4154-b2dc-595125136fd5": {
    "asset": 1589021012455,
    "meta": 1475934434000,
    "relativePath": "sounds"
  },
  "8aa9941d-f323-4096-9b54-bcb47c3d5b60": {
    "asset": 1475934434000,
    "meta": 1589021060178,
    "relativePath": "sounds\\an.mp3"
  },
  "5e503bc7-20fd-4dd0-a7f4-c2e2b10a97d8": {
    "asset": 1475934434000,
    "meta": 1589021060180,
    "relativePath": "sounds\\an1.mp3"
  },
  "d6263b85-f46f-4594-b718-2fd1202a710f": {
    "asset": 1475934434000,
    "meta": 1589021060183,
    "relativePath": "sounds\\cannot1.mp3"
  },
  "0fc7dc08-4e1e-471e-bb5c-009366c07c07": {
    "asset": 1475934434000,
    "meta": 1589021060184,
    "relativePath": "sounds\\bgm.mp3"
  },
  "7c27a4c6-0b69-47b4-ba07-dfe11d820b4e": {
    "asset": 1475934434000,
    "meta": 1589021060188,
    "relativePath": "sounds\\cannot2.mp3"
  },
  "1dacb76e-3ebb-44ad-9fd0-7fa0a3ad7e23": {
    "asset": 1475934434000,
    "meta": 1589021060189,
    "relativePath": "sounds\\fangxia1.mp3"
  },
  "08225cbd-7055-439c-9100-33206ac35e71": {
    "asset": 1475934434000,
    "meta": 1589021060192,
    "relativePath": "sounds\\fangxia2.mp3"
  },
  "c0cfcf7f-3a85-4be4-8ae4-7ca83fa6785e": {
    "asset": 1475934434000,
    "meta": 1589021060193,
    "relativePath": "sounds\\fangxia3.mp3"
  },
  "cf83bd1c-b505-4e10-8892-6439df23d3af": {
    "asset": 1475934434000,
    "meta": 1589021060195,
    "relativePath": "sounds\\xiaochu.mp3"
  },
  "c2d5b548-ebb6-4f02-af14-e635e5986c02": {
    "asset": 1589021209538,
    "meta": 1589021213924,
    "relativePath": "script\\gameCore\\common\\ButtonControl.js"
  },
  "73810ba7-fcbf-41fb-ba6d-b9b41f2ef1f2": {
    "asset": 1589021196020,
    "meta": 1589021214024,
    "relativePath": "script\\gameCore\\InitLBXFrame.js"
  },
  "7f7ee72c-7de3-4bc4-bee9-3038174dd000": {
    "asset": 1589021212407,
    "meta": 1589021214048,
    "relativePath": "script\\gameCore\\NewLBXKuai.js"
  }
}