{
  "__type__": "cc.JsonAsset",
  "_name": "car",
  "_objFlags": 0,
  "_native": "",
  "json": {
    "car": [
      {
        "Id": 1,
        "icon": "lanbojini",
        "name": "林宝基尼",
        "price": 10000000,
        "addBonus": 250,
        "addHp": 0,
        "addDate": 0.05
      },
      {
        "Id": 2,
        "icon": "falali",
        "name": "法拉瑞",
        "price": 8000000,
        "addBonus": 200,
        "addHp": 0,
        "addDate": 0.04
      },
      {
        "Id": 3,
        "icon": "benchi",
        "name": "大奔",
        "price": 2000000,
        "addBonus": 80,
        "addHp": 0,
        "addDate": 0.03
      },
      {
        "Id": 4,
        "icon": "baoma",
        "name": "宝驹",
        "price": 1000000,
        "addBonus": 60,
        "addHp": 0,
        "addDate": 0.02
      },
      {
        "Id": 5,
        "icon": "fengtian",
        "name": "梨田",
        "price": 400000,
        "addBonus": 20,
        "addHp": 0,
        "addDate": 0.015
      },
      {
        "Id": 6,
        "icon": "qirui",
        "name": "骑瑞",
        "price": 80000,
        "addBonus": 5,
        "addHp": 0,
        "addDate": 0.01
      }
    ]
  }
}