[
  {
    "__type__": "cc.Prefab",
    "_name": "num",
    "data": {
      "__id__": 1
    },
    "optimizationPolicy": 0,
    "asyncLoadAssets": false
  },
  {
    "__type__": "cc.Node",
    "_name": "num",
    "_children": [
      {
        "__id__": 2
      }
    ],
    "_level": 1,
    "_components": [
      {
        "__type__": "cc.Sprite",
        "node": {
          "__id__": 1
        },
        "_spriteFrame": {
          "__uuid__": "d8ec8791-3b7f-40ee-a136-73e616f96514"
        },
        "_sizeMode": 0
      },
      {
        "__type__": "8bb3eAEwdxMpLs9I/tY9pmb",
        "node": {
          "__id__": 1
        },
        "bg": [
          {
            "__uuid__": "d8ec8791-3b7f-40ee-a136-73e616f96514"
          },
          {
            "__uuid__": "d8ec8791-3b7f-40ee-a136-73e616f96514"
          }
        ]
      }
    ],
    "_prefab": {
      "__type__": "cc.PrefabInfo",
      "root": {
        "__id__": 1
      },
      "asset": {
        "__uuid__": "7abaeddd-6900-4fd8-b583-73534c4e267d"
      },
      "fileId": "f211mmm7JLBLT28X/Spya7"
    },
    "_contentSize": {
      "__type__": "cc.Size",
      "width": 150,
      "height": 150
    },
    "_scale": {
      "__type__": "cc.Vec3",
      "x": 1,
      "y": 1,
      "z": 1
    }
  },
  {
    "__type__": "cc.Node",
    "_name": "Label",
    "_parent": {
      "__id__": 1
    },
    "_level": 2,
    "_components": [
      {
        "__type__": "cc.Label",
        "node": {
          "__id__": 2
        },
        "_srcBlendFactor": 1,
        "_useOriginalSize": false,
        "_string": "1",
        "_N$string": "1",
        "_fontSize": 100,
        "_lineHeight": 100,
        "_N$horizontalAlign": 1,
        "_N$verticalAlign": 1
      }
    ],
    "_prefab": {
      "__type__": "cc.PrefabInfo",
      "root": {
        "__id__": 1
      },
      "asset": {
        "__uuid__": "7abaeddd-6900-4fd8-b583-73534c4e267d"
      },
      "fileId": "29Phm2EJtHlZ1gqBZgU6hA"
    },
    "_contentSize": {
      "__type__": "cc.Size",
      "width": 55.62,
      "height": 100
    },
    "_scale": {
      "__type__": "cc.Vec3",
      "x": 1,
      "y": 1,
      "z": 1
    }
  }
]