{
  "__type__": "cc.AnimationClip",
  "_name": "Tutorial",
  "_objFlags": 0,
  "_native": "",
  "_duration": 0.6666666666666666,
  "sample": 60,
  "speed": 0.75,
  "wrapMode": "2",
  "curveData": {
    "props": {
      "y": []
    },
    "paths": {
      "Content": {
        "props": {
          "y": [
            {
              "frame": 0,
              "value": -95
            },
            {
              "frame": 0.16666666666666666,
              "value": -75
            },
            {
              "frame": 0.3333333333333333,
              "value": -95
            },
            {
              "frame": 0.5,
              "value": -75
            },
            {
              "frame": 0.6666666666666666,
              "value": -95
            }
          ]
        }
      },
      "Effect": {
        "props": {
          "scale": [
            {
              "frame": 0,
              "value": {
                "__type__": "cc.Vec2",
                "x": 1,
                "y": 1
              }
            },
            {
              "frame": 0.08333333333333333,
              "value": {
                "__type__": "cc.Vec2",
                "x": 1.1,
                "y": 1.1
              }
            },
            {
              "frame": 0.16666666666666666,
              "value": {
                "__type__": "cc.Vec2",
                "x": 1.2,
                "y": 1.2
              }
            },
            {
              "frame": 0.25,
              "value": {
                "__type__": "cc.Vec2",
                "x": 1.3,
                "y": 1.3
              }
            },
            {
              "frame": 0.3333333333333333,
              "value": {
                "__type__": "cc.Vec2",
                "x": 1.4,
                "y": 1.4
              }
            },
            {
              "frame": 0.4166666666666667,
              "value": {
                "__type__": "cc.Vec2",
                "x": 1.3,
                "y": 1.3
              }
            },
            {
              "frame": 0.5,
              "value": {
                "__type__": "cc.Vec2",
                "x": 1.2,
                "y": 1.2
              }
            },
            {
              "frame": 0.5833333333333334,
              "value": {
                "__type__": "cc.Vec2",
                "x": 1.1,
                "y": 1.1
              }
            },
            {
              "frame": 0.6666666666666666,
              "value": {
                "__type__": "cc.Vec2",
                "x": 1,
                "y": 1
              }
            }
          ],
          "opacity": [
            {
              "frame": 0,
              "value": 255
            },
            {
              "frame": 0.16666666666666666,
              "value": 150
            },
            {
              "frame": 0.3333333333333333,
              "value": 200
            },
            {
              "frame": 0.5,
              "value": 150
            },
            {
              "frame": 0.6666666666666666,
              "value": 255
            }
          ]
        }
      }
    }
  },
  "events": []
}