{
  "__type__": "cc.AnimationClip",
  "_name": "bird",
  "_objFlags": 0,
  "_rawFiles": null,
  "_duration": 0.35,
  "sample": 60,
  "speed": 1,
  "wrapMode": 1,
  "curveData": {
    "comps": {
      "cc.Sprite": {
        "spriteFrame": [
          {
            "frame": 0,
            "value": {
              "__uuid__": "4d2f84ef-d3bb-4f87-9837-1fe6b2df2b31"
            }
          },
          {
            "frame": 0.16666666666666666,
            "value": {
              "__uuid__": "0e9a08df-b653-439b-ad81-16d6fececd1c"
            }
          },
          {
            "frame": 0.3333333333333333,
            "value": {
              "__uuid__": "4d2f84ef-d3bb-4f87-9837-1fe6b2df2b31"
            }
          }
        ]
      }
    }
  },
  "events": []
}