[
  {
    "__type__": "cc.Prefab",
    "_name": "boomEff",
    "_objFlags": 0,
    "_rawFiles": null,
    "data": {
      "__id__": 1
    },
    "optimizationPolicy": 0,
    "asyncLoadAssets": false
  },
  {
    "__type__": "cc.Node",
    "_name": "boomEff",
    "_objFlags": 0,
    "_opacity": 255,
    "_color": {
      "__type__": "cc.Color",
      "r": 255,
      "g": 255,
      "b": 255,
      "a": 255
    },
    "_cascadeOpacityEnabled": true,
    "_parent": null,
    "_anchorPoint": {
      "__type__": "cc.Vec2",
      "x": 0.5,
      "y": 0.5
    },
    "_contentSize": {
      "__type__": "cc.Size",
      "width": 0,
      "height": 0
    },
    "_children": [],
    "_rotationX": 0,
    "_rotationY": 0,
    "_scaleX": 1,
    "_scaleY": 1,
    "_position": {
      "__type__": "cc.Vec2",
      "x": 0,
      "y": 0
    },
    "_skewX": 0,
    "_skewY": 0,
    "_localZOrder": 0,
    "_globalZOrder": 0,
    "_tag": -1,
    "_opacityModifyRGB": false,
    "_reorderChildDirty": false,
    "_id": "",
    "_active": true,
    "_components": [
      {
        "__id__": 2
      }
    ],
    "_prefab": {
      "__id__": 3
    },
    "groupIndex": 0
  },
  {
    "__type__": "cc.ParticleSystem",
    "_name": "",
    "_objFlags": 0,
    "node": {
      "__id__": 1
    },
    "_enabled": true,
    "_custom": true,
    "_texture": {
      "__uuid__": "e1733586-b493-4e7f-802b-a50c88d4ccf1"
    },
    "_srcBlendFactor": 770,
    "_dstBlendFactor": 1,
    "playOnLoad": true,
    "_autoRemoveOnFinish": true,
    "_totalParticles": 5,
    "_duration": 0.5,
    "_emissionRate": 15,
    "_life": 0.5,
    "_lifeVar": 0,
    "_startColor": {
      "__type__": "cc.Color",
      "r": 197,
      "g": 78,
      "b": 114,
      "a": 163
    },
    "_startColorVar": {
      "__type__": "cc.Color",
      "r": 241,
      "g": 135,
      "b": 135,
      "a": 198
    },
    "_endColor": {
      "__type__": "cc.Color",
      "r": 170,
      "g": 157,
      "b": 44,
      "a": 0
    },
    "_endColorVar": {
      "__type__": "cc.Color",
      "r": 0,
      "g": 0,
      "b": 0,
      "a": 0
    },
    "_angle": 0,
    "_angleVar": 0,
    "_startSize": 40,
    "_startSizeVar": 0,
    "_endSize": 110,
    "_endSizeVar": 0,
    "_startSpin": 0,
    "_startSpinVar": 0,
    "_endSpin": 0,
    "_endSpinVar": 0,
    "_sourcePos": {
      "__type__": "cc.Vec2",
      "x": 0,
      "y": 0
    },
    "_posVar": {
      "__type__": "cc.Vec2",
      "x": 0,
      "y": 0
    },
    "_positionType": 1,
    "_emitterMode": 0,
    "_gravity": {
      "__type__": "cc.Vec2",
      "x": 0,
      "y": 0
    },
    "_speed": 0,
    "_speedVar": 0,
    "_tangentialAccel": 0,
    "_tangentialAccelVar": 0,
    "_radialAccel": 0,
    "_radialAccelVar": 0,
    "_rotationIsDir": false,
    "_startRadius": 100,
    "_startRadiusVar": 0,
    "_endRadius": 0,
    "_endRadiusVar": 0,
    "_rotatePerS": 0,
    "_rotatePerSVar": 0,
    "_N$preview": true
  },
  {
    "__type__": "cc.PrefabInfo",
    "root": {
      "__id__": 1
    },
    "asset": {
      "__uuid__": "edaef095-6415-4552-b3fc-f82ef3fb144d"
    },
    "fileId": "cfb8eo4nV1G66oERURmZxME"
  }
]