{
  "__type__": "cc.EffectAsset",
  "_name": "builtin-standard",
  "_objFlags": 0,
  "_native": "",
  "techniques": [
    {
      "name": "opaque",
      "passes": [
        {
          "program": "builtin-standard|standard-vs:vert|standard-fs:frag",
          "properties": {
            "tilingOffset": {
              "value": [
                1,
                1,
                0,
                0
              ],
              "type": 16
            },
            "mainColor": {
              "value": [
                1,
                1,
                1,
                1
              ],
              "editor": {
                "displayName": "Albedo",
                "type": "color"
              },
              "type": 16,
              "handleInfo": [
                "albedo",
                0,
                16
              ]
            },
            "albedoScale": {
              "value": [
                1,
                1,
                1
              ],
              "type": 15,
              "handleInfo": [
                "albedoScaleAndCutoff",
                0,
                15
              ]
            },
            "alphaThreshold": {
              "value": [
                0.5
              ],
              "editor": {
                "parent": "USE_ALPHA_TEST"
              },
              "type": 13,
              "handleInfo": [
                "albedoScaleAndCutoff",
                3,
                13
              ]
            },
            "occlusion": {
              "value": [
                1
              ],
              "type": 13,
              "handleInfo": [
                "pbrParams",
                0,
                13
              ]
            },
            "roughness": {
              "value": [
                0.8
              ],
              "type": 13,
              "handleInfo": [
                "pbrParams",
                1,
                13
              ]
            },
            "metallic": {
              "value": [
                0.6
              ],
              "type": 13,
              "handleInfo": [
                "pbrParams",
                2,
                13
              ]
            },
            "normalStrenth": {
              "value": [
                1
              ],
              "editor": {
                "parent": "USE_NORMAL_MAP"
              },
              "type": 13,
              "handleInfo": [
                "pbrParams",
                3,
                13
              ]
            },
            "emissive": {
              "value": [
                0,
                0,
                0,
                1
              ],
              "editor": {
                "type": "color"
              },
              "type": 16
            },
            "emissiveScale": {
              "value": [
                1,
                1,
                1
              ],
              "type": 15,
              "handleInfo": [
                "emissiveScaleParam",
                0,
                15
              ]
            },
            "mainTexture": {
              "value": "grey",
              "editor": {
                "displayName": "AlbedoMap"
              },
              "type": 28,
              "handleInfo": [
                "albedoMap",
                0,
                28
              ]
            },
            "normalMap": {
              "value": "normal",
              "type": 28
            },
            "pbrMap": {
              "value": "grey",
              "type": 28
            },
            "metallicRoughnessMap": {
              "value": "grey",
              "type": 28
            },
            "occlusionMap": {
              "value": "white",
              "type": 28
            },
            "emissiveMap": {
              "value": "grey",
              "type": 28
            },
            "albedo": {
              "type": 16,
              "editor": {
                "visible": false,
                "deprecated": true
              },
              "value": [
                1,
                1,
                1,
                1
              ]
            },
            "albedoScaleAndCutoff": {
              "type": 16,
              "editor": {
                "visible": false,
                "deprecated": true
              },
              "value": [
                1,
                1,
                1,
                0.5
              ]
            },
            "pbrParams": {
              "type": 16,
              "editor": {
                "visible": false,
                "deprecated": true
              },
              "value": [
                1,
                0.8,
                0.6,
                1
              ]
            },
            "emissiveScaleParam": {
              "type": 16,
              "editor": {
                "visible": false,
                "deprecated": true
              },
              "value": [
                1,
                1,
                1,
                0
              ]
            },
            "albedoMap": {
              "type": 28,
              "editor": {
                "visible": false,
                "deprecated": true
              },
              "value": "grey"
            }
          },
          "migrations": {
            "properties": {
              "mainColor": {
                "formerlySerializedAs": "albedo"
              },
              "alphaThreshold": {
                "formerlySerializedAs": "albedoScale.w"
              },
              "normalStrenth": {
                "formerlySerializedAs": "pbrScale.w"
              },
              "mainTexture": {
                "formerlySerializedAs": "albedoMap"
              }
            }
          }
        }
      ]
    },
    {
      "name": "transparent",
      "passes": [
        {
          "blendState": {
            "targets": [
              {
                "blend": true,
                "blendSrc": 2,
                "blendDst": 4,
                "blendDstAlpha": 4
              }
            ]
          },
          "program": "builtin-standard|standard-vs:vert|standard-fs:frag",
          "depthStencilState": {
            "depthTest": true,
            "depthWrite": false
          },
          "properties": {
            "tilingOffset": {
              "value": [
                1,
                1,
                0,
                0
              ],
              "type": 16
            },
            "mainColor": {
              "value": [
                1,
                1,
                1,
                1
              ],
              "editor": {
                "displayName": "Albedo",
                "type": "color"
              },
              "type": 16,
              "handleInfo": [
                "albedo",
                0,
                16
              ]
            },
            "albedoScale": {
              "value": [
                1,
                1,
                1
              ],
              "type": 15,
              "handleInfo": [
                "albedoScaleAndCutoff",
                0,
                15
              ]
            },
            "alphaThreshold": {
              "value": [
                0.5
              ],
              "editor": {
                "parent": "USE_ALPHA_TEST"
              },
              "type": 13,
              "handleInfo": [
                "albedoScaleAndCutoff",
                3,
                13
              ]
            },
            "occlusion": {
              "value": [
                1
              ],
              "type": 13,
              "handleInfo": [
                "pbrParams",
                0,
                13
              ]
            },
            "roughness": {
              "value": [
                0.8
              ],
              "type": 13,
              "handleInfo": [
                "pbrParams",
                1,
                13
              ]
            },
            "metallic": {
              "value": [
                0.6
              ],
              "type": 13,
              "handleInfo": [
                "pbrParams",
                2,
                13
              ]
            },
            "normalStrenth": {
              "value": [
                1
              ],
              "editor": {
                "parent": "USE_NORMAL_MAP"
              },
              "type": 13,
              "handleInfo": [
                "pbrParams",
                3,
                13
              ]
            },
            "emissive": {
              "value": [
                0,
                0,
                0,
                1
              ],
              "editor": {
                "type": "color"
              },
              "type": 16
            },
            "emissiveScale": {
              "value": [
                1,
                1,
                1
              ],
              "type": 15,
              "handleInfo": [
                "emissiveScaleParam",
                0,
                15
              ]
            },
            "mainTexture": {
              "value": "grey",
              "editor": {
                "displayName": "AlbedoMap"
              },
              "type": 28,
              "handleInfo": [
                "albedoMap",
                0,
                28
              ]
            },
            "normalMap": {
              "value": "normal",
              "type": 28
            },
            "pbrMap": {
              "value": "grey",
              "type": 28
            },
            "metallicRoughnessMap": {
              "value": "grey",
              "type": 28
            },
            "occlusionMap": {
              "value": "white",
              "type": 28
            },
            "emissiveMap": {
              "value": "grey",
              "type": 28
            },
            "albedo": {
              "type": 16,
              "editor": {
                "visible": false,
                "deprecated": true
              },
              "value": [
                1,
                1,
                1,
                1
              ]
            },
            "albedoScaleAndCutoff": {
              "type": 16,
              "editor": {
                "visible": false,
                "deprecated": true
              },
              "value": [
                1,
                1,
                1,
                0.5
              ]
            },
            "pbrParams": {
              "type": 16,
              "editor": {
                "visible": false,
                "deprecated": true
              },
              "value": [
                1,
                0.8,
                0.6,
                1
              ]
            },
            "emissiveScaleParam": {
              "type": 16,
              "editor": {
                "visible": false,
                "deprecated": true
              },
              "value": [
                1,
                1,
                1,
                0
              ]
            },
            "albedoMap": {
              "type": 28,
              "editor": {
                "visible": false,
                "deprecated": true
              },
              "value": "grey"
            }
          },
          "migrations": {
            "properties": {
              "mainColor": {
                "formerlySerializedAs": "albedo"
              },
              "alphaThreshold": {
                "formerlySerializedAs": "albedoScale.w"
              },
              "normalStrenth": {
                "formerlySerializedAs": "pbrScale.w"
              },
              "mainTexture": {
                "formerlySerializedAs": "albedoMap"
              }
            }
          }
        }
      ]
    }
  ],
  "shaders": [
    {
      "hash": 2941033645,
      "glsl3": {
        "vert": "\nprecision mediump float;\nuniform CCGlobal {\n  highp   vec4 cc_time;\n  mediump vec4 cc_screenSize;\n  mediump vec4 cc_screenScale;\n  mediump vec4 cc_nativeSize;\n  highp   mat4 cc_matView;\n  mediump mat4 cc_matViewInv;\n  mediump mat4 cc_matProj;\n  mediump mat4 cc_matProjInv;\n  mediump mat4 cc_matViewProj;\n  mediump mat4 cc_matViewProjInv;\n  mediump vec4 cc_cameraPos;\n  mediump vec4 cc_exposure;\n  mediump vec4 cc_mainLitDir;\n  mediump vec4 cc_mainLitColor;\n  mediump vec4 cc_ambientSky;\n  mediump vec4 cc_ambientGround;\n};\n#if CC_USE_BATCHING\n  in float a_dyn_batch_id;\n  uniform CCLocalBatched {\n    highp mat4 cc_matWorlds[10];\n  };\n#else\nuniform CCLocal {\n  highp mat4 cc_matWorld;\n  highp mat4 cc_matWorldIT;\n};\n#endif\nstruct StandardVertInput {\n  highp vec4 position;\n  vec3 normal;\n  vec4 tangent;\n};\nin vec3 a_position;\nin vec3 a_normal;\nin vec4 a_tangent;\n#if CC_USE_SKINNING\nin vec4 a_weights;\nin vec4 a_joints;\nuniform CCSkinningTexture {\n  highp vec4 cc_jointsTextureInfo;\n};\nuniform CCSkinningAnimation {\n  highp vec4 cc_jointsAnimInfo;\n};\nuniform sampler2D cc_jointsTexture;\n#if CC_USE_SKINNING == 1\n  highp float decode32 (highp vec4 rgba) {\n    rgba = rgba * 255.0;\n    highp float Sign = 1.0 - step(128.0, rgba[3]) * 2.0;\n    highp float Exponent = 2.0 * mod(rgba[3], 128.0) + step(128.0, rgba[2]) - 127.0;\n    highp float Mantissa = mod(rgba[2], 128.0) * 65536.0 + rgba[1] * 256.0 + rgba[0] + 8388608.0;\n    return Sign * exp2(Exponent - 23.0) * Mantissa;\n  }\n#endif\n#if CC_USE_SKINNING == 1\n  mat4 getJointMatrix (float i) {\n    highp float j = 12.0 * (cc_jointsAnimInfo.x * i + cc_jointsAnimInfo.y) + cc_jointsTextureInfo.z;\n    highp float invSize = cc_jointsTextureInfo.y;\n    highp float y = floor(j * invSize);\n    highp float x = j - y * cc_jointsTextureInfo.x;\n    y = (y + 0.5) * invSize;\n    vec4 v1 = vec4(\n      decode32(texture(cc_jointsTexture, vec2((x + 0.5) * invSize, y))),\n      decode32(texture(cc_jointsTexture, vec2((x + 1.5) * invSize, y))),\n      decode32(texture(cc_jointsTexture, vec2((x + 2.5) * invSize, y))),\n      decode32(texture(cc_jointsTexture, vec2((x + 3.5) * invSize, y)))\n    );\n    vec4 v2 = vec4(\n      decode32(texture(cc_jointsTexture, vec2((x + 4.5) * invSize, y))),\n      decode32(texture(cc_jointsTexture, vec2((x + 5.5) * invSize, y))),\n      decode32(texture(cc_jointsTexture, vec2((x + 6.5) * invSize, y))),\n      decode32(texture(cc_jointsTexture, vec2((x + 7.5) * invSize, y)))\n    );\n    vec4 v3 = vec4(\n      decode32(texture(cc_jointsTexture, vec2((x + 8.5) * invSize, y))),\n      decode32(texture(cc_jointsTexture, vec2((x + 9.5) * invSize, y))),\n      decode32(texture(cc_jointsTexture, vec2((x + 10.5) * invSize, y))),\n      decode32(texture(cc_jointsTexture, vec2((x + 11.5) * invSize, y)))\n    );\n    return mat4(vec4(v1.xyz, 0.0), vec4(v2.xyz, 0.0), vec4(v3.xyz, 0.0), vec4(v1.w, v2.w, v3.w, 1.0));\n  }\n#elif CC_USE_SKINNING == 2\n  mat4 getJointMatrix (float i) {\n    highp float j = 3.0 * (cc_jointsAnimInfo.x * i + cc_jointsAnimInfo.y) + cc_jointsTextureInfo.z;\n    highp float invSize = cc_jointsTextureInfo.y;\n    highp float y = floor(j * invSize);\n    highp float x = j - y * cc_jointsTextureInfo.x;\n    y = (y + 0.5) * invSize;\n    vec4 v1 = texture(cc_jointsTexture, vec2((x + 0.5) * invSize, y));\n    vec4 v2 = texture(cc_jointsTexture, vec2((x + 1.5) * invSize, y));\n    vec4 v3 = texture(cc_jointsTexture, vec2((x + 2.5) * invSize, y));\n    return mat4(vec4(v1.xyz, 0.0), vec4(v2.xyz, 0.0), vec4(v3.xyz, 0.0), vec4(v1.w, v2.w, v3.w, 1.0));\n  }\n#endif\nmat4 skinMatrix () {\n  return getJointMatrix(a_joints.x) * a_weights.x\n    + getJointMatrix(a_joints.y) * a_weights.y;\n    + getJointMatrix(a_joints.z) * a_weights.z;\n    + getJointMatrix(a_joints.w) * a_weights.w;\n}\nvoid CCSkin (inout vec4 position) {\n  mat4 m = skinMatrix();\n  position = m * position;\n}\nvoid CCSkin (inout StandardVertInput attr) {\n  mat4 m = skinMatrix();\n  attr.position = m * attr.position;\n  attr.normal = (m * vec4(attr.normal, 0.0)).xyz;\n  attr.tangent.xyz = (m * vec4(attr.tangent.xyz, 0.0)).xyz;\n}\n#endif\nuniform Constants {\n  mediump vec4 tilingOffset;\n  mediump vec4 albedo;\n  mediump vec4 albedoScaleAndCutoff;\n  mediump vec4 pbrParams;\n  mediump vec4 emissive;\n  mediump vec4 emissiveScaleParam;\n};\n#if USE_VERTEX_COLOR\n  in vec3 a_color;\n  out vec3 v_color;\n#endif\nout vec3 v_position;\nout vec3 v_normal;\n#if USE_NORMAL_MAP\n  out vec3 v_tangent;\n  out vec3 v_bitangent;\n#endif\nin vec2 a_texCoord;\nout vec2 v_uv;\nin vec2 a_texCoord1;\nout vec2 v_uv1;\nhighp vec4 vert () {\n  StandardVertInput In;\n  In.position = vec4(a_position, 1.0);\n  In.normal = a_normal;\n  In.tangent = a_tangent;\n  #if CC_USE_SKINNING\n    CCSkin(In);\n  #endif\n  highp mat4 matWorld, matWorldIT;\n  #if CC_USE_BATCHING\n    matWorld = cc_matWorlds[int(a_dyn_batch_id + 0.5)];\n    matWorldIT = matWorld;\n  #else\n    matWorld = cc_matWorld;\n    matWorldIT = cc_matWorldIT;\n  #endif\n  highp vec4 pos = matWorld * In.position;\n  v_position = pos.xyz;\n  v_normal = normalize((matWorldIT * vec4(In.normal, 0.0)).xyz);\n  #if USE_NORMAL_MAP\n    v_tangent = normalize((matWorldIT * vec4(In.tangent.xyz, 0.0)).xyz);\n    v_bitangent = cross(v_normal, v_tangent) * In.tangent.w;\n  #endif\n  v_uv = a_texCoord * tilingOffset.xy + tilingOffset.zw;\n  v_uv1 = a_texCoord1 * tilingOffset.xy + tilingOffset.zw;\n  #if USE_VERTEX_COLOR\n    v_color = a_color;\n  #endif\n  return cc_matProj * (cc_matView * matWorld) * In.position;\n}\nvoid main() { gl_Position = vert(); }",
        "frag": "\nprecision highp float;\nuniform CCGlobal {\n  highp   vec4 cc_time;\n  mediump vec4 cc_screenSize;\n  mediump vec4 cc_screenScale;\n  mediump vec4 cc_nativeSize;\n  highp   mat4 cc_matView;\n  mediump mat4 cc_matViewInv;\n  mediump mat4 cc_matProj;\n  mediump mat4 cc_matProjInv;\n  mediump mat4 cc_matViewProj;\n  mediump mat4 cc_matViewProjInv;\n  mediump vec4 cc_cameraPos;\n  mediump vec4 cc_exposure;\n  mediump vec4 cc_mainLitDir;\n  mediump vec4 cc_mainLitColor;\n  mediump vec4 cc_ambientSky;\n  mediump vec4 cc_ambientGround;\n};\n#if CC_USE_IBL\nuniform samplerCube cc_environment;\nvec3 unpackRGBE (vec4 rgbe) {\n  return rgbe.rgb * pow(2.0, rgbe.a * 255.0 - 128.0);\n}\nvec4 fragTextureLod (sampler2D texture, vec2 coord, float lod) {\n    return textureLod(texture, coord, lod);\n}\nvec4 fragTextureLod (samplerCube texture, vec3 coord, float lod) {\n    return textureLod(texture, coord, lod);\n}\n#endif\nvec3 SRGBToLinear (vec3 gamma) {\n  return gamma * gamma;\n}\nuniform CCForwardLight {\n  highp vec4 cc_sphereLitPos[2];\n  vec4 cc_sphereLitSizeRange[2];\n  vec4 cc_sphereLitColor[2];\n  highp vec4 cc_spotLitPos[2];\n  vec4 cc_spotLitSizeRangeAngle[2];\n  vec4 cc_spotLitDir[2];\n  vec4 cc_spotLitColor[2];\n};\nfloat SmoothDistAtt (float distSqr, float invSqrAttRadius) {\n  float factor = distSqr * invSqrAttRadius;\n  float smoothFactor = clamp(1.0 - factor * factor, 0.0, 1.0);\n  return smoothFactor * smoothFactor;\n}\nfloat GetDistAtt (float distSqr, float invSqrAttRadius) {\n  float attenuation = 1.0 / max(distSqr, 0.01*0.01);\n  attenuation *= SmoothDistAtt(distSqr , invSqrAttRadius);\n  return attenuation;\n}\nfloat GetAngleAtt (vec3 L, vec3 litDir, float litAngleScale, float litAngleOffset) {\n  float cd = dot(litDir, L);\n  float attenuation = clamp(cd * litAngleScale + litAngleOffset, 0.0, 1.0);\n  return (attenuation * attenuation);\n}\nfloat GGXMobile (float roughness, float NoH, vec3 H, vec3 N) {\n  vec3 NxH = cross(N, H);\n  float OneMinusNoHSqr = dot(NxH, NxH);\n  float a = roughness * roughness;\n  float n = NoH * a;\n  float p = a / (OneMinusNoHSqr + n * n);\n  return p * p;\n}\nfloat CalcSpecular (float roughness, float NoH, vec3 H, vec3 N) {\n  return (roughness*0.25 + 0.25) * GGXMobile(roughness, NoH, H, N);\n}\nvec3 BRDFApprox (vec3 specular, float roughness, float NoV) {\n  const vec4 c0 = vec4(-1.0, -0.0275, -0.572, 0.022);\n  const vec4 c1 = vec4(1.0, 0.0425, 1.04, -0.04);\n  vec4 r = roughness * c0 + c1;\n  float a004 = min( r.x * r.x, exp2( -9.28 * NoV ) ) * r.x + r.y;\n  vec2 AB = vec2( -1.04, 1.04 ) * a004 + r.zw;\n  AB.y *= clamp(50.0 * specular.g, 0.0, 1.0);\n  return specular * AB.x + AB.y;\n}\nvec3 CalcDynamicLighting (vec3 worldPos, vec3 N, vec3 V, vec3 diffuse, vec3 specular, float roughness) {\n  vec3 lighting = vec3(0.0);\n  vec3 diffuseContrib = diffuse / 3.14159265359;\n  for (int i = 0; i < 2; i++) {\n    vec3 PLU = cc_sphereLitPos[i].xyz - worldPos;\n    vec3 PL = normalize(PLU);\n    vec3 PH = normalize(PL + V);\n    float PNL = max(dot(N, PL), 0.001);\n    float PNH = max(dot(N, PH), 0.0);\n    float distSqr = dot(PLU, PLU);\n    float litRadius = cc_sphereLitSizeRange[i].x;\n    float litRadiusSqr = litRadius * litRadius;\n    float illum = 3.14159265359 * (litRadiusSqr / max(litRadiusSqr , distSqr));\n    float attRadiusSqrInv = 1.0 / max(cc_sphereLitSizeRange[i].y, 0.01);\n    attRadiusSqrInv *= attRadiusSqrInv;\n    float att = GetDistAtt(distSqr, attRadiusSqrInv);\n    vec3 lspec = specular * CalcSpecular(roughness, PNH, PH, N);\n    lighting += PNL * cc_sphereLitColor[i].rgb * cc_sphereLitColor[i].w * illum * att * (diffuseContrib + lspec);\n  }\n  for (int i = 0; i < 2; i++) {\n    vec3 SLU = cc_spotLitPos[i].xyz - worldPos;\n    vec3 SL = normalize(SLU);\n    vec3 SH = normalize(SL + V);\n    float SNL = max(dot(N, SL), 0.001);\n    float SNH = max(dot(N, SH), 0.0);\n    float distSqr = dot(SLU, SLU);\n    float litRadius = cc_spotLitSizeRangeAngle[i].x;\n    float litRadiusSqr = litRadius * litRadius;\n    float illum = 3.14159265359 * (litRadiusSqr / max(litRadiusSqr , distSqr));\n    float attRadiusSqrInv = 1.0 / max(cc_spotLitSizeRangeAngle[i].y, 0.01);\n    attRadiusSqrInv *= attRadiusSqrInv;\n    float cosInner = max(dot(-cc_spotLitDir[i].xyz, SL), 0.01);\n    float cosOuter = cc_spotLitSizeRangeAngle[i].z;\n    float litAngleScale = 1.0 / max(0.001, cosInner - cosOuter);\n    float litAngleOffset = -cosOuter * litAngleScale;\n    float att = GetDistAtt(distSqr, attRadiusSqrInv);\n    att *= GetAngleAtt(SL, -cc_spotLitDir[i].xyz, litAngleScale, litAngleOffset);\n    vec3 lspec = specular * CalcSpecular(roughness, SNH, SH, N);\n    lighting += SNL * cc_spotLitColor[i].rgb * cc_spotLitColor[i].w * illum * att * (diffuseContrib + lspec);\n  }\n  return lighting;\n}\nstruct StandardSurface {\n  vec4 albedo;\n  vec3 position;\n  vec3 normal;\n  vec3 emissive;\n  float roughness;\n  float metallic;\n  float occlusion;\n};\nvec4 CCStandardShading (StandardSurface s) {\n  vec3 diffuse = s.albedo.rgb * (1.0 - s.metallic);\n  vec3 specular = mix(vec3(0.04), s.albedo.rgb, s.metallic);\n  vec3 N = normalize(s.normal);\n  vec3 V = normalize(cc_cameraPos.xyz - s.position);\n  vec3 L = normalize(-cc_mainLitDir.xyz);\n  vec3 H = normalize(L+V);\n  float NV = max(abs(dot(N, V)), 0.001);\n  float NL = max(dot(N, L), 0.001);\n  float NH = max(dot(N, H), 0.0);\n  specular = BRDFApprox(specular, s.roughness, NV);\n  vec3 diffuseContrib = diffuse / 3.14159265359;\n  vec3 specularContrib = specular * CalcSpecular(s.roughness, NH, H, N);\n  vec3 finalColor = NL * cc_mainLitColor.rgb * cc_mainLitColor.w * (diffuseContrib + specularContrib);\n  finalColor += CalcDynamicLighting(s.position, N, V, diffuse, specular, s.roughness);\n  float fAmb = 0.5 - N.y * 0.5;\n  vec3 ambDiff = mix(cc_ambientSky.rgb, cc_ambientGround.rgb, fAmb) * cc_ambientSky.w;\n  finalColor += (ambDiff.rgb * diffuse);\n  #if CC_USE_IBL\n    vec3 R = normalize(reflect(-V, N));\n    vec4 envmap = fragTextureLod(cc_environment, R, s.roughness * cc_ambientGround.w);\n    #if CC_USE_IBL == 2\n      vec3 env = unpackRGBE(envmap);\n    #else\n      vec3 env = SRGBToLinear(envmap.rgb) * cc_ambientSky.w;\n    #endif\n    finalColor += env * specular;\n  #endif\n  finalColor = finalColor * s.occlusion;\n  #if CC_USE_HDR\n    s.emissive *= cc_exposure.w;\n  #endif\n  finalColor += s.emissive;\n  return vec4(finalColor, s.albedo.a);\n}\nvec3 ACESToneMap (vec3 color) {\n  color = min(color, vec3(8.0));\n  const float A = 2.51;\n  const float B = 0.03;\n  const float C = 2.43;\n  const float D = 0.59;\n  const float E = 0.14;\n  return (color * (A * color + B)) / (color * (C * color + D) + E);\n}\nvec4 CCFragOutput (vec4 color) {\n  #if !CC_USE_HDR\n    color.rgb = sqrt(ACESToneMap(color.rgb));\n  #endif\n  return color;\n}\nuniform Constants {\n  mediump vec4 tilingOffset;\n  mediump vec4 albedo;\n  mediump vec4 albedoScaleAndCutoff;\n  mediump vec4 pbrParams;\n  mediump vec4 emissive;\n  mediump vec4 emissiveScaleParam;\n};\nin vec3 v_position;\nin vec2 v_uv;\nin vec2 v_uv1;\nin vec3 v_normal;\n#if USE_VERTEX_COLOR\n  in vec3 v_color;\n#endif\n#if USE_ALBEDO_MAP\n  uniform sampler2D albedoMap;\n#endif\n#if USE_NORMAL_MAP\n  in vec3 v_tangent;\n  in vec3 v_bitangent;\n  uniform sampler2D normalMap;\n#endif\n#if USE_PBR_MAP\n  uniform sampler2D pbrMap;\n#endif\n#if USE_METALLIC_ROUGHNESS_MAP\n  uniform sampler2D metallicRoughnessMap;\n#endif\n#if USE_OCCLUSION_MAP\n  uniform sampler2D occlusionMap;\n#endif\n#if USE_EMISSIVE_MAP\n  uniform sampler2D emissiveMap;\n#endif\n#if USE_ALPHA_TEST\n#endif\nvoid surf (out StandardSurface s) {\n  vec4 baseColor = albedo;\n  #if USE_VERTEX_COLOR\n    baseColor.rgb *= v_color;\n  #endif\n  #if USE_ALBEDO_MAP\n    vec4 texColor = texture(albedoMap, ALBEDO_UV);\n    texColor.rgb = SRGBToLinear(texColor.rgb);\n    baseColor *= texColor;\n  #endif\n  s.albedo = baseColor;\n  s.albedo.rgb *= albedoScaleAndCutoff.xyz;\n  #if USE_ALPHA_TEST\n    if (s.albedo.ALPHA_TEST_CHANNEL < albedoScaleAndCutoff.w) discard;\n  #endif\n  s.normal = v_normal;\n  #if USE_NORMAL_MAP\n    vec3 nmmp = texture(normalMap, NORMAL_UV).xyz - vec3(0.5);\n    s.normal =\n      (nmmp.x * pbrParams.w) * normalize(v_tangent) +\n      (nmmp.y * pbrParams.w) * normalize(v_bitangent) +\n      nmmp.z * normalize(s.normal);\n  #endif\n  s.position = v_position;\n  vec4 pbr = pbrParams;\n  #if USE_PBR_MAP\n    vec4 res = texture(pbrMap, PBR_UV);\n    pbr.x *= res.OCCLUSION_CHANNEL;\n    pbr.y *= res.ROUGHNESS_CHANNEL;\n    pbr.z *= res.METALLIC_CHANNEL;\n  #endif\n  #if USE_METALLIC_ROUGHNESS_MAP\n    vec4 metallicRoughness = texture(metallicRoughnessMap, METALLIC_ROUGHNESS_UV);\n    pbr.z *= metallicRoughness.METALLIC_CHANNEL;\n    pbr.y *= metallicRoughness.ROUGHNESS_CHANNEL;\n  #endif\n  #if USE_OCCLUSION_MAP\n    pbr.x *= texture(occlusionMap, OCCLUSION_UV).OCCLUSION_CHANNEL;\n  #endif\n  s.occlusion = clamp(pbr.x, 0.0, 0.96);\n  s.roughness = clamp(pbr.y, 0.04, 1.0);\n  s.metallic = pbr.z;\n  s.emissive = emissive.rgb * emissiveScaleParam.xyz;\n  #if USE_EMISSIVE_MAP\n    s.emissive *= SRGBToLinear(texture(emissiveMap, EMISSIVE_UV).rgb);\n  #endif\n}\nvec4 frag () {\n  StandardSurface s; surf(s);\n  vec4 color = CCStandardShading(s);\n  return CCFragOutput(color);\n}\nout vec4 cc_FragColor;\nvoid main() { cc_FragColor = frag(); }"
      },
      "glsl1": {
        "vert": "\nprecision mediump float;\nuniform highp mat4 cc_matView;\nuniform mediump mat4 cc_matProj;\n#if CC_USE_BATCHING\n  attribute float a_dyn_batch_id;\n  uniform highp mat4 cc_matWorlds[10];\n#else\nuniform highp mat4 cc_matWorld;\nuniform highp mat4 cc_matWorldIT;\n#endif\nstruct StandardVertInput {\n  highp vec4 position;\n  vec3 normal;\n  vec4 tangent;\n};\nattribute vec3 a_position;\nattribute vec3 a_normal;\nattribute vec4 a_tangent;\n#if CC_USE_SKINNING\nattribute vec4 a_weights;\nattribute vec4 a_joints;\nuniform highp vec4 cc_jointsTextureInfo;\nuniform highp vec4 cc_jointsAnimInfo;\nuniform sampler2D cc_jointsTexture;\n#if CC_USE_SKINNING == 1\n  highp float decode32 (highp vec4 rgba) {\n    rgba = rgba * 255.0;\n    highp float Sign = 1.0 - step(128.0, rgba[3]) * 2.0;\n    highp float Exponent = 2.0 * mod(rgba[3], 128.0) + step(128.0, rgba[2]) - 127.0;\n    highp float Mantissa = mod(rgba[2], 128.0) * 65536.0 + rgba[1] * 256.0 + rgba[0] + 8388608.0;\n    return Sign * exp2(Exponent - 23.0) * Mantissa;\n  }\n#endif\n#if CC_USE_SKINNING == 1\n  mat4 getJointMatrix (float i) {\n    highp float j = 12.0 * (cc_jointsAnimInfo.x * i + cc_jointsAnimInfo.y) + cc_jointsTextureInfo.z;\n    highp float invSize = cc_jointsTextureInfo.y;\n    highp float y = floor(j * invSize);\n    highp float x = j - y * cc_jointsTextureInfo.x;\n    y = (y + 0.5) * invSize;\n    vec4 v1 = vec4(\n      decode32(texture2D(cc_jointsTexture, vec2((x + 0.5) * invSize, y))),\n      decode32(texture2D(cc_jointsTexture, vec2((x + 1.5) * invSize, y))),\n      decode32(texture2D(cc_jointsTexture, vec2((x + 2.5) * invSize, y))),\n      decode32(texture2D(cc_jointsTexture, vec2((x + 3.5) * invSize, y)))\n    );\n    vec4 v2 = vec4(\n      decode32(texture2D(cc_jointsTexture, vec2((x + 4.5) * invSize, y))),\n      decode32(texture2D(cc_jointsTexture, vec2((x + 5.5) * invSize, y))),\n      decode32(texture2D(cc_jointsTexture, vec2((x + 6.5) * invSize, y))),\n      decode32(texture2D(cc_jointsTexture, vec2((x + 7.5) * invSize, y)))\n    );\n    vec4 v3 = vec4(\n      decode32(texture2D(cc_jointsTexture, vec2((x + 8.5) * invSize, y))),\n      decode32(texture2D(cc_jointsTexture, vec2((x + 9.5) * invSize, y))),\n      decode32(texture2D(cc_jointsTexture, vec2((x + 10.5) * invSize, y))),\n      decode32(texture2D(cc_jointsTexture, vec2((x + 11.5) * invSize, y)))\n    );\n    return mat4(vec4(v1.xyz, 0.0), vec4(v2.xyz, 0.0), vec4(v3.xyz, 0.0), vec4(v1.w, v2.w, v3.w, 1.0));\n  }\n#elif CC_USE_SKINNING == 2\n  mat4 getJointMatrix (float i) {\n    highp float j = 3.0 * (cc_jointsAnimInfo.x * i + cc_jointsAnimInfo.y) + cc_jointsTextureInfo.z;\n    highp float invSize = cc_jointsTextureInfo.y;\n    highp float y = floor(j * invSize);\n    highp float x = j - y * cc_jointsTextureInfo.x;\n    y = (y + 0.5) * invSize;\n    vec4 v1 = texture2D(cc_jointsTexture, vec2((x + 0.5) * invSize, y));\n    vec4 v2 = texture2D(cc_jointsTexture, vec2((x + 1.5) * invSize, y));\n    vec4 v3 = texture2D(cc_jointsTexture, vec2((x + 2.5) * invSize, y));\n    return mat4(vec4(v1.xyz, 0.0), vec4(v2.xyz, 0.0), vec4(v3.xyz, 0.0), vec4(v1.w, v2.w, v3.w, 1.0));\n  }\n#endif\nmat4 skinMatrix () {\n  return getJointMatrix(a_joints.x) * a_weights.x\n    + getJointMatrix(a_joints.y) * a_weights.y;\n    + getJointMatrix(a_joints.z) * a_weights.z;\n    + getJointMatrix(a_joints.w) * a_weights.w;\n}\nvoid CCSkin (inout vec4 position) {\n  mat4 m = skinMatrix();\n  position = m * position;\n}\nvoid CCSkin (inout StandardVertInput attr) {\n  mat4 m = skinMatrix();\n  attr.position = m * attr.position;\n  attr.normal = (m * vec4(attr.normal, 0.0)).xyz;\n  attr.tangent.xyz = (m * vec4(attr.tangent.xyz, 0.0)).xyz;\n}\n#endif\nuniform mediump vec4 tilingOffset;\n#if USE_VERTEX_COLOR\n  attribute vec3 a_color;\n  varying vec3 v_color;\n#endif\nvarying vec3 v_position;\nvarying vec3 v_normal;\n#if USE_NORMAL_MAP\n  varying vec3 v_tangent;\n  varying vec3 v_bitangent;\n#endif\nattribute vec2 a_texCoord;\nvarying vec2 v_uv;\nattribute vec2 a_texCoord1;\nvarying vec2 v_uv1;\nhighp vec4 vert () {\n  StandardVertInput In;\n  In.position = vec4(a_position, 1.0);\n  In.normal = a_normal;\n  In.tangent = a_tangent;\n  #if CC_USE_SKINNING\n    CCSkin(In);\n  #endif\n  highp mat4 matWorld, matWorldIT;\n  #if CC_USE_BATCHING\n    matWorld = cc_matWorlds[int(a_dyn_batch_id + 0.5)];\n    matWorldIT = matWorld;\n  #else\n    matWorld = cc_matWorld;\n    matWorldIT = cc_matWorldIT;\n  #endif\n  highp vec4 pos = matWorld * In.position;\n  v_position = pos.xyz;\n  v_normal = normalize((matWorldIT * vec4(In.normal, 0.0)).xyz);\n  #if USE_NORMAL_MAP\n    v_tangent = normalize((matWorldIT * vec4(In.tangent.xyz, 0.0)).xyz);\n    v_bitangent = cross(v_normal, v_tangent) * In.tangent.w;\n  #endif\n  v_uv = a_texCoord * tilingOffset.xy + tilingOffset.zw;\n  v_uv1 = a_texCoord1 * tilingOffset.xy + tilingOffset.zw;\n  #if USE_VERTEX_COLOR\n    v_color = a_color;\n  #endif\n  return cc_matProj * (cc_matView * matWorld) * In.position;\n}\nvoid main() { gl_Position = vert(); }",
        "frag": "\n  #ifdef GL_EXT_shader_texture_lod\n    #extension GL_EXT_shader_texture_lod : enable\n  #endif\nprecision highp float;\nuniform mediump vec4 cc_cameraPos;\nuniform mediump vec4 cc_exposure;\nuniform mediump vec4 cc_mainLitDir;\nuniform mediump vec4 cc_mainLitColor;\nuniform mediump vec4 cc_ambientSky;\nuniform mediump vec4 cc_ambientGround;\n#if CC_USE_IBL\nuniform samplerCube cc_environment;\nvec3 unpackRGBE (vec4 rgbe) {\n  return rgbe.rgb * pow(2.0, rgbe.a * 255.0 - 128.0);\n}\nvec4 fragTextureLod (sampler2D texture, vec2 coord, float lod) {\n    #ifdef GL_EXT_shader_texture_lod\n      return texture2DLodEXT(texture, coord, lod);\n    #else\n      return texture2D(texture, coord, lod);\n    #endif\n}\nvec4 fragTextureLod (samplerCube texture, vec3 coord, float lod) {\n    #ifdef GL_EXT_shader_texture_lod\n      return textureCubeLodEXT(texture, coord, lod);\n    #else\n      return textureCube(texture, coord, lod);\n    #endif\n}\n#endif\nvec3 SRGBToLinear (vec3 gamma) {\n  return gamma * gamma;\n}\nuniform highp vec4 cc_sphereLitPos[2];\nuniform vec4 cc_sphereLitSizeRange[2];\nuniform vec4 cc_sphereLitColor[2];\nuniform highp vec4 cc_spotLitPos[2];\nuniform vec4 cc_spotLitSizeRangeAngle[2];\nuniform vec4 cc_spotLitDir[2];\nuniform vec4 cc_spotLitColor[2];\nfloat SmoothDistAtt (float distSqr, float invSqrAttRadius) {\n  float factor = distSqr * invSqrAttRadius;\n  float smoothFactor = clamp(1.0 - factor * factor, 0.0, 1.0);\n  return smoothFactor * smoothFactor;\n}\nfloat GetDistAtt (float distSqr, float invSqrAttRadius) {\n  float attenuation = 1.0 / max(distSqr, 0.01*0.01);\n  attenuation *= SmoothDistAtt(distSqr , invSqrAttRadius);\n  return attenuation;\n}\nfloat GetAngleAtt (vec3 L, vec3 litDir, float litAngleScale, float litAngleOffset) {\n  float cd = dot(litDir, L);\n  float attenuation = clamp(cd * litAngleScale + litAngleOffset, 0.0, 1.0);\n  return (attenuation * attenuation);\n}\nfloat GGXMobile (float roughness, float NoH, vec3 H, vec3 N) {\n  vec3 NxH = cross(N, H);\n  float OneMinusNoHSqr = dot(NxH, NxH);\n  float a = roughness * roughness;\n  float n = NoH * a;\n  float p = a / (OneMinusNoHSqr + n * n);\n  return p * p;\n}\nfloat CalcSpecular (float roughness, float NoH, vec3 H, vec3 N) {\n  return (roughness*0.25 + 0.25) * GGXMobile(roughness, NoH, H, N);\n}\nvec3 BRDFApprox (vec3 specular, float roughness, float NoV) {\n  const vec4 c0 = vec4(-1.0, -0.0275, -0.572, 0.022);\n  const vec4 c1 = vec4(1.0, 0.0425, 1.04, -0.04);\n  vec4 r = roughness * c0 + c1;\n  float a004 = min( r.x * r.x, exp2( -9.28 * NoV ) ) * r.x + r.y;\n  vec2 AB = vec2( -1.04, 1.04 ) * a004 + r.zw;\n  AB.y *= clamp(50.0 * specular.g, 0.0, 1.0);\n  return specular * AB.x + AB.y;\n}\nvec3 CalcDynamicLighting (vec3 worldPos, vec3 N, vec3 V, vec3 diffuse, vec3 specular, float roughness) {\n  vec3 lighting = vec3(0.0);\n  vec3 diffuseContrib = diffuse / 3.14159265359;\n  for (int i = 0; i < 2; i++) {\n    vec3 PLU = cc_sphereLitPos[i].xyz - worldPos;\n    vec3 PL = normalize(PLU);\n    vec3 PH = normalize(PL + V);\n    float PNL = max(dot(N, PL), 0.001);\n    float PNH = max(dot(N, PH), 0.0);\n    float distSqr = dot(PLU, PLU);\n    float litRadius = cc_sphereLitSizeRange[i].x;\n    float litRadiusSqr = litRadius * litRadius;\n    float illum = 3.14159265359 * (litRadiusSqr / max(litRadiusSqr , distSqr));\n    float attRadiusSqrInv = 1.0 / max(cc_sphereLitSizeRange[i].y, 0.01);\n    attRadiusSqrInv *= attRadiusSqrInv;\n    float att = GetDistAtt(distSqr, attRadiusSqrInv);\n    vec3 lspec = specular * CalcSpecular(roughness, PNH, PH, N);\n    lighting += PNL * cc_sphereLitColor[i].rgb * cc_sphereLitColor[i].w * illum * att * (diffuseContrib + lspec);\n  }\n  for (int i = 0; i < 2; i++) {\n    vec3 SLU = cc_spotLitPos[i].xyz - worldPos;\n    vec3 SL = normalize(SLU);\n    vec3 SH = normalize(SL + V);\n    float SNL = max(dot(N, SL), 0.001);\n    float SNH = max(dot(N, SH), 0.0);\n    float distSqr = dot(SLU, SLU);\n    float litRadius = cc_spotLitSizeRangeAngle[i].x;\n    float litRadiusSqr = litRadius * litRadius;\n    float illum = 3.14159265359 * (litRadiusSqr / max(litRadiusSqr , distSqr));\n    float attRadiusSqrInv = 1.0 / max(cc_spotLitSizeRangeAngle[i].y, 0.01);\n    attRadiusSqrInv *= attRadiusSqrInv;\n    float cosInner = max(dot(-cc_spotLitDir[i].xyz, SL), 0.01);\n    float cosOuter = cc_spotLitSizeRangeAngle[i].z;\n    float litAngleScale = 1.0 / max(0.001, cosInner - cosOuter);\n    float litAngleOffset = -cosOuter * litAngleScale;\n    float att = GetDistAtt(distSqr, attRadiusSqrInv);\n    att *= GetAngleAtt(SL, -cc_spotLitDir[i].xyz, litAngleScale, litAngleOffset);\n    vec3 lspec = specular * CalcSpecular(roughness, SNH, SH, N);\n    lighting += SNL * cc_spotLitColor[i].rgb * cc_spotLitColor[i].w * illum * att * (diffuseContrib + lspec);\n  }\n  return lighting;\n}\nstruct StandardSurface {\n  vec4 albedo;\n  vec3 position;\n  vec3 normal;\n  vec3 emissive;\n  float roughness;\n  float metallic;\n  float occlusion;\n};\nvec4 CCStandardShading (StandardSurface s) {\n  vec3 diffuse = s.albedo.rgb * (1.0 - s.metallic);\n  vec3 specular = mix(vec3(0.04), s.albedo.rgb, s.metallic);\n  vec3 N = normalize(s.normal);\n  vec3 V = normalize(cc_cameraPos.xyz - s.position);\n  vec3 L = normalize(-cc_mainLitDir.xyz);\n  vec3 H = normalize(L+V);\n  float NV = max(abs(dot(N, V)), 0.001);\n  float NL = max(dot(N, L), 0.001);\n  float NH = max(dot(N, H), 0.0);\n  specular = BRDFApprox(specular, s.roughness, NV);\n  vec3 diffuseContrib = diffuse / 3.14159265359;\n  vec3 specularContrib = specular * CalcSpecular(s.roughness, NH, H, N);\n  vec3 finalColor = NL * cc_mainLitColor.rgb * cc_mainLitColor.w * (diffuseContrib + specularContrib);\n  finalColor += CalcDynamicLighting(s.position, N, V, diffuse, specular, s.roughness);\n  float fAmb = 0.5 - N.y * 0.5;\n  vec3 ambDiff = mix(cc_ambientSky.rgb, cc_ambientGround.rgb, fAmb) * cc_ambientSky.w;\n  finalColor += (ambDiff.rgb * diffuse);\n  #if CC_USE_IBL\n    vec3 R = normalize(reflect(-V, N));\n    vec4 envmap = fragTextureLod(cc_environment, R, s.roughness * cc_ambientGround.w);\n    #if CC_USE_IBL == 2\n      vec3 env = unpackRGBE(envmap);\n    #else\n      vec3 env = SRGBToLinear(envmap.rgb) * cc_ambientSky.w;\n    #endif\n    finalColor += env * specular;\n  #endif\n  finalColor = finalColor * s.occlusion;\n  #if CC_USE_HDR\n    s.emissive *= cc_exposure.w;\n  #endif\n  finalColor += s.emissive;\n  return vec4(finalColor, s.albedo.a);\n}\nvec3 ACESToneMap (vec3 color) {\n  color = min(color, vec3(8.0));\n  const float A = 2.51;\n  const float B = 0.03;\n  const float C = 2.43;\n  const float D = 0.59;\n  const float E = 0.14;\n  return (color * (A * color + B)) / (color * (C * color + D) + E);\n}\nvec4 CCFragOutput (vec4 color) {\n  #if !CC_USE_HDR\n    color.rgb = sqrt(ACESToneMap(color.rgb));\n  #endif\n  return color;\n}\nuniform mediump vec4 albedo;\nuniform mediump vec4 albedoScaleAndCutoff;\nuniform mediump vec4 pbrParams;\nuniform mediump vec4 emissive;\nuniform mediump vec4 emissiveScaleParam;\nvarying vec3 v_position;\nvarying vec2 v_uv;\nvarying vec2 v_uv1;\nvarying vec3 v_normal;\n#if USE_VERTEX_COLOR\n  varying vec3 v_color;\n#endif\n#if USE_ALBEDO_MAP\n  uniform sampler2D albedoMap;\n#endif\n#if USE_NORMAL_MAP\n  varying vec3 v_tangent;\n  varying vec3 v_bitangent;\n  uniform sampler2D normalMap;\n#endif\n#if USE_PBR_MAP\n  uniform sampler2D pbrMap;\n#endif\n#if USE_METALLIC_ROUGHNESS_MAP\n  uniform sampler2D metallicRoughnessMap;\n#endif\n#if USE_OCCLUSION_MAP\n  uniform sampler2D occlusionMap;\n#endif\n#if USE_EMISSIVE_MAP\n  uniform sampler2D emissiveMap;\n#endif\n#if USE_ALPHA_TEST\n#endif\nvoid surf (out StandardSurface s) {\n  vec4 baseColor = albedo;\n  #if USE_VERTEX_COLOR\n    baseColor.rgb *= v_color;\n  #endif\n  #if USE_ALBEDO_MAP\n    vec4 texColor = texture2D(albedoMap, ALBEDO_UV);\n    texColor.rgb = SRGBToLinear(texColor.rgb);\n    baseColor *= texColor;\n  #endif\n  s.albedo = baseColor;\n  s.albedo.rgb *= albedoScaleAndCutoff.xyz;\n  #if USE_ALPHA_TEST\n    if (s.albedo.ALPHA_TEST_CHANNEL < albedoScaleAndCutoff.w) discard;\n  #endif\n  s.normal = v_normal;\n  #if USE_NORMAL_MAP\n    vec3 nmmp = texture2D(normalMap, NORMAL_UV).xyz - vec3(0.5);\n    s.normal =\n      (nmmp.x * pbrParams.w) * normalize(v_tangent) +\n      (nmmp.y * pbrParams.w) * normalize(v_bitangent) +\n      nmmp.z * normalize(s.normal);\n  #endif\n  s.position = v_position;\n  vec4 pbr = pbrParams;\n  #if USE_PBR_MAP\n    vec4 res = texture2D(pbrMap, PBR_UV);\n    pbr.x *= res.OCCLUSION_CHANNEL;\n    pbr.y *= res.ROUGHNESS_CHANNEL;\n    pbr.z *= res.METALLIC_CHANNEL;\n  #endif\n  #if USE_METALLIC_ROUGHNESS_MAP\n    vec4 metallicRoughness = texture2D(metallicRoughnessMap, METALLIC_ROUGHNESS_UV);\n    pbr.z *= metallicRoughness.METALLIC_CHANNEL;\n    pbr.y *= metallicRoughness.ROUGHNESS_CHANNEL;\n  #endif\n  #if USE_OCCLUSION_MAP\n    pbr.x *= texture2D(occlusionMap, OCCLUSION_UV).OCCLUSION_CHANNEL;\n  #endif\n  s.occlusion = clamp(pbr.x, 0.0, 0.96);\n  s.roughness = clamp(pbr.y, 0.04, 1.0);\n  s.metallic = pbr.z;\n  s.emissive = emissive.rgb * emissiveScaleParam.xyz;\n  #if USE_EMISSIVE_MAP\n    s.emissive *= SRGBToLinear(texture2D(emissiveMap, EMISSIVE_UV).rgb);\n  #endif\n}\nvec4 frag () {\n  StandardSurface s; surf(s);\n  vec4 color = CCStandardShading(s);\n  return CCFragOutput(color);\n}\nvoid main() { gl_FragColor = frag(); }"
      },
      "builtins": {
        "globals": {
          "blocks": [
            {
              "name": "CCGlobal",
              "defines": []
            }
          ],
          "samplers": [
            {
              "name": "cc_environment",
              "defines": [
                "CC_USE_IBL"
              ]
            }
          ]
        },
        "locals": {
          "blocks": [
            {
              "name": "CCLocalBatched",
              "defines": [
                "CC_USE_BATCHING"
              ]
            },
            {
              "name": "CCLocal",
              "defines": []
            },
            {
              "name": "CCSkinningTexture",
              "defines": [
                "CC_USE_SKINNING"
              ]
            },
            {
              "name": "CCSkinningAnimation",
              "defines": [
                "CC_USE_SKINNING"
              ]
            },
            {
              "name": "CCForwardLight",
              "defines": []
            }
          ],
          "samplers": [
            {
              "name": "cc_jointsTexture",
              "defines": [
                "CC_USE_SKINNING"
              ]
            }
          ]
        }
      },
      "defines": [
        {
          "name": "CC_USE_BATCHING",
          "type": "boolean",
          "defines": []
        },
        {
          "name": "CC_USE_SKINNING",
          "type": "number",
          "defines": [],
          "range": [
            0,
            2
          ]
        },
        {
          "name": "USE_VERTEX_COLOR",
          "type": "boolean",
          "defines": []
        },
        {
          "name": "USE_NORMAL_MAP",
          "type": "boolean",
          "defines": []
        },
        {
          "name": "CC_USE_IBL",
          "type": "number",
          "defines": [],
          "range": [
            0,
            2
          ]
        },
        {
          "name": "CC_USE_HDR",
          "type": "boolean",
          "defines": []
        },
        {
          "name": "USE_ALBEDO_MAP",
          "type": "boolean",
          "defines": []
        },
        {
          "name": "ALBEDO_UV",
          "type": "string",
          "defines": [
            "USE_ALBEDO_MAP"
          ],
          "options": [
            "v_uv",
            "v_uv1"
          ]
        },
        {
          "name": "NORMAL_UV",
          "type": "string",
          "defines": [
            "USE_NORMAL_MAP"
          ],
          "options": [
            "v_uv",
            "v_uv1"
          ]
        },
        {
          "name": "USE_PBR_MAP",
          "type": "boolean",
          "defines": []
        },
        {
          "name": "PBR_UV",
          "type": "string",
          "defines": [
            "USE_PBR_MAP"
          ],
          "options": [
            "v_uv",
            "v_uv1"
          ]
        },
        {
          "name": "USE_METALLIC_ROUGHNESS_MAP",
          "type": "boolean",
          "defines": []
        },
        {
          "name": "METALLIC_ROUGHNESS_UV",
          "type": "string",
          "defines": [
            "USE_METALLIC_ROUGHNESS_MAP"
          ],
          "options": [
            "v_uv",
            "v_uv1"
          ]
        },
        {
          "name": "USE_OCCLUSION_MAP",
          "type": "boolean",
          "defines": []
        },
        {
          "name": "OCCLUSION_UV",
          "type": "string",
          "defines": [
            "USE_OCCLUSION_MAP"
          ],
          "options": [
            "v_uv",
            "v_uv1"
          ]
        },
        {
          "name": "USE_EMISSIVE_MAP",
          "type": "boolean",
          "defines": []
        },
        {
          "name": "EMISSIVE_UV",
          "type": "string",
          "defines": [
            "USE_EMISSIVE_MAP"
          ],
          "options": [
            "v_uv",
            "v_uv1"
          ]
        },
        {
          "name": "OCCLUSION_CHANNEL",
          "type": "string",
          "defines": [],
          "options": [
            "r",
            "g",
            "b"
          ]
        },
        {
          "name": "ROUGHNESS_CHANNEL",
          "type": "string",
          "defines": [],
          "options": [
            "g",
            "b",
            "r"
          ]
        },
        {
          "name": "METALLIC_CHANNEL",
          "type": "string",
          "defines": [],
          "options": [
            "b",
            "r",
            "g"
          ]
        },
        {
          "name": "USE_ALPHA_TEST",
          "type": "boolean",
          "defines": []
        },
        {
          "name": "ALPHA_TEST_CHANNEL",
          "type": "string",
          "defines": [
            "USE_ALPHA_TEST"
          ],
          "options": [
            "a",
            "r"
          ]
        }
      ],
      "blocks": [
        {
          "name": "Constants",
          "members": [
            {
              "name": "tilingOffset",
              "type": 16,
              "count": 1
            },
            {
              "name": "albedo",
              "type": 16,
              "count": 1
            },
            {
              "name": "albedoScaleAndCutoff",
              "type": 16,
              "count": 1
            },
            {
              "name": "pbrParams",
              "type": 16,
              "count": 1
            },
            {
              "name": "emissive",
              "type": 16,
              "count": 1
            },
            {
              "name": "emissiveScaleParam",
              "type": 16,
              "count": 1
            }
          ],
          "defines": [],
          "binding": 0
        }
      ],
      "samplers": [
        {
          "name": "albedoMap",
          "type": 28,
          "count": 1,
          "defines": [
            "USE_ALBEDO_MAP"
          ],
          "binding": 30
        },
        {
          "name": "normalMap",
          "type": 28,
          "count": 1,
          "defines": [
            "USE_NORMAL_MAP"
          ],
          "binding": 31
        },
        {
          "name": "pbrMap",
          "type": 28,
          "count": 1,
          "defines": [
            "USE_PBR_MAP"
          ],
          "binding": 32
        },
        {
          "name": "metallicRoughnessMap",
          "type": 28,
          "count": 1,
          "defines": [
            "USE_METALLIC_ROUGHNESS_MAP"
          ],
          "binding": 33
        },
        {
          "name": "occlusionMap",
          "type": 28,
          "count": 1,
          "defines": [
            "USE_OCCLUSION_MAP"
          ],
          "binding": 34
        },
        {
          "name": "emissiveMap",
          "type": 28,
          "count": 1,
          "defines": [
            "USE_EMISSIVE_MAP"
          ],
          "binding": 35
        }
      ],
      "record": null,
      "name": "builtin-standard|standard-vs:vert|standard-fs:frag"
    }
  ],
  "combinations": []
}