[
  {
    "__type__": "cc.AnimationClip",
    "_name": "chicken_jump",
    "_objFlags": 0,
    "_native": "",
    "sample": 60,
    "speed": 0.5,
    "wrapMode": 1,
    "_curves": [
      {
        "modifiers": [
          {
            "__id__": 1
          },
          "position"
        ],
        "data": {
          "keys": 0,
          "values": [
            {
              "__type__": "cc.Vec3",
              "x": 0,
              "y": 0,
              "z": 0
            },
            {
              "__type__": "cc.Vec3",
              "x": 0,
              "y": 5,
              "z": 0
            },
            {
              "__type__": "cc.Vec3",
              "x": 0,
              "y": 0,
              "z": 0
            }
          ],
          "easingMethods": [
            null,
            null,
            null
          ]
        }
      },
      {
        "modifiers": [
          {
            "__id__": 2
          },
          "scale"
        ],
        "data": {
          "keys": 1,
          "values": [
            {
              "__type__": "cc.Vec3",
              "x": 1,
              "y": 1,
              "z": 1
            },
            {
              "__type__": "cc.Vec3",
              "x": 1,
              "y": 1,
              "z": 0.8
            },
            {
              "__type__": "cc.Vec3",
              "x": 1,
              "y": 1,
              "z": 1
            }
          ],
          "easingMethods": [
            null,
            null,
            null
          ]
        }
      }
    ],
    "events": [],
    "_duration": 0.16666666666666666,
    "_keys": [
      [
        0,
        0.08333333333333333,
        0.16666666666666666
      ],
      [
        0,
        0.08333333333333333,
        0.16666666666666666
      ]
    ],
    "_stepness": 0
  },
  {
    "__type__": "cc.HierachyModifier",
    "path": "RootNode (gltf orientation matrix)"
  },
  {
    "__type__": "cc.HierachyModifier",
    "path": "RootNode (gltf orientation matrix)/RootNode (model correction matrix)/Root/Cucco_wingspread/Cucco_wingspread_0"
  }
]