{"frameRate":24,"name":"rewardLight","version":"5.5","compatibleVersion":"5.5","armature":[{"type":"Armature","frameRate":24,"name":"root","bone":[{"name":"root"},{"name":"star1","parent":"root","transform":{"x":175.65,"y":-5.8}},{"name":"star2","parent":"root","transform":{"x":172.25,"y":9.65}},{"length":45,"name":"light0011","parent":"root","transform":{"x":2.3,"y":-57.75,"skX":-11.6031,"skY":-11.6031}},{"length":110,"name":"light05","parent":"root","transform":{"x":424.4,"y":-196,"skX":92.8147,"skY":92.8147}},{"name":"star11","parent":"root","transform":{"x":175.65,"y":-5.8}},{"name":"star111","parent":"root","transform":{"x":175.65,"y":-5.8}},{"length":49,"name":"01","parent":"root","transform":{"x":308.9088,"y":-1.0233,"skX":-178.3651,"skY":-178.3651}},{"length":49,"name":"011","parent":"root","transform":{"x":308.9088,"y":-1.0233,"skX":-178.3651,"skY":-178.3651}},{"length":110,"name":"light051","parent":"root","transform":{"x":424.4,"y":-196,"skX":92.8147,"skY":92.8147}},{"length":45,"name":"light00111","parent":"root","transform":{"x":2.3,"y":-57.75,"skX":-11.6031,"skY":-11.6031}}],"slot":[{"blendMode":"add","displayIndex":-1,"name":"011","parent":"011"},{"blendMode":"add","displayIndex":-1,"name":"01","parent":"01"},{"blendMode":"add","displayIndex":-1,"name":"light00111","parent":"light00111"},{"blendMode":"add","displayIndex":-1,"name":"light0011","parent":"light0011"},{"blendMode":"add","displayIndex":-1,"name":"light051","parent":"light051"},{"blendMode":"add","displayIndex":-1,"name":"light05","parent":"light05"},{"displayIndex":-1,"name":"star1","parent":"star1"},{"displayIndex":-1,"name":"star2","parent":"star2"},{"displayIndex":-1,"name":"star11","parent":"star11"},{"displayIndex":-1,"name":"star111","parent":"star111"}],"skin":[{"slot":[{"name":"light051","display":[{"name":"light05","transform":{"x":25.85,"y":-10.74,"skX":-92.81,"skY":-92.81,"scX":6.412,"scY":6.412}}]},{"name":"star1","display":[{"name":"star1","transform":{"x":-0.07,"y":-0.51},"path":"star2"}]},{"name":"star111","display":[{"name":"star1","transform":{"x":-0.07,"y":-0.51},"path":"star2"}]},{"name":"star11","display":[{"name":"star1","transform":{"x":-0.07,"y":-0.51},"path":"star2"}]},{"name":"011","display":[{"name":"01","transform":{"x":0.34,"y":-0.09,"skX":178.37,"skY":178.37}}]},{"name":"star2","display":[{"name":"star2","transform":{"x":0.4,"y":2.87}}]},{"name":"light0011","display":[{"name":"light0011","transform":{"x":0.81,"y":3.94,"skX":11.6,"skY":11.6,"scX":3.965,"scY":3.965}}]},{"name":"01","display":[{"name":"01","transform":{"x":0.34,"y":-0.09,"skX":178.37,"skY":178.37}}]},{"name":"light00111","display":[{"name":"light0011","transform":{"x":0.81,"y":3.94,"skX":11.6,"skY":11.6,"scX":3.965,"scY":3.965}}]},{"name":"light05","display":[{"name":"light05","transform":{"x":25.85,"y":-10.74,"skX":-92.81,"skY":-92.81,"scX":6.412,"scY":6.412}}]}]}],"animation":[{"duration":34,"playTimes":0,"name":"idle","bone":[{"name":"star1","translateFrame":[{"duration":4,"tweenEasing":0,"x":1.01,"y":-41.75},{"duration":4,"tweenEasing":0,"x":20.22,"y":-48.15},{"duration":16,"tweenEasing":0,"x":-54.32,"y":-151.63},{"tweenEasing":0,"x":-1.83,"y":-191.4},{"duration":8,"tweenEasing":0,"x":-42.21,"y":-27.34},{"x":-3.79,"y":-40.15}],"rotateFrame":[{"duration":4,"tweenEasing":0,"rotate":90.63},{"duration":4,"tweenEasing":0,"rotate":92.84},{"duration":16,"tweenEasing":0,"rotate":30.08},{"tweenEasing":0,"rotate":66.55},{"duration":8,"tweenEasing":0,"rotate":85.66},{"rotate":90.08}],"scaleFrame":[{"duration":4,"tweenEasing":0,"x":0.74,"y":0.74},{"duration":4,"tweenEasing":0,"x":0.37,"y":0.37},{"duration":16,"tweenEasing":0,"x":1.55,"y":1.55},{"tweenEasing":0,"x":0.37,"y":0.37},{"duration":8,"tweenEasing":0,"x":1.55,"y":1.55},{"x":0.83,"y":0.83}]},{"name":"star2","translateFrame":[{"duration":14,"tweenEasing":0,"x":-276.47,"y":-113.89},{"duration":2,"tweenEasing":0,"x":-314.64,"y":-167.98},{"duration":16,"tweenEasing":0,"x":-289.19,"y":-94.81},{"duration":2,"x":-361.09,"y":-125.35}],"rotateFrame":[{"duration":14,"tweenEasing":0,"rotate":-41.09},{"duration":2,"tweenEasing":0,"rotate":-60.14},{"duration":16,"tweenEasing":0,"rotate":-97.71},{"duration":2,"rotate":-66.97}],"scaleFrame":[{"duration":14,"tweenEasing":0,"x":1.48,"y":1.48},{"duration":2,"tweenEasing":0,"x":0.15,"y":0.15},{"duration":16,"tweenEasing":0,"x":1.48,"y":1.48},{"duration":2,"x":0.5,"y":0.5}]},{"name":"light0011","translateFrame":[{"duration":34,"x":15.16,"y":17.18}],"scaleFrame":[{"duration":26,"curve":[0,0,0.5,1],"x":1.61,"y":1.61},{"duration":8,"x":2.47,"y":2.47}]},{"name":"light05","translateFrame":[{"duration":34,"x":-405.28,"y":153.71}],"rotateFrame":[{"duration":34,"tweenEasing":0,"rotate":-2.81},{"duration":0,"rotate":27.19}],"scaleFrame":[{"duration":34,"x":0.73,"y":0.73}]},{"name":"star11","translateFrame":[{"duration":5,"tweenEasing":0,"x":-94.04,"y":10.94},{"duration":14,"tweenEasing":0,"x":-81.76,"y":34.87},{"duration":15,"x":-47.38,"y":101.88}],"rotateFrame":[{"duration":5,"tweenEasing":0,"rotate":-55.73},{"duration":14,"tweenEasing":0,"rotate":-43.64},{"duration":15,"rotate":-9.79}],"scaleFrame":[{"duration":5,"tweenEasing":0,"x":1.17,"y":1.17},{"duration":14,"tweenEasing":0,"x":1.14,"y":1.14},{"duration":15,"x":0.29,"y":0.29}]},{"name":"star111","translateFrame":[{"duration":18,"tweenEasing":0,"x":-215.33,"y":38.39},{"duration":16,"x":-275.08,"y":130.74}],"rotateFrame":[{"duration":18,"tweenEasing":0,"rotate":7.59},{"duration":16,"rotate":-29.04}],"scaleFrame":[{"duration":18,"tweenEasing":0,"x":0.85,"y":0.85},{"duration":16,"x":0.34,"y":0.34}]},{"name":"01","translateFrame":[{"duration":34,"x":-288.15,"y":-36.96}],"rotateFrame":[{"duration":34,"tweenEasing":0,"rotate":133.37},{"duration":0,"rotate":43.37}],"scaleFrame":[{"duration":34,"x":2.95,"y":2.95}]},{"name":"011","translateFrame":[{"duration":34,"x":-288.15,"y":-36.96}],"rotateFrame":[{"duration":34,"tweenEasing":0,"rotate":133.37},{"duration":0,"rotate":-136.63}],"scaleFrame":[{"duration":34,"x":2.95,"y":2.95}]},{"name":"light051","translateFrame":[{"duration":34,"x":-405.28,"y":153.71}],"rotateFrame":[{"duration":15,"tweenEasing":0,"rotate":64.18},{"tweenEasing":0,"rotate":77.42},{"duration":18,"tweenEasing":0,"rotate":47.42},{"duration":0,"rotate":63.3}],"scaleFrame":[{"duration":34,"x":0.73,"y":0.73}]},{"name":"light00111","translateFrame":[{"duration":34,"x":15.16,"y":17.18}],"scaleFrame":[{"duration":8,"tweenEasing":0,"x":2.37,"y":2.37},{"duration":9,"x":2.47,"y":2.47},{"duration":17,"curve":[0,0,0.5,1],"x":1.61,"y":1.61},{"duration":0,"x":2.35,"y":2.35}]}],"slot":[{"name":"star1","displayFrame":[{"duration":4},{"duration":4,"value":-1},{"duration":16},{"value":-1},{"duration":9}]},{"name":"star2","displayFrame":[{"duration":14},{"duration":2,"value":-1},{"duration":16},{"duration":2,"value":-1}]},{"name":"light0011","displayFrame":[{"duration":26},{"duration":8,"value":-1}],"colorFrame":[{"duration":8,"tweenEasing":0,"value":{"aM":0}},{"duration":18,"tweenEasing":0,"value":{"aM":31}},{"duration":8,"value":{"aM":0}}]},{"name":"light05","displayFrame":[{"duration":34}],"colorFrame":[{"duration":9,"tweenEasing":0,"value":{"aM":0}},{"duration":15,"tweenEasing":0,"value":{"aM":70}},{"duration":10,"tweenEasing":0,"value":{"aM":83}},{"duration":0,"value":{"aM":0}}]},{"name":"star11","displayFrame":[{"duration":19},{"duration":15,"value":-1}],"colorFrame":[{"duration":5,"tweenEasing":0,"value":{"aM":0}},{"duration":29}]},{"name":"star111","displayFrame":[{"duration":18},{"duration":16,"value":-1}],"colorFrame":[{"duration":6,"tweenEasing":0,"value":{"aM":0}},{"duration":28}]},{"name":"01","displayFrame":[{"duration":34}],"colorFrame":[{"duration":34,"value":{"aM":30}}]},{"name":"011","displayFrame":[{"duration":34}],"colorFrame":[{"duration":34,"value":{"aM":30}}]},{"name":"light051","displayFrame":[{"duration":15},{"value":-1},{"duration":18}],"colorFrame":[{"duration":5,"tweenEasing":0,"value":{"aM":65}},{"duration":10,"tweenEasing":0,"value":{"aM":65}},{"tweenEasing":0,"value":{"aM":0}},{"duration":9,"tweenEasing":0,"value":{"aM":0}},{"duration":9,"value":{"aM":65}}]},{"name":"light00111","displayFrame":[{"duration":34}],"colorFrame":[{"duration":8,"tweenEasing":0,"value":{"aM":25}},{"duration":9,"value":{"aM":0}},{"duration":8,"tweenEasing":0,"value":{"aM":0}},{"duration":9,"value":{"aM":31}}]}]}],"defaultActions":[{"gotoAndPlay":"idle"}]}]}