{"skeleton":{"hash":"oExpTTyj4X/s/Z8zvl9DG7xeqQ8","spine":"2.1.27","width":762,"height":630.23,"images":"./images/"},"bones":[{"name":"root"},{"name":"1","parent":"root","y":-33.23},{"name":"2","parent":"root","x":-300},{"name":"3","parent":"root","x":300},{"name":"4","parent":"root","x":-150,"y":130},{"name":"5","parent":"root","x":150,"y":130}],"slots":[{"name":"root","bone":"root","color":"242424ff"},{"name":"bo_1","bone":"1","attachment":"bo_1"},{"name":"bo_3","bone":"2","attachment":"bo_1"},{"name":"bo_5","bone":"3","attachment":"bo_1"},{"name":"bo_7","bone":"4","attachment":"bo_1"},{"name":"bo_9","bone":"5","attachment":"bo_1"}],"skins":{"default":{"bo_1":{"bo_1":{"x":6.54,"y":120.66,"width":162,"height":467},"bo_2":{"x":6.04,"y":113.16,"width":151,"height":478}},"bo_3":{"bo_1":{"x":6.54,"y":120.66,"width":162,"height":467},"bo_2":{"x":6.54,"y":120.66,"width":151,"height":478}},"bo_5":{"bo_1":{"x":6.54,"y":120.66,"width":162,"height":467},"bo_2":{"x":6.04,"y":113.16,"width":151,"height":478}},"bo_7":{"bo_1":{"x":6.54,"y":120.66,"width":162,"height":467},"bo_2":{"x":6.04,"y":113.16,"width":151,"height":478}},"bo_9":{"bo_1":{"x":6.54,"y":120.66,"width":162,"height":467},"bo_2":{"x":6.04,"y":113.16,"width":151,"height":478}}}},"animations":{"daodan":{"slots":{"bo_1":{"attachment":[{"time":0,"name":"bo_1"},{"time":0.1333,"name":"bo_2"},{"time":0.2666,"name":"bo_2"}]},"bo_3":{"attachment":[{"time":0,"name":"bo_1"},{"time":0.1333,"name":"bo_2"},{"time":0.2666,"name":"bo_2"}]},"bo_5":{"attachment":[{"time":0,"name":"bo_1"},{"time":0.1333,"name":"bo_2"},{"time":0.2666,"name":"bo_2"}]},"bo_7":{"attachment":[{"time":0,"name":"bo_1"},{"time":0.1333,"name":"bo_2"},{"time":0.2666,"name":"bo_2"}]},"bo_9":{"attachment":[{"time":0,"name":"bo_1"},{"time":0.1333,"name":"bo_2"},{"time":0.2666,"name":"bo_2"}]}},"bones":{"4":{"translate":[{"time":0,"x":0,"y":-66.24}],"scale":[{"time":0,"x":0.5,"y":0.5}]},"5":{"translate":[{"time":0,"x":0,"y":-66.24}],"scale":[{"time":0,"x":0.5,"y":0.5}]},"2":{"translate":[{"time":0,"x":0,"y":0}],"scale":[{"time":0,"x":0.7,"y":0.7}]},"3":{"translate":[{"time":0,"x":0,"y":0}],"scale":[{"time":0,"x":0.7,"y":0.7}]},"1":{"translate":[{"time":0,"x":0,"y":0}]}}}}}