{"skeleton":{"hash":"66XbP7CMz58lZdhgi2OPrwbPALg","spine":"2.1.27","width":221,"height":552.91,"images":"./images/"},"bones":[{"name":"root"},{"name":"baozha","parent":"root"},{"name":"baozha2","parent":"root"},{"name":"baozha3","parent":"root"},{"name":"baozha4","parent":"root"},{"name":"baozha5","parent":"root"},{"name":"daodan","parent":"root"},{"name":"daodan2","parent":"root"},{"name":"daodan3","parent":"root"},{"name":"daodan4","parent":"root"},{"name":"daodan5","parent":"root"}],"slots":[{"name":"di","bone":"root"},{"name":"baozha1","bone":"baozha","attachment":"baozha1"},{"name":"baozha2","bone":"baozha2","attachment":"baozha1"},{"name":"baozha3","bone":"baozha3","attachment":"baozha1"},{"name":"baozha4","bone":"baozha4","attachment":"baozha1"},{"name":"baozha5","bone":"baozha5","attachment":"baozha1"},{"name":"daodan","bone":"daodan","attachment":"bo_1"},{"name":"daodan2","bone":"daodan2","attachment":"bo_1"},{"name":"daodan3","bone":"daodan3","attachment":"bo_1"},{"name":"daodan4","bone":"daodan4","attachment":"bo_1"},{"name":"daodan5","bone":"daodan5","attachment":"bo_1"}],"skins":{"default":{"baozha1":{"baozha1":{"x":-8.07,"y":-5.3,"width":221,"height":195},"baozha2":{"x":-8.57,"y":13.69,"width":206,"height":213},"baozha3":{"x":-8.07,"y":23.69,"width":217,"height":217},"baozha4":{"x":-6.07,"y":28.19,"width":237,"height":242},"baozha5":{"x":1.42,"y":38.19,"width":248,"height":220},"baozha6":{"x":3.92,"y":40.19,"width":257,"height":224},"baozha7":{"x":4.92,"y":39.69,"width":221,"height":217}},"baozha2":{"baozha1":{"x":-8.07,"y":-5.3,"width":221,"height":195},"baozha2":{"x":-8.57,"y":13.69,"width":206,"height":213},"baozha3":{"x":-8.07,"y":23.69,"width":217,"height":217},"baozha4":{"x":-6.07,"y":28.19,"width":237,"height":242},"baozha5":{"x":1.42,"y":38.19,"width":248,"height":220},"baozha6":{"x":3.92,"y":40.19,"width":257,"height":224},"baozha7":{"x":4.92,"y":39.69,"width":221,"height":217}},"baozha3":{"baozha1":{"x":-8.07,"y":-5.3,"width":221,"height":195},"baozha2":{"x":-8.57,"y":13.69,"width":206,"height":213},"baozha3":{"x":-8.07,"y":23.69,"width":217,"height":217},"baozha4":{"x":-6.07,"y":28.19,"width":237,"height":242},"baozha5":{"x":1.42,"y":38.19,"width":248,"height":220},"baozha6":{"x":3.92,"y":40.19,"width":257,"height":224},"baozha7":{"x":4.92,"y":39.69,"width":221,"height":217}},"baozha4":{"baozha1":{"x":-8.07,"y":-5.3,"width":221,"height":195},"baozha2":{"x":-8.57,"y":13.69,"width":206,"height":213},"baozha3":{"x":-8.07,"y":23.69,"width":217,"height":217},"baozha4":{"x":-6.07,"y":28.19,"width":237,"height":242},"baozha5":{"x":1.42,"y":38.19,"width":248,"height":220},"baozha6":{"x":3.92,"y":40.19,"width":257,"height":224},"baozha7":{"x":4.92,"y":39.69,"width":221,"height":217}},"baozha5":{"baozha1":{"x":-8.07,"y":-5.3,"width":221,"height":195},"baozha2":{"x":-8.57,"y":13.69,"width":206,"height":213},"baozha3":{"x":-8.07,"y":23.69,"width":217,"height":217},"baozha4":{"x":-6.07,"y":28.19,"width":237,"height":242},"baozha5":{"x":1.42,"y":38.19,"width":248,"height":220},"baozha6":{"x":3.92,"y":40.19,"width":257,"height":224},"baozha7":{"x":4.92,"y":39.69,"width":221,"height":217}},"daodan":{"bo_1":{"x":5.96,"y":208.6,"width":167,"height":483}},"daodan2":{"bo_1":{"x":5.96,"y":208.6,"width":167,"height":483}},"daodan3":{"bo_1":{"x":5.96,"y":208.6,"width":167,"height":483}},"daodan4":{"bo_1":{"x":5.96,"y":208.6,"width":167,"height":483}},"daodan5":{"bo_1":{"x":5.96,"y":208.6,"width":167,"height":483}}}},"animations":{"hongzha":{"slots":{"baozha1":{"attachment":[{"time":0,"name":null},{"time":0.2666,"name":"baozha1"},{"time":0.3333,"name":"baozha2"},{"time":0.4,"name":"baozha3"},{"time":0.4666,"name":"baozha4"},{"time":0.5333,"name":"baozha5"},{"time":0.6,"name":"baozha6"},{"time":0.6666,"name":"baozha7"},{"time":0.7333,"name":null}]},"baozha2":{"attachment":[{"time":0,"name":null},{"time":0.4,"name":"baozha1"},{"time":0.4666,"name":"baozha2"},{"time":0.5333,"name":"baozha3"},{"time":0.6,"name":"baozha4"},{"time":0.6666,"name":"baozha5"},{"time":0.7333,"name":"baozha6"},{"time":0.8,"name":"baozha7"},{"time":0.8666,"name":null}]},"baozha3":{"attachment":[{"time":0,"name":null},{"time":0.5333,"name":"baozha1"},{"time":0.6,"name":"baozha2"},{"time":0.6666,"name":"baozha3"},{"time":0.7333,"name":"baozha4"},{"time":0.8,"name":"baozha5"},{"time":0.8666,"name":"baozha6"},{"time":0.9333,"name":"baozha7"},{"time":1,"name":null}]},"baozha4":{"attachment":[{"time":0,"name":null},{"time":0.6666,"name":"baozha1"},{"time":0.7333,"name":"baozha2"},{"time":0.8,"name":"baozha3"},{"time":0.8666,"name":"baozha4"},{"time":0.9333,"name":"baozha5"},{"time":1,"name":"baozha6"},{"time":1.0666,"name":"baozha7"},{"time":1.1333,"name":null}]},"baozha5":{"attachment":[{"time":0,"name":null},{"time":0.8,"name":"baozha1"},{"time":0.8666,"name":"baozha2"},{"time":0.9333,"name":"baozha3"},{"time":1,"name":"baozha4"},{"time":1.0666,"name":"baozha5"},{"time":1.1333,"name":"baozha6"},{"time":1.2,"name":"baozha7"}]},"daodan":{"attachment":[{"time":0.2666,"name":null},{"time":0.8333,"name":null}]},"daodan2":{"attachment":[{"time":0,"name":null},{"time":0.1333,"name":"bo_1"},{"time":0.4,"name":null}]},"daodan3":{"attachment":[{"time":0,"name":null},{"time":0.2666,"name":"bo_1"},{"time":0.5333,"name":null}]},"daodan4":{"attachment":[{"time":0,"name":null},{"time":0.4,"name":"bo_1"},{"time":0.6666,"name":null}]},"daodan5":{"attachment":[{"time":0,"name":null},{"time":0.5333,"name":"bo_1"},{"time":0.8,"name":null}]}},"bones":{"daodan":{"translate":[{"time":0,"x":-345.3,"y":270.62,"curve":[0.25,0,1,0.69]},{"time":0.2666,"x":-338.8,"y":-81.97}],"scale":[{"time":0,"x":0.7,"y":0.7}]},"baozha":{"translate":[{"time":0,"x":-339.07,"y":-79}],"scale":[{"time":0,"x":1.5,"y":1.5}]},"baozha2":{"translate":[{"time":0,"x":-166.38,"y":81.11}],"scale":[{"time":0,"x":1,"y":1}]},"baozha3":{"translate":[{"time":0,"x":0,"y":-23.28}],"scale":[{"time":0,"x":1.8,"y":1.8}]},"baozha4":{"translate":[{"time":0,"x":166,"y":82.77}],"scale":[{"time":0,"x":1,"y":1}]},"baozha5":{"translate":[{"time":0,"x":346.43,"y":-77.71}],"scale":[{"time":0,"x":1.5,"y":1.5}]},"daodan2":{"translate":[{"time":0.1333,"x":-175.02,"y":284.27,"curve":[0.25,0,1,0.69]},{"time":0.4,"x":-175.02,"y":74.18}],"scale":[{"time":0,"x":0.5,"y":0.5}]},"daodan3":{"translate":[{"time":0.2666,"x":0,"y":277.16,"curve":[0.25,0,1,0.69]},{"time":0.5333,"x":0,"y":-28.66}],"scale":[{"time":0,"x":0.8,"y":0.8}]},"daodan4":{"translate":[{"time":0.4,"x":166,"y":274.45,"curve":[0.25,0,1,0.69]},{"time":0.6666,"x":166,"y":79.24}],"scale":[{"time":0,"x":0.5,"y":0.5}]},"daodan5":{"translate":[{"time":0.5333,"x":345.31,"y":270.4,"curve":[0.25,0,1,0.69]},{"time":0.8,"x":345.31,"y":-113.65}],"scale":[{"time":0,"x":0.7,"y":0.7}]}}},"onehongzha":{"slots":{"baozha1":{"attachment":[{"time":0,"name":null}]},"baozha2":{"attachment":[{"time":0,"name":null}]},"baozha3":{"attachment":[{"time":0,"name":"baozha1"},{"time":0.0666,"name":"baozha2"},{"time":0.1333,"name":"baozha3"},{"time":0.2,"name":"baozha4"},{"time":0.2666,"name":"baozha5"},{"time":0.3333,"name":"baozha6"},{"time":0.4,"name":"baozha7"},{"time":0.4666,"name":null}]},"baozha4":{"attachment":[{"time":0,"name":null}]},"baozha5":{"attachment":[{"time":0,"name":null}]},"daodan":{"attachment":[{"time":0,"name":null}]},"daodan2":{"attachment":[{"time":0,"name":null}]},"daodan3":{"attachment":[{"time":0,"name":null}]},"daodan4":{"attachment":[{"time":0,"name":null}]},"daodan5":{"attachment":[{"time":0,"name":null}]}},"bones":{"baozha3":{"translate":[{"time":0,"x":0,"y":-23.28}],"scale":[{"time":0,"x":1.8,"y":1.8}]},"baozha4":{"translate":[{"time":0,"x":166,"y":82.77}],"scale":[{"time":0,"x":1,"y":1}]},"baozha5":{"translate":[{"time":0,"x":346.43,"y":-77.71}],"scale":[{"time":0,"x":1.5,"y":1.5}]}}}}}