{"skeleton":{"hash":"U76/Dt7nvreHwJg2QButaEN1G20","spine":"2.1.08","width":228,"height":178,"images":"./教学切片/"},"bones":[{"name":"root"},{"name":"quan1","parent":"root"},{"name":"quan2","parent":"root"},{"name":"zhi","parent":"root","y":9.84}],"slots":[{"name":"quan","bone":"quan1","attachment":"quan","additive":true},{"name":"quan3","bone":"quan2","attachment":"quan","additive":true},{"name":"zhi1","bone":"zhi","attachment":"zhi2"}],"skins":{"default":{"quan":{"quan":{"width":130,"height":130}},"quan3":{"quan":{"width":130,"height":130}},"zhi1":{"zhi1":{"width":228,"height":178},"zhi2":{"width":228,"height":178}}}},"animations":{"jiaoxue":{"slots":{"quan":{"color":[{"time":0.1666,"color":"ffffffff"},{"time":0.6666,"color":"ffffff00"}]},"quan3":{"color":[{"time":0.3333,"color":"ffffffff"},{"time":1,"color":"ffffff00"}]},"zhi1":{"attachment":[{"time":0,"name":"zhi2"},{"time":0.6,"name":"zhi1"}],"color":[{"time":0,"color":"ffffffff"}]}},"bones":{"quan1":{"scale":[{"time":0,"x":0,"y":0},{"time":0.6666,"x":1,"y":1}]},"quan2":{"scale":[{"time":0,"x":0,"y":0,"curve":"stepped"},{"time":0.3333,"x":0,"y":0},{"time":1,"x":1,"y":1}]}}}}}