{"skeleton":{"hash":"LxjtRTBfIf6xvwRHTUMhM+fnS2E","spine":"2.1.27","width":471.99,"height":564.01,"images":"./images/"},"bones":[{"name":"root"},{"name":"shenzi","parent":"root","length":153.73,"x":-25.35,"y":-3.78,"rotation":88.19},{"name":"pao1","parent":"shenzi","x":202.64,"y":-63.87},{"name":"pao2","parent":"shenzi","x":195.56,"y":12.75},{"name":"tou","parent":"shenzi","x":129.59,"y":23.03},{"name":"weiba","parent":"shenzi","x":-7.63,"y":-67.42},{"name":"youshou","parent":"shenzi","length":133.07,"x":150.15,"y":-73.3,"rotation":-137.1},{"name":"youtui","parent":"shenzi","length":113.45,"x":-34.5,"y":-52.75,"rotation":-140.95},{"name":"zuoshou","parent":"shenzi","length":87.41,"x":110.55,"y":24.81,"rotation":146.83},{"name":"zuotui","parent":"shenzi","length":86.8,"x":-40.35,"y":34.01,"rotation":139.88},{"name":"youjiao","parent":"youtui","length":159.11,"x":100.79,"y":8.19,"rotation":-37.65},{"name":"youshouzhi","parent":"youshou","length":164.03,"x":130.25,"y":1.7,"rotation":-37.63},{"name":"zuojiao","parent":"zuotui","length":140.67,"x":77.84,"y":-13.54,"rotation":45},{"name":"zuoshouzhi","parent":"zuoshou","length":167.15,"x":78.19,"y":-2.12,"rotation":-2.25}],"slots":[{"name":"beipao1","bone":"pao1","attachment":"beipao1"},{"name":"beipao2","bone":"pao2","attachment":"beipao2"},{"name":"weiba","bone":"weiba","attachment":"weiba"},{"name":"zuo1shou","bone":"zuoshou","attachment":"zuo1shou"},{"name":"zuo2shou","bone":"zuoshouzhi","attachment":"zuo2shou"},{"name":"shenzi","bone":"shenzi","attachment":"shenzi"},{"name":"tou","bone":"tou","attachment":"tou"},{"name":"you1shou","bone":"youshou","attachment":"you1shou"},{"name":"jianjia","bone":"shenzi","attachment":"jianjia"},{"name":"zuotui1","bone":"zuotui","attachment":"zuotui1"},{"name":"zuotui2","bone":"zuojiao","attachment":"zuotui2"},{"name":"youtui1","bone":"youtui","attachment":"youtui1"},{"name":"youtui2","bone":"youjiao","attachment":"youtui2"},{"name":"youshou2","bone":"youshouzhi","attachment":"youshou2"}],"skins":{"default":{"beipao1":{"beipao1":{"x":23.04,"y":14.54,"rotation":-88.19,"width":84,"height":94}},"beipao2":{"beipao2":{"x":18.21,"y":19.81,"rotation":-88.19,"width":84,"height":94}},"jianjia":{"jianjia":{"x":122.57,"y":-94.61,"rotation":-88.19,"width":48,"height":45}},"shenzi":{"shenzi":{"x":44.33,"y":-25.05,"rotation":-88.19,"width":288,"height":369}},"tou":{"tou":{"x":-38.15,"y":28.43,"rotation":-88.19,"width":126,"height":166}},"weiba":{"weiba":{"x":51.16,"y":-90.22,"rotation":-88.19,"width":191,"height":213}},"you1shou":{"you1shou":{"x":73.38,"y":1.58,"rotation":48.9,"width":94,"height":83}},"youshou2":{"youshou2":{"x":86.42,"y":-6.41,"rotation":86.56,"width":152,"height":250}},"youtui1":{"youtui1":{"x":53.2,"y":-10.5,"rotation":52.76,"width":68,"height":100}},"youtui2":{"youtui2":{"x":56.54,"y":1.18,"rotation":90.41,"width":97,"height":250}},"zuo1shou":{"zuo1shou":{"x":51.76,"y":2.35,"rotation":124.97,"width":71,"height":105}},"zuo2shou":{"zuo2shou":{"x":102.91,"y":3.25,"rotation":127.22,"width":180,"height":205}},"zuotui1":{"zuotui1":{"x":40.41,"y":0.97,"rotation":131.91,"width":64,"height":70}},"zuotui2":{"zuotui2":{"x":54.59,"y":3.37,"rotation":86.91,"width":83,"height":197}}}},"events":{"pao1":{},"pao2":{}},"animations":{"daiji":{"bones":{"zuotui":{"rotate":[{"time":0,"angle":2.32,"curve":[0.25,0,0.75,1]},{"time":0.8333,"angle":0,"curve":[0.25,0,0.75,1]},{"time":1.6666,"angle":2.32}],"translate":[{"time":0,"x":0,"y":0,"curve":"stepped"},{"time":0.8333,"x":0,"y":0,"curve":"stepped"},{"time":1.6666,"x":0,"y":0}]},"zuojiao":{"rotate":[{"time":0,"angle":-4.41,"curve":[0.25,0,0.75,1]},{"time":0.8333,"angle":0,"curve":[0.25,0,0.75,1]},{"time":1.6666,"angle":-4.41}],"translate":[{"time":0,"x":0,"y":0,"curve":"stepped"},{"time":0.8333,"x":0,"y":0,"curve":"stepped"},{"time":1.6666,"x":0,"y":0}]},"zuoshouzhi":{"rotate":[{"time":0,"angle":0,"curve":[0.25,0,0.75,1]},{"time":0.8333,"angle":-4.08,"curve":[0.25,0,0.75,1]},{"time":1.6666,"angle":0}],"translate":[{"time":0,"x":0,"y":0,"curve":"stepped"},{"time":0.8333,"x":0,"y":0,"curve":"stepped"},{"time":1.6666,"x":0,"y":0}]},"zuoshou":{"rotate":[{"time":0,"angle":0,"curve":[0.25,0,0.75,1]},{"time":0.8333,"angle":-1.64,"curve":[0.25,0,0.75,1]},{"time":1.6666,"angle":0}],"translate":[{"time":0,"x":0,"y":0,"curve":"stepped"},{"time":0.8333,"x":0,"y":0,"curve":"stepped"},{"time":1.6666,"x":0,"y":0}]},"youtui":{"rotate":[{"time":0,"angle":-3.54,"curve":[0.25,0,0.75,1]},{"time":0.8333,"angle":-4.33,"curve":[0.25,0,0.75,1]},{"time":1.6666,"angle":-3.54}],"translate":[{"time":0,"x":0,"y":0,"curve":"stepped"},{"time":0.8333,"x":0,"y":0,"curve":"stepped"},{"time":1.6666,"x":0,"y":0}]},"youshou":{"rotate":[{"time":0,"angle":0,"curve":[0.25,0,0.75,1]},{"time":0.8333,"angle":2.67,"curve":[0.25,0,0.75,1]},{"time":1.6666,"angle":0}],"translate":[{"time":0,"x":0,"y":0,"curve":"stepped"},{"time":0.8333,"x":0,"y":0,"curve":"stepped"},{"time":1.6666,"x":0,"y":0}]},"weiba":{"rotate":[{"time":0,"angle":0,"curve":[0.25,0,0.75,1]},{"time":0.8333,"angle":5.63,"curve":[0.25,0,0.75,1]},{"time":1.6666,"angle":0}],"translate":[{"time":0,"x":0,"y":0,"curve":"stepped"},{"time":0.8333,"x":0,"y":0,"curve":"stepped"},{"time":1.6666,"x":0,"y":0}]},"tou":{"rotate":[{"time":0,"angle":0,"curve":[0.25,0,0.75,1]},{"time":0.8333,"angle":-3.15,"curve":[0.25,0,0.75,1]},{"time":1.6666,"angle":0}],"translate":[{"time":0,"x":0,"y":0,"curve":"stepped"},{"time":0.8333,"x":0,"y":0,"curve":"stepped"},{"time":1.6666,"x":0,"y":0}]},"pao2":{"rotate":[{"time":0,"angle":4.62},{"time":0.8333,"angle":2.59},{"time":1.6666,"angle":4.62}],"translate":[{"time":0,"x":0,"y":0,"curve":"stepped"},{"time":0.8333,"x":0,"y":0,"curve":"stepped"},{"time":1.6666,"x":0,"y":0}]},"pao1":{"rotate":[{"time":0,"angle":1.21},{"time":0.8333,"angle":-1.03},{"time":1.6666,"angle":1.21}],"translate":[{"time":0,"x":0,"y":0,"curve":"stepped"},{"time":0.8333,"x":0,"y":0,"curve":"stepped"},{"time":1.6666,"x":0,"y":0}]},"root":{"translate":[{"time":0,"x":0,"y":0,"curve":[0.25,0,0.75,1]},{"time":0.8333,"x":0,"y":-10,"curve":[0.25,0,0.75,1]},{"time":1.6666,"x":0,"y":0}]},"shenzi":{"translate":[{"time":0,"x":0,"y":0,"curve":"stepped"},{"time":0.8333,"x":0,"y":0,"curve":"stepped"},{"time":1.6666,"x":0,"y":0}]},"youjiao":{"rotate":[{"time":0,"angle":6.19,"curve":[0.25,0,0.75,1]},{"time":0.8333,"angle":9.89,"curve":[0.25,0,0.75,1]},{"time":1.6666,"angle":6.19}]},"youshouzhi":{"rotate":[{"time":0,"angle":0,"curve":[0.25,0,0.75,1]},{"time":0.8333,"angle":3.15,"curve":[0.25,0,0.75,1]},{"time":1.6666,"angle":0}],"translate":[{"time":0,"x":0,"y":0}]}}},"pao1":{"bones":{"zuotui":{"rotate":[{"time":0,"angle":2.32,"curve":[0.25,0,0.75,1]},{"time":0.8333,"angle":0,"curve":[0.25,0,0.75,1]},{"time":1.6666,"angle":2.32}],"translate":[{"time":0,"x":0,"y":0,"curve":"stepped"},{"time":0.8333,"x":0,"y":0,"curve":"stepped"},{"time":1.6666,"x":0,"y":0}]},"zuojiao":{"rotate":[{"time":0,"angle":-4.41,"curve":[0.25,0,0.75,1]},{"time":0.8333,"angle":0,"curve":[0.25,0,0.75,1]},{"time":1.6666,"angle":-4.41}],"translate":[{"time":0,"x":0,"y":0,"curve":"stepped"},{"time":0.8333,"x":0,"y":0,"curve":"stepped"},{"time":1.6666,"x":0,"y":0}]},"zuoshouzhi":{"rotate":[{"time":0,"angle":0,"curve":[0.25,0,0.75,1]},{"time":0.8333,"angle":-4.08,"curve":[0.25,0,0.75,1]},{"time":1.6666,"angle":0}],"translate":[{"time":0,"x":0,"y":0,"curve":"stepped"},{"time":0.8333,"x":0,"y":0,"curve":"stepped"},{"time":1.6666,"x":0,"y":0}]},"zuoshou":{"rotate":[{"time":0,"angle":0,"curve":[0.25,0,0.75,1]},{"time":0.8333,"angle":-1.64,"curve":[0.25,0,0.75,1]},{"time":1.6666,"angle":0}],"translate":[{"time":0,"x":0,"y":0,"curve":"stepped"},{"time":0.8333,"x":0,"y":0,"curve":"stepped"},{"time":1.6666,"x":0,"y":0}]},"youtui":{"rotate":[{"time":0,"angle":-3.54,"curve":[0.25,0,0.75,1]},{"time":0.8333,"angle":-4.33,"curve":[0.25,0,0.75,1]},{"time":1.6666,"angle":-3.54}],"translate":[{"time":0,"x":0,"y":0,"curve":"stepped"},{"time":0.8333,"x":0,"y":0,"curve":"stepped"},{"time":1.6666,"x":0,"y":0}]},"youshou":{"rotate":[{"time":0,"angle":0,"curve":[0.25,0,0.75,1]},{"time":0.8333,"angle":2.67,"curve":[0.25,0,0.75,1]},{"time":1.6666,"angle":0}],"translate":[{"time":0,"x":0,"y":0,"curve":"stepped"},{"time":0.8333,"x":0,"y":0,"curve":"stepped"},{"time":1.6666,"x":0,"y":0}]},"weiba":{"rotate":[{"time":0,"angle":0,"curve":[0.25,0,0.75,1]},{"time":0.8333,"angle":5.63,"curve":[0.25,0,0.75,1]},{"time":1.6666,"angle":0}],"translate":[{"time":0,"x":0,"y":0,"curve":"stepped"},{"time":0.8333,"x":0,"y":0,"curve":"stepped"},{"time":1.6666,"x":0,"y":0}]},"tou":{"rotate":[{"time":0,"angle":0,"curve":[0.25,0,0.75,1]},{"time":0.8333,"angle":-3.15,"curve":[0.25,0,0.75,1]},{"time":1.6666,"angle":0}],"translate":[{"time":0,"x":0,"y":0,"curve":"stepped"},{"time":0.8333,"x":0,"y":0,"curve":"stepped"},{"time":1.6666,"x":0,"y":0}]},"pao2":{"rotate":[{"time":0,"angle":4.62},{"time":0.8333,"angle":2.59},{"time":1.6666,"angle":4.62}],"translate":[{"time":0,"x":0,"y":0,"curve":"stepped"},{"time":0.8333,"x":0,"y":0,"curve":"stepped"},{"time":1.6666,"x":0,"y":0}]},"pao1":{"rotate":[{"time":0,"angle":1.21},{"time":0.8333,"angle":-1.03},{"time":1.6666,"angle":1.21}],"translate":[{"time":0,"x":0,"y":0,"curve":[0.38,0.12,0.958,0.58]},{"time":0.1,"x":-16.7,"y":-14.06,"curve":[0.348,0.39,0.756,1]},{"time":0.8333,"x":0,"y":0,"curve":"stepped"},{"time":1.6666,"x":0,"y":0}]},"root":{"translate":[{"time":0,"x":0,"y":0,"curve":[0.25,0,0.75,1]},{"time":0.8333,"x":0,"y":-10,"curve":[0.25,0,0.75,1]},{"time":1.6666,"x":0,"y":0}]},"shenzi":{"translate":[{"time":0,"x":0,"y":0,"curve":"stepped"},{"time":0.8333,"x":0,"y":0,"curve":"stepped"},{"time":1.6666,"x":0,"y":0}]},"youjiao":{"rotate":[{"time":0,"angle":6.19,"curve":[0.25,0,0.75,1]},{"time":0.8333,"angle":9.89,"curve":[0.25,0,0.75,1]},{"time":1.6666,"angle":6.19}]},"youshouzhi":{"rotate":[{"time":0,"angle":0,"curve":[0.25,0,0.75,1]},{"time":0.8333,"angle":3.15,"curve":[0.25,0,0.75,1]},{"time":1.6666,"angle":0}],"translate":[{"time":0,"x":0,"y":0}]}}},"pao2":{"bones":{"zuotui":{"rotate":[{"time":0,"angle":2.32,"curve":[0.25,0,0.75,1]},{"time":0.8333,"angle":0,"curve":[0.25,0,0.75,1]},{"time":1.6666,"angle":2.32}],"translate":[{"time":0,"x":0,"y":0,"curve":"stepped"},{"time":0.8333,"x":0,"y":0,"curve":"stepped"},{"time":1.6666,"x":0,"y":0}]},"zuojiao":{"rotate":[{"time":0,"angle":-4.41,"curve":[0.25,0,0.75,1]},{"time":0.8333,"angle":0,"curve":[0.25,0,0.75,1]},{"time":1.6666,"angle":-4.41}],"translate":[{"time":0,"x":0,"y":0,"curve":"stepped"},{"time":0.8333,"x":0,"y":0,"curve":"stepped"},{"time":1.6666,"x":0,"y":0}]},"zuoshouzhi":{"rotate":[{"time":0,"angle":0,"curve":[0.25,0,0.75,1]},{"time":0.8333,"angle":-4.08,"curve":[0.25,0,0.75,1]},{"time":1.6666,"angle":0}],"translate":[{"time":0,"x":0,"y":0,"curve":"stepped"},{"time":0.8333,"x":0,"y":0,"curve":"stepped"},{"time":1.6666,"x":0,"y":0}]},"zuoshou":{"rotate":[{"time":0,"angle":0,"curve":[0.25,0,0.75,1]},{"time":0.8333,"angle":-1.64,"curve":[0.25,0,0.75,1]},{"time":1.6666,"angle":0}],"translate":[{"time":0,"x":0,"y":0,"curve":"stepped"},{"time":0.8333,"x":0,"y":0,"curve":"stepped"},{"time":1.6666,"x":0,"y":0}]},"youtui":{"rotate":[{"time":0,"angle":-3.54,"curve":[0.25,0,0.75,1]},{"time":0.8333,"angle":-4.33,"curve":[0.25,0,0.75,1]},{"time":1.6666,"angle":-3.54}],"translate":[{"time":0,"x":0,"y":0,"curve":"stepped"},{"time":0.8333,"x":0,"y":0,"curve":"stepped"},{"time":1.6666,"x":0,"y":0}]},"youshou":{"rotate":[{"time":0,"angle":0,"curve":[0.25,0,0.75,1]},{"time":0.8333,"angle":2.67,"curve":[0.25,0,0.75,1]},{"time":1.6666,"angle":0}],"translate":[{"time":0,"x":0,"y":0,"curve":"stepped"},{"time":0.8333,"x":0,"y":0,"curve":"stepped"},{"time":1.6666,"x":0,"y":0}]},"weiba":{"rotate":[{"time":0,"angle":0,"curve":[0.25,0,0.75,1]},{"time":0.8333,"angle":5.63,"curve":[0.25,0,0.75,1]},{"time":1.6666,"angle":0}],"translate":[{"time":0,"x":0,"y":0,"curve":"stepped"},{"time":0.8333,"x":0,"y":0,"curve":"stepped"},{"time":1.6666,"x":0,"y":0}]},"tou":{"rotate":[{"time":0,"angle":0,"curve":[0.25,0,0.75,1]},{"time":0.8333,"angle":-3.15,"curve":[0.25,0,0.75,1]},{"time":1.6666,"angle":0}],"translate":[{"time":0,"x":0,"y":0,"curve":"stepped"},{"time":0.8333,"x":0,"y":0,"curve":"stepped"},{"time":1.6666,"x":0,"y":0}]},"pao2":{"rotate":[{"time":0,"angle":4.62},{"time":0.8333,"angle":2.59},{"time":1.6666,"angle":4.62}],"translate":[{"time":0,"x":0,"y":0,"curve":[0.423,0.04,0.97,0.56]},{"time":0.1,"x":-9.37,"y":-17.44,"curve":[0.33,0.32,0.757,1]},{"time":0.8333,"x":0,"y":0,"curve":"stepped"},{"time":1.6666,"x":0,"y":0}]},"pao1":{"rotate":[{"time":0,"angle":1.21},{"time":0.8333,"angle":-1.03},{"time":1.6666,"angle":1.21}],"translate":[{"time":0,"x":0,"y":0,"curve":"stepped"},{"time":0.8333,"x":0,"y":0,"curve":"stepped"},{"time":1.6666,"x":0,"y":0}]},"root":{"translate":[{"time":0,"x":0,"y":0,"curve":[0.25,0,0.75,1]},{"time":0.8333,"x":0,"y":-10,"curve":[0.25,0,0.75,1]},{"time":1.6666,"x":0,"y":0}]},"shenzi":{"translate":[{"time":0,"x":0,"y":0,"curve":"stepped"},{"time":0.8333,"x":0,"y":0,"curve":"stepped"},{"time":1.6666,"x":0,"y":0}]},"youjiao":{"rotate":[{"time":0,"angle":6.19,"curve":[0.25,0,0.75,1]},{"time":0.8333,"angle":9.89,"curve":[0.25,0,0.75,1]},{"time":1.6666,"angle":6.19}]},"youshouzhi":{"rotate":[{"time":0,"angle":0,"curve":[0.25,0,0.75,1]},{"time":0.8333,"angle":3.15,"curve":[0.25,0,0.75,1]},{"time":1.6666,"angle":0}],"translate":[{"time":0,"x":0,"y":0}]}}},"shoupao1":{"bones":{"zuotui":{"rotate":[{"time":0,"angle":2.32,"curve":[0.25,0,0.75,1]},{"time":0.8333,"angle":0,"curve":[0.25,0,0.75,1]},{"time":1.6666,"angle":2.32},{"time":2.5,"angle":0,"curve":[0.25,0,0.75,1]},{"time":3.3333,"angle":2.32}],"translate":[{"time":0,"x":0,"y":0,"curve":"stepped"},{"time":0.8333,"x":0,"y":0,"curve":"stepped"},{"time":1.6666,"x":0,"y":0,"curve":"stepped"},{"time":2.5,"x":0,"y":0,"curve":"stepped"},{"time":3.3333,"x":0,"y":0}]},"zuojiao":{"rotate":[{"time":0,"angle":-4.41,"curve":[0.25,0,0.75,1]},{"time":0.8333,"angle":0,"curve":[0.25,0,0.75,1]},{"time":1.6666,"angle":-4.41},{"time":2.5,"angle":0,"curve":[0.25,0,0.75,1]},{"time":3.3333,"angle":-4.41}],"translate":[{"time":0,"x":0,"y":0,"curve":"stepped"},{"time":0.8333,"x":0,"y":0,"curve":"stepped"},{"time":1.6666,"x":0,"y":0,"curve":"stepped"},{"time":2.5,"x":0,"y":0,"curve":"stepped"},{"time":3.3333,"x":0,"y":0}]},"zuoshouzhi":{"rotate":[{"time":0,"angle":0,"curve":[0.25,0,0.75,1]},{"time":0.8333,"angle":-4.08,"curve":[0.25,0,0.75,1]},{"time":1.6666,"angle":0},{"time":2.5,"angle":-4.08,"curve":[0.25,0,0.75,1]},{"time":3.3333,"angle":0}],"translate":[{"time":0,"x":0,"y":0,"curve":"stepped"},{"time":0.8333,"x":0,"y":0,"curve":"stepped"},{"time":1.6666,"x":0,"y":0,"curve":"stepped"},{"time":2.5,"x":0,"y":0,"curve":"stepped"},{"time":3.3333,"x":0,"y":0}]},"zuoshou":{"rotate":[{"time":0,"angle":0,"curve":[0.25,0,0.75,1]},{"time":0.8333,"angle":-1.64,"curve":[0.25,0,0.75,1]},{"time":1.6666,"angle":0},{"time":2.5,"angle":-1.64,"curve":[0.25,0,0.75,1]},{"time":3.3333,"angle":0}],"translate":[{"time":0,"x":0,"y":0,"curve":"stepped"},{"time":0.8333,"x":0,"y":0,"curve":"stepped"},{"time":1.6666,"x":0,"y":0,"curve":"stepped"},{"time":2.5,"x":0,"y":0,"curve":"stepped"},{"time":3.3333,"x":0,"y":0}]},"youtui":{"rotate":[{"time":0,"angle":-3.54,"curve":[0.25,0,0.75,1]},{"time":0.8333,"angle":-4.33,"curve":[0.25,0,0.75,1]},{"time":1.6666,"angle":-3.54},{"time":2.5,"angle":-4.33,"curve":[0.25,0,0.75,1]},{"time":3.3333,"angle":-3.54}],"translate":[{"time":0,"x":0,"y":0,"curve":"stepped"},{"time":0.8333,"x":0,"y":0,"curve":"stepped"},{"time":1.6666,"x":0,"y":0,"curve":"stepped"},{"time":2.5,"x":0,"y":0,"curve":"stepped"},{"time":3.3333,"x":0,"y":0}]},"youshou":{"rotate":[{"time":0,"angle":0,"curve":[0.251,0,0.623,0.49]},{"time":0.6666,"angle":310.44,"curve":"stepped"},{"time":2.2666,"angle":310.44,"curve":[0.373,0.48,0.751,1]},{"time":3.3333,"angle":0}],"translate":[{"time":0,"x":0,"y":0,"curve":[0.251,0,0.623,0.49]},{"time":0.6666,"x":-5.1,"y":-34.16,"curve":"stepped"},{"time":2.2666,"x":-5.1,"y":-34.16,"curve":[0.373,0.48,0.751,1]},{"time":3.3333,"x":0,"y":0}]},"weiba":{"rotate":[{"time":0,"angle":0,"curve":[0.25,0,0.75,1]},{"time":0.8333,"angle":5.63,"curve":[0.25,0,0.75,1]},{"time":1.6666,"angle":0},{"time":2.5,"angle":5.63,"curve":[0.25,0,0.75,1]},{"time":3.3333,"angle":0}],"translate":[{"time":0,"x":0,"y":0,"curve":"stepped"},{"time":0.8333,"x":0,"y":0,"curve":"stepped"},{"time":1.6666,"x":0,"y":0,"curve":"stepped"},{"time":2.5,"x":0,"y":0,"curve":"stepped"},{"time":3.3333,"x":0,"y":0}]},"tou":{"rotate":[{"time":0,"angle":0,"curve":[0.25,0,0.75,1]},{"time":0.8333,"angle":-3.15,"curve":[0.25,0,0.75,1]},{"time":1.6666,"angle":0},{"time":2.5,"angle":-3.15,"curve":[0.25,0,0.75,1]},{"time":3.3333,"angle":0}],"translate":[{"time":0,"x":0,"y":0,"curve":"stepped"},{"time":0.8333,"x":0,"y":0,"curve":"stepped"},{"time":1.6666,"x":0,"y":0,"curve":"stepped"},{"time":2.5,"x":0,"y":0,"curve":"stepped"},{"time":3.3333,"x":0,"y":0}]},"pao2":{"rotate":[{"time":0,"angle":4.62},{"time":0.8333,"angle":2.59},{"time":1.6666,"angle":4.62},{"time":2.5,"angle":2.59},{"time":3.3333,"angle":4.62}],"translate":[{"time":0,"x":0,"y":0,"curve":"stepped"},{"time":0.8333,"x":0,"y":0,"curve":"stepped"},{"time":1.6666,"x":0,"y":0,"curve":"stepped"},{"time":2.5,"x":0,"y":0,"curve":"stepped"},{"time":3.3333,"x":0,"y":0}]},"pao1":{"rotate":[{"time":0,"angle":1.21},{"time":0.8333,"angle":-1.03},{"time":1.6666,"angle":1.21},{"time":2.5,"angle":-1.03},{"time":3.3333,"angle":1.21}],"translate":[{"time":0,"x":0,"y":0,"curve":"stepped"},{"time":0.8333,"x":0,"y":0,"curve":"stepped"},{"time":1.6666,"x":0,"y":0,"curve":"stepped"},{"time":2.5,"x":0,"y":0,"curve":"stepped"},{"time":3.3333,"x":0,"y":0}]},"root":{"translate":[{"time":0,"x":0,"y":0,"curve":[0.25,0,0.75,1]},{"time":0.8333,"x":0,"y":-10,"curve":[0.25,0,0.75,1]},{"time":1.6666,"x":0,"y":0},{"time":2.5,"x":0,"y":-10,"curve":[0.25,0,0.75,1]},{"time":3.3333,"x":0,"y":0}]},"shenzi":{"translate":[{"time":0,"x":0,"y":0,"curve":"stepped"},{"time":0.8333,"x":0,"y":0,"curve":"stepped"},{"time":1.6666,"x":0,"y":0,"curve":"stepped"},{"time":2.5,"x":0,"y":0,"curve":"stepped"},{"time":3.3333,"x":0,"y":0}]},"youjiao":{"rotate":[{"time":0,"angle":6.19,"curve":[0.25,0,0.75,1]},{"time":0.8333,"angle":9.89,"curve":[0.25,0,0.75,1]},{"time":1.6666,"angle":6.19},{"time":2.5,"angle":9.89,"curve":[0.25,0,0.75,1]},{"time":3.3333,"angle":6.19}]},"youshouzhi":{"rotate":[{"time":0,"angle":0,"curve":[0.271,0,0.619,0.4]},{"time":0.6666,"angle":-38.96,"curve":"stepped"},{"time":2.2666,"angle":-38.96,"curve":[0.34,0.35,0.757,1]},{"time":3.3333,"angle":0}],"translate":[{"time":0,"x":0,"y":0}]}},"events":[{"time":0.6666,"name":"pao1","int":-15,"float":-100}]},"shoupao2":{"bones":{"zuotui":{"rotate":[{"time":0,"angle":2.32,"curve":[0.25,0,0.75,1]},{"time":0.8333,"angle":0,"curve":[0.25,0,0.75,1]},{"time":1.6666,"angle":2.32},{"time":2.5,"angle":0,"curve":[0.25,0,0.75,1]},{"time":3.3333,"angle":2.32}],"translate":[{"time":0,"x":0,"y":0,"curve":"stepped"},{"time":0.8333,"x":0,"y":0,"curve":"stepped"},{"time":1.6666,"x":0,"y":0,"curve":"stepped"},{"time":2.5,"x":0,"y":0,"curve":"stepped"},{"time":3.3333,"x":0,"y":0}]},"zuojiao":{"rotate":[{"time":0,"angle":-4.41,"curve":[0.25,0,0.75,1]},{"time":0.8333,"angle":0,"curve":[0.25,0,0.75,1]},{"time":1.6666,"angle":-4.41},{"time":2.5,"angle":0,"curve":[0.25,0,0.75,1]},{"time":3.3333,"angle":-4.41}],"translate":[{"time":0,"x":0,"y":0,"curve":"stepped"},{"time":0.8333,"x":0,"y":0,"curve":"stepped"},{"time":1.6666,"x":0,"y":0,"curve":"stepped"},{"time":2.5,"x":0,"y":0,"curve":"stepped"},{"time":3.3333,"x":0,"y":0}]},"zuoshouzhi":{"rotate":[{"time":0,"angle":0,"curve":[0.251,0,0.623,0.49]},{"time":0.6666,"angle":-30.45,"curve":"stepped"},{"time":2.2666,"angle":-30.45,"curve":[0.373,0.48,0.751,1]},{"time":3.3333,"angle":0}],"translate":[{"time":0,"x":0,"y":0,"curve":"stepped"},{"time":0.8333,"x":0,"y":0,"curve":"stepped"},{"time":1.6666,"x":0,"y":0,"curve":"stepped"},{"time":2.2666,"x":0,"y":0,"curve":"stepped"},{"time":3.3333,"x":0,"y":0}]},"zuoshou":{"rotate":[{"time":0,"angle":0,"curve":[0.251,0,0.623,0.49]},{"time":0.6666,"angle":-19.17,"curve":"stepped"},{"time":2.2666,"angle":-19.17,"curve":[0.373,0.48,0.751,1]},{"time":3.3333,"angle":0}],"translate":[{"time":0,"x":0,"y":0,"curve":"stepped"},{"time":0.8333,"x":0,"y":0,"curve":"stepped"},{"time":1.6666,"x":0,"y":0,"curve":"stepped"},{"time":2.2666,"x":0,"y":0,"curve":"stepped"},{"time":3.3333,"x":0,"y":0}]},"youtui":{"rotate":[{"time":0,"angle":-3.54,"curve":[0.25,0,0.75,1]},{"time":0.8333,"angle":-4.33,"curve":[0.25,0,0.75,1]},{"time":1.6666,"angle":-3.54},{"time":2.5,"angle":-4.33,"curve":[0.25,0,0.75,1]},{"time":3.3333,"angle":-3.54}],"translate":[{"time":0,"x":0,"y":0,"curve":"stepped"},{"time":0.8333,"x":0,"y":0,"curve":"stepped"},{"time":1.6666,"x":0,"y":0,"curve":"stepped"},{"time":2.5,"x":0,"y":0,"curve":"stepped"},{"time":3.3333,"x":0,"y":0}]},"youshou":{"rotate":[{"time":0,"angle":0,"curve":[0.25,0,0.75,1]},{"time":0.8333,"angle":2.67,"curve":[0.25,0,0.75,1]},{"time":1.6666,"angle":0},{"time":2.5,"angle":2.67,"curve":[0.25,0,0.75,1]},{"time":3.3333,"angle":0}],"translate":[{"time":0,"x":0,"y":0,"curve":"stepped"},{"time":0.8333,"x":0,"y":0,"curve":"stepped"},{"time":1.6666,"x":0,"y":0,"curve":"stepped"},{"time":2.5,"x":0,"y":0,"curve":"stepped"},{"time":3.3333,"x":0,"y":0}]},"weiba":{"rotate":[{"time":0,"angle":0,"curve":[0.25,0,0.75,1]},{"time":0.8333,"angle":5.63,"curve":[0.25,0,0.75,1]},{"time":1.6666,"angle":0},{"time":2.5,"angle":5.63,"curve":[0.25,0,0.75,1]},{"time":3.3333,"angle":0}],"translate":[{"time":0,"x":0,"y":0,"curve":"stepped"},{"time":0.8333,"x":0,"y":0,"curve":"stepped"},{"time":1.6666,"x":0,"y":0,"curve":"stepped"},{"time":2.5,"x":0,"y":0,"curve":"stepped"},{"time":3.3333,"x":0,"y":0}]},"tou":{"rotate":[{"time":0,"angle":0,"curve":[0.25,0,0.75,1]},{"time":0.8333,"angle":-3.15,"curve":[0.25,0,0.75,1]},{"time":1.6666,"angle":0},{"time":2.5,"angle":-3.15,"curve":[0.25,0,0.75,1]},{"time":3.3333,"angle":0}],"translate":[{"time":0,"x":0,"y":0,"curve":"stepped"},{"time":0.8333,"x":0,"y":0,"curve":"stepped"},{"time":1.6666,"x":0,"y":0,"curve":"stepped"},{"time":2.5,"x":0,"y":0,"curve":"stepped"},{"time":3.3333,"x":0,"y":0}]},"pao2":{"rotate":[{"time":0,"angle":4.62},{"time":0.8333,"angle":2.59},{"time":1.6666,"angle":4.62},{"time":2.5,"angle":2.59},{"time":3.3333,"angle":4.62}],"translate":[{"time":0,"x":0,"y":0,"curve":"stepped"},{"time":0.8333,"x":0,"y":0,"curve":"stepped"},{"time":1.6666,"x":0,"y":0,"curve":"stepped"},{"time":2.5,"x":0,"y":0,"curve":"stepped"},{"time":3.3333,"x":0,"y":0}]},"pao1":{"rotate":[{"time":0,"angle":1.21},{"time":0.8333,"angle":-1.03},{"time":1.6666,"angle":1.21},{"time":2.5,"angle":-1.03},{"time":3.3333,"angle":1.21}],"translate":[{"time":0,"x":0,"y":0,"curve":"stepped"},{"time":0.8333,"x":0,"y":0,"curve":"stepped"},{"time":1.6666,"x":0,"y":0,"curve":"stepped"},{"time":2.5,"x":0,"y":0,"curve":"stepped"},{"time":3.3333,"x":0,"y":0}]},"root":{"translate":[{"time":0,"x":0,"y":0,"curve":[0.25,0,0.75,1]},{"time":0.8333,"x":0,"y":-10,"curve":[0.25,0,0.75,1]},{"time":1.6666,"x":0,"y":0},{"time":2.5,"x":0,"y":-10,"curve":[0.25,0,0.75,1]},{"time":3.3333,"x":0,"y":0}]},"shenzi":{"translate":[{"time":0,"x":0,"y":0,"curve":"stepped"},{"time":0.8333,"x":0,"y":0,"curve":"stepped"},{"time":1.6666,"x":0,"y":0,"curve":"stepped"},{"time":2.5,"x":0,"y":0,"curve":"stepped"},{"time":3.3333,"x":0,"y":0}]},"youjiao":{"rotate":[{"time":0,"angle":6.19,"curve":[0.25,0,0.75,1]},{"time":0.8333,"angle":9.89,"curve":[0.25,0,0.75,1]},{"time":1.6666,"angle":6.19},{"time":2.5,"angle":9.89,"curve":[0.25,0,0.75,1]},{"time":3.3333,"angle":6.19}]},"youshouzhi":{"rotate":[{"time":0,"angle":0,"curve":[0.25,0,0.75,1]},{"time":0.8333,"angle":3.15,"curve":[0.25,0,0.75,1]},{"time":1.6666,"angle":0},{"time":2.5,"angle":3.15,"curve":[0.25,0,0.75,1]},{"time":3.3333,"angle":0}],"translate":[{"time":0,"x":0,"y":0}]}},"events":[{"time":0.6666,"name":"pao2","int":-290,"float":45}]}}}