{"skeleton":{"hash":"Ql33zs3WNmdNxDb5D+aaEsIp3rQ","spine":"2.1.27","width":217,"height":82,"images":"./images/"},"bones":[{"name":"root"},{"name":"bone","parent":"root","y":-38.45},{"name":"bone2","parent":"root","y":-38.45}],"slots":[{"name":"junhuoku2","bone":"bone2","attachment":"junhuoku"},{"name":"junhuoku","bone":"bone","attachment":"junhuoku2","blend":"additive"}],"skins":{"default":{"junhuoku":{"junhuoku2":{"path":"junhuoku","y":38.45,"width":217,"height":82}},"junhuoku2":{"junhuoku":{"y":38.45,"width":217,"height":82}}}},"animations":{"junhuoku":{"slots":{"junhuoku":{"attachment":[{"time":0,"name":null},{"time":0.6666,"name":"junhuoku2"}],"color":[{"time":0.6666,"color":"ffffffaa","curve":[0.25,0,0.75,1]},{"time":1.3333,"color":"ffffff00"}]},"junhuoku2":{"attachment":[{"time":0,"name":null}]}},"bones":{"bone":{"scale":[{"time":0.6666,"x":1,"y":1,"curve":[0.25,0,0.75,1]},{"time":1.3333,"x":1.5,"y":1.5}]}}}}}