{"skeleton":{"hash":"6nfiHLjZ30MWcbaCfGgTeTlhTWs","spine":"2.1.27","width":558,"height":524,"images":"./images/"},"bones":[{"name":"root"},{"name":"daiji","parent":"root"},{"name":"gongji","parent":"root","x":-14,"y":-8.25}],"slots":[{"name":"daiji7","bone":"daiji","attachment":"daiji1"},{"name":"gongji7","bone":"gongji","attachment":"gongji1"}],"skins":{"default":{"daiji7":{"daiji1":{"width":412,"height":476},"daiji2":{"width":412,"height":476},"daiji3":{"width":412,"height":476},"daiji4":{"width":412,"height":476},"daiji5":{"width":412,"height":476},"daiji6":{"width":412,"height":476}},"gongji7":{"gongji1":{"width":558,"height":524},"gongji2":{"width":558,"height":524},"gongji3":{"width":558,"height":524},"gongji4":{"width":558,"height":524},"gongji5":{"width":558,"height":524},"gongji6":{"width":558,"height":524}}}},"events":{"gongji":{}},"animations":{"daiji":{"slots":{"daiji7":{"attachment":[{"time":0,"name":"daiji1"},{"time":0.1,"name":"daiji2"},{"time":0.2,"name":"daiji3"},{"time":0.3,"name":"daiji4"},{"time":0.4,"name":"daiji5"},{"time":0.5,"name":"daiji6"},{"time":0.6,"name":"daiji1"},{"time":0.7,"name":"daiji2"},{"time":0.8,"name":"daiji3"},{"time":0.9,"name":"daiji4"},{"time":1,"name":"daiji5"},{"time":1.1,"name":"daiji6"},{"time":1.2,"name":"daiji1"},{"time":1.3,"name":"daiji2"},{"time":1.4,"name":"daiji3"},{"time":1.5,"name":"daiji4"},{"time":1.6,"name":"daiji5"},{"time":1.7,"name":"daiji6"},{"time":1.8,"name":"daiji1"},{"time":1.9,"name":"daiji2"},{"time":2,"name":"daiji3"},{"time":2.1,"name":"daiji4"},{"time":2.2,"name":"daiji5"},{"time":2.3,"name":"daiji6"},{"time":2.4,"name":"daiji1"}]},"gongji7":{"attachment":[{"time":0,"name":null}]}}},"gongji":{"slots":{"daiji7":{"attachment":[{"time":0,"name":null}]},"gongji7":{"attachment":[{"time":0,"name":"gongji1"},{"time":0.1,"name":"gongji2"},{"time":0.2,"name":"gongji3"},{"time":0.3,"name":"gongji4"},{"time":0.4,"name":"gongji5"},{"time":0.5,"name":"gongji6"},{"time":0.6,"name":"gongji1"}]}},"events":[{"time":0.3,"name":"gongji","int":-155,"float":-155}]},"gongji2":{"slots":{"daiji7":{"attachment":[{"time":0,"name":"daiji1"},{"time":0.1,"name":"daiji2"},{"time":0.2,"name":"daiji3"},{"time":0.3,"name":"daiji4"},{"time":0.4,"name":"daiji5"},{"time":0.5,"name":"daiji6"},{"time":0.6,"name":"daiji1"}]},"gongji7":{"attachment":[{"time":0,"name":null}]}}}}}