{"skeleton":{"hash":"t+77m3GcZTSeIuXLIFQnU22jI1Y","spine":"2.1.27","width":1090.94,"height":166,"images":"./images/"},"bones":[{"name":"root"},{"name":"jiqiren","parent":"root","x":-180.51,"y":1.31},{"name":"tiao","parent":"root"},{"name":"tiao2","parent":"root","x":459.94},{"name":"tiao3","parent":"root"},{"name":"tiao4","parent":"root","x":459.94},{"name":"zi","parent":"root","x":188.91,"y":11.58}],"slots":[{"name":"tiao4","bone":"tiao4","attachment":"tiao"},{"name":"tiao3","bone":"tiao3","attachment":"tiao"},{"name":"tiao2","bone":"tiao2","attachment":"tiao"},{"name":"tiao","bone":"tiao","attachment":"tiao"},{"name":"jiqiren","bone":"jiqiren","attachment":"jiqiren"},{"name":"zi","bone":"zi","attachment":"zi"}],"skins":{"default":{"jiqiren":{"jiqiren":{"x":104.81,"y":0.94,"width":649,"height":166}},"tiao":{"tiao":{"x":-0.19,"y":1.26,"width":462,"height":164}},"tiao2":{"tiao":{"x":-0.19,"y":1.26,"width":462,"height":164}},"tiao3":{"tiao":{"x":-0.19,"y":1.26,"width":462,"height":164}},"tiao4":{"tiao":{"x":-0.19,"y":1.26,"width":462,"height":164}},"zi":{"zi":{"x":3.38,"y":-0.32,"width":271,"height":76}}}},"animations":{"jiewei":{"bones":{"tiao2":{"translate":[{"time":0,"x":631.1,"y":0},{"time":0.3333,"x":-1093.65,"y":0}]},"tiao":{"translate":[{"time":0,"x":631.1,"y":0},{"time":0.3333,"x":-1093.65,"y":0}]},"tiao3":{"translate":[{"time":0,"x":-290.03,"y":0},{"time":0.3333,"x":-2014.79,"y":0}]},"tiao4":{"translate":[{"time":0,"x":-290.03,"y":0},{"time":0.3333,"x":-2014.79,"y":0}]},"jiqiren":{"translate":[{"time":0,"x":-2.05,"y":0},{"time":0.3333,"x":802.49,"y":0}]},"zi":{"translate":[{"time":0,"x":16.98,"y":0},{"time":0.3333,"x":-774.99,"y":0}]}}},"ruchang":{"slots":{"jiqiren":{"attachment":[{"time":0,"name":null}]},"tiao":{"attachment":[{"time":0,"name":"tiao"}]},"tiao2":{"attachment":[{"time":0,"name":"tiao"}]},"tiao3":{"attachment":[{"time":0,"name":null}]},"tiao4":{"attachment":[{"time":0,"name":null}]},"zi":{"attachment":[{"time":0,"name":null}]}},"bones":{"tiao2":{"translate":[{"time":0,"x":631.61,"y":0},{"time":0.3333,"x":-290.76,"y":0}]},"tiao":{"translate":[{"time":0,"x":631.61,"y":0},{"time":0.3333,"x":-290.76,"y":0}]},"tiao3":{"translate":[{"time":0,"x":1552.94,"y":0}]},"tiao4":{"translate":[{"time":0,"x":1552.94,"y":0}]},"jiqiren":{"translate":[{"time":0,"x":-672.26,"y":0}]},"zi":{"translate":[{"time":0,"x":360.41,"y":0}]}}},"zhongjian":{"slots":{"tiao3":{"attachment":[{"time":0,"name":"tiao"},{"time":0.7333,"name":"tiao"}]},"tiao4":{"attachment":[{"time":0,"name":"tiao"},{"time":0.7333,"name":"tiao"}]}},"bones":{"tiao2":{"translate":[{"time":0,"x":-290.58,"y":0},{"time":0.3333,"x":-1210.39,"y":0},{"time":0.3666,"x":-290.58,"y":0},{"time":0.7,"x":-1210.39,"y":0},{"time":0.7333,"x":-290.58,"y":0},{"time":1.0666,"x":-1210.39,"y":0}]},"tiao":{"translate":[{"time":0,"x":-290.58,"y":0},{"time":0.3333,"x":-1210.39,"y":0},{"time":0.3666,"x":-290.58,"y":0},{"time":0.7,"x":-1210.39,"y":0},{"time":0.7333,"x":-290.58,"y":0},{"time":1.0666,"x":-1210.39,"y":0}]},"tiao3":{"translate":[{"time":0,"x":630.74,"y":0},{"time":0.3333,"x":-290.03,"y":0},{"time":0.3666,"x":630.74,"y":0},{"time":0.7,"x":-290.03,"y":0},{"time":0.7333,"x":630.74,"y":0},{"time":1.0666,"x":-290.03,"y":0}]},"tiao4":{"translate":[{"time":0,"x":630.74,"y":0},{"time":0.3333,"x":-290.03,"y":0},{"time":0.3666,"x":630.74,"y":0},{"time":0.7,"x":-290.03,"y":0},{"time":0.7333,"x":630.74,"y":0},{"time":1.0666,"x":-290.03,"y":0}]},"jiqiren":{"translate":[{"time":0,"x":-672.26,"y":0},{"time":0.1,"x":-60.97,"y":0},{"time":1.0666,"x":-2.05,"y":0}]},"zi":{"translate":[{"time":0,"x":360.41,"y":0},{"time":0.2333,"x":35.85,"y":0},{"time":1.0666,"x":16.98,"y":0}]}}}}}