{"skeleton":{"spine":"1.9.17","hash":"NmumYOZ2/JFmZibrVOKMyxLF4zQ","width":1473.64,"height":172.6},"bones":[{"name":"root"},{"name":"bian","parent":"root","x":-400.25,"y":68.51},{"name":"bianx","parent":"root","x":400.16,"y":-68.75},{"name":"dian","parent":"root"},{"name":"heit","parent":"root"},{"name":"ht","parent":"root"},{"name":"ht2","parent":"root"},{"name":"wfg","parent":"root"},{"name":"wxjg1","parent":"root","x":-299,"y":-3},{"name":"wxjg2","parent":"root","y":-3},{"name":"wxjg3","parent":"root","x":299,"y":-3}],"slots":[{"name":"ht01","bone":"ht","attachment":"ht01"},{"name":"ht012","bone":"ht","attachment":"ht01"},{"name":"ht013","bone":"ht","attachment":"ht01"},{"name":"ht014","bone":"ht","attachment":"ht01"},{"name":"heit","bone":"heit","attachment":"heit"},{"name":"heit2","bone":"heit","attachment":"heit"},{"name":"heit3","bone":"heit","attachment":"heit"},{"name":"heit4","bone":"heit","attachment":"heit"},{"name":"heit5","bone":"heit","attachment":"heit"},{"name":"heit6","bone":"heit","attachment":"heit"},{"name":"heit7","bone":"heit","attachment":"heit"},{"name":"heit18","bone":"heit","attachment":"heit"},{"name":"heit8","bone":"heit","attachment":"heit"},{"name":"heit19","bone":"heit","attachment":"heit"},{"name":"heit9","bone":"heit","attachment":"heit"},{"name":"heit20","bone":"heit","attachment":"heit"},{"name":"heit10","bone":"heit","attachment":"heit"},{"name":"heit102","bone":"heit","attachment":"heit"},{"name":"heit11","bone":"heit","attachment":"heit"},{"name":"heit112","bone":"heit","attachment":"heit"},{"name":"bian","bone":"bian","attachment":"bian"},{"name":"bian2","bone":"bian","attachment":"bian"},{"name":"bian3","bone":"bian","attachment":"bian"},{"name":"bian4","bone":"bianx","attachment":"bian"},{"name":"bian5","bone":"bianx","attachment":"bian"},{"name":"bian6","bone":"bianx","attachment":"bian"},{"name":"wfg","bone":"wfg","attachment":"wfg"},{"name":"wfg2","bone":"wfg","attachment":"wfg"},{"name":"kulou","bone":"dian","attachment":"kulou"},{"name":"kulou2","bone":"dian","attachment":"kulou"},{"name":"dian","bone":"dian","attachment":"dian"},{"name":"dian2","bone":"dian","attachment":"dian"},{"name":"ht02","bone":"ht2","color":"ffffffc7","attachment":"ht02"},{"name":"ht022","bone":"ht2","color":"ffffffc7","attachment":"ht02"},{"name":"wz02","bone":"wxjg1","attachment":"wz02"},{"name":"wz022","bone":"wxjg2","attachment":"wz02"},{"name":"wz023","bone":"wxjg3","attachment":"wz02"}],"skins":{"default":{"bian":{"bian":{"x":450.25,"y":0.48,"width":474,"height":16}},"bian2":{"bian":{"x":900.25,"y":0.48,"width":474,"height":16}},"bian3":{"bian":{"x":0.25,"y":0.48,"width":474,"height":16}},"bian4":{"bian":{"x":0.19,"y":-0.24,"width":474,"height":16}},"bian5":{"bian":{"x":-449.8,"y":-0.24,"width":474,"height":16}},"bian6":{"bian":{"x":-899.8,"y":-0.24,"width":474,"height":16}},"dian":{"dian":{"x":150,"width":30,"height":30}},"dian2":{"dian":{"x":-150,"width":30,"height":30}},"heit":{"heit":{"x":-418,"width":153,"height":91}},"heit10":{"heit":{"x":333,"width":153,"height":91}},"heit102":{"heit":{"x":-584.59,"width":153,"height":91}},"heit11":{"heit":{"x":416,"width":153,"height":91}},"heit112":{"heit":{"x":-501.59,"width":153,"height":91}},"heit18":{"heit":{"x":-834.6,"width":153,"height":91}},"heit19":{"heit":{"x":-750.6,"width":153,"height":91}},"heit2":{"heit":{"x":-335,"width":153,"height":91}},"heit20":{"heit":{"x":-667.6,"width":153,"height":91}},"heit3":{"heit":{"x":-253,"width":153,"height":91}},"heit4":{"heit":{"x":-167,"width":153,"height":91}},"heit5":{"heit":{"x":-83,"width":153,"height":91}},"heit6":{"heit":{"width":153,"height":91}},"heit7":{"heit":{"x":83,"width":153,"height":91}},"heit8":{"heit":{"x":167,"width":153,"height":91}},"heit9":{"heit":{"x":250,"width":153,"height":91}},"ht01":{"ht01":{"x":-396.43,"width":263,"height":107}},"ht012":{"ht01":{"x":-133.43,"width":263,"height":107}},"ht013":{"ht01":{"x":128.56,"width":263,"height":107}},"ht014":{"ht01":{"x":390.56,"width":263,"height":107}},"ht02":{"ht02":{"x":-200,"width":400,"height":107}},"ht022":{"ht02":{"x":200,"scaleX":-1,"width":400,"height":107}},"kulou":{"kulou":{"x":-150,"width":100,"height":100}},"kulou2":{"kulou":{"x":150,"width":100,"height":100}},"wfg":{"wfg":{"y":64.8,"width":800,"height":43}},"wfg2":{"wfg":{"y":-64.8,"scaleX":-1,"scaleY":-1,"width":800,"height":43}},"wz02":{"wz02":{"width":162,"height":50}},"wz022":{"wz02":{"width":162,"height":50}},"wz023":{"wz02":{"width":162,"height":50}}}},"animations":{"wxjg":{"slots":{"dian":{"color":[{"time":0,"color":"ffffffff","curve":[0.158,0.26,0.752,0.98]},{"time":0.3333,"color":"ffffff00"},{"time":0.6666,"color":"ffffffff","curve":[0.158,0.26,0.752,0.98]},{"time":1,"color":"ffffff00"},{"time":1.3333,"color":"ffffffff"}]},"dian2":{"color":[{"time":0,"color":"ffffffff","curve":[0.158,0.26,0.752,0.98]},{"time":0.3333,"color":"ffffff00"},{"time":0.6666,"color":"ffffffff","curve":[0.158,0.26,0.752,0.98]},{"time":1,"color":"ffffff00"},{"time":1.3333,"color":"ffffffff"}]},"ht02":{"color":[{"time":0,"color":"ffffffc7","curve":[0.172,0.28,0.75,1]},{"time":0.3333,"color":"ffffff00"},{"time":0.6666,"color":"ffffffc7","curve":[0.172,0.28,0.75,1]},{"time":1,"color":"ffffff00"},{"time":1.3333,"color":"ffffffc7"}]},"ht022":{"color":[{"time":0,"color":"ffffffc7","curve":[0.172,0.28,0.75,1]},{"time":0.3333,"color":"ffffff00"},{"time":0.6666,"color":"ffffffc7","curve":[0.172,0.28,0.75,1]},{"time":1,"color":"ffffff00"},{"time":1.3333,"color":"ffffffc7"}]},"wfg":{"color":[{"time":0,"color":"ffffffff","curve":[0.158,0.26,0.752,0.98]},{"time":0.3333,"color":"ffffff64"},{"time":0.6666,"color":"ffffffff","curve":[0.158,0.26,0.752,0.98]},{"time":1,"color":"ffffff64"},{"time":1.3333,"color":"ffffffff"}]},"wfg2":{"color":[{"time":0,"color":"ffffffff","curve":[0.158,0.26,0.752,0.98]},{"time":0.3333,"color":"ffffff64"},{"time":0.6666,"color":"ffffffff","curve":[0.158,0.26,0.752,0.98]},{"time":1,"color":"ffffff64"},{"time":1.3333,"color":"ffffffff"}]}},"bones":{"heit":{"translate":[{"time":0,"x":0,"y":0,"curve":[0.202,0.22,0.558,0.58]},{"time":1.3333,"x":247.22,"y":0}]}}}}}