{"skeleton":{"hash":"9Bu2Xu24YNloqc3NV21u2//2Xtw","spine":"2.1.27","width":772.57,"height":295.25,"images":"./images/"},"bones":[{"name":"root"},{"name":"1","parent":"root","x":-383,"y":-398.14},{"name":"10","parent":"root","x":72.61,"y":-373.63},{"name":"11","parent":"root","x":145.36,"y":-362.58},{"name":"12","parent":"root","x":193.33,"y":-396.51},{"name":"13","parent":"root","x":228.24,"y":-398.14},{"name":"14","parent":"root","x":285.33,"y":-373.63},{"name":"15","parent":"root","x":358.07,"y":-362.58},{"name":"16","parent":"root","x":384.04,"y":-396.51},{"name":"2","parent":"root","x":-311.24,"y":-373.63},{"name":"3","parent":"root","x":-243.39,"y":-362.58},{"name":"4","parent":"root","x":-190.53,"y":-396.51},{"name":"5","parent":"root","x":-157.7,"y":-398.14},{"name":"6","parent":"root","x":-100.97,"y":-373.63},{"name":"7","parent":"root","x":-55.12,"y":-362.58},{"name":"8","parent":"root","x":-12.04,"y":-396.51},{"name":"9","parent":"root","x":15.52,"y":-398.14}],"slots":[{"name":"zhadnou","bone":"root"},{"name":"xian3","bone":"3","attachment":"3"},{"name":"xian11","bone":"11","attachment":"3"},{"name":"xian15","bone":"15","attachment":"3"},{"name":"xian7","bone":"7","attachment":"3"},{"name":"xian4","bone":"4","attachment":"4"},{"name":"xian12","bone":"12","attachment":"4"},{"name":"xian16","bone":"16","attachment":"4"},{"name":"xian8","bone":"8","attachment":"4"},{"name":"xian1","bone":"2","attachment":"2"},{"name":"xian10","bone":"10","attachment":"2"},{"name":"xian14","bone":"14","attachment":"2"},{"name":"xian6","bone":"6","attachment":"2"},{"name":"xian2","bone":"1","attachment":"1"},{"name":"xian9","bone":"9","attachment":"1"},{"name":"xian13","bone":"13","attachment":"1"},{"name":"xian5","bone":"5","attachment":"1"}],"skins":{"default":{"xian1":{"2":{"path":"xian1","x":0.61,"y":6.61,"width":6,"height":232}},"xian10":{"2":{"path":"xian1","x":0.61,"y":6.61,"width":6,"height":232}},"xian11":{"3":{"path":"xian3","x":1.26,"y":5.3,"width":5,"height":160}},"xian12":{"4":{"path":"xian4","x":-0.09,"y":-5.76,"width":6,"height":168}},"xian13":{"1":{"path":"xian2","x":0.37,"y":-16.13,"width":6,"height":264}},"xian14":{"2":{"path":"xian1","x":0.61,"y":6.61,"width":6,"height":232}},"xian15":{"3":{"path":"xian3","x":1.26,"y":5.3,"width":5,"height":160}},"xian16":{"4":{"path":"xian4","x":-0.09,"y":-5.76,"width":6,"height":168}},"xian2":{"1":{"path":"xian2","x":0.37,"y":-16.13,"width":6,"height":264}},"xian3":{"3":{"path":"xian3","x":1.26,"y":5.3,"width":5,"height":160}},"xian4":{"4":{"path":"xian4","x":-0.09,"y":-5.76,"width":6,"height":168}},"xian5":{"1":{"path":"xian2","x":0.37,"y":-16.13,"width":6,"height":264}},"xian6":{"2":{"path":"xian1","x":0.61,"y":6.61,"width":6,"height":232}},"xian7":{"3":{"path":"xian3","x":1.26,"y":5.3,"width":5,"height":160}},"xian8":{"4":{"path":"xian4","x":-0.09,"y":-5.76,"width":6,"height":168}},"xian9":{"1":{"path":"xian2","x":0.37,"y":-16.13,"width":6,"height":264}}}},"animations":{"xian":{"slots":{"xian1":{"attachment":[{"time":0.1,"name":null},{"time":0.1666,"name":"2"},{"time":0.2666,"name":null},{"time":0.3666,"name":"2"}],"color":[{"time":0,"color":"ffffff7a"}]},"xian2":{"attachment":[{"time":0.2666,"name":null},{"time":0.3,"name":"1"}]},"xian3":{"attachment":[{"time":0.1,"name":null},{"time":0.1333,"name":"3"},{"time":0.3,"name":null},{"time":0.3333,"name":"3"}]},"xian4":{"attachment":[{"time":0.1,"name":"4"},{"time":0.2,"name":null},{"time":0.2333,"name":"4"},{"time":0.3333,"name":null},{"time":0.3666,"name":"4"}],"color":[{"time":0,"color":"ffffff53"}]},"xian5":{"attachment":[{"time":0,"name":"1"},{"time":0.1,"name":null},{"time":0.2,"name":"1"},{"time":0.3,"name":null},{"time":0.3333,"name":"1"},{"time":0.4666,"name":null}]},"xian6":{"attachment":[{"time":0.1,"name":null},{"time":0.1666,"name":"2"},{"time":0.2666,"name":null},{"time":0.3666,"name":"2"}]},"xian7":{"attachment":[{"time":0.1,"name":null},{"time":0.1666,"name":"3"},{"time":0.3,"name":null},{"time":0.3666,"name":"3"}]},"xian8":{"attachment":[{"time":0.1666,"name":null},{"time":0.2333,"name":"4"}]},"xian9":{"attachment":[{"time":0.1333,"name":null},{"time":0.3,"name":"1"}]},"xian10":{"attachment":[{"time":0.1,"name":null},{"time":0.1333,"name":"2"},{"time":0.2,"name":null},{"time":0.3666,"name":"2"}]},"xian11":{"attachment":[{"time":0.1333,"name":null},{"time":0.2333,"name":"3"},{"time":0.3333,"name":null},{"time":0.3666,"name":"3"}]},"xian12":{"attachment":[{"time":0.1333,"name":null},{"time":0.1666,"name":"4"}]},"xian13":{"attachment":[{"time":0.1,"name":null},{"time":0.3666,"name":"1"}]},"xian14":{"attachment":[{"time":0.1333,"name":null},{"time":0.2333,"name":"2"},{"time":0.3333,"name":null},{"time":0.3666,"name":"2"}]},"xian15":{"attachment":[{"time":0.1333,"name":null},{"time":0.2,"name":"3"},{"time":0.3,"name":null},{"time":0.3666,"name":"3"}]},"xian16":{"attachment":[{"time":0.1333,"name":null},{"time":0.2333,"name":"4"}]}},"bones":{"1":{"translate":[{"time":0.1333,"x":0,"y":142.11,"curve":[0,0.3,1,0.8]},{"time":0.2666,"x":0,"y":760.06,"curve":[0,0.3,1,0.8]},{"time":0.3,"x":0,"y":117.34,"curve":[0,0.3,1,0.8]},{"time":0.4666,"x":0,"y":760.06}]},"2":{"translate":[{"time":0,"x":-35.2,"y":64.99,"curve":[0,0.3,1,0.8]},{"time":0.1,"x":-35.2,"y":728.31,"curve":[0,0.3,1,0.8]},{"time":0.1666,"x":-3.93,"y":109.14,"curve":[0,0.3,1,0.8]},{"time":0.2666,"x":-3.93,"y":728.31,"curve":[0,0.3,1,0.8]},{"time":0.3666,"x":-35.2,"y":109.14,"curve":[0,0.3,1,0.8]},{"time":0.4666,"x":-35.2,"y":728.31}],"scale":[{"time":0,"x":2.002,"y":1}]},"3":{"translate":[{"time":0,"x":-24.51,"y":87.26,"curve":[0,0.3,1,0.8]},{"time":0.1,"x":-24.52,"y":661.49,"curve":[0,0.3,1,0.8]},{"time":0.1333,"x":0,"y":-9.56,"curve":[0,0.3,1,0.8]},{"time":0.3,"x":0,"y":681.75,"curve":[0,0.3,1,0.8]},{"time":0.3333,"x":-24.52,"y":-9.56,"curve":[0,0.3,1,0.8]},{"time":0.4666,"x":-24.52,"y":681.75}]},"4":{"translate":[{"time":0,"x":0,"y":86.23,"curve":"stepped"},{"time":0.1,"x":0,"y":86.23,"curve":[0,0.3,1,0.8]},{"time":0.2,"x":0,"y":725.76,"curve":[0,0.3,1,0.8]},{"time":0.2333,"x":0,"y":86.23,"curve":[0,0.3,1,0.8]},{"time":0.3333,"x":0,"y":725.76,"curve":[0,0.3,1,0.8]},{"time":0.3666,"x":0,"y":86.23,"curve":[0,0.3,1,0.8]},{"time":0.4666,"x":0,"y":725.76}],"scale":[{"time":0,"x":2,"y":1}]},"5":{"translate":[{"time":0,"x":0,"y":142.11,"curve":[0,0.3,1,0.8]},{"time":0.1,"x":0,"y":760.06,"curve":[0,0.3,1,0.8]},{"time":0.2,"x":0,"y":117.34,"curve":[0,0.3,1,0.8]},{"time":0.3,"x":0,"y":760.06},{"time":0.3333,"x":0,"y":117.34,"curve":[0,0.3,1,0.8]},{"time":0.4666,"x":0,"y":760.06}]},"6":{"translate":[{"time":0.1666,"x":0,"y":0},{"time":0.2666,"x":0,"y":733.49},{"time":0.3666,"x":0,"y":0},{"time":0.4666,"x":0,"y":733.49}]},"7":{"translate":[{"time":0,"x":0,"y":0},{"time":0.1,"x":0,"y":693.93},{"time":0.1666,"x":0,"y":0},{"time":0.3,"x":0,"y":693.93},{"time":0.3666,"x":0,"y":0},{"time":0.4333,"x":0,"y":693.93}]},"8":{"translate":[{"time":0.1,"x":0,"y":0},{"time":0.1666,"x":0,"y":715.31},{"time":0.2333,"x":0,"y":0},{"time":0.3333,"x":0,"y":715.31}]},"9":{"translate":[{"time":0.0333,"x":0,"y":0},{"time":0.1333,"x":0,"y":768.22},{"time":0.3,"x":0,"y":0},{"time":0.4333,"x":0,"y":768.22}]},"10":{"translate":[{"time":0.0333,"x":0,"y":0},{"time":0.1,"x":0,"y":727.07},{"time":0.1333,"x":0,"y":0},{"time":0.2,"x":0,"y":727.07},{"time":0.3666,"x":0,"y":0},{"time":0.4333,"x":0,"y":727.07}]},"11":{"translate":[{"time":0,"x":0,"y":0,"curve":"stepped"},{"time":0.0666,"x":0,"y":0},{"time":0.1333,"x":0,"y":759.29},{"time":0.2333,"x":0,"y":0},{"time":0.3333,"x":0,"y":759.29},{"time":0.3666,"x":0,"y":0},{"time":0.4666,"x":0,"y":759.29}]},"16":{"translate":[{"time":0,"x":0,"y":0},{"time":0.1333,"x":0,"y":759.29},{"time":0.2333,"x":0,"y":0},{"time":0.4333,"x":0,"y":759.29}]},"15":{"translate":[{"time":0,"x":0,"y":0},{"time":0.1333,"x":0,"y":759.29},{"time":0.2,"x":-54.76,"y":0},{"time":0.3,"x":-54.76,"y":759.29},{"time":0.3666,"x":0,"y":0},{"time":0.5,"x":0,"y":759.29}]},"14":{"translate":[{"time":0,"x":0,"y":78.74},{"time":0.1333,"x":0,"y":759.29},{"time":0.2333,"x":0,"y":0},{"time":0.3333,"x":0,"y":759.29},{"time":0.3666,"x":-183.21,"y":78.74},{"time":0.5,"x":-183.21,"y":759.29}]},"13":{"translate":[{"time":0,"x":0,"y":0},{"time":0.1,"x":0,"y":759.29},{"time":0.3666,"x":0,"y":0},{"time":0.4333,"x":0,"y":759.29}]},"12":{"translate":[{"time":0,"x":0,"y":117.31},{"time":0.1333,"x":0,"y":759.29},{"time":0.1666,"x":0,"y":0},{"time":0.3,"x":0,"y":759.29}]}}}}}