{"skeleton":{"hash":"uYoBlWKFFtQ0rpZO2W2fCgaQ9vo","spine":"2.1.27","width":121.28,"height":114.01,"images":"./images/"},"bones":[{"name":"root"},{"name":"quan","parent":"root"},{"name":"shou","parent":"root","length":9,"x":31.17,"y":-25.91,"rotation":92.25}],"slots":[{"name":"quan","bone":"quan","attachment":"quan"},{"name":"shangshou","bone":"shou","attachment":"xiashou"}],"skins":{"default":{"quan":{"quan":{"width":109,"height":105}},"shangshou":{"shangshou":{"x":3.26,"y":-0.12,"rotation":-92.25,"width":67,"height":75},"xiashou":{"rotation":175.88,"width":69,"height":69}}}},"animations":{"dianji":{"slots":{"quan":{"attachment":[{"time":0,"name":null},{"time":0.3333,"name":"quan"}],"color":[{"time":0.3333,"color":"ffffffff","curve":"stepped"},{"time":0.6666,"color":"ffffffff"},{"time":0.8333,"color":"ffffff00"}]},"shangshou":{"attachment":[{"time":0,"name":"shangshou"},{"time":0.3333,"name":"xiashou"},{"time":0.8333,"name":"shangshou"}]}},"bones":{"quan":{"translate":[{"time":0,"x":0,"y":0}],"scale":[{"time":0.3333,"x":0,"y":0},{"time":0.8333,"x":1.2,"y":1.2}]},"shou":{"translate":[{"time":0,"x":0,"y":0}]}}},"huadong":{"slots":{"quan":{"attachment":[{"time":0,"name":null}]},"shangshou":{"attachment":[{"time":0,"name":"shangshou"},{"time":0.5333,"name":"xiashou"},{"time":2.1666,"name":"shangshou"}]}},"bones":{"quan":{"translate":[{"time":0,"x":0,"y":0}]},"shou":{"translate":[{"time":0,"x":-5.45,"y":14.91,"curve":"stepped"},{"time":0.6666,"x":-5.45,"y":14.91},{"time":0.9333,"x":46.66,"y":14.91},{"time":1.2,"x":-43.78,"y":14.91},{"time":1.4666,"x":46.66,"y":14.91},{"time":1.7333,"x":-43.78,"y":14.91},{"time":2,"x":-5.45,"y":14.91}]}}}}}