{"skeleton":{"hash":"dgyASlAxh66rZkD5iCcK1+evliI","spine":"2.1.27","width":451.88,"height":403.98,"images":"./111/images/"},"bones":[{"name":"root"},{"name":"pao","parent":"root","length":42.2,"x":-14.47,"y":14.79,"rotation":130.07},{"name":"paokou","parent":"root","x":-24.62,"y":79.7,"rotation":-61.42},{"name":"shenzi","parent":"root","x":-5.78,"y":-9.2},{"name":"shoubi","parent":"root","x":-42.46,"y":22.49},{"name":"tou","parent":"root","length":42.78,"x":-4.67,"y":14.79,"rotation":62.47},{"name":"yzb","parent":"root","x":10.66,"y":10.74},{"name":"yzb2","parent":"root","x":10.66,"y":10.74},{"name":"zcb","parent":"root","x":-32.75,"y":11.39},{"name":"zcb2","parent":"root","x":-32.75,"y":11.39},{"name":"zuoshou","parent":"root","length":121.77,"x":26.11,"y":15.49,"rotation":0.45},{"name":"bone","parent":"pao","x":45.31,"y":16.13},{"name":"bone2","parent":"pao","x":9.17,"y":-25.02},{"name":"shoubi2","parent":"shoubi","length":65.29,"x":-4.89,"rotation":-107.07}],"slots":[{"name":"y1","bone":"yzb","attachment":"y1"},{"name":"y6","bone":"yzb2","attachment":"y1","blend":"additive"},{"name":"y2","bone":"yzb","attachment":"y2"},{"name":"y7","bone":"yzb2","attachment":"y2","blend":"additive"},{"name":"y3","bone":"yzb","attachment":"y3"},{"name":"y8","bone":"yzb2","attachment":"y3","blend":"additive"},{"name":"y4","bone":"yzb","attachment":"y4"},{"name":"y9","bone":"yzb2","attachment":"y4","blend":"additive"},{"name":"y5","bone":"yzb","attachment":"y5"},{"name":"y10","bone":"yzb2","attachment":"y5","blend":"additive"},{"name":"z1","bone":"zcb","attachment":"z1"},{"name":"z6","bone":"zcb2","attachment":"z1","blend":"additive"},{"name":"z2","bone":"zcb","attachment":"z2"},{"name":"z7","bone":"zcb2","attachment":"z2","blend":"additive"},{"name":"z3","bone":"zcb","attachment":"z3"},{"name":"z8","bone":"zcb2","attachment":"z3","blend":"additive"},{"name":"z4","bone":"zcb","attachment":"z4"},{"name":"z9","bone":"zcb2","attachment":"z4","blend":"additive"},{"name":"z5","bone":"zcb","attachment":"z5"},{"name":"z10","bone":"zcb2","attachment":"z5","blend":"additive"},{"name":"pao3","bone":"pao","attachment":"pao3"},{"name":"pao2","bone":"bone2","attachment":"pao2"},{"name":"pao1","bone":"bone","attachment":"pao1"},{"name":"zuoshou","bone":"zuoshou","attachment":"zuoshou"},{"name":"sz","bone":"shenzi","attachment":"sz"},{"name":"t","bone":"tou","attachment":"t"},{"name":"s2","bone":"shoubi2","attachment":"s2"},{"name":"s1","bone":"shoubi","attachment":"s1"},{"name":"qiangkou","bone":"zuoshou","attachment":"0"},{"name":"paohuo1","bone":"paokou","attachment":"paohuo1"}],"skins":{"default":{"pao1":{"pao1":{"x":9.11,"y":-27.15,"rotation":-130.07,"width":71,"height":92}},"pao2":{"pao2":{"x":8.45,"y":-24.31,"rotation":-130.07,"width":71,"height":93}},"pao3":{"pao3":{"x":39.43,"y":27.07,"rotation":-130.07,"width":64,"height":46}},"paohuo1":{"paohuo1":{"rotation":61.42,"width":114,"height":108}},"qiangkou":{"0":{"x":95.75,"y":-7.7,"rotation":-0.45,"width":195,"height":130},"1":{"x":102.26,"y":-6.25,"rotation":-0.45,"width":212,"height":131},"2":{"x":102.27,"y":-5.25,"rotation":-0.45,"width":212,"height":129},"3":{"x":100.29,"y":-2.73,"rotation":-0.45,"width":186,"height":112},"4":{"x":107.83,"y":2.2,"rotation":-0.45,"width":201,"height":114},"5":{"x":107.78,"y":-3.29,"rotation":-0.45,"width":201,"height":123}},"s1":{"s1":{"x":-4.1,"y":-9.44,"width":70,"height":49}},"s2":{"s2":{"x":52.31,"y":-1.96,"rotation":107.07,"width":68,"height":95}},"sz":{"sz":{"x":1.3,"y":-13.05,"width":95,"height":179}},"t":{"t":{"x":18.47,"y":-5.71,"rotation":-62.47,"width":63,"height":66}},"y1":{"y1":{"x":10.07,"y":122.74,"width":48,"height":195}},"y10":{"y5":{"x":17.2,"y":-103.4,"width":54,"height":133}},"y2":{"y2":{"x":35.99,"y":43.04,"width":81,"height":108}},"y3":{"y3":{"x":35.34,"y":0.27,"width":75,"height":74}},"y4":{"y4":{"x":54.14,"y":-40.55,"width":102,"height":123}},"y5":{"y5":{"x":17.2,"y":-103.4,"width":54,"height":133}},"y6":{"y1":{"x":10.07,"y":122.74,"width":48,"height":195}},"y7":{"y2":{"x":35.99,"y":43.04,"width":81,"height":108}},"y8":{"y3":{"x":35.34,"y":0.27,"width":75,"height":74}},"y9":{"y4":{"x":54.14,"y":-40.55,"width":102,"height":123}},"z1":{"z1":{"x":-83.23,"y":119.5,"width":172,"height":202}},"z10":{"z5":{"x":4.89,"y":-112.48,"width":96,"height":142}},"z2":{"z2":{"x":-102.67,"y":35.26,"width":194,"height":105}},"z3":{"z3":{"x":-68.33,"y":-11.39,"width":153,"height":79}},"z4":{"z4":{"x":-80.64,"y":-58.04,"width":155,"height":148}},"z5":{"z5":{"x":4.89,"y":-112.48,"width":96,"height":142}},"z6":{"z1":{"x":-83.23,"y":119.5,"width":172,"height":202}},"z7":{"z2":{"x":-102.67,"y":35.26,"width":194,"height":105}},"z8":{"z3":{"x":-68.33,"y":-11.39,"width":153,"height":79}},"z9":{"z4":{"x":-80.64,"y":-58.04,"width":155,"height":148}},"zuoshou":{"zuoshou":{"x":34.82,"y":1.27,"rotation":-0.45,"width":141,"height":67}}}},"events":{"kaipaopao1":{},"kaipaopao2":{}},"animations":{"zhujuejiqiren":{"slots":{"paohuo1":{"attachment":[{"time":0,"name":"paohuo1"},{"time":0.0333,"name":"paohuo1"},{"time":0.0666,"name":"paohuo1"},{"time":0.1,"name":null},{"time":0.6666,"name":"paohuo1"},{"time":0.7,"name":"paohuo1"},{"time":0.7333,"name":"paohuo1"},{"time":0.7666,"name":null}]},"qiangkou":{"attachment":[{"time":0,"name":"0"},{"time":0.0666,"name":"1"},{"time":0.1333,"name":"2"},{"time":0.2,"name":"4"},{"time":0.2666,"name":"5"},{"time":0.3333,"name":"0"},{"time":0.4,"name":"1"},{"time":0.4666,"name":"2"},{"time":0.5333,"name":"4"},{"time":0.6,"name":"5"},{"time":0.6666,"name":"0"},{"time":0.7333,"name":"1"},{"time":0.8,"name":"2"},{"time":0.8666,"name":"4"},{"time":0.9333,"name":"5"},{"time":1,"name":"0"},{"time":1.0666,"name":"1"},{"time":1.1333,"name":"2"},{"time":1.2,"name":"4"},{"time":1.2666,"name":"5"},{"time":1.3333,"name":"3"}]},"y6":{"color":[{"time":0,"color":"ffffff78"},{"time":0.1666,"color":"ffffff00"},{"time":0.3333,"color":"ffffff78"},{"time":0.5,"color":"ffffff00"},{"time":0.6666,"color":"ffffff78"},{"time":0.8333,"color":"ffffff00"},{"time":1,"color":"ffffff78"},{"time":1.1666,"color":"ffffff00"},{"time":1.3333,"color":"ffffff78"}]},"y7":{"color":[{"time":0,"color":"ffffff78"},{"time":0.1666,"color":"ffffff00"},{"time":0.3333,"color":"ffffff78"},{"time":0.5,"color":"ffffff00"},{"time":0.6666,"color":"ffffff78"},{"time":0.8333,"color":"ffffff00"},{"time":1,"color":"ffffff78"},{"time":1.1666,"color":"ffffff00"},{"time":1.3333,"color":"ffffff78"}]},"y8":{"color":[{"time":0,"color":"ffffff78"},{"time":0.1666,"color":"ffffff00"},{"time":0.3333,"color":"ffffff78"},{"time":0.5,"color":"ffffff00"},{"time":0.6666,"color":"ffffff78"},{"time":0.8333,"color":"ffffff00"},{"time":1,"color":"ffffff78"},{"time":1.1666,"color":"ffffff00"},{"time":1.3333,"color":"ffffff78"}]},"y9":{"color":[{"time":0,"color":"ffffff78"},{"time":0.1666,"color":"ffffff00"},{"time":0.3333,"color":"ffffff78"},{"time":0.5,"color":"ffffff00"},{"time":0.6666,"color":"ffffff78"},{"time":0.8333,"color":"ffffff00"},{"time":1,"color":"ffffff78"},{"time":1.1666,"color":"ffffff00"},{"time":1.3333,"color":"ffffff78"}]},"y10":{"color":[{"time":0,"color":"ffffff78"},{"time":0.1666,"color":"ffffff00"},{"time":0.3333,"color":"ffffff78"},{"time":0.5,"color":"ffffff00"},{"time":0.6666,"color":"ffffff78"},{"time":0.8333,"color":"ffffff00"},{"time":1,"color":"ffffff78"},{"time":1.1666,"color":"ffffff00"},{"time":1.3333,"color":"ffffff78"}]},"z6":{"color":[{"time":0,"color":"ffffff45"},{"time":0.1666,"color":"ffffff00"},{"time":0.3333,"color":"ffffff45"},{"time":0.5,"color":"ffffff00"},{"time":0.6666,"color":"ffffff45"},{"time":0.8333,"color":"ffffff00"},{"time":1,"color":"ffffff45"},{"time":1.1666,"color":"ffffff00"},{"time":1.3333,"color":"ffffff45"}]},"z7":{"color":[{"time":0,"color":"ffffff45"},{"time":0.1666,"color":"ffffff00"},{"time":0.3333,"color":"ffffff45"},{"time":0.5,"color":"ffffff00"},{"time":0.6666,"color":"ffffff45"},{"time":0.8333,"color":"ffffff00"},{"time":1,"color":"ffffff45"},{"time":1.1666,"color":"ffffff00"},{"time":1.3333,"color":"ffffff45"}]},"z8":{"color":[{"time":0,"color":"ffffff45"},{"time":0.1666,"color":"ffffff00"},{"time":0.3333,"color":"ffffff45"},{"time":0.5,"color":"ffffff00"},{"time":0.6666,"color":"ffffff45"},{"time":0.8333,"color":"ffffff00"},{"time":1,"color":"ffffff45"},{"time":1.1666,"color":"ffffff00"},{"time":1.3333,"color":"ffffff45"}]},"z9":{"color":[{"time":0,"color":"ffffff45"},{"time":0.1666,"color":"ffffff00"},{"time":0.3333,"color":"ffffff45"},{"time":0.5,"color":"ffffff00"},{"time":0.6666,"color":"ffffff45"},{"time":0.8333,"color":"ffffff00"},{"time":1,"color":"ffffff45"},{"time":1.1666,"color":"ffffff00"},{"time":1.3333,"color":"ffffff45"}]},"z10":{"color":[{"time":0,"color":"ffffff45"},{"time":0.1666,"color":"ffffff00"},{"time":0.3333,"color":"ffffff45"},{"time":0.5,"color":"ffffff00"},{"time":0.6666,"color":"ffffff45"},{"time":0.8333,"color":"ffffff00"},{"time":1,"color":"ffffff45"},{"time":1.1666,"color":"ffffff00"},{"time":1.3333,"color":"ffffff45"}]}},"bones":{"shenzi":{"rotate":[{"time":0,"angle":0},{"time":0.6666,"angle":359},{"time":1.3333,"angle":0}],"translate":[{"time":0,"x":0,"y":0}],"scale":[{"time":0,"x":1,"y":1},{"time":0.6666,"x":1.01,"y":1.01},{"time":1.3333,"x":1,"y":1}]},"tou":{"rotate":[{"time":0,"angle":5.52},{"time":0.6666,"angle":1.27},{"time":1.3333,"angle":5.52}],"translate":[{"time":0,"x":0,"y":0},{"time":0.6666,"x":0,"y":0.36},{"time":1.3333,"x":0,"y":0}]},"shoubi":{"translate":[{"time":0,"x":0,"y":0},{"time":0.6666,"x":0,"y":1.37},{"time":1.3333,"x":0,"y":0}]},"shoubi2":{"rotate":[{"time":0,"angle":-3.62},{"time":0.6666,"angle":0},{"time":1.3333,"angle":-3.62}],"translate":[{"time":0,"x":0,"y":0}]},"zuoshou":{"translate":[{"time":0,"x":0,"y":0.68},{"time":0.6666,"x":0,"y":1.37},{"time":1.3333,"x":0,"y":0.68}]},"pao":{"rotate":[{"time":0,"angle":0},{"time":0.6666,"angle":1.33},{"time":1.3333,"angle":0}],"translate":[{"time":0,"x":0,"y":0,"curve":"stepped"},{"time":1.3333,"x":0,"y":0}]},"bone":{"rotate":[{"time":0,"angle":0},{"time":0.0666,"angle":23.36},{"time":0.6666,"angle":0}],"translate":[{"time":0,"x":0,"y":0},{"time":0.0666,"x":-8.87,"y":7.55},{"time":0.6666,"x":0,"y":0}]},"bone2":{"rotate":[{"time":0.6666,"angle":0},{"time":0.7333,"angle":23.36},{"time":1.3333,"angle":0}],"translate":[{"time":0.6666,"x":0,"y":0},{"time":0.7333,"x":-8.87,"y":7.55},{"time":1.3333,"x":0,"y":0}]},"root":{"translate":[{"time":0,"x":0,"y":0},{"time":0.6666,"x":0,"y":-4.66},{"time":1.3333,"x":0,"y":0}]},"paokou":{"rotate":[{"time":0,"angle":3.76},{"time":0.0333,"angle":20.41},{"time":0.0666,"angle":34.56},{"time":0.6666,"angle":3.76},{"time":0.7,"angle":20.41},{"time":0.7333,"angle":34.56}],"translate":[{"time":0,"x":31.69,"y":29.19},{"time":0.0333,"x":13.91,"y":35.39},{"time":0.0666,"x":-13.17,"y":16.71},{"time":0.6666,"x":82.98,"y":25.03},{"time":0.7,"x":67.94,"y":32.19},{"time":0.7333,"x":42.15,"y":14.28}],"scale":[{"time":0,"x":0.9,"y":0.9,"curve":"stepped"},{"time":0.0333,"x":0.9,"y":0.9},{"time":0.0666,"x":0.5,"y":0.5},{"time":0.6666,"x":0.9,"y":0.9,"curve":"stepped"},{"time":0.7,"x":0.9,"y":0.9},{"time":0.7333,"x":0.5,"y":0.5}]},"zcb2":{"scale":[{"time":0,"x":1.3,"y":1.3}]},"yzb2":{"scale":[{"time":0,"x":1.3,"y":1.3,"curve":"stepped"},{"time":0.3333,"x":1.3,"y":1.3,"curve":"stepped"},{"time":0.6666,"x":1.3,"y":1.3,"curve":"stepped"},{"time":1,"x":1.3,"y":1.3}]}},"events":[{"time":0,"name":"kaipaopao1"},{"time":0.6666,"name":"kaipaopao2"}]}}}