{
  "__type__": "cc.AnimationClip",
  "_name": "zhaxia",
  "_objFlags": 0,
  "_rawFiles": null,
  "_duration": 0.4166666666666667,
  "sample": 60,
  "speed": 1,
  "wrapMode": 0,
  "curveData": {
    "props": {
      "scaleX": [
        {
          "frame": 0,
          "value": 3,
          "curve": [
            0.57,
            1.03,
            0.98,
            1.32
          ]
        },
        {
          "frame": 0.4166666666666667,
          "value": 1
        }
      ],
      "scaleY": [
        {
          "frame": 0,
          "value": 3,
          "curve": [
            0.18,
            0.89,
            0.42,
            1.35
          ]
        },
        {
          "frame": 0.4166666666666667,
          "value": 1
        }
      ]
    }
  },
  "events": []
}