{"frameRate":24,"name":"divorce","version":"5.5","compatibleVersion":"5.5","armature":[{"type":"Armature","frameRate":24,"name":"root","bone":[{"name":"root"},{"length":155,"name":"靴子","parent":"root","transform":{"x":287.1888,"y":-271.6337,"skX":98.4054,"skY":98.4054}}],"slot":[{"displayIndex":-1,"name":"靴子","parent":"靴子"}],"skin":[{"slot":[{"name":"靴子","display":[{"name":"靴子","transform":{"x":90.53,"y":36.81,"skX":-98.41,"skY":-98.41}}]}]}],"animation":[{"duration":18,"playTimes":0,"name":"divorce","bone":[{"name":"靴子","translateFrame":[{"duration":3,"tweenEasing":0,"x":317.46,"y":197.75},{"duration":2,"tweenEasing":0,"x":-88.38,"y":186.41},{"duration":3,"tweenEasing":0,"x":-88.38,"y":186.41},{"duration":10,"x":-73.52,"y":184.79}],"rotateFrame":[{"duration":3,"tweenEasing":0,"rotate":15.89},{"duration":2,"tweenEasing":0,"rotate":73.7},{"duration":3,"tweenEasing":0,"rotate":58.25},{"duration":10,"rotate":51.99}]}],"slot":[{"name":"靴子","displayFrame":[{"duration":18},{"duration":0,"value":-1}],"colorFrame":[{"duration":8,"tweenEasing":0},{"duration":10,"tweenEasing":0},{"duration":0,"value":{"aM":0}}]}]}],"defaultActions":[{"gotoAndPlay":"divorce"}],"canvas":{"width":640,"height":1136}}]}