{
  "encryptJs": true,
  "excludeScenes": [],
  "fb-instant-games": {},
  "includeSDKBox": false,
  "inlineSpriteFrames": true,
  "inlineSpriteFrames_native": true,
  "md5Cache": false,
  "mergeStartScene": false,
  "optimizeHotUpdate": false,
  "orientation": {
    "landscapeLeft": true,
    "landscapeRight": true,
    "portrait": false,
    "upsideDown": false
  },
  "packageName": "org.cocos2d.helloworld",
  "qqplay": {
    "REMOTE_SERVER_ROOT": "",
    "orientation": "portrait"
  },
  "startScene": "2d2f792f-a40c-49bb-a189-ed176a246e49",
  "title": "liujiaopinpin",
  "webOrientation": "auto",
  "wechatgame": {
    "REMOTE_SERVER_ROOT": "",
    "appid": "wx62a88cba761690fd",
    "isSubdomain": false,
    "orientation": "portrait",
    "subContext": "wx-open-data-project"
  },
  "xxteaKey": "b2992da1-584d-49",
  "zipCompressJs": true,
  "baidugame": {
    "appid": "testappid",
    "orientation": "portrait",
    "REMOTE_SERVER_ROOT": "",
    "subContext": ""
  },
  "android-instant": {
    "REMOTE_SERVER_ROOT": "",
    "pathPattern": "",
    "scheme": "https",
    "host": "",
    "skipRecord": false,
    "recordPath": ""
  },
  "appBundle": false
}