{
  "__type__": "cc.AnimationClip",
  "_name": "blink",
  "_objFlags": 0,
  "_native": "",
  "_duration": 0.4166666666666667,
  "sample": 60,
  "speed": 0.25,
  "wrapMode": "2",
  "curveData": {
    "props": {
      "scale": [
        {
          "frame": 0,
          "value": {
            "__type__": "cc.Vec2",
            "x": 1,
            "y": 1
          }
        },
        {
          "frame": 0.08333333333333333,
          "value": {
            "__type__": "cc.Vec2",
            "x": 1.2,
            "y": 1.2
          }
        },
        {
          "frame": 0.2,
          "value": {
            "__type__": "cc.Vec2",
            "x": 1,
            "y": 1
          }
        },
        {
          "frame": 0.3333333333333333,
          "value": {
            "__type__": "cc.Vec2",
            "x": 1.2,
            "y": 1.5
          }
        },
        {
          "frame": 0.4166666666666667,
          "value": {
            "__type__": "cc.Vec2",
            "x": 1,
            "y": 1
          }
        }
      ],
      "opacity": [
        {
          "frame": 0,
          "value": 200
        },
        {
          "frame": 0.08333333333333333,
          "value": 255
        },
        {
          "frame": 0.2,
          "value": 200
        },
        {
          "frame": 0.3333333333333333,
          "value": 255
        },
        {
          "frame": 0.4166666666666667,
          "value": 200
        }
      ]
    }
  },
  "events": []
}