﻿<?xml version="1.0" encoding="utf-8" ?>
<root>
  <apply>
    <android>
      <gateway>http://127.0.0.1:10010</gateway>
      <hotupdate>http://127.0.0.1:10010</hotupdate>
      <update>http://127.0.0.1/CaiLe_V1.2.0.apk</update>
      <webapi>http://127.0.0.1:10010</webapi>
      <socket>http://127.0.0.1:28820</socket>
      <version>1.4.0.20171211</version>
      <status>1</status>
    </android>
    <ios>
      <gateway>http://127.0.0.1:10010</gateway>
      <hotupdate>http://127.0.0.1:10010</hotupdate>
      <update>http://127.0.0.1/CaiLe_V1.2.0.apk</update>
      <webapi>http://127.0.0.1:10010</webapi>
      <socket>http://127.0.0.1:28820</socket>
      <version>1.4.0.20171211</version>
      <status>1</status>
    </ios>
    <web>
      <gateway>http://127.0.0.1:10010</gateway>
      <hotupdate>http://127.0.0.1:10010</hotupdate>
      <update>http://127.0.0.1/CaiLe_V1.2.0.apk</update>
      <webapi>http://127.0.0.1:10010</webapi>
      <socket>http://127.0.0.1:28820</socket>
      <version>1.4.0.20171211</version>
      <status>1</status>
    </web>
    <other>
      <gateway>http://127.0.0.1:10010</gateway>
      <hotupdate>http://127.0.0.1:10010</hotupdate>
      <update>http://127.0.0.1/CaiLe_V1.2.0.apk</update>
      <webapi>http://127.0.0.1:10010</webapi>
      <socket>http://127.0.0.1:28820</socket>
      <version>1.4.0.20171211</version>
      <status>1</status>
    </other>
  </apply>
  <redis>
    <writeserverlist>127.0.0.1:6379</writeserverlist>
    <readserverlist>127.0.0.1:6379</readserverlist>
    <maxwritepoolsize>60</maxwritepoolsize>
    <maxreadpoolsize>60</maxreadpoolsize>
    <autostart>true</autostart>
    <localcachetime>180</localcachetime>
    <recordelog>false</recordelog>
  </redis>
  <paywft>
    <mchid></mchid>
    <mchkey></mchkey>
    <requrl>https://pay.swiftpass.cn/pay/gateway</requrl>
    <notifyurl>http://127.0.0.1:888/WFTPay/Notify.aspx</notifyurl>
    <version>2.0</version>
  </paywft>
  <payyfb>
    <mchid></mchid>
    <mchkey></mchkey>
    <requrl>https://r630.speedpos.cn:17630/urlapi/gateway/alipay</requrl>
    <queryurl>https://r630.speedpos.cn:17630/urlapi/gateway/doquery</queryurl>
    <notifyurl>http://127.0.0.1:888/WFTPay/Notify_yfb.aspx</notifyurl>
    <version>2.0</version>
  </payyfb>
  <paywechat>
    <mchid></mchid>
    <mchkey></mchkey>
    <appid></appid>
    <appsecret></appsecret>
    <requrl>https://api.mch.weixin.qq.com/pay/unifiedorder</requrl>
    <notifyurl>http://127.0.0.1:888/WFTPay/Notify_wechat.aspx</notifyurl>
    <version>2.0</version>
  </paywechat>
  <interface>
    <item lotteryname="吉林快3">
      <interfacelotterycode>126</interfacelotterycode>
      <systemlotterycode>101</systemlotterycode>
      <internaloutticket Remark="0.外部接口 1.内部接口">0</internaloutticket>
      <interfacetype>HuaYang</interfacetype>
      <intervaltime>0 0/1 07-01 * * ?</intervaltime>
      <trappingtime Remark="补全遗漏号码间隔时间">0 0/10 8-23 * * ?</trappingtime>
      <revokeschemetime Remark="期号截止撤销等待拆票投注订单间隔时间">10 0/10 8-23 * * ?</revokeschemetime>
      <agenterid></agenterid>
      <agenterpwd></agenterpwd>
      <username></username>
      <interfaceaddress></interfaceaddress>
    </item>
    <item lotteryname="江西快3">
      <interfacelotterycode>123</interfacelotterycode>
      <systemlotterycode>102</systemlotterycode>
      <internaloutticket Remark="0.外部接口 1.内部接口">0</internaloutticket>
      <interfacetype>HuaYang</interfacetype>
      <intervaltime>0 0/1 07-01 * * ?</intervaltime>
      <trappingtime Remark="补全遗漏号码间隔时间">0 0/10 8-23 * * ?</trappingtime>
      <revokeschemetime Remark="期号截止撤销等待拆票投注订单间隔时间">10 0/10 8-23 * * ?</revokeschemetime>
      <agenterid></agenterid>
      <agenterpwd></agenterpwd>
      <username></username>
      <interfaceaddress></interfaceaddress>
    </item>
    <item lotteryname="湖北11选5">
      <interfacelotterycode>124</interfacelotterycode>
      <systemlotterycode>201</systemlotterycode>
      <internaloutticket Remark="0.外部接口 1.内部接口">0</internaloutticket>
      <interfacetype>HuaYang</interfacetype>
      <intervaltime>0 0/1 07-01 * * ?</intervaltime>
      <trappingtime Remark="补全遗漏号码间隔时间">0 0/10 8-23 * * ?</trappingtime>
      <revokeschemetime Remark="期号截止撤销等待拆票投注订单间隔时间">10 0/10 8-23 * * ?</revokeschemetime>
      <agenterid></agenterid>
      <agenterpwd></agenterpwd>
      <username></username>
      <interfaceaddress></interfaceaddress>
    </item>
    <item lotteryname="山东11选5">
      <interfacelotterycode>112</interfacelotterycode>
      <systemlotterycode>202</systemlotterycode>
      <internaloutticket Remark="0.外部接口 1.内部接口">0</internaloutticket>
      <interfacetype>HuaYang</interfacetype>
      <intervaltime>0 0/1 07-01 * * ?</intervaltime>
      <trappingtime Remark="补全遗漏号码间隔时间">0 0/10 8-23 * * ?</trappingtime>
      <revokeschemetime Remark="期号截止撤销等待拆票投注订单间隔时间">10 0/10 8-23 * * ?</revokeschemetime>
      <agenterid></agenterid>
      <agenterpwd></agenterpwd>
      <username></username>
      <interfaceaddress></interfaceaddress>
    </item>
    <item lotteryname="重庆时时彩">
      <interfacelotterycode>121</interfacelotterycode>
      <systemlotterycode>301</systemlotterycode>
      <internaloutticket Remark="0.外部接口 1.内部接口">0</internaloutticket>
      <interfacetype>HuaYang</interfacetype>
      <intervaltime>0 0/1 07-01 * * ?</intervaltime>
      <trappingtime Remark="补全遗漏号码间隔时间">0 0/10 8-23 * * ?</trappingtime>
      <revokeschemetime Remark="期号截止撤销等待拆票投注订单间隔时间">10 0/10 8-23 * * ?</revokeschemetime>
      <agenterid></agenterid>
      <agenterpwd></agenterpwd>
      <username></username>
      <interfaceaddress></interfaceaddress>
    </item>
    <item lotteryname="快乐28">
      <interfacelotterycode>0</interfacelotterycode>
      <systemlotterycode>40010</systemlotterycode>
      <internaloutticket Remark="0.外部接口 1.内部接口">0</internaloutticket>
      <interfacetype>Special</interfacetype>
      <intervaltime>0 0/1 07-01 * * ?</intervaltime>
      <trappingtime Remark="补全遗漏号码间隔时间">0 0/10 8-23 * * ?</trappingtime>
      <revokeschemetime Remark="期号截止撤销等待拆票投注订单间隔时间">10 0/10 8-23 * * ?</revokeschemetime>
      <agenterid></agenterid>
      <agenterpwd></agenterpwd>
      <username></username>
      <interfaceaddress></interfaceaddress>
    </item>
    <item lotteryname="加拿大28">
      <interfacelotterycode>0</interfacelotterycode>
      <systemlotterycode>40020</systemlotterycode>
      <internaloutticket Remark="0.外部接口 1.内部接口">0</internaloutticket>
      <interfacetype>Special</interfacetype>
      <intervaltime>0 0/1 07-01 * * ?</intervaltime>
      <trappingtime Remark="补全遗漏号码间隔时间">0 0/10 8-23 * * ?</trappingtime>
      <revokeschemetime Remark="期号截止撤销等待拆票投注订单间隔时间">10 0/10 8-23 * * ?</revokeschemetime>
      <agenterid></agenterid>
      <agenterpwd></agenterpwd>
      <username></username>
      <interfaceaddress></interfaceaddress>
    </item>
    <item lotteryname="双色球">
      <interfacelotterycode>118</interfacelotterycode>
      <systemlotterycode>801</systemlotterycode>
      <internaloutticket Remark="0.外部接口 1.内部接口">0</internaloutticket>
      <interfacetype>HuaYang</interfacetype>
      <intervaltime>0 0/1 07-01 * * ?</intervaltime>
      <trappingtime Remark="补全遗漏号码间隔时间">0 0/30 8-23 * * ?</trappingtime>
      <revokeschemetime Remark="期号截止撤销等待拆票投注订单间隔时间">0 0/10 20-21 * * ?</revokeschemetime>
      <agenterid></agenterid>
      <agenterpwd></agenterpwd>
      <username></username>
      <interfaceaddress></interfaceaddress>
    </item>
    <item lotteryname="大乐透">
      <interfacelotterycode>106</interfacelotterycode>
      <systemlotterycode>901</systemlotterycode>
      <internaloutticket Remark="0.外部接口 1.内部接口">0</internaloutticket>
      <interfacetype>HuaYang</interfacetype>
      <intervaltime>0 0/1 07-01 * * ?</intervaltime>
      <trappingtime Remark="补全遗漏号码间隔时间">0 0/30 8-23 * * ?</trappingtime>
      <revokeschemetime Remark="期号截止撤销等待拆票投注订单间隔时间">0 0/10 20-21 * * ?</revokeschemetime>
      <agenterid></agenterid>
      <agenterpwd></agenterpwd>
      <username></username>
      <interfaceaddress></interfaceaddress>
    </item>
  </interface>
</root>
