{
  "__type__": "cc.Mesh",
  "_name": "",
  "_objFlags": 0,
  "_native": ".bin",
  "_struct": {
    "primitives": [
      {
        "primitiveMode": 7,
        "vertexBundelIndices": [
          0
        ],
        "geometricInfo": {
          "view": {
            "offset": 215136,
            "length": 107568,
            "count": 26892,
            "stride": 4
          }
        },
        "indexView": {
          "offset": 322704,
          "length": 214128,
          "count": 53532,
          "stride": 4
        }
      }
    ],
    "vertexBundles": [
      {
        "view": {
          "offset": 0,
          "length": 215136,
          "count": 8964,
          "stride": 24
        },
        "attributes": [
          {
            "name": "a_position",
            "format": 32,
            "isNormalized": false
          },
          {
            "name": "a_normal",
            "format": 32,
            "isNormalized": false
          }
        ]
      }
    ],
    "minPosition": {
      "__type__": "cc.Vec3",
      "x": -1.12663996219635,
      "y": 0.8523899912834167,
      "z": -0.033969998359680176
    },
    "maxPosition": {
      "__type__": "cc.Vec3",
      "x": 1.0983999967575073,
      "y": 3.3595499992370605,
      "z": 3.2020299434661865
    }
  },
  "_dataLength": 536832
}