{
  "__type__": "cc.Mesh",
  "_name": "",
  "_objFlags": 0,
  "_native": ".bin",
  "_struct": {
    "primitives": [
      {
        "primitiveMode": 7,
        "vertexBundelIndices": [
          0
        ],
        "geometricInfo": {
          "view": {
            "offset": 3120,
            "length": 1560,
            "count": 390,
            "stride": 4
          }
        },
        "indexView": {
          "offset": 4680,
          "length": 2688,
          "count": 672,
          "stride": 4
        }
      }
    ],
    "vertexBundles": [
      {
        "view": {
          "offset": 0,
          "length": 3120,
          "count": 130,
          "stride": 24
        },
        "attributes": [
          {
            "name": "a_position",
            "format": 32,
            "isNormalized": false
          },
          {
            "name": "a_normal",
            "format": 32,
            "isNormalized": false
          }
        ]
      }
    ],
    "minPosition": {
      "__type__": "cc.Vec3",
      "x": -0.6700400114059448,
      "y": -1.1919399499893188,
      "z": -0.7879599928855896
    },
    "maxPosition": {
      "__type__": "cc.Vec3",
      "x": 0.6700400114059448,
      "y": -1.0301100015640259,
      "z": -0.5347499847412109
    }
  },
  "_dataLength": 7368
}