{
  "__type__": "cc.Mesh",
  "_name": "",
  "_objFlags": 0,
  "_native": ".bin",
  "_struct": {
    "primitives": [
      {
        "primitiveMode": 7,
        "vertexBundelIndices": [
          0
        ],
        "geometricInfo": {
          "view": {
            "offset": 108144,
            "length": 54072,
            "count": 13518,
            "stride": 4
          }
        },
        "indexView": {
          "offset": 162216,
          "length": 105984,
          "count": 26496,
          "stride": 4
        }
      }
    ],
    "vertexBundles": [
      {
        "view": {
          "offset": 0,
          "length": 108144,
          "count": 4506,
          "stride": 24
        },
        "attributes": [
          {
            "name": "a_position",
            "format": 32,
            "isNormalized": false
          },
          {
            "name": "a_normal",
            "format": 32,
            "isNormalized": false
          }
        ]
      }
    ],
    "minPosition": {
      "__type__": "cc.Vec3",
      "x": -1.0490399599075317,
      "y": -1.9491000175476074,
      "z": -2.011770009994507
    },
    "maxPosition": {
      "__type__": "cc.Vec3",
      "x": 1.0490399599075317,
      "y": 1.0848900079727173,
      "z": 1.8526599407196045
    }
  },
  "_dataLength": 268200
}