{
  "__type__": "cc.Mesh",
  "_name": "",
  "_objFlags": 0,
  "_native": ".bin",
  "_struct": {
    "primitives": [
      {
        "primitiveMode": 7,
        "vertexBundelIndices": [
          0
        ],
        "geometricInfo": {
          "view": {
            "offset": 30816,
            "length": 15408,
            "count": 3852,
            "stride": 4
          }
        },
        "indexView": {
          "offset": 46224,
          "length": 29472,
          "count": 7368,
          "stride": 4
        }
      }
    ],
    "vertexBundles": [
      {
        "view": {
          "offset": 0,
          "length": 30816,
          "count": 1284,
          "stride": 24
        },
        "attributes": [
          {
            "name": "a_position",
            "format": 32,
            "isNormalized": false
          },
          {
            "name": "a_normal",
            "format": 32,
            "isNormalized": false
          }
        ]
      }
    ],
    "minPosition": {
      "__type__": "cc.Vec3",
      "x": -5.795149803161621,
      "y": -1.7421900033950806,
      "z": -2.1166698932647705
    },
    "maxPosition": {
      "__type__": "cc.Vec3",
      "x": 2.2575700283050537,
      "y": 1.0629099607467651,
      "z": 0.01295000035315752
    }
  },
  "_dataLength": 75696
}