{
  "__type__": "cc.Mesh",
  "_name": "",
  "_objFlags": 0,
  "_native": ".bin",
  "_struct": {
    "primitives": [
      {
        "primitiveMode": 7,
        "vertexBundelIndices": [
          0
        ],
        "geometricInfo": {
          "view": {
            "offset": 73392,
            "length": 36696,
            "count": 9174,
            "stride": 4
          }
        },
        "indexView": {
          "offset": 110088,
          "length": 72000,
          "count": 18000,
          "stride": 4
        }
      }
    ],
    "vertexBundles": [
      {
        "view": {
          "offset": 0,
          "length": 73392,
          "count": 3058,
          "stride": 24
        },
        "attributes": [
          {
            "name": "a_position",
            "format": 32,
            "isNormalized": false
          },
          {
            "name": "a_normal",
            "format": 32,
            "isNormalized": false
          }
        ]
      }
    ],
    "minPosition": {
      "__type__": "cc.Vec3",
      "x": -0.7709500193595886,
      "y": -2.059309959411621,
      "z": 0.6103500127792358
    },
    "maxPosition": {
      "__type__": "cc.Vec3",
      "x": 0.7709500193595886,
      "y": 0.06609000265598297,
      "z": 3.275059938430786
    }
  },
  "_dataLength": 182088
}