{
  "__type__": "cc.Mesh",
  "_name": "",
  "_objFlags": 0,
  "_native": ".bin",
  "_struct": {
    "primitives": [
      {
        "primitiveMode": 7,
        "vertexBundelIndices": [
          0
        ],
        "geometricInfo": {
          "view": {
            "offset": 12960,
            "length": 6480,
            "count": 1620,
            "stride": 4
          }
        },
        "indexView": {
          "offset": 19440,
          "length": 12864,
          "count": 3216,
          "stride": 4
        }
      }
    ],
    "vertexBundles": [
      {
        "view": {
          "offset": 0,
          "length": 12960,
          "count": 540,
          "stride": 24
        },
        "attributes": [
          {
            "name": "a_position",
            "format": 32,
            "isNormalized": false
          },
          {
            "name": "a_normal",
            "format": 32,
            "isNormalized": false
          }
        ]
      }
    ],
    "minPosition": {
      "__type__": "cc.Vec3",
      "x": -0.3441399931907654,
      "y": -0.4831799864768982,
      "z": -5.427090167999268
    },
    "maxPosition": {
      "__type__": "cc.Vec3",
      "x": 1.2656400203704834,
      "y": 0.9229999780654907,
      "z": 3.052639961242676
    }
  },
  "_dataLength": 32304
}