{
  "__type__": "cc.Mesh",
  "_name": "",
  "_objFlags": 0,
  "_native": ".bin",
  "_struct": {
    "primitives": [
      {
        "primitiveMode": 7,
        "vertexBundelIndices": [
          0
        ],
        "geometricInfo": {
          "view": {
            "offset": 9264,
            "length": 4632,
            "count": 1158,
            "stride": 4
          }
        },
        "indexView": {
          "offset": 13896,
          "length": 8832,
          "count": 2208,
          "stride": 4
        }
      }
    ],
    "vertexBundles": [
      {
        "view": {
          "offset": 0,
          "length": 9264,
          "count": 386,
          "stride": 24
        },
        "attributes": [
          {
            "name": "a_position",
            "format": 32,
            "isNormalized": false
          },
          {
            "name": "a_normal",
            "format": 32,
            "isNormalized": false
          }
        ]
      }
    ],
    "minPosition": {
      "__type__": "cc.Vec3",
      "x": -0.6950500011444092,
      "y": -1.1927200555801392,
      "z": -0.8588600158691406
    },
    "maxPosition": {
      "__type__": "cc.Vec3",
      "x": 0.6950500011444092,
      "y": -0.9018700122833252,
      "z": -0.49713000655174255
    }
  },
  "_dataLength": 22728
}