{
  "__type__": "cc.Mesh",
  "_name": "",
  "_objFlags": 0,
  "_native": ".bin",
  "_struct": {
    "primitives": [
      {
        "primitiveMode": 7,
        "vertexBundelIndices": [
          0
        ],
        "geometricInfo": {
          "view": {
            "offset": 210816,
            "length": 105408,
            "count": 26352,
            "stride": 4
          }
        },
        "indexView": {
          "offset": 316224,
          "length": 209856,
          "count": 52464,
          "stride": 4
        }
      }
    ],
    "vertexBundles": [
      {
        "view": {
          "offset": 0,
          "length": 210816,
          "count": 8784,
          "stride": 24
        },
        "attributes": [
          {
            "name": "a_position",
            "format": 32,
            "isNormalized": false
          },
          {
            "name": "a_normal",
            "format": 32,
            "isNormalized": false
          }
        ]
      }
    ],
    "minPosition": {
      "__type__": "cc.Vec3",
      "x": -1.3674099445343018,
      "y": 0.7719500064849854,
      "z": 0.0060800001956522465
    },
    "maxPosition": {
      "__type__": "cc.Vec3",
      "x": 1.3539199829101562,
      "y": 3.147469997406006,
      "z": 2.888010025024414
    }
  },
  "_dataLength": 526080
}