{
  "__type__": "cc.Mesh",
  "_name": "",
  "_objFlags": 0,
  "_native": ".bin",
  "_struct": {
    "primitives": [
      {
        "primitiveMode": 7,
        "vertexBundelIndices": [
          0
        ],
        "geometricInfo": {
          "view": {
            "offset": 76344,
            "length": 38172,
            "count": 9543,
            "stride": 4
          }
        },
        "indexView": {
          "offset": 114516,
          "length": 75216,
          "count": 18804,
          "stride": 4
        }
      }
    ],
    "vertexBundles": [
      {
        "view": {
          "offset": 0,
          "length": 76344,
          "count": 3181,
          "stride": 24
        },
        "attributes": [
          {
            "name": "a_position",
            "format": 32,
            "isNormalized": false
          },
          {
            "name": "a_normal",
            "format": 32,
            "isNormalized": false
          }
        ]
      }
    ],
    "minPosition": {
      "__type__": "cc.Vec3",
      "x": -1.3285800218582153,
      "y": -1.8557000160217285,
      "z": -1.5767699480056763
    },
    "maxPosition": {
      "__type__": "cc.Vec3",
      "x": 1.3285800218582153,
      "y": 1.9024699926376343,
      "z": 2.465329885482788
    }
  },
  "_dataLength": 189732
}